signal_id,source_key,endpoint_type,dataset_id,dataset_title,record_type,state,program_focus,topic_keys,metric_name,metric_value,metric_period,date_released,date_modified,rht_flag,importance_score,score_evidence_json,source_url,raw_json,last_checked_at
cmsmedicaid-a251717eabc5324b,cms_data,cms_data_api,e0eba16f-ce0d-4037-96ce-2af70c718c98,ACO REACH Providers,dataset_signal,,provider_data,cms; aco_reach; value_based_care; provider_data; telehealth,aco_reach_provider_rows,191493,2024,,2026-07-20,false,71,"{""dataset_id"":""e0eba16f-ce0d-4037-96ce-2af70c718c98"",""endpoint_type"":""cms_data_api"",""method"":""API/stat query"",""metric_name"":""aco_reach_provider_rows"",""metric_period"":""2024"",""metric_value"":""191493"",""rht_flag"":false,""signal_dimension"":"""",""state"":"""",""topic_keys"":[""cms"",""aco_reach"",""value_based_care"",""provider_data"",""telehealth""],""why_matters"":""ACO REACH provider participation, waiver elections, and telehealth flags show CMS model demand around provider data and care coordination.""}",https://data.cms.gov/cms-innovation-center-programs/accountable-care-models/aco-reach-providers,"{""stats"":{""found_rows"":191493,""total_rows"":191493},""why_matters"":""ACO REACH provider participation, waiver elections, and telehealth flags show CMS model demand around provider data and care coordination.""}",2026-07-24T04:43:51Z
cmsmedicaid-c2ae44791db1bc37,cms_data,cms_data_api,e0eba16f-ce0d-4037-96ce-2af70c718c98,ACO REACH Providers,dataset_signal,,provider_data,cms; aco_reach; value_based_care; provider_data; telehealth,aco_reach_telehealth_waiver_provider_rows,88387,2024,,2026-07-20,true,83,"{""dataset_id"":""e0eba16f-ce0d-4037-96ce-2af70c718c98"",""endpoint_type"":""cms_data_api"",""method"":""API/stat query"",""metric_name"":""aco_reach_telehealth_waiver_provider_rows"",""metric_period"":""2024"",""metric_value"":""88387"",""rht_flag"":true,""signal_dimension"":"""",""state"":"""",""topic_keys"":[""cms"",""aco_reach"",""value_based_care"",""provider_data"",""telehealth""],""why_matters"":""ACO REACH provider participation, waiver elections, and telehealth flags show CMS model demand around provider data and care coordination.""}",https://data.cms.gov/cms-innovation-center-programs/accountable-care-models/aco-reach-providers,"{""filters"":{""telehealth_waiver"":""Y""},""stats"":{""found_rows"":88387,""total_rows"":234886},""why_matters"":""ACO REACH provider participation, waiver elections, and telehealth flags show CMS model demand around provider data and care coordination.""}",2026-07-24T04:43:51Z
cmsmedicaid-9da0dda7fc73c2b5,cms_data,cms_data_api,f6f6505c-e8b0-4d57-b258-e2b94133aaf2,Hospital Enrollments,dataset_signal,,provider_data,cms; provider_enrollment; hospitals; rural_health; reh,hospital_enrollment_rows,9175,,,2026-05-18,false,90,"{""dataset_id"":""f6f6505c-e8b0-4d57-b258-e2b94133aaf2"",""endpoint_type"":""cms_data_api"",""method"":""API/stat query"",""metric_name"":""hospital_enrollment_rows"",""metric_period"":"""",""metric_value"":""9175"",""rht_flag"":false,""signal_dimension"":"""",""state"":"""",""topic_keys"":[""cms"",""provider_enrollment"",""hospitals"",""rural_health"",""reh""],""why_matters"":""Hospital enrollment and REH conversion flags show provider enrollment, revalidation, and rural facility transition demand.""}",https://data.cms.gov/provider-characteristics/hospitals-and-other-facilities/hospital-enrollments,"{""stats"":{""found_rows"":9175,""total_rows"":9175},""why_matters"":""Hospital enrollment and REH conversion flags show provider enrollment, revalidation, and rural facility transition demand.""}",2026-07-24T04:43:51Z
cmsmedicaid-b8eda77ca6d9e1b6,cms_data,cms_data_api,f6f6505c-e8b0-4d57-b258-e2b94133aaf2,Hospital Enrollments,dataset_signal,,provider_data,cms; provider_enrollment; hospitals; rural_health; reh,hospital_reh_conversion_rows,48,,,2026-05-18,true,95,"{""dataset_id"":""f6f6505c-e8b0-4d57-b258-e2b94133aaf2"",""endpoint_type"":""cms_data_api"",""method"":""API/stat query"",""metric_name"":""hospital_reh_conversion_rows"",""metric_period"":"""",""metric_value"":""48"",""rht_flag"":true,""signal_dimension"":"""",""state"":"""",""topic_keys"":[""cms"",""provider_enrollment"",""hospitals"",""rural_health"",""reh""],""why_matters"":""Hospital enrollment and REH conversion flags show provider enrollment, revalidation, and rural facility transition demand.""}",https://data.cms.gov/provider-characteristics/hospitals-and-other-facilities/hospital-enrollments,"{""filters"":{""REH CONVERSION FLAG"":""Y""},""stats"":{""found_rows"":48,""total_rows"":9175},""why_matters"":""Hospital enrollment and REH conversion flags show provider enrollment, revalidation, and rural facility transition demand.""}",2026-07-24T04:43:51Z
cmsmedicaid-e87aad9fe20457b6,cms_data,cms_data_api,f6f6505c-e8b0-4d57-b258-e2b94133aaf2,Hospital Enrollments,dataset_signal,,provider_data,cms; provider_enrollment; hospitals; rural_health; reh,hospital_swing_bed_approved_rows,410,,,2026-05-18,true,95,"{""dataset_id"":""f6f6505c-e8b0-4d57-b258-e2b94133aaf2"",""endpoint_type"":""cms_data_api"",""method"":""API/stat query"",""metric_name"":""hospital_swing_bed_approved_rows"",""metric_period"":"""",""metric_value"":""410"",""rht_flag"":true,""signal_dimension"":"""",""state"":"""",""topic_keys"":[""cms"",""provider_enrollment"",""hospitals"",""rural_health"",""reh""],""why_matters"":""Hospital enrollment and REH conversion flags show provider enrollment, revalidation, and rural facility transition demand.""}",https://data.cms.gov/provider-characteristics/hospitals-and-other-facilities/hospital-enrollments,"{""filters"":{""SUBGROUP - SWING-BED APPROVED"":""Y""},""stats"":{""found_rows"":410,""total_rows"":9175},""why_matters"":""Hospital enrollment and REH conversion flags show provider enrollment, revalidation, and rural facility transition demand.""}",2026-07-24T04:43:51Z
cmsmedicaid-5350ba5c38797f27,cms_data,cms_data_api,086e48c4-87a6-4be1-8823-29e8da8f225b,Provider of Services File - Internet Quality Improvement and Evaluation System,dataset_signal,,rural_health,cms; provider_data; provider_of_services; rural_health; hospitals,provider_of_services_rows,77564,2026-Q2,,2026-07-16,false,65,"{""dataset_id"":""086e48c4-87a6-4be1-8823-29e8da8f225b"",""endpoint_type"":""cms_data_api"",""method"":""API/stat query"",""metric_name"":""provider_of_services_rows"",""metric_period"":""2026-Q2"",""metric_value"":""77564"",""rht_flag"":false,""signal_dimension"":"""",""state"":"""",""topic_keys"":[""cms"",""provider_data"",""provider_of_services"",""rural_health"",""hospitals""],""why_matters"":""POS rural facility counts expose provider-data maintenance and rural hospital readiness signals without downloading the 175 MB source file.""}",https://data.cms.gov/provider-characteristics/hospitals-and-other-facilities/provider-of-services-file-internet-quality-improvement-and-evaluation-system,"{""stats"":{""found_rows"":77564,""total_rows"":77564},""why_matters"":""POS rural facility counts expose provider-data maintenance and rural hospital readiness signals without downloading the 175 MB source file.""}",2026-07-24T04:43:51Z
cmsmedicaid-7f2c8a883a4a0fa7,cms_data,cms_data_api,086e48c4-87a6-4be1-8823-29e8da8f225b,Provider of Services File - Internet Quality Improvement and Evaluation System,dataset_signal,,rural_health,cms; provider_data; provider_of_services; rural_health; hospitals,provider_of_services_rural_rows,12845,2026-Q2,,2026-07-16,true,77,"{""dataset_id"":""086e48c4-87a6-4be1-8823-29e8da8f225b"",""endpoint_type"":""cms_data_api"",""method"":""API/stat query"",""metric_name"":""provider_of_services_rural_rows"",""metric_period"":""2026-Q2"",""metric_value"":""12845"",""rht_flag"":true,""signal_dimension"":"""",""state"":"""",""topic_keys"":[""cms"",""provider_data"",""provider_of_services"",""rural_health"",""hospitals""],""why_matters"":""POS rural facility counts expose provider-data maintenance and rural hospital readiness signals without downloading the 175 MB source file.""}",https://data.cms.gov/provider-characteristics/hospitals-and-other-facilities/provider-of-services-file-internet-quality-improvement-and-evaluation-system,"{""filters"":{""cbsa_urbn_rrl_ind"":""R""},""stats"":{""found_rows"":12845,""total_rows"":77564},""why_matters"":""POS rural facility counts expose provider-data maintenance and rural hospital readiness signals without downloading the 175 MB source file.""}",2026-07-24T04:43:51Z
cmsmedicaid-dec8d0d30be37386,cms_data,cms_data_api,3746498e-874d-45d8-9c69-68603cafea60,Revalidation Due Date List,dataset_signal,,provider_data,cms; provider_enrollment; revalidation; provider_data,provider_revalidation_due_list_rows,2922248,,,2026-07-14,false,93,"{""dataset_id"":""3746498e-874d-45d8-9c69-68603cafea60"",""endpoint_type"":""cms_data_api"",""method"":""API/stat query"",""metric_name"":""provider_revalidation_due_list_rows"",""metric_period"":"""",""metric_value"":""2922248"",""rht_flag"":false,""signal_dimension"":"""",""state"":"""",""topic_keys"":[""cms"",""provider_enrollment"",""revalidation"",""provider_data""],""why_matters"":""Provider revalidation due-date volume is a direct signal for enrollment operations, outreach, and provider data quality work.""}",https://data.cms.gov/provider-characteristics/medicare-provider-supplier-enrollment/revalidation-due-date-list,"{""stats"":{""found_rows"":2922248,""total_rows"":2922248},""why_matters"":""Provider revalidation due-date volume is a direct signal for enrollment operations, outreach, and provider data quality work.""}",2026-07-24T04:43:51Z
cmsmedicaid-7b13c1ffe4514bf3,cms_data,cms_provider_datastore,97xg-v3wv,Rural Emergency Hospital Timely and Effective Care - Hospital,dataset_signal,,rural_health,cms; rural_health; rural_emergency_hospital; quality; provider_data,rural_emergency_hospital_quality_measure_rows,164,,2026-05-13,2026-04-21,true,85,"{""dataset_id"":""97xg-v3wv"",""endpoint_type"":""cms_provider_datastore"",""method"":""datastore count"",""metric_name"":""rural_emergency_hospital_quality_measure_rows"",""metric_period"":"""",""metric_value"":""164"",""rht_flag"":true,""signal_dimension"":"""",""state"":"""",""topic_keys"":[""cms"",""rural_health"",""rural_emergency_hospital"",""quality"",""provider_data""],""why_matters"":""REH quality rows identify rural emergency hospitals and measure coverage relevant to RHT readiness and quality reporting demand.""}",https://data.cms.gov/provider-data/dataset/97xg-v3wv,"{""aggregation"":""datastore count"",""source_row_count"":164,""source_rows_used"":164,""why_matters"":""REH quality rows identify rural emergency hospitals and measure coverage relevant to RHT readiness and quality reporting demand.""}",2026-07-24T04:43:51Z
cmsmedicaid-dfff8968b0522a00,cms_data,cms_provider_datastore,97xg-v3wv,Rural Emergency Hospital Timely and Effective Care - Hospital,dataset_signal,AL,rural_health,cms; rural_health; rural_emergency_hospital; quality; provider_data,rural_emergency_hospital_facilities,3,2024-07-01/2025-06-30,2026-05-13,2026-04-21,true,85,"{""dataset_id"":""97xg-v3wv"",""endpoint_type"":""cms_provider_datastore"",""method"":""unique facility_id by state"",""metric_name"":""rural_emergency_hospital_facilities"",""metric_period"":""2024-07-01/2025-06-30"",""metric_value"":""3"",""rht_flag"":true,""signal_dimension"":"""",""state"":""AL"",""topic_keys"":[""cms"",""rural_health"",""rural_emergency_hospital"",""quality"",""provider_data""],""why_matters"":""REH quality rows identify rural emergency hospitals and measure coverage relevant to RHT readiness and quality reporting demand.""}",https://data.cms.gov/provider-data/dataset/97xg-v3wv,"{""aggregation"":""unique facility_id by state"",""measure_rows"":12,""source_rows_used"":164,""why_matters"":""REH quality rows identify rural emergency hospitals and measure coverage relevant to RHT readiness and quality reporting demand.""}",2026-07-24T04:43:51Z
cmsmedicaid-93ac470b44615c14,cms_data,cms_provider_datastore,97xg-v3wv,Rural Emergency Hospital Timely and Effective Care - Hospital,dataset_signal,AR,rural_health,cms; rural_health; rural_emergency_hospital; quality; provider_data,rural_emergency_hospital_facilities,5,2024-07-01/2025-06-30,2026-05-13,2026-04-21,true,85,"{""dataset_id"":""97xg-v3wv"",""endpoint_type"":""cms_provider_datastore"",""method"":""unique facility_id by state"",""metric_name"":""rural_emergency_hospital_facilities"",""metric_period"":""2024-07-01/2025-06-30"",""metric_value"":""5"",""rht_flag"":true,""signal_dimension"":"""",""state"":""AR"",""topic_keys"":[""cms"",""rural_health"",""rural_emergency_hospital"",""quality"",""provider_data""],""why_matters"":""REH quality rows identify rural emergency hospitals and measure coverage relevant to RHT readiness and quality reporting demand.""}",https://data.cms.gov/provider-data/dataset/97xg-v3wv,"{""aggregation"":""unique facility_id by state"",""measure_rows"":20,""source_rows_used"":164,""why_matters"":""REH quality rows identify rural emergency hospitals and measure coverage relevant to RHT readiness and quality reporting demand.""}",2026-07-24T04:43:51Z
cmsmedicaid-80868023c1efe7eb,cms_data,cms_provider_datastore,97xg-v3wv,Rural Emergency Hospital Timely and Effective Care - Hospital,dataset_signal,GA,rural_health,cms; rural_health; rural_emergency_hospital; quality; provider_data,rural_emergency_hospital_facilities,1,2024-07-01/2025-06-30,2026-05-13,2026-04-21,true,85,"{""dataset_id"":""97xg-v3wv"",""endpoint_type"":""cms_provider_datastore"",""method"":""unique facility_id by state"",""metric_name"":""rural_emergency_hospital_facilities"",""metric_period"":""2024-07-01/2025-06-30"",""metric_value"":""1"",""rht_flag"":true,""signal_dimension"":"""",""state"":""GA"",""topic_keys"":[""cms"",""rural_health"",""rural_emergency_hospital"",""quality"",""provider_data""],""why_matters"":""REH quality rows identify rural emergency hospitals and measure coverage relevant to RHT readiness and quality reporting demand.""}",https://data.cms.gov/provider-data/dataset/97xg-v3wv,"{""aggregation"":""unique facility_id by state"",""measure_rows"":4,""source_rows_used"":164,""why_matters"":""REH quality rows identify rural emergency hospitals and measure coverage relevant to RHT readiness and quality reporting demand.""}",2026-07-24T04:43:51Z
cmsmedicaid-0eb01d33b9e8209b,cms_data,cms_provider_datastore,97xg-v3wv,Rural Emergency Hospital Timely and Effective Care - Hospital,dataset_signal,ID,rural_health,cms; rural_health; rural_emergency_hospital; quality; provider_data,rural_emergency_hospital_facilities,1,2024-07-01/2025-06-30,2026-05-13,2026-04-21,true,85,"{""dataset_id"":""97xg-v3wv"",""endpoint_type"":""cms_provider_datastore"",""method"":""unique facility_id by state"",""metric_name"":""rural_emergency_hospital_facilities"",""metric_period"":""2024-07-01/2025-06-30"",""metric_value"":""1"",""rht_flag"":true,""signal_dimension"":"""",""state"":""ID"",""topic_keys"":[""cms"",""rural_health"",""rural_emergency_hospital"",""quality"",""provider_data""],""why_matters"":""REH quality rows identify rural emergency hospitals and measure coverage relevant to RHT readiness and quality reporting demand.""}",https://data.cms.gov/provider-data/dataset/97xg-v3wv,"{""aggregation"":""unique facility_id by state"",""measure_rows"":4,""source_rows_used"":164,""why_matters"":""REH quality rows identify rural emergency hospitals and measure coverage relevant to RHT readiness and quality reporting demand.""}",2026-07-24T04:43:51Z
cmsmedicaid-ad325b3455124f06,cms_data,cms_provider_datastore,97xg-v3wv,Rural Emergency Hospital Timely and Effective Care - Hospital,dataset_signal,KS,rural_health,cms; rural_health; rural_emergency_hospital; quality; provider_data,rural_emergency_hospital_facilities,3,2024-07-01/2025-06-30,2026-05-13,2026-04-21,true,85,"{""dataset_id"":""97xg-v3wv"",""endpoint_type"":""cms_provider_datastore"",""method"":""unique facility_id by state"",""metric_name"":""rural_emergency_hospital_facilities"",""metric_period"":""2024-07-01/2025-06-30"",""metric_value"":""3"",""rht_flag"":true,""signal_dimension"":"""",""state"":""KS"",""topic_keys"":[""cms"",""rural_health"",""rural_emergency_hospital"",""quality"",""provider_data""],""why_matters"":""REH quality rows identify rural emergency hospitals and measure coverage relevant to RHT readiness and quality reporting demand.""}",https://data.cms.gov/provider-data/dataset/97xg-v3wv,"{""aggregation"":""unique facility_id by state"",""measure_rows"":12,""source_rows_used"":164,""why_matters"":""REH quality rows identify rural emergency hospitals and measure coverage relevant to RHT readiness and quality reporting demand.""}",2026-07-24T04:43:51Z
cmsmedicaid-84f342757181f2e1,cms_data,cms_provider_datastore,97xg-v3wv,Rural Emergency Hospital Timely and Effective Care - Hospital,dataset_signal,KY,rural_health,cms; rural_health; rural_emergency_hospital; quality; provider_data,rural_emergency_hospital_facilities,2,2024-07-01/2025-06-30,2026-05-13,2026-04-21,true,85,"{""dataset_id"":""97xg-v3wv"",""endpoint_type"":""cms_provider_datastore"",""method"":""unique facility_id by state"",""metric_name"":""rural_emergency_hospital_facilities"",""metric_period"":""2024-07-01/2025-06-30"",""metric_value"":""2"",""rht_flag"":true,""signal_dimension"":"""",""state"":""KY"",""topic_keys"":[""cms"",""rural_health"",""rural_emergency_hospital"",""quality"",""provider_data""],""why_matters"":""REH quality rows identify rural emergency hospitals and measure coverage relevant to RHT readiness and quality reporting demand.""}",https://data.cms.gov/provider-data/dataset/97xg-v3wv,"{""aggregation"":""unique facility_id by state"",""measure_rows"":8,""source_rows_used"":164,""why_matters"":""REH quality rows identify rural emergency hospitals and measure coverage relevant to RHT readiness and quality reporting demand.""}",2026-07-24T04:43:51Z
cmsmedicaid-825e16ad6fb2e6ba,cms_data,cms_provider_datastore,97xg-v3wv,Rural Emergency Hospital Timely and Effective Care - Hospital,dataset_signal,LA,rural_health,cms; rural_health; rural_emergency_hospital; quality; provider_data,rural_emergency_hospital_facilities,1,2024-07-01/2025-06-30,2026-05-13,2026-04-21,true,85,"{""dataset_id"":""97xg-v3wv"",""endpoint_type"":""cms_provider_datastore"",""method"":""unique facility_id by state"",""metric_name"":""rural_emergency_hospital_facilities"",""metric_period"":""2024-07-01/2025-06-30"",""metric_value"":""1"",""rht_flag"":true,""signal_dimension"":"""",""state"":""LA"",""topic_keys"":[""cms"",""rural_health"",""rural_emergency_hospital"",""quality"",""provider_data""],""why_matters"":""REH quality rows identify rural emergency hospitals and measure coverage relevant to RHT readiness and quality reporting demand.""}",https://data.cms.gov/provider-data/dataset/97xg-v3wv,"{""aggregation"":""unique facility_id by state"",""measure_rows"":4,""source_rows_used"":164,""why_matters"":""REH quality rows identify rural emergency hospitals and measure coverage relevant to RHT readiness and quality reporting demand.""}",2026-07-24T04:43:51Z
cmsmedicaid-c9c2ea47cb1d804e,cms_data,cms_provider_datastore,97xg-v3wv,Rural Emergency Hospital Timely and Effective Care - Hospital,dataset_signal,MI,rural_health,cms; rural_health; rural_emergency_hospital; quality; provider_data,rural_emergency_hospital_facilities,1,2024-07-01/2025-06-30,2026-05-13,2026-04-21,true,85,"{""dataset_id"":""97xg-v3wv"",""endpoint_type"":""cms_provider_datastore"",""method"":""unique facility_id by state"",""metric_name"":""rural_emergency_hospital_facilities"",""metric_period"":""2024-07-01/2025-06-30"",""metric_value"":""1"",""rht_flag"":true,""signal_dimension"":"""",""state"":""MI"",""topic_keys"":[""cms"",""rural_health"",""rural_emergency_hospital"",""quality"",""provider_data""],""why_matters"":""REH quality rows identify rural emergency hospitals and measure coverage relevant to RHT readiness and quality reporting demand.""}",https://data.cms.gov/provider-data/dataset/97xg-v3wv,"{""aggregation"":""unique facility_id by state"",""measure_rows"":4,""source_rows_used"":164,""why_matters"":""REH quality rows identify rural emergency hospitals and measure coverage relevant to RHT readiness and quality reporting demand.""}",2026-07-24T04:43:51Z
cmsmedicaid-f379b25db4015370,cms_data,cms_provider_datastore,97xg-v3wv,Rural Emergency Hospital Timely and Effective Care - Hospital,dataset_signal,MN,rural_health,cms; rural_health; rural_emergency_hospital; quality; provider_data,rural_emergency_hospital_facilities,1,2024-07-01/2025-06-30,2026-05-13,2026-04-21,true,85,"{""dataset_id"":""97xg-v3wv"",""endpoint_type"":""cms_provider_datastore"",""method"":""unique facility_id by state"",""metric_name"":""rural_emergency_hospital_facilities"",""metric_period"":""2024-07-01/2025-06-30"",""metric_value"":""1"",""rht_flag"":true,""signal_dimension"":"""",""state"":""MN"",""topic_keys"":[""cms"",""rural_health"",""rural_emergency_hospital"",""quality"",""provider_data""],""why_matters"":""REH quality rows identify rural emergency hospitals and measure coverage relevant to RHT readiness and quality reporting demand.""}",https://data.cms.gov/provider-data/dataset/97xg-v3wv,"{""aggregation"":""unique facility_id by state"",""measure_rows"":4,""source_rows_used"":164,""why_matters"":""REH quality rows identify rural emergency hospitals and measure coverage relevant to RHT readiness and quality reporting demand.""}",2026-07-24T04:43:51Z
cmsmedicaid-fc016a382251abfb,cms_data,cms_provider_datastore,97xg-v3wv,Rural Emergency Hospital Timely and Effective Care - Hospital,dataset_signal,MO,rural_health,cms; rural_health; rural_emergency_hospital; quality; provider_data,rural_emergency_hospital_facilities,1,2024-07-01/2025-06-30,2026-05-13,2026-04-21,true,85,"{""dataset_id"":""97xg-v3wv"",""endpoint_type"":""cms_provider_datastore"",""method"":""unique facility_id by state"",""metric_name"":""rural_emergency_hospital_facilities"",""metric_period"":""2024-07-01/2025-06-30"",""metric_value"":""1"",""rht_flag"":true,""signal_dimension"":"""",""state"":""MO"",""topic_keys"":[""cms"",""rural_health"",""rural_emergency_hospital"",""quality"",""provider_data""],""why_matters"":""REH quality rows identify rural emergency hospitals and measure coverage relevant to RHT readiness and quality reporting demand.""}",https://data.cms.gov/provider-data/dataset/97xg-v3wv,"{""aggregation"":""unique facility_id by state"",""measure_rows"":4,""source_rows_used"":164,""why_matters"":""REH quality rows identify rural emergency hospitals and measure coverage relevant to RHT readiness and quality reporting demand.""}",2026-07-24T04:43:51Z
cmsmedicaid-3fc02c0c8eaf0092,cms_data,cms_provider_datastore,97xg-v3wv,Rural Emergency Hospital Timely and Effective Care - Hospital,dataset_signal,MS,rural_health,cms; rural_health; rural_emergency_hospital; quality; provider_data,rural_emergency_hospital_facilities,7,2024-07-01/2025-06-30,2026-05-13,2026-04-21,true,85,"{""dataset_id"":""97xg-v3wv"",""endpoint_type"":""cms_provider_datastore"",""method"":""unique facility_id by state"",""metric_name"":""rural_emergency_hospital_facilities"",""metric_period"":""2024-07-01/2025-06-30"",""metric_value"":""7"",""rht_flag"":true,""signal_dimension"":"""",""state"":""MS"",""topic_keys"":[""cms"",""rural_health"",""rural_emergency_hospital"",""quality"",""provider_data""],""why_matters"":""REH quality rows identify rural emergency hospitals and measure coverage relevant to RHT readiness and quality reporting demand.""}",https://data.cms.gov/provider-data/dataset/97xg-v3wv,"{""aggregation"":""unique facility_id by state"",""measure_rows"":28,""source_rows_used"":164,""why_matters"":""REH quality rows identify rural emergency hospitals and measure coverage relevant to RHT readiness and quality reporting demand.""}",2026-07-24T04:43:51Z
cmsmedicaid-37fbb28c055015aa,cms_data,cms_provider_datastore,97xg-v3wv,Rural Emergency Hospital Timely and Effective Care - Hospital,dataset_signal,NE,rural_health,cms; rural_health; rural_emergency_hospital; quality; provider_data,rural_emergency_hospital_facilities,1,2024-07-01/2025-06-30,2026-05-13,2026-04-21,true,85,"{""dataset_id"":""97xg-v3wv"",""endpoint_type"":""cms_provider_datastore"",""method"":""unique facility_id by state"",""metric_name"":""rural_emergency_hospital_facilities"",""metric_period"":""2024-07-01/2025-06-30"",""metric_value"":""1"",""rht_flag"":true,""signal_dimension"":"""",""state"":""NE"",""topic_keys"":[""cms"",""rural_health"",""rural_emergency_hospital"",""quality"",""provider_data""],""why_matters"":""REH quality rows identify rural emergency hospitals and measure coverage relevant to RHT readiness and quality reporting demand.""}",https://data.cms.gov/provider-data/dataset/97xg-v3wv,"{""aggregation"":""unique facility_id by state"",""measure_rows"":4,""source_rows_used"":164,""why_matters"":""REH quality rows identify rural emergency hospitals and measure coverage relevant to RHT readiness and quality reporting demand.""}",2026-07-24T04:43:51Z
cmsmedicaid-6ff5153f5968e1a1,cms_data,cms_provider_datastore,97xg-v3wv,Rural Emergency Hospital Timely and Effective Care - Hospital,dataset_signal,NM,rural_health,cms; rural_health; rural_emergency_hospital; quality; provider_data,rural_emergency_hospital_facilities,1,2024-07-01/2025-06-30,2026-05-13,2026-04-21,true,85,"{""dataset_id"":""97xg-v3wv"",""endpoint_type"":""cms_provider_datastore"",""method"":""unique facility_id by state"",""metric_name"":""rural_emergency_hospital_facilities"",""metric_period"":""2024-07-01/2025-06-30"",""metric_value"":""1"",""rht_flag"":true,""signal_dimension"":"""",""state"":""NM"",""topic_keys"":[""cms"",""rural_health"",""rural_emergency_hospital"",""quality"",""provider_data""],""why_matters"":""REH quality rows identify rural emergency hospitals and measure coverage relevant to RHT readiness and quality reporting demand.""}",https://data.cms.gov/provider-data/dataset/97xg-v3wv,"{""aggregation"":""unique facility_id by state"",""measure_rows"":4,""source_rows_used"":164,""why_matters"":""REH quality rows identify rural emergency hospitals and measure coverage relevant to RHT readiness and quality reporting demand.""}",2026-07-24T04:43:51Z
cmsmedicaid-f3ef74aea85e9edf,cms_data,cms_provider_datastore,97xg-v3wv,Rural Emergency Hospital Timely and Effective Care - Hospital,dataset_signal,NY,rural_health,cms; rural_health; rural_emergency_hospital; quality; provider_data,rural_emergency_hospital_facilities,2,2024-07-01/2025-06-30,2026-05-13,2026-04-21,true,85,"{""dataset_id"":""97xg-v3wv"",""endpoint_type"":""cms_provider_datastore"",""method"":""unique facility_id by state"",""metric_name"":""rural_emergency_hospital_facilities"",""metric_period"":""2024-07-01/2025-06-30"",""metric_value"":""2"",""rht_flag"":true,""signal_dimension"":"""",""state"":""NY"",""topic_keys"":[""cms"",""rural_health"",""rural_emergency_hospital"",""quality"",""provider_data""],""why_matters"":""REH quality rows identify rural emergency hospitals and measure coverage relevant to RHT readiness and quality reporting demand.""}",https://data.cms.gov/provider-data/dataset/97xg-v3wv,"{""aggregation"":""unique facility_id by state"",""measure_rows"":8,""source_rows_used"":164,""why_matters"":""REH quality rows identify rural emergency hospitals and measure coverage relevant to RHT readiness and quality reporting demand.""}",2026-07-24T04:43:51Z
cmsmedicaid-5ced3140a6b0162a,cms_data,cms_provider_datastore,97xg-v3wv,Rural Emergency Hospital Timely and Effective Care - Hospital,dataset_signal,OK,rural_health,cms; rural_health; rural_emergency_hospital; quality; provider_data,rural_emergency_hospital_facilities,4,2024-07-01/2025-06-30,2026-05-13,2026-04-21,true,85,"{""dataset_id"":""97xg-v3wv"",""endpoint_type"":""cms_provider_datastore"",""method"":""unique facility_id by state"",""metric_name"":""rural_emergency_hospital_facilities"",""metric_period"":""2024-07-01/2025-06-30"",""metric_value"":""4"",""rht_flag"":true,""signal_dimension"":"""",""state"":""OK"",""topic_keys"":[""cms"",""rural_health"",""rural_emergency_hospital"",""quality"",""provider_data""],""why_matters"":""REH quality rows identify rural emergency hospitals and measure coverage relevant to RHT readiness and quality reporting demand.""}",https://data.cms.gov/provider-data/dataset/97xg-v3wv,"{""aggregation"":""unique facility_id by state"",""measure_rows"":16,""source_rows_used"":164,""why_matters"":""REH quality rows identify rural emergency hospitals and measure coverage relevant to RHT readiness and quality reporting demand.""}",2026-07-24T04:43:51Z
cmsmedicaid-de50241c34c38d72,cms_data,cms_provider_datastore,97xg-v3wv,Rural Emergency Hospital Timely and Effective Care - Hospital,dataset_signal,SD,rural_health,cms; rural_health; rural_emergency_hospital; quality; provider_data,rural_emergency_hospital_facilities,1,2024-07-01/2025-06-30,2026-05-13,2026-04-21,true,85,"{""dataset_id"":""97xg-v3wv"",""endpoint_type"":""cms_provider_datastore"",""method"":""unique facility_id by state"",""metric_name"":""rural_emergency_hospital_facilities"",""metric_period"":""2024-07-01/2025-06-30"",""metric_value"":""1"",""rht_flag"":true,""signal_dimension"":"""",""state"":""SD"",""topic_keys"":[""cms"",""rural_health"",""rural_emergency_hospital"",""quality"",""provider_data""],""why_matters"":""REH quality rows identify rural emergency hospitals and measure coverage relevant to RHT readiness and quality reporting demand.""}",https://data.cms.gov/provider-data/dataset/97xg-v3wv,"{""aggregation"":""unique facility_id by state"",""measure_rows"":4,""source_rows_used"":164,""why_matters"":""REH quality rows identify rural emergency hospitals and measure coverage relevant to RHT readiness and quality reporting demand.""}",2026-07-24T04:43:51Z
cmsmedicaid-a59cfa5b0b73765e,cms_data,cms_provider_datastore,97xg-v3wv,Rural Emergency Hospital Timely and Effective Care - Hospital,dataset_signal,TN,rural_health,cms; rural_health; rural_emergency_hospital; quality; provider_data,rural_emergency_hospital_facilities,2,2024-07-01/2025-06-30,2026-05-13,2026-04-21,true,85,"{""dataset_id"":""97xg-v3wv"",""endpoint_type"":""cms_provider_datastore"",""method"":""unique facility_id by state"",""metric_name"":""rural_emergency_hospital_facilities"",""metric_period"":""2024-07-01/2025-06-30"",""metric_value"":""2"",""rht_flag"":true,""signal_dimension"":"""",""state"":""TN"",""topic_keys"":[""cms"",""rural_health"",""rural_emergency_hospital"",""quality"",""provider_data""],""why_matters"":""REH quality rows identify rural emergency hospitals and measure coverage relevant to RHT readiness and quality reporting demand.""}",https://data.cms.gov/provider-data/dataset/97xg-v3wv,"{""aggregation"":""unique facility_id by state"",""measure_rows"":8,""source_rows_used"":164,""why_matters"":""REH quality rows identify rural emergency hospitals and measure coverage relevant to RHT readiness and quality reporting demand.""}",2026-07-24T04:43:51Z
cmsmedicaid-0993335c3c996365,cms_data,cms_provider_datastore,97xg-v3wv,Rural Emergency Hospital Timely and Effective Care - Hospital,dataset_signal,TX,rural_health,cms; rural_health; rural_emergency_hospital; quality; provider_data,rural_emergency_hospital_facilities,4,2024-07-01/2025-06-30,2026-05-13,2026-04-21,true,85,"{""dataset_id"":""97xg-v3wv"",""endpoint_type"":""cms_provider_datastore"",""method"":""unique facility_id by state"",""metric_name"":""rural_emergency_hospital_facilities"",""metric_period"":""2024-07-01/2025-06-30"",""metric_value"":""4"",""rht_flag"":true,""signal_dimension"":"""",""state"":""TX"",""topic_keys"":[""cms"",""rural_health"",""rural_emergency_hospital"",""quality"",""provider_data""],""why_matters"":""REH quality rows identify rural emergency hospitals and measure coverage relevant to RHT readiness and quality reporting demand.""}",https://data.cms.gov/provider-data/dataset/97xg-v3wv,"{""aggregation"":""unique facility_id by state"",""measure_rows"":16,""source_rows_used"":164,""why_matters"":""REH quality rows identify rural emergency hospitals and measure coverage relevant to RHT readiness and quality reporting demand.""}",2026-07-24T04:43:51Z
cmsmedicaid-dd83851322ef6d67,medicaid_data,medicaid_datastore,ef16c490-861a-4b1f-9e6d-f321abdcaab1,2024 Managed Care Programs By State,dataset_signal,AL,managed_care,medicaid; managed_care; 1115; waiver; mltss; quality,managed_care_programs_2024,3,2024,,2026-02-11,false,77,"{""dataset_id"":""ef16c490-861a-4b1f-9e6d-f321abdcaab1"",""endpoint_type"":""medicaid_datastore"",""method"":""program count by state"",""metric_name"":""managed_care_programs_2024"",""metric_period"":""2024"",""metric_value"":""3"",""rht_flag"":false,""signal_dimension"":"""",""state"":""AL"",""topic_keys"":[""medicaid"",""managed_care"",""1115"",""waiver"",""mltss"",""quality""],""why_matters"":""State managed-care program counts, 1115 authorities, MLTSS, and quality requirements point to plan oversight and encounter-data demand.""}",https://data.medicaid.gov/api/1/datastore/query/ef16c490-861a-4b1f-9e6d-f321abdcaab1/0,"{""1115_authority_programs"":0,""aggregation"":""program count by state"",""hedis_required_programs"":1,""mltss_programs"":0,""source_row_count"":183,""source_rows_used"":183,""why_matters"":""State managed-care program counts, 1115 authorities, MLTSS, and quality requirements point to plan oversight and encounter-data demand.""}",2026-07-24T04:43:51Z
cmsmedicaid-b14e60e7675810f9,medicaid_data,medicaid_datastore,ef16c490-861a-4b1f-9e6d-f321abdcaab1,2024 Managed Care Programs By State,dataset_signal,AR,managed_care,medicaid; managed_care; 1115; waiver; mltss; quality,managed_care_programs_2024,5,2024,,2026-02-11,false,77,"{""dataset_id"":""ef16c490-861a-4b1f-9e6d-f321abdcaab1"",""endpoint_type"":""medicaid_datastore"",""method"":""program count by state"",""metric_name"":""managed_care_programs_2024"",""metric_period"":""2024"",""metric_value"":""5"",""rht_flag"":false,""signal_dimension"":"""",""state"":""AR"",""topic_keys"":[""medicaid"",""managed_care"",""1115"",""waiver"",""mltss"",""quality""],""why_matters"":""State managed-care program counts, 1115 authorities, MLTSS, and quality requirements point to plan oversight and encounter-data demand.""}",https://data.medicaid.gov/api/1/datastore/query/ef16c490-861a-4b1f-9e6d-f321abdcaab1/0,"{""1115_authority_programs"":0,""aggregation"":""program count by state"",""hedis_required_programs"":2,""mltss_programs"":1,""source_row_count"":183,""source_rows_used"":183,""why_matters"":""State managed-care program counts, 1115 authorities, MLTSS, and quality requirements point to plan oversight and encounter-data demand.""}",2026-07-24T04:43:51Z
cmsmedicaid-ad503a3b4ce0eabf,medicaid_data,medicaid_datastore,ef16c490-861a-4b1f-9e6d-f321abdcaab1,2024 Managed Care Programs By State,dataset_signal,AR,managed_care,medicaid; managed_care; 1115; waiver; mltss; quality,managed_long_term_services_supports_programs,1,2024,,2026-02-11,false,77,"{""dataset_id"":""ef16c490-861a-4b1f-9e6d-f321abdcaab1"",""endpoint_type"":""medicaid_datastore"",""method"":""program_type contains MLTSS"",""metric_name"":""managed_long_term_services_supports_programs"",""metric_period"":""2024"",""metric_value"":""1"",""rht_flag"":false,""signal_dimension"":"""",""state"":""AR"",""topic_keys"":[""medicaid"",""managed_care"",""1115"",""waiver"",""mltss"",""quality""],""why_matters"":""State managed-care program counts, 1115 authorities, MLTSS, and quality requirements point to plan oversight and encounter-data demand.""}",https://data.medicaid.gov/api/1/datastore/query/ef16c490-861a-4b1f-9e6d-f321abdcaab1/0,"{""aggregation"":""program_type contains MLTSS"",""source_rows_used"":183,""why_matters"":""State managed-care program counts, 1115 authorities, MLTSS, and quality requirements point to plan oversight and encounter-data demand.""}",2026-07-24T04:43:51Z
cmsmedicaid-3a6969eb199d9900,medicaid_data,medicaid_datastore,ef16c490-861a-4b1f-9e6d-f321abdcaab1,2024 Managed Care Programs By State,dataset_signal,AZ,managed_care,medicaid; managed_care; 1115; waiver; mltss; quality,managed_care_1115_authority_programs,3,2024,,2026-02-11,false,77,"{""dataset_id"":""ef16c490-861a-4b1f-9e6d-f321abdcaab1"",""endpoint_type"":""medicaid_datastore"",""method"":""programs with federal_operating_authority containing 1115"",""metric_name"":""managed_care_1115_authority_programs"",""metric_period"":""2024"",""metric_value"":""3"",""rht_flag"":false,""signal_dimension"":"""",""state"":""AZ"",""topic_keys"":[""medicaid"",""managed_care"",""1115"",""waiver"",""mltss"",""quality""],""why_matters"":""State managed-care program counts, 1115 authorities, MLTSS, and quality requirements point to plan oversight and encounter-data demand.""}",https://data.medicaid.gov/api/1/datastore/query/ef16c490-861a-4b1f-9e6d-f321abdcaab1/0,"{""aggregation"":""programs with federal_operating_authority containing 1115"",""source_rows_used"":183,""why_matters"":""State managed-care program counts, 1115 authorities, MLTSS, and quality requirements point to plan oversight and encounter-data demand.""}",2026-07-24T04:43:51Z
cmsmedicaid-f52c7066e29b2e43,medicaid_data,medicaid_datastore,ef16c490-861a-4b1f-9e6d-f321abdcaab1,2024 Managed Care Programs By State,dataset_signal,AZ,managed_care,medicaid; managed_care; 1115; waiver; mltss; quality,managed_care_programs_2024,3,2024,,2026-02-11,false,77,"{""dataset_id"":""ef16c490-861a-4b1f-9e6d-f321abdcaab1"",""endpoint_type"":""medicaid_datastore"",""method"":""program count by state"",""metric_name"":""managed_care_programs_2024"",""metric_period"":""2024"",""metric_value"":""3"",""rht_flag"":false,""signal_dimension"":"""",""state"":""AZ"",""topic_keys"":[""medicaid"",""managed_care"",""1115"",""waiver"",""mltss"",""quality""],""why_matters"":""State managed-care program counts, 1115 authorities, MLTSS, and quality requirements point to plan oversight and encounter-data demand.""}",https://data.medicaid.gov/api/1/datastore/query/ef16c490-861a-4b1f-9e6d-f321abdcaab1/0,"{""1115_authority_programs"":3,""aggregation"":""program count by state"",""hedis_required_programs"":3,""mltss_programs"":2,""source_row_count"":183,""source_rows_used"":183,""why_matters"":""State managed-care program counts, 1115 authorities, MLTSS, and quality requirements point to plan oversight and encounter-data demand.""}",2026-07-24T04:43:51Z
cmsmedicaid-b06323e84ff41b95,medicaid_data,medicaid_datastore,ef16c490-861a-4b1f-9e6d-f321abdcaab1,2024 Managed Care Programs By State,dataset_signal,AZ,managed_care,medicaid; managed_care; 1115; waiver; mltss; quality,managed_long_term_services_supports_programs,2,2024,,2026-02-11,false,77,"{""dataset_id"":""ef16c490-861a-4b1f-9e6d-f321abdcaab1"",""endpoint_type"":""medicaid_datastore"",""method"":""program_type contains MLTSS"",""metric_name"":""managed_long_term_services_supports_programs"",""metric_period"":""2024"",""metric_value"":""2"",""rht_flag"":false,""signal_dimension"":"""",""state"":""AZ"",""topic_keys"":[""medicaid"",""managed_care"",""1115"",""waiver"",""mltss"",""quality""],""why_matters"":""State managed-care program counts, 1115 authorities, MLTSS, and quality requirements point to plan oversight and encounter-data demand.""}",https://data.medicaid.gov/api/1/datastore/query/ef16c490-861a-4b1f-9e6d-f321abdcaab1/0,"{""aggregation"":""program_type contains MLTSS"",""source_rows_used"":183,""why_matters"":""State managed-care program counts, 1115 authorities, MLTSS, and quality requirements point to plan oversight and encounter-data demand.""}",2026-07-24T04:43:51Z
cmsmedicaid-dc9b4e4783e4572b,medicaid_data,medicaid_datastore,ef16c490-861a-4b1f-9e6d-f321abdcaab1,2024 Managed Care Programs By State,dataset_signal,CA,managed_care,medicaid; managed_care; 1115; waiver; mltss; quality,managed_care_1115_authority_programs,1,2024,,2026-02-11,false,77,"{""dataset_id"":""ef16c490-861a-4b1f-9e6d-f321abdcaab1"",""endpoint_type"":""medicaid_datastore"",""method"":""programs with federal_operating_authority containing 1115"",""metric_name"":""managed_care_1115_authority_programs"",""metric_period"":""2024"",""metric_value"":""1"",""rht_flag"":false,""signal_dimension"":"""",""state"":""CA"",""topic_keys"":[""medicaid"",""managed_care"",""1115"",""waiver"",""mltss"",""quality""],""why_matters"":""State managed-care program counts, 1115 authorities, MLTSS, and quality requirements point to plan oversight and encounter-data demand.""}",https://data.medicaid.gov/api/1/datastore/query/ef16c490-861a-4b1f-9e6d-f321abdcaab1/0,"{""aggregation"":""programs with federal_operating_authority containing 1115"",""source_rows_used"":183,""why_matters"":""State managed-care program counts, 1115 authorities, MLTSS, and quality requirements point to plan oversight and encounter-data demand.""}",2026-07-24T04:43:51Z
cmsmedicaid-90bc4ac1f0213282,medicaid_data,medicaid_datastore,ef16c490-861a-4b1f-9e6d-f321abdcaab1,2024 Managed Care Programs By State,dataset_signal,CA,managed_care,medicaid; managed_care; 1115; waiver; mltss; quality,managed_care_programs_2024,10,2024,,2026-02-11,false,77,"{""dataset_id"":""ef16c490-861a-4b1f-9e6d-f321abdcaab1"",""endpoint_type"":""medicaid_datastore"",""method"":""program count by state"",""metric_name"":""managed_care_programs_2024"",""metric_period"":""2024"",""metric_value"":""10"",""rht_flag"":false,""signal_dimension"":"""",""state"":""CA"",""topic_keys"":[""medicaid"",""managed_care"",""1115"",""waiver"",""mltss"",""quality""],""why_matters"":""State managed-care program counts, 1115 authorities, MLTSS, and quality requirements point to plan oversight and encounter-data demand.""}",https://data.medicaid.gov/api/1/datastore/query/ef16c490-861a-4b1f-9e6d-f321abdcaab1/0,"{""1115_authority_programs"":1,""aggregation"":""program count by state"",""hedis_required_programs"":9,""mltss_programs"":5,""source_row_count"":183,""source_rows_used"":183,""why_matters"":""State managed-care program counts, 1115 authorities, MLTSS, and quality requirements point to plan oversight and encounter-data demand.""}",2026-07-24T04:43:51Z
cmsmedicaid-511bfaa6415294bb,medicaid_data,medicaid_datastore,ef16c490-861a-4b1f-9e6d-f321abdcaab1,2024 Managed Care Programs By State,dataset_signal,CA,managed_care,medicaid; managed_care; 1115; waiver; mltss; quality,managed_long_term_services_supports_programs,5,2024,,2026-02-11,false,77,"{""dataset_id"":""ef16c490-861a-4b1f-9e6d-f321abdcaab1"",""endpoint_type"":""medicaid_datastore"",""method"":""program_type contains MLTSS"",""metric_name"":""managed_long_term_services_supports_programs"",""metric_period"":""2024"",""metric_value"":""5"",""rht_flag"":false,""signal_dimension"":"""",""state"":""CA"",""topic_keys"":[""medicaid"",""managed_care"",""1115"",""waiver"",""mltss"",""quality""],""why_matters"":""State managed-care program counts, 1115 authorities, MLTSS, and quality requirements point to plan oversight and encounter-data demand.""}",https://data.medicaid.gov/api/1/datastore/query/ef16c490-861a-4b1f-9e6d-f321abdcaab1/0,"{""aggregation"":""program_type contains MLTSS"",""source_rows_used"":183,""why_matters"":""State managed-care program counts, 1115 authorities, MLTSS, and quality requirements point to plan oversight and encounter-data demand.""}",2026-07-24T04:43:51Z
cmsmedicaid-d769addf11c0fd57,medicaid_data,medicaid_datastore,ef16c490-861a-4b1f-9e6d-f321abdcaab1,2024 Managed Care Programs By State,dataset_signal,CO,managed_care,medicaid; managed_care; 1115; waiver; mltss; quality,managed_care_programs_2024,2,2024,,2026-02-11,false,77,"{""dataset_id"":""ef16c490-861a-4b1f-9e6d-f321abdcaab1"",""endpoint_type"":""medicaid_datastore"",""method"":""program count by state"",""metric_name"":""managed_care_programs_2024"",""metric_period"":""2024"",""metric_value"":""2"",""rht_flag"":false,""signal_dimension"":"""",""state"":""CO"",""topic_keys"":[""medicaid"",""managed_care"",""1115"",""waiver"",""mltss"",""quality""],""why_matters"":""State managed-care program counts, 1115 authorities, MLTSS, and quality requirements point to plan oversight and encounter-data demand.""}",https://data.medicaid.gov/api/1/datastore/query/ef16c490-861a-4b1f-9e6d-f321abdcaab1/0,"{""1115_authority_programs"":0,""aggregation"":""program count by state"",""hedis_required_programs"":1,""mltss_programs"":0,""source_row_count"":183,""source_rows_used"":183,""why_matters"":""State managed-care program counts, 1115 authorities, MLTSS, and quality requirements point to plan oversight and encounter-data demand.""}",2026-07-24T04:43:51Z
cmsmedicaid-5898288aff5a8aa6,medicaid_data,medicaid_datastore,ef16c490-861a-4b1f-9e6d-f321abdcaab1,2024 Managed Care Programs By State,dataset_signal,DC,managed_care,medicaid; managed_care; 1115; waiver; mltss; quality,managed_care_programs_2024,5,2024,,2026-02-11,false,77,"{""dataset_id"":""ef16c490-861a-4b1f-9e6d-f321abdcaab1"",""endpoint_type"":""medicaid_datastore"",""method"":""program count by state"",""metric_name"":""managed_care_programs_2024"",""metric_period"":""2024"",""metric_value"":""5"",""rht_flag"":false,""signal_dimension"":"""",""state"":""DC"",""topic_keys"":[""medicaid"",""managed_care"",""1115"",""waiver"",""mltss"",""quality""],""why_matters"":""State managed-care program counts, 1115 authorities, MLTSS, and quality requirements point to plan oversight and encounter-data demand.""}",https://data.medicaid.gov/api/1/datastore/query/ef16c490-861a-4b1f-9e6d-f321abdcaab1/0,"{""1115_authority_programs"":0,""aggregation"":""program count by state"",""hedis_required_programs"":3,""mltss_programs"":1,""source_row_count"":183,""source_rows_used"":183,""why_matters"":""State managed-care program counts, 1115 authorities, MLTSS, and quality requirements point to plan oversight and encounter-data demand.""}",2026-07-24T04:43:51Z
cmsmedicaid-9e1105f80000d88a,medicaid_data,medicaid_datastore,ef16c490-861a-4b1f-9e6d-f321abdcaab1,2024 Managed Care Programs By State,dataset_signal,DC,managed_care,medicaid; managed_care; 1115; waiver; mltss; quality,managed_long_term_services_supports_programs,1,2024,,2026-02-11,false,77,"{""dataset_id"":""ef16c490-861a-4b1f-9e6d-f321abdcaab1"",""endpoint_type"":""medicaid_datastore"",""method"":""program_type contains MLTSS"",""metric_name"":""managed_long_term_services_supports_programs"",""metric_period"":""2024"",""metric_value"":""1"",""rht_flag"":false,""signal_dimension"":"""",""state"":""DC"",""topic_keys"":[""medicaid"",""managed_care"",""1115"",""waiver"",""mltss"",""quality""],""why_matters"":""State managed-care program counts, 1115 authorities, MLTSS, and quality requirements point to plan oversight and encounter-data demand.""}",https://data.medicaid.gov/api/1/datastore/query/ef16c490-861a-4b1f-9e6d-f321abdcaab1/0,"{""aggregation"":""program_type contains MLTSS"",""source_rows_used"":183,""why_matters"":""State managed-care program counts, 1115 authorities, MLTSS, and quality requirements point to plan oversight and encounter-data demand.""}",2026-07-24T04:43:51Z
cmsmedicaid-115508465294e5da,medicaid_data,medicaid_datastore,ef16c490-861a-4b1f-9e6d-f321abdcaab1,2024 Managed Care Programs By State,dataset_signal,DE,managed_care,medicaid; managed_care; 1115; waiver; mltss; quality,managed_care_1115_authority_programs,1,2024,,2026-02-11,false,77,"{""dataset_id"":""ef16c490-861a-4b1f-9e6d-f321abdcaab1"",""endpoint_type"":""medicaid_datastore"",""method"":""programs with federal_operating_authority containing 1115"",""metric_name"":""managed_care_1115_authority_programs"",""metric_period"":""2024"",""metric_value"":""1"",""rht_flag"":false,""signal_dimension"":"""",""state"":""DE"",""topic_keys"":[""medicaid"",""managed_care"",""1115"",""waiver"",""mltss"",""quality""],""why_matters"":""State managed-care program counts, 1115 authorities, MLTSS, and quality requirements point to plan oversight and encounter-data demand.""}",https://data.medicaid.gov/api/1/datastore/query/ef16c490-861a-4b1f-9e6d-f321abdcaab1/0,"{""aggregation"":""programs with federal_operating_authority containing 1115"",""source_rows_used"":183,""why_matters"":""State managed-care program counts, 1115 authorities, MLTSS, and quality requirements point to plan oversight and encounter-data demand.""}",2026-07-24T04:43:51Z
cmsmedicaid-1e1373274c76e1a9,medicaid_data,medicaid_datastore,ef16c490-861a-4b1f-9e6d-f321abdcaab1,2024 Managed Care Programs By State,dataset_signal,DE,managed_care,medicaid; managed_care; 1115; waiver; mltss; quality,managed_care_programs_2024,3,2024,,2026-02-11,false,77,"{""dataset_id"":""ef16c490-861a-4b1f-9e6d-f321abdcaab1"",""endpoint_type"":""medicaid_datastore"",""method"":""program count by state"",""metric_name"":""managed_care_programs_2024"",""metric_period"":""2024"",""metric_value"":""3"",""rht_flag"":false,""signal_dimension"":"""",""state"":""DE"",""topic_keys"":[""medicaid"",""managed_care"",""1115"",""waiver"",""mltss"",""quality""],""why_matters"":""State managed-care program counts, 1115 authorities, MLTSS, and quality requirements point to plan oversight and encounter-data demand.""}",https://data.medicaid.gov/api/1/datastore/query/ef16c490-861a-4b1f-9e6d-f321abdcaab1/0,"{""1115_authority_programs"":1,""aggregation"":""program count by state"",""hedis_required_programs"":2,""mltss_programs"":1,""source_row_count"":183,""source_rows_used"":183,""why_matters"":""State managed-care program counts, 1115 authorities, MLTSS, and quality requirements point to plan oversight and encounter-data demand.""}",2026-07-24T04:43:51Z
cmsmedicaid-eba3feaa6db32b15,medicaid_data,medicaid_datastore,ef16c490-861a-4b1f-9e6d-f321abdcaab1,2024 Managed Care Programs By State,dataset_signal,DE,managed_care,medicaid; managed_care; 1115; waiver; mltss; quality,managed_long_term_services_supports_programs,1,2024,,2026-02-11,false,77,"{""dataset_id"":""ef16c490-861a-4b1f-9e6d-f321abdcaab1"",""endpoint_type"":""medicaid_datastore"",""method"":""program_type contains MLTSS"",""metric_name"":""managed_long_term_services_supports_programs"",""metric_period"":""2024"",""metric_value"":""1"",""rht_flag"":false,""signal_dimension"":"""",""state"":""DE"",""topic_keys"":[""medicaid"",""managed_care"",""1115"",""waiver"",""mltss"",""quality""],""why_matters"":""State managed-care program counts, 1115 authorities, MLTSS, and quality requirements point to plan oversight and encounter-data demand.""}",https://data.medicaid.gov/api/1/datastore/query/ef16c490-861a-4b1f-9e6d-f321abdcaab1/0,"{""aggregation"":""program_type contains MLTSS"",""source_rows_used"":183,""why_matters"":""State managed-care program counts, 1115 authorities, MLTSS, and quality requirements point to plan oversight and encounter-data demand.""}",2026-07-24T04:43:51Z
cmsmedicaid-86625636d0d36f14,medicaid_data,medicaid_datastore,ef16c490-861a-4b1f-9e6d-f321abdcaab1,2024 Managed Care Programs By State,dataset_signal,FL,managed_care,medicaid; managed_care; 1115; waiver; mltss; quality,managed_care_1115_authority_programs,3,2024,,2026-02-11,false,77,"{""dataset_id"":""ef16c490-861a-4b1f-9e6d-f321abdcaab1"",""endpoint_type"":""medicaid_datastore"",""method"":""programs with federal_operating_authority containing 1115"",""metric_name"":""managed_care_1115_authority_programs"",""metric_period"":""2024"",""metric_value"":""3"",""rht_flag"":false,""signal_dimension"":"""",""state"":""FL"",""topic_keys"":[""medicaid"",""managed_care"",""1115"",""waiver"",""mltss"",""quality""],""why_matters"":""State managed-care program counts, 1115 authorities, MLTSS, and quality requirements point to plan oversight and encounter-data demand.""}",https://data.medicaid.gov/api/1/datastore/query/ef16c490-861a-4b1f-9e6d-f321abdcaab1/0,"{""aggregation"":""programs with federal_operating_authority containing 1115"",""source_rows_used"":183,""why_matters"":""State managed-care program counts, 1115 authorities, MLTSS, and quality requirements point to plan oversight and encounter-data demand.""}",2026-07-24T04:43:51Z
cmsmedicaid-052d18ec45f694f7,medicaid_data,medicaid_datastore,ef16c490-861a-4b1f-9e6d-f321abdcaab1,2024 Managed Care Programs By State,dataset_signal,FL,managed_care,medicaid; managed_care; 1115; waiver; mltss; quality,managed_care_programs_2024,6,2024,,2026-02-11,false,77,"{""dataset_id"":""ef16c490-861a-4b1f-9e6d-f321abdcaab1"",""endpoint_type"":""medicaid_datastore"",""method"":""program count by state"",""metric_name"":""managed_care_programs_2024"",""metric_period"":""2024"",""metric_value"":""6"",""rht_flag"":false,""signal_dimension"":"""",""state"":""FL"",""topic_keys"":[""medicaid"",""managed_care"",""1115"",""waiver"",""mltss"",""quality""],""why_matters"":""State managed-care program counts, 1115 authorities, MLTSS, and quality requirements point to plan oversight and encounter-data demand.""}",https://data.medicaid.gov/api/1/datastore/query/ef16c490-861a-4b1f-9e6d-f321abdcaab1/0,"{""1115_authority_programs"":3,""aggregation"":""program count by state"",""hedis_required_programs"":3,""mltss_programs"":1,""source_row_count"":183,""source_rows_used"":183,""why_matters"":""State managed-care program counts, 1115 authorities, MLTSS, and quality requirements point to plan oversight and encounter-data demand.""}",2026-07-24T04:43:51Z
cmsmedicaid-b1a08d71a150714f,medicaid_data,medicaid_datastore,ef16c490-861a-4b1f-9e6d-f321abdcaab1,2024 Managed Care Programs By State,dataset_signal,FL,managed_care,medicaid; managed_care; 1115; waiver; mltss; quality,managed_long_term_services_supports_programs,1,2024,,2026-02-11,false,77,"{""dataset_id"":""ef16c490-861a-4b1f-9e6d-f321abdcaab1"",""endpoint_type"":""medicaid_datastore"",""method"":""program_type contains MLTSS"",""metric_name"":""managed_long_term_services_supports_programs"",""metric_period"":""2024"",""metric_value"":""1"",""rht_flag"":false,""signal_dimension"":"""",""state"":""FL"",""topic_keys"":[""medicaid"",""managed_care"",""1115"",""waiver"",""mltss"",""quality""],""why_matters"":""State managed-care program counts, 1115 authorities, MLTSS, and quality requirements point to plan oversight and encounter-data demand.""}",https://data.medicaid.gov/api/1/datastore/query/ef16c490-861a-4b1f-9e6d-f321abdcaab1/0,"{""aggregation"":""program_type contains MLTSS"",""source_rows_used"":183,""why_matters"":""State managed-care program counts, 1115 authorities, MLTSS, and quality requirements point to plan oversight and encounter-data demand.""}",2026-07-24T04:43:51Z
cmsmedicaid-a7fc28a9f41d89b5,medicaid_data,medicaid_datastore,ef16c490-861a-4b1f-9e6d-f321abdcaab1,2024 Managed Care Programs By State,dataset_signal,GA,managed_care,medicaid; managed_care; 1115; waiver; mltss; quality,managed_care_1115_authority_programs,2,2024,,2026-02-11,false,77,"{""dataset_id"":""ef16c490-861a-4b1f-9e6d-f321abdcaab1"",""endpoint_type"":""medicaid_datastore"",""method"":""programs with federal_operating_authority containing 1115"",""metric_name"":""managed_care_1115_authority_programs"",""metric_period"":""2024"",""metric_value"":""2"",""rht_flag"":false,""signal_dimension"":"""",""state"":""GA"",""topic_keys"":[""medicaid"",""managed_care"",""1115"",""waiver"",""mltss"",""quality""],""why_matters"":""State managed-care program counts, 1115 authorities, MLTSS, and quality requirements point to plan oversight and encounter-data demand.""}",https://data.medicaid.gov/api/1/datastore/query/ef16c490-861a-4b1f-9e6d-f321abdcaab1/0,"{""aggregation"":""programs with federal_operating_authority containing 1115"",""source_rows_used"":183,""why_matters"":""State managed-care program counts, 1115 authorities, MLTSS, and quality requirements point to plan oversight and encounter-data demand.""}",2026-07-24T04:43:51Z
cmsmedicaid-83899e1e013507af,medicaid_data,medicaid_datastore,ef16c490-861a-4b1f-9e6d-f321abdcaab1,2024 Managed Care Programs By State,dataset_signal,GA,managed_care,medicaid; managed_care; 1115; waiver; mltss; quality,managed_care_programs_2024,5,2024,,2026-02-11,false,77,"{""dataset_id"":""ef16c490-861a-4b1f-9e6d-f321abdcaab1"",""endpoint_type"":""medicaid_datastore"",""method"":""program count by state"",""metric_name"":""managed_care_programs_2024"",""metric_period"":""2024"",""metric_value"":""5"",""rht_flag"":false,""signal_dimension"":"""",""state"":""GA"",""topic_keys"":[""medicaid"",""managed_care"",""1115"",""waiver"",""mltss"",""quality""],""why_matters"":""State managed-care program counts, 1115 authorities, MLTSS, and quality requirements point to plan oversight and encounter-data demand.""}",https://data.medicaid.gov/api/1/datastore/query/ef16c490-861a-4b1f-9e6d-f321abdcaab1/0,"{""1115_authority_programs"":2,""aggregation"":""program count by state"",""hedis_required_programs"":2,""mltss_programs"":0,""source_row_count"":183,""source_rows_used"":183,""why_matters"":""State managed-care program counts, 1115 authorities, MLTSS, and quality requirements point to plan oversight and encounter-data demand.""}",2026-07-24T04:43:51Z
cmsmedicaid-2795c385eb6d8f0f,medicaid_data,medicaid_datastore,ef16c490-861a-4b1f-9e6d-f321abdcaab1,2024 Managed Care Programs By State,dataset_signal,HI,managed_care,medicaid; managed_care; 1115; waiver; mltss; quality,managed_care_1115_authority_programs,1,2024,,2026-02-11,false,77,"{""dataset_id"":""ef16c490-861a-4b1f-9e6d-f321abdcaab1"",""endpoint_type"":""medicaid_datastore"",""method"":""programs with federal_operating_authority containing 1115"",""metric_name"":""managed_care_1115_authority_programs"",""metric_period"":""2024"",""metric_value"":""1"",""rht_flag"":false,""signal_dimension"":"""",""state"":""HI"",""topic_keys"":[""medicaid"",""managed_care"",""1115"",""waiver"",""mltss"",""quality""],""why_matters"":""State managed-care program counts, 1115 authorities, MLTSS, and quality requirements point to plan oversight and encounter-data demand.""}",https://data.medicaid.gov/api/1/datastore/query/ef16c490-861a-4b1f-9e6d-f321abdcaab1/0,"{""aggregation"":""programs with federal_operating_authority containing 1115"",""source_rows_used"":183,""why_matters"":""State managed-care program counts, 1115 authorities, MLTSS, and quality requirements point to plan oversight and encounter-data demand.""}",2026-07-24T04:43:51Z
cmsmedicaid-0a2d0af455666099,medicaid_data,medicaid_datastore,ef16c490-861a-4b1f-9e6d-f321abdcaab1,2024 Managed Care Programs By State,dataset_signal,HI,managed_care,medicaid; managed_care; 1115; waiver; mltss; quality,managed_care_programs_2024,1,2024,,2026-02-11,false,77,"{""dataset_id"":""ef16c490-861a-4b1f-9e6d-f321abdcaab1"",""endpoint_type"":""medicaid_datastore"",""method"":""program count by state"",""metric_name"":""managed_care_programs_2024"",""metric_period"":""2024"",""metric_value"":""1"",""rht_flag"":false,""signal_dimension"":"""",""state"":""HI"",""topic_keys"":[""medicaid"",""managed_care"",""1115"",""waiver"",""mltss"",""quality""],""why_matters"":""State managed-care program counts, 1115 authorities, MLTSS, and quality requirements point to plan oversight and encounter-data demand.""}",https://data.medicaid.gov/api/1/datastore/query/ef16c490-861a-4b1f-9e6d-f321abdcaab1/0,"{""1115_authority_programs"":1,""aggregation"":""program count by state"",""hedis_required_programs"":1,""mltss_programs"":1,""source_row_count"":183,""source_rows_used"":183,""why_matters"":""State managed-care program counts, 1115 authorities, MLTSS, and quality requirements point to plan oversight and encounter-data demand.""}",2026-07-24T04:43:51Z
cmsmedicaid-d4e804c545f349fb,medicaid_data,medicaid_datastore,ef16c490-861a-4b1f-9e6d-f321abdcaab1,2024 Managed Care Programs By State,dataset_signal,HI,managed_care,medicaid; managed_care; 1115; waiver; mltss; quality,managed_long_term_services_supports_programs,1,2024,,2026-02-11,false,77,"{""dataset_id"":""ef16c490-861a-4b1f-9e6d-f321abdcaab1"",""endpoint_type"":""medicaid_datastore"",""method"":""program_type contains MLTSS"",""metric_name"":""managed_long_term_services_supports_programs"",""metric_period"":""2024"",""metric_value"":""1"",""rht_flag"":false,""signal_dimension"":"""",""state"":""HI"",""topic_keys"":[""medicaid"",""managed_care"",""1115"",""waiver"",""mltss"",""quality""],""why_matters"":""State managed-care program counts, 1115 authorities, MLTSS, and quality requirements point to plan oversight and encounter-data demand.""}",https://data.medicaid.gov/api/1/datastore/query/ef16c490-861a-4b1f-9e6d-f321abdcaab1/0,"{""aggregation"":""program_type contains MLTSS"",""source_rows_used"":183,""why_matters"":""State managed-care program counts, 1115 authorities, MLTSS, and quality requirements point to plan oversight and encounter-data demand.""}",2026-07-24T04:43:51Z
cmsmedicaid-b37f73261773ee89,medicaid_data,medicaid_datastore,ef16c490-861a-4b1f-9e6d-f321abdcaab1,2024 Managed Care Programs By State,dataset_signal,IA,managed_care,medicaid; managed_care; 1115; waiver; mltss; quality,managed_care_1115_authority_programs,2,2024,,2026-02-11,false,77,"{""dataset_id"":""ef16c490-861a-4b1f-9e6d-f321abdcaab1"",""endpoint_type"":""medicaid_datastore"",""method"":""programs with federal_operating_authority containing 1115"",""metric_name"":""managed_care_1115_authority_programs"",""metric_period"":""2024"",""metric_value"":""2"",""rht_flag"":false,""signal_dimension"":"""",""state"":""IA"",""topic_keys"":[""medicaid"",""managed_care"",""1115"",""waiver"",""mltss"",""quality""],""why_matters"":""State managed-care program counts, 1115 authorities, MLTSS, and quality requirements point to plan oversight and encounter-data demand.""}",https://data.medicaid.gov/api/1/datastore/query/ef16c490-861a-4b1f-9e6d-f321abdcaab1/0,"{""aggregation"":""programs with federal_operating_authority containing 1115"",""source_rows_used"":183,""why_matters"":""State managed-care program counts, 1115 authorities, MLTSS, and quality requirements point to plan oversight and encounter-data demand.""}",2026-07-24T04:43:51Z
cmsmedicaid-74e651a0ab5c41d9,medicaid_data,medicaid_datastore,ef16c490-861a-4b1f-9e6d-f321abdcaab1,2024 Managed Care Programs By State,dataset_signal,IA,managed_care,medicaid; managed_care; 1115; waiver; mltss; quality,managed_care_programs_2024,3,2024,,2026-02-11,false,77,"{""dataset_id"":""ef16c490-861a-4b1f-9e6d-f321abdcaab1"",""endpoint_type"":""medicaid_datastore"",""method"":""program count by state"",""metric_name"":""managed_care_programs_2024"",""metric_period"":""2024"",""metric_value"":""3"",""rht_flag"":false,""signal_dimension"":"""",""state"":""IA"",""topic_keys"":[""medicaid"",""managed_care"",""1115"",""waiver"",""mltss"",""quality""],""why_matters"":""State managed-care program counts, 1115 authorities, MLTSS, and quality requirements point to plan oversight and encounter-data demand.""}",https://data.medicaid.gov/api/1/datastore/query/ef16c490-861a-4b1f-9e6d-f321abdcaab1/0,"{""1115_authority_programs"":2,""aggregation"":""program count by state"",""hedis_required_programs"":1,""mltss_programs"":1,""source_row_count"":183,""source_rows_used"":183,""why_matters"":""State managed-care program counts, 1115 authorities, MLTSS, and quality requirements point to plan oversight and encounter-data demand.""}",2026-07-24T04:43:51Z
cmsmedicaid-b06b0984e99976c5,medicaid_data,medicaid_datastore,ef16c490-861a-4b1f-9e6d-f321abdcaab1,2024 Managed Care Programs By State,dataset_signal,IA,managed_care,medicaid; managed_care; 1115; waiver; mltss; quality,managed_long_term_services_supports_programs,1,2024,,2026-02-11,false,77,"{""dataset_id"":""ef16c490-861a-4b1f-9e6d-f321abdcaab1"",""endpoint_type"":""medicaid_datastore"",""method"":""program_type contains MLTSS"",""metric_name"":""managed_long_term_services_supports_programs"",""metric_period"":""2024"",""metric_value"":""1"",""rht_flag"":false,""signal_dimension"":"""",""state"":""IA"",""topic_keys"":[""medicaid"",""managed_care"",""1115"",""waiver"",""mltss"",""quality""],""why_matters"":""State managed-care program counts, 1115 authorities, MLTSS, and quality requirements point to plan oversight and encounter-data demand.""}",https://data.medicaid.gov/api/1/datastore/query/ef16c490-861a-4b1f-9e6d-f321abdcaab1/0,"{""aggregation"":""program_type contains MLTSS"",""source_rows_used"":183,""why_matters"":""State managed-care program counts, 1115 authorities, MLTSS, and quality requirements point to plan oversight and encounter-data demand.""}",2026-07-24T04:43:51Z
cmsmedicaid-90aa344d13612bba,medicaid_data,medicaid_datastore,ef16c490-861a-4b1f-9e6d-f321abdcaab1,2024 Managed Care Programs By State,dataset_signal,ID,managed_care,medicaid; managed_care; 1115; waiver; mltss; quality,managed_care_programs_2024,6,2024,,2026-02-11,false,77,"{""dataset_id"":""ef16c490-861a-4b1f-9e6d-f321abdcaab1"",""endpoint_type"":""medicaid_datastore"",""method"":""program count by state"",""metric_name"":""managed_care_programs_2024"",""metric_period"":""2024"",""metric_value"":""6"",""rht_flag"":false,""signal_dimension"":"""",""state"":""ID"",""topic_keys"":[""medicaid"",""managed_care"",""1115"",""waiver"",""mltss"",""quality""],""why_matters"":""State managed-care program counts, 1115 authorities, MLTSS, and quality requirements point to plan oversight and encounter-data demand.""}",https://data.medicaid.gov/api/1/datastore/query/ef16c490-861a-4b1f-9e6d-f321abdcaab1/0,"{""1115_authority_programs"":0,""aggregation"":""program count by state"",""hedis_required_programs"":1,""mltss_programs"":2,""source_row_count"":183,""source_rows_used"":183,""why_matters"":""State managed-care program counts, 1115 authorities, MLTSS, and quality requirements point to plan oversight and encounter-data demand.""}",2026-07-24T04:43:51Z
cmsmedicaid-45f6a14fb2ed09df,medicaid_data,medicaid_datastore,ef16c490-861a-4b1f-9e6d-f321abdcaab1,2024 Managed Care Programs By State,dataset_signal,ID,managed_care,medicaid; managed_care; 1115; waiver; mltss; quality,managed_long_term_services_supports_programs,2,2024,,2026-02-11,false,77,"{""dataset_id"":""ef16c490-861a-4b1f-9e6d-f321abdcaab1"",""endpoint_type"":""medicaid_datastore"",""method"":""program_type contains MLTSS"",""metric_name"":""managed_long_term_services_supports_programs"",""metric_period"":""2024"",""metric_value"":""2"",""rht_flag"":false,""signal_dimension"":"""",""state"":""ID"",""topic_keys"":[""medicaid"",""managed_care"",""1115"",""waiver"",""mltss"",""quality""],""why_matters"":""State managed-care program counts, 1115 authorities, MLTSS, and quality requirements point to plan oversight and encounter-data demand.""}",https://data.medicaid.gov/api/1/datastore/query/ef16c490-861a-4b1f-9e6d-f321abdcaab1/0,"{""aggregation"":""program_type contains MLTSS"",""source_rows_used"":183,""why_matters"":""State managed-care program counts, 1115 authorities, MLTSS, and quality requirements point to plan oversight and encounter-data demand.""}",2026-07-24T04:43:51Z
cmsmedicaid-48106c118e87c281,medicaid_data,medicaid_datastore,ef16c490-861a-4b1f-9e6d-f321abdcaab1,2024 Managed Care Programs By State,dataset_signal,IL,managed_care,medicaid; managed_care; 1115; waiver; mltss; quality,managed_care_programs_2024,2,2024,,2026-02-11,false,77,"{""dataset_id"":""ef16c490-861a-4b1f-9e6d-f321abdcaab1"",""endpoint_type"":""medicaid_datastore"",""method"":""program count by state"",""metric_name"":""managed_care_programs_2024"",""metric_period"":""2024"",""metric_value"":""2"",""rht_flag"":false,""signal_dimension"":"""",""state"":""IL"",""topic_keys"":[""medicaid"",""managed_care"",""1115"",""waiver"",""mltss"",""quality""],""why_matters"":""State managed-care program counts, 1115 authorities, MLTSS, and quality requirements point to plan oversight and encounter-data demand.""}",https://data.medicaid.gov/api/1/datastore/query/ef16c490-861a-4b1f-9e6d-f321abdcaab1/0,"{""1115_authority_programs"":0,""aggregation"":""program count by state"",""hedis_required_programs"":2,""mltss_programs"":2,""source_row_count"":183,""source_rows_used"":183,""why_matters"":""State managed-care program counts, 1115 authorities, MLTSS, and quality requirements point to plan oversight and encounter-data demand.""}",2026-07-24T04:43:51Z
cmsmedicaid-a0dc42a2d635f939,medicaid_data,medicaid_datastore,ef16c490-861a-4b1f-9e6d-f321abdcaab1,2024 Managed Care Programs By State,dataset_signal,IL,managed_care,medicaid; managed_care; 1115; waiver; mltss; quality,managed_long_term_services_supports_programs,2,2024,,2026-02-11,false,77,"{""dataset_id"":""ef16c490-861a-4b1f-9e6d-f321abdcaab1"",""endpoint_type"":""medicaid_datastore"",""method"":""program_type contains MLTSS"",""metric_name"":""managed_long_term_services_supports_programs"",""metric_period"":""2024"",""metric_value"":""2"",""rht_flag"":false,""signal_dimension"":"""",""state"":""IL"",""topic_keys"":[""medicaid"",""managed_care"",""1115"",""waiver"",""mltss"",""quality""],""why_matters"":""State managed-care program counts, 1115 authorities, MLTSS, and quality requirements point to plan oversight and encounter-data demand.""}",https://data.medicaid.gov/api/1/datastore/query/ef16c490-861a-4b1f-9e6d-f321abdcaab1/0,"{""aggregation"":""program_type contains MLTSS"",""source_rows_used"":183,""why_matters"":""State managed-care program counts, 1115 authorities, MLTSS, and quality requirements point to plan oversight and encounter-data demand.""}",2026-07-24T04:43:51Z
cmsmedicaid-5bb972887daed339,medicaid_data,medicaid_datastore,ef16c490-861a-4b1f-9e6d-f321abdcaab1,2024 Managed Care Programs By State,dataset_signal,IN,managed_care,medicaid; managed_care; 1115; waiver; mltss; quality,managed_care_1115_authority_programs,1,2024,,2026-02-11,false,77,"{""dataset_id"":""ef16c490-861a-4b1f-9e6d-f321abdcaab1"",""endpoint_type"":""medicaid_datastore"",""method"":""programs with federal_operating_authority containing 1115"",""metric_name"":""managed_care_1115_authority_programs"",""metric_period"":""2024"",""metric_value"":""1"",""rht_flag"":false,""signal_dimension"":"""",""state"":""IN"",""topic_keys"":[""medicaid"",""managed_care"",""1115"",""waiver"",""mltss"",""quality""],""why_matters"":""State managed-care program counts, 1115 authorities, MLTSS, and quality requirements point to plan oversight and encounter-data demand.""}",https://data.medicaid.gov/api/1/datastore/query/ef16c490-861a-4b1f-9e6d-f321abdcaab1/0,"{""aggregation"":""programs with federal_operating_authority containing 1115"",""source_rows_used"":183,""why_matters"":""State managed-care program counts, 1115 authorities, MLTSS, and quality requirements point to plan oversight and encounter-data demand.""}",2026-07-24T04:43:51Z
cmsmedicaid-d586fd410b332e3a,medicaid_data,medicaid_datastore,ef16c490-861a-4b1f-9e6d-f321abdcaab1,2024 Managed Care Programs By State,dataset_signal,IN,managed_care,medicaid; managed_care; 1115; waiver; mltss; quality,managed_care_programs_2024,5,2024,,2026-02-11,false,77,"{""dataset_id"":""ef16c490-861a-4b1f-9e6d-f321abdcaab1"",""endpoint_type"":""medicaid_datastore"",""method"":""program count by state"",""metric_name"":""managed_care_programs_2024"",""metric_period"":""2024"",""metric_value"":""5"",""rht_flag"":false,""signal_dimension"":"""",""state"":""IN"",""topic_keys"":[""medicaid"",""managed_care"",""1115"",""waiver"",""mltss"",""quality""],""why_matters"":""State managed-care program counts, 1115 authorities, MLTSS, and quality requirements point to plan oversight and encounter-data demand.""}",https://data.medicaid.gov/api/1/datastore/query/ef16c490-861a-4b1f-9e6d-f321abdcaab1/0,"{""1115_authority_programs"":1,""aggregation"":""program count by state"",""hedis_required_programs"":4,""mltss_programs"":1,""source_row_count"":183,""source_rows_used"":183,""why_matters"":""State managed-care program counts, 1115 authorities, MLTSS, and quality requirements point to plan oversight and encounter-data demand.""}",2026-07-24T04:43:51Z
cmsmedicaid-ae39a84bbc4ea789,medicaid_data,medicaid_datastore,ef16c490-861a-4b1f-9e6d-f321abdcaab1,2024 Managed Care Programs By State,dataset_signal,IN,managed_care,medicaid; managed_care; 1115; waiver; mltss; quality,managed_long_term_services_supports_programs,1,2024,,2026-02-11,false,77,"{""dataset_id"":""ef16c490-861a-4b1f-9e6d-f321abdcaab1"",""endpoint_type"":""medicaid_datastore"",""method"":""program_type contains MLTSS"",""metric_name"":""managed_long_term_services_supports_programs"",""metric_period"":""2024"",""metric_value"":""1"",""rht_flag"":false,""signal_dimension"":"""",""state"":""IN"",""topic_keys"":[""medicaid"",""managed_care"",""1115"",""waiver"",""mltss"",""quality""],""why_matters"":""State managed-care program counts, 1115 authorities, MLTSS, and quality requirements point to plan oversight and encounter-data demand.""}",https://data.medicaid.gov/api/1/datastore/query/ef16c490-861a-4b1f-9e6d-f321abdcaab1/0,"{""aggregation"":""program_type contains MLTSS"",""source_rows_used"":183,""why_matters"":""State managed-care program counts, 1115 authorities, MLTSS, and quality requirements point to plan oversight and encounter-data demand.""}",2026-07-24T04:43:51Z
cmsmedicaid-864614f5dc1d73be,medicaid_data,medicaid_datastore,ef16c490-861a-4b1f-9e6d-f321abdcaab1,2024 Managed Care Programs By State,dataset_signal,KS,managed_care,medicaid; managed_care; 1115; waiver; mltss; quality,managed_care_1115_authority_programs,1,2024,,2026-02-11,false,77,"{""dataset_id"":""ef16c490-861a-4b1f-9e6d-f321abdcaab1"",""endpoint_type"":""medicaid_datastore"",""method"":""programs with federal_operating_authority containing 1115"",""metric_name"":""managed_care_1115_authority_programs"",""metric_period"":""2024"",""metric_value"":""1"",""rht_flag"":false,""signal_dimension"":"""",""state"":""KS"",""topic_keys"":[""medicaid"",""managed_care"",""1115"",""waiver"",""mltss"",""quality""],""why_matters"":""State managed-care program counts, 1115 authorities, MLTSS, and quality requirements point to plan oversight and encounter-data demand.""}",https://data.medicaid.gov/api/1/datastore/query/ef16c490-861a-4b1f-9e6d-f321abdcaab1/0,"{""aggregation"":""programs with federal_operating_authority containing 1115"",""source_rows_used"":183,""why_matters"":""State managed-care program counts, 1115 authorities, MLTSS, and quality requirements point to plan oversight and encounter-data demand.""}",2026-07-24T04:43:51Z
cmsmedicaid-433191a59b3b8dbc,medicaid_data,medicaid_datastore,ef16c490-861a-4b1f-9e6d-f321abdcaab1,2024 Managed Care Programs By State,dataset_signal,KS,managed_care,medicaid; managed_care; 1115; waiver; mltss; quality,managed_care_programs_2024,2,2024,,2026-02-11,false,77,"{""dataset_id"":""ef16c490-861a-4b1f-9e6d-f321abdcaab1"",""endpoint_type"":""medicaid_datastore"",""method"":""program count by state"",""metric_name"":""managed_care_programs_2024"",""metric_period"":""2024"",""metric_value"":""2"",""rht_flag"":false,""signal_dimension"":"""",""state"":""KS"",""topic_keys"":[""medicaid"",""managed_care"",""1115"",""waiver"",""mltss"",""quality""],""why_matters"":""State managed-care program counts, 1115 authorities, MLTSS, and quality requirements point to plan oversight and encounter-data demand.""}",https://data.medicaid.gov/api/1/datastore/query/ef16c490-861a-4b1f-9e6d-f321abdcaab1/0,"{""1115_authority_programs"":1,""aggregation"":""program count by state"",""hedis_required_programs"":1,""mltss_programs"":1,""source_row_count"":183,""source_rows_used"":183,""why_matters"":""State managed-care program counts, 1115 authorities, MLTSS, and quality requirements point to plan oversight and encounter-data demand.""}",2026-07-24T04:43:51Z
cmsmedicaid-74e34786bc6cc042,medicaid_data,medicaid_datastore,ef16c490-861a-4b1f-9e6d-f321abdcaab1,2024 Managed Care Programs By State,dataset_signal,KS,managed_care,medicaid; managed_care; 1115; waiver; mltss; quality,managed_long_term_services_supports_programs,1,2024,,2026-02-11,false,77,"{""dataset_id"":""ef16c490-861a-4b1f-9e6d-f321abdcaab1"",""endpoint_type"":""medicaid_datastore"",""method"":""program_type contains MLTSS"",""metric_name"":""managed_long_term_services_supports_programs"",""metric_period"":""2024"",""metric_value"":""1"",""rht_flag"":false,""signal_dimension"":"""",""state"":""KS"",""topic_keys"":[""medicaid"",""managed_care"",""1115"",""waiver"",""mltss"",""quality""],""why_matters"":""State managed-care program counts, 1115 authorities, MLTSS, and quality requirements point to plan oversight and encounter-data demand.""}",https://data.medicaid.gov/api/1/datastore/query/ef16c490-861a-4b1f-9e6d-f321abdcaab1/0,"{""aggregation"":""program_type contains MLTSS"",""source_rows_used"":183,""why_matters"":""State managed-care program counts, 1115 authorities, MLTSS, and quality requirements point to plan oversight and encounter-data demand.""}",2026-07-24T04:43:51Z
cmsmedicaid-272e967c072001eb,medicaid_data,medicaid_datastore,ef16c490-861a-4b1f-9e6d-f321abdcaab1,2024 Managed Care Programs By State,dataset_signal,KY,managed_care,medicaid; managed_care; 1115; waiver; mltss; quality,managed_care_programs_2024,2,2024,,2026-02-11,false,77,"{""dataset_id"":""ef16c490-861a-4b1f-9e6d-f321abdcaab1"",""endpoint_type"":""medicaid_datastore"",""method"":""program count by state"",""metric_name"":""managed_care_programs_2024"",""metric_period"":""2024"",""metric_value"":""2"",""rht_flag"":false,""signal_dimension"":"""",""state"":""KY"",""topic_keys"":[""medicaid"",""managed_care"",""1115"",""waiver"",""mltss"",""quality""],""why_matters"":""State managed-care program counts, 1115 authorities, MLTSS, and quality requirements point to plan oversight and encounter-data demand.""}",https://data.medicaid.gov/api/1/datastore/query/ef16c490-861a-4b1f-9e6d-f321abdcaab1/0,"{""1115_authority_programs"":0,""aggregation"":""program count by state"",""hedis_required_programs"":1,""mltss_programs"":0,""source_row_count"":183,""source_rows_used"":183,""why_matters"":""State managed-care program counts, 1115 authorities, MLTSS, and quality requirements point to plan oversight and encounter-data demand.""}",2026-07-24T04:43:51Z
cmsmedicaid-c6407c2d11d9215d,medicaid_data,medicaid_datastore,ef16c490-861a-4b1f-9e6d-f321abdcaab1,2024 Managed Care Programs By State,dataset_signal,LA,managed_care,medicaid; managed_care; 1115; waiver; mltss; quality,managed_care_programs_2024,5,2024,,2026-02-11,false,77,"{""dataset_id"":""ef16c490-861a-4b1f-9e6d-f321abdcaab1"",""endpoint_type"":""medicaid_datastore"",""method"":""program count by state"",""metric_name"":""managed_care_programs_2024"",""metric_period"":""2024"",""metric_value"":""5"",""rht_flag"":false,""signal_dimension"":"""",""state"":""LA"",""topic_keys"":[""medicaid"",""managed_care"",""1115"",""waiver"",""mltss"",""quality""],""why_matters"":""State managed-care program counts, 1115 authorities, MLTSS, and quality requirements point to plan oversight and encounter-data demand.""}",https://data.medicaid.gov/api/1/datastore/query/ef16c490-861a-4b1f-9e6d-f321abdcaab1/0,"{""1115_authority_programs"":0,""aggregation"":""program count by state"",""hedis_required_programs"":4,""mltss_programs"":0,""source_row_count"":183,""source_rows_used"":183,""why_matters"":""State managed-care program counts, 1115 authorities, MLTSS, and quality requirements point to plan oversight and encounter-data demand.""}",2026-07-24T04:43:51Z
cmsmedicaid-00e1f6d076404961,medicaid_data,medicaid_datastore,ef16c490-861a-4b1f-9e6d-f321abdcaab1,2024 Managed Care Programs By State,dataset_signal,MA,managed_care,medicaid; managed_care; 1115; waiver; mltss; quality,managed_care_1115_authority_programs,5,2024,,2026-02-11,false,77,"{""dataset_id"":""ef16c490-861a-4b1f-9e6d-f321abdcaab1"",""endpoint_type"":""medicaid_datastore"",""method"":""programs with federal_operating_authority containing 1115"",""metric_name"":""managed_care_1115_authority_programs"",""metric_period"":""2024"",""metric_value"":""5"",""rht_flag"":false,""signal_dimension"":"""",""state"":""MA"",""topic_keys"":[""medicaid"",""managed_care"",""1115"",""waiver"",""mltss"",""quality""],""why_matters"":""State managed-care program counts, 1115 authorities, MLTSS, and quality requirements point to plan oversight and encounter-data demand.""}",https://data.medicaid.gov/api/1/datastore/query/ef16c490-861a-4b1f-9e6d-f321abdcaab1/0,"{""aggregation"":""programs with federal_operating_authority containing 1115"",""source_rows_used"":183,""why_matters"":""State managed-care program counts, 1115 authorities, MLTSS, and quality requirements point to plan oversight and encounter-data demand.""}",2026-07-24T04:43:51Z
cmsmedicaid-63734e9b59722826,medicaid_data,medicaid_datastore,ef16c490-861a-4b1f-9e6d-f321abdcaab1,2024 Managed Care Programs By State,dataset_signal,MA,managed_care,medicaid; managed_care; 1115; waiver; mltss; quality,managed_care_programs_2024,7,2024,,2026-02-11,false,77,"{""dataset_id"":""ef16c490-861a-4b1f-9e6d-f321abdcaab1"",""endpoint_type"":""medicaid_datastore"",""method"":""program count by state"",""metric_name"":""managed_care_programs_2024"",""metric_period"":""2024"",""metric_value"":""7"",""rht_flag"":false,""signal_dimension"":"""",""state"":""MA"",""topic_keys"":[""medicaid"",""managed_care"",""1115"",""waiver"",""mltss"",""quality""],""why_matters"":""State managed-care program counts, 1115 authorities, MLTSS, and quality requirements point to plan oversight and encounter-data demand.""}",https://data.medicaid.gov/api/1/datastore/query/ef16c490-861a-4b1f-9e6d-f321abdcaab1/0,"{""1115_authority_programs"":5,""aggregation"":""program count by state"",""hedis_required_programs"":4,""mltss_programs"":1,""source_row_count"":183,""source_rows_used"":183,""why_matters"":""State managed-care program counts, 1115 authorities, MLTSS, and quality requirements point to plan oversight and encounter-data demand.""}",2026-07-24T04:43:51Z
cmsmedicaid-b952a79c6317e217,medicaid_data,medicaid_datastore,ef16c490-861a-4b1f-9e6d-f321abdcaab1,2024 Managed Care Programs By State,dataset_signal,MA,managed_care,medicaid; managed_care; 1115; waiver; mltss; quality,managed_long_term_services_supports_programs,1,2024,,2026-02-11,false,77,"{""dataset_id"":""ef16c490-861a-4b1f-9e6d-f321abdcaab1"",""endpoint_type"":""medicaid_datastore"",""method"":""program_type contains MLTSS"",""metric_name"":""managed_long_term_services_supports_programs"",""metric_period"":""2024"",""metric_value"":""1"",""rht_flag"":false,""signal_dimension"":"""",""state"":""MA"",""topic_keys"":[""medicaid"",""managed_care"",""1115"",""waiver"",""mltss"",""quality""],""why_matters"":""State managed-care program counts, 1115 authorities, MLTSS, and quality requirements point to plan oversight and encounter-data demand.""}",https://data.medicaid.gov/api/1/datastore/query/ef16c490-861a-4b1f-9e6d-f321abdcaab1/0,"{""aggregation"":""program_type contains MLTSS"",""source_rows_used"":183,""why_matters"":""State managed-care program counts, 1115 authorities, MLTSS, and quality requirements point to plan oversight and encounter-data demand.""}",2026-07-24T04:43:51Z
cmsmedicaid-7cca2c7ec87b854a,medicaid_data,medicaid_datastore,ef16c490-861a-4b1f-9e6d-f321abdcaab1,2024 Managed Care Programs By State,dataset_signal,MD,managed_care,medicaid; managed_care; 1115; waiver; mltss; quality,managed_care_1115_authority_programs,1,2024,,2026-02-11,false,77,"{""dataset_id"":""ef16c490-861a-4b1f-9e6d-f321abdcaab1"",""endpoint_type"":""medicaid_datastore"",""method"":""programs with federal_operating_authority containing 1115"",""metric_name"":""managed_care_1115_authority_programs"",""metric_period"":""2024"",""metric_value"":""1"",""rht_flag"":false,""signal_dimension"":"""",""state"":""MD"",""topic_keys"":[""medicaid"",""managed_care"",""1115"",""waiver"",""mltss"",""quality""],""why_matters"":""State managed-care program counts, 1115 authorities, MLTSS, and quality requirements point to plan oversight and encounter-data demand.""}",https://data.medicaid.gov/api/1/datastore/query/ef16c490-861a-4b1f-9e6d-f321abdcaab1/0,"{""aggregation"":""programs with federal_operating_authority containing 1115"",""source_rows_used"":183,""why_matters"":""State managed-care program counts, 1115 authorities, MLTSS, and quality requirements point to plan oversight and encounter-data demand.""}",2026-07-24T04:43:51Z
cmsmedicaid-fb5932161070efb0,medicaid_data,medicaid_datastore,ef16c490-861a-4b1f-9e6d-f321abdcaab1,2024 Managed Care Programs By State,dataset_signal,MD,managed_care,medicaid; managed_care; 1115; waiver; mltss; quality,managed_care_programs_2024,2,2024,,2026-02-11,false,77,"{""dataset_id"":""ef16c490-861a-4b1f-9e6d-f321abdcaab1"",""endpoint_type"":""medicaid_datastore"",""method"":""program count by state"",""metric_name"":""managed_care_programs_2024"",""metric_period"":""2024"",""metric_value"":""2"",""rht_flag"":false,""signal_dimension"":"""",""state"":""MD"",""topic_keys"":[""medicaid"",""managed_care"",""1115"",""waiver"",""mltss"",""quality""],""why_matters"":""State managed-care program counts, 1115 authorities, MLTSS, and quality requirements point to plan oversight and encounter-data demand.""}",https://data.medicaid.gov/api/1/datastore/query/ef16c490-861a-4b1f-9e6d-f321abdcaab1/0,"{""1115_authority_programs"":1,""aggregation"":""program count by state"",""hedis_required_programs"":1,""mltss_programs"":0,""source_row_count"":183,""source_rows_used"":183,""why_matters"":""State managed-care program counts, 1115 authorities, MLTSS, and quality requirements point to plan oversight and encounter-data demand.""}",2026-07-24T04:43:51Z
cmsmedicaid-ebeb80abd09a6cc8,medicaid_data,medicaid_datastore,ef16c490-861a-4b1f-9e6d-f321abdcaab1,2024 Managed Care Programs By State,dataset_signal,ME,managed_care,medicaid; managed_care; 1115; waiver; mltss; quality,managed_care_programs_2024,1,2024,,2026-02-11,false,77,"{""dataset_id"":""ef16c490-861a-4b1f-9e6d-f321abdcaab1"",""endpoint_type"":""medicaid_datastore"",""method"":""program count by state"",""metric_name"":""managed_care_programs_2024"",""metric_period"":""2024"",""metric_value"":""1"",""rht_flag"":false,""signal_dimension"":"""",""state"":""ME"",""topic_keys"":[""medicaid"",""managed_care"",""1115"",""waiver"",""mltss"",""quality""],""why_matters"":""State managed-care program counts, 1115 authorities, MLTSS, and quality requirements point to plan oversight and encounter-data demand.""}",https://data.medicaid.gov/api/1/datastore/query/ef16c490-861a-4b1f-9e6d-f321abdcaab1/0,"{""1115_authority_programs"":0,""aggregation"":""program count by state"",""hedis_required_programs"":0,""mltss_programs"":0,""source_row_count"":183,""source_rows_used"":183,""why_matters"":""State managed-care program counts, 1115 authorities, MLTSS, and quality requirements point to plan oversight and encounter-data demand.""}",2026-07-24T04:43:51Z
cmsmedicaid-12928be3ce7ab8ee,medicaid_data,medicaid_datastore,ef16c490-861a-4b1f-9e6d-f321abdcaab1,2024 Managed Care Programs By State,dataset_signal,MI,managed_care,medicaid; managed_care; 1115; waiver; mltss; quality,managed_care_1115_authority_programs,1,2024,,2026-02-11,false,77,"{""dataset_id"":""ef16c490-861a-4b1f-9e6d-f321abdcaab1"",""endpoint_type"":""medicaid_datastore"",""method"":""programs with federal_operating_authority containing 1115"",""metric_name"":""managed_care_1115_authority_programs"",""metric_period"":""2024"",""metric_value"":""1"",""rht_flag"":false,""signal_dimension"":"""",""state"":""MI"",""topic_keys"":[""medicaid"",""managed_care"",""1115"",""waiver"",""mltss"",""quality""],""why_matters"":""State managed-care program counts, 1115 authorities, MLTSS, and quality requirements point to plan oversight and encounter-data demand.""}",https://data.medicaid.gov/api/1/datastore/query/ef16c490-861a-4b1f-9e6d-f321abdcaab1/0,"{""aggregation"":""programs with federal_operating_authority containing 1115"",""source_rows_used"":183,""why_matters"":""State managed-care program counts, 1115 authorities, MLTSS, and quality requirements point to plan oversight and encounter-data demand.""}",2026-07-24T04:43:51Z
cmsmedicaid-cbeef61cd1211d7b,medicaid_data,medicaid_datastore,ef16c490-861a-4b1f-9e6d-f321abdcaab1,2024 Managed Care Programs By State,dataset_signal,MI,managed_care,medicaid; managed_care; 1115; waiver; mltss; quality,managed_care_programs_2024,6,2024,,2026-02-11,false,77,"{""dataset_id"":""ef16c490-861a-4b1f-9e6d-f321abdcaab1"",""endpoint_type"":""medicaid_datastore"",""method"":""program count by state"",""metric_name"":""managed_care_programs_2024"",""metric_period"":""2024"",""metric_value"":""6"",""rht_flag"":false,""signal_dimension"":"""",""state"":""MI"",""topic_keys"":[""medicaid"",""managed_care"",""1115"",""waiver"",""mltss"",""quality""],""why_matters"":""State managed-care program counts, 1115 authorities, MLTSS, and quality requirements point to plan oversight and encounter-data demand.""}",https://data.medicaid.gov/api/1/datastore/query/ef16c490-861a-4b1f-9e6d-f321abdcaab1/0,"{""1115_authority_programs"":1,""aggregation"":""program count by state"",""hedis_required_programs"":2,""mltss_programs"":1,""source_row_count"":183,""source_rows_used"":183,""why_matters"":""State managed-care program counts, 1115 authorities, MLTSS, and quality requirements point to plan oversight and encounter-data demand.""}",2026-07-24T04:43:51Z
cmsmedicaid-98ef23d5cbf9bb8c,medicaid_data,medicaid_datastore,ef16c490-861a-4b1f-9e6d-f321abdcaab1,2024 Managed Care Programs By State,dataset_signal,MI,managed_care,medicaid; managed_care; 1115; waiver; mltss; quality,managed_long_term_services_supports_programs,1,2024,,2026-02-11,false,77,"{""dataset_id"":""ef16c490-861a-4b1f-9e6d-f321abdcaab1"",""endpoint_type"":""medicaid_datastore"",""method"":""program_type contains MLTSS"",""metric_name"":""managed_long_term_services_supports_programs"",""metric_period"":""2024"",""metric_value"":""1"",""rht_flag"":false,""signal_dimension"":"""",""state"":""MI"",""topic_keys"":[""medicaid"",""managed_care"",""1115"",""waiver"",""mltss"",""quality""],""why_matters"":""State managed-care program counts, 1115 authorities, MLTSS, and quality requirements point to plan oversight and encounter-data demand.""}",https://data.medicaid.gov/api/1/datastore/query/ef16c490-861a-4b1f-9e6d-f321abdcaab1/0,"{""aggregation"":""program_type contains MLTSS"",""source_rows_used"":183,""why_matters"":""State managed-care program counts, 1115 authorities, MLTSS, and quality requirements point to plan oversight and encounter-data demand.""}",2026-07-24T04:43:51Z
cmsmedicaid-8cc87fe6e0067f97,medicaid_data,medicaid_datastore,ef16c490-861a-4b1f-9e6d-f321abdcaab1,2024 Managed Care Programs By State,dataset_signal,MN,managed_care,medicaid; managed_care; 1115; waiver; mltss; quality,managed_care_1115_authority_programs,1,2024,,2026-02-11,false,77,"{""dataset_id"":""ef16c490-861a-4b1f-9e6d-f321abdcaab1"",""endpoint_type"":""medicaid_datastore"",""method"":""programs with federal_operating_authority containing 1115"",""metric_name"":""managed_care_1115_authority_programs"",""metric_period"":""2024"",""metric_value"":""1"",""rht_flag"":false,""signal_dimension"":"""",""state"":""MN"",""topic_keys"":[""medicaid"",""managed_care"",""1115"",""waiver"",""mltss"",""quality""],""why_matters"":""State managed-care program counts, 1115 authorities, MLTSS, and quality requirements point to plan oversight and encounter-data demand.""}",https://data.medicaid.gov/api/1/datastore/query/ef16c490-861a-4b1f-9e6d-f321abdcaab1/0,"{""aggregation"":""programs with federal_operating_authority containing 1115"",""source_rows_used"":183,""why_matters"":""State managed-care program counts, 1115 authorities, MLTSS, and quality requirements point to plan oversight and encounter-data demand.""}",2026-07-24T04:43:51Z
cmsmedicaid-a9991a6931b342ae,medicaid_data,medicaid_datastore,ef16c490-861a-4b1f-9e6d-f321abdcaab1,2024 Managed Care Programs By State,dataset_signal,MN,managed_care,medicaid; managed_care; 1115; waiver; mltss; quality,managed_care_programs_2024,4,2024,,2026-02-11,false,77,"{""dataset_id"":""ef16c490-861a-4b1f-9e6d-f321abdcaab1"",""endpoint_type"":""medicaid_datastore"",""method"":""program count by state"",""metric_name"":""managed_care_programs_2024"",""metric_period"":""2024"",""metric_value"":""4"",""rht_flag"":false,""signal_dimension"":"""",""state"":""MN"",""topic_keys"":[""medicaid"",""managed_care"",""1115"",""waiver"",""mltss"",""quality""],""why_matters"":""State managed-care program counts, 1115 authorities, MLTSS, and quality requirements point to plan oversight and encounter-data demand.""}",https://data.medicaid.gov/api/1/datastore/query/ef16c490-861a-4b1f-9e6d-f321abdcaab1/0,"{""1115_authority_programs"":1,""aggregation"":""program count by state"",""hedis_required_programs"":0,""mltss_programs"":4,""source_row_count"":183,""source_rows_used"":183,""why_matters"":""State managed-care program counts, 1115 authorities, MLTSS, and quality requirements point to plan oversight and encounter-data demand.""}",2026-07-24T04:43:51Z
cmsmedicaid-65985fcae0db9a5e,medicaid_data,medicaid_datastore,ef16c490-861a-4b1f-9e6d-f321abdcaab1,2024 Managed Care Programs By State,dataset_signal,MN,managed_care,medicaid; managed_care; 1115; waiver; mltss; quality,managed_long_term_services_supports_programs,4,2024,,2026-02-11,false,77,"{""dataset_id"":""ef16c490-861a-4b1f-9e6d-f321abdcaab1"",""endpoint_type"":""medicaid_datastore"",""method"":""program_type contains MLTSS"",""metric_name"":""managed_long_term_services_supports_programs"",""metric_period"":""2024"",""metric_value"":""4"",""rht_flag"":false,""signal_dimension"":"""",""state"":""MN"",""topic_keys"":[""medicaid"",""managed_care"",""1115"",""waiver"",""mltss"",""quality""],""why_matters"":""State managed-care program counts, 1115 authorities, MLTSS, and quality requirements point to plan oversight and encounter-data demand.""}",https://data.medicaid.gov/api/1/datastore/query/ef16c490-861a-4b1f-9e6d-f321abdcaab1/0,"{""aggregation"":""program_type contains MLTSS"",""source_rows_used"":183,""why_matters"":""State managed-care program counts, 1115 authorities, MLTSS, and quality requirements point to plan oversight and encounter-data demand.""}",2026-07-24T04:43:51Z
cmsmedicaid-197e48198d92ba1e,medicaid_data,medicaid_datastore,ef16c490-861a-4b1f-9e6d-f321abdcaab1,2024 Managed Care Programs By State,dataset_signal,MO,managed_care,medicaid; managed_care; 1115; waiver; mltss; quality,managed_care_1115_authority_programs,1,2024,,2026-02-11,false,77,"{""dataset_id"":""ef16c490-861a-4b1f-9e6d-f321abdcaab1"",""endpoint_type"":""medicaid_datastore"",""method"":""programs with federal_operating_authority containing 1115"",""metric_name"":""managed_care_1115_authority_programs"",""metric_period"":""2024"",""metric_value"":""1"",""rht_flag"":false,""signal_dimension"":"""",""state"":""MO"",""topic_keys"":[""medicaid"",""managed_care"",""1115"",""waiver"",""mltss"",""quality""],""why_matters"":""State managed-care program counts, 1115 authorities, MLTSS, and quality requirements point to plan oversight and encounter-data demand.""}",https://data.medicaid.gov/api/1/datastore/query/ef16c490-861a-4b1f-9e6d-f321abdcaab1/0,"{""aggregation"":""programs with federal_operating_authority containing 1115"",""source_rows_used"":183,""why_matters"":""State managed-care program counts, 1115 authorities, MLTSS, and quality requirements point to plan oversight and encounter-data demand.""}",2026-07-24T04:43:51Z
cmsmedicaid-4f2e81cac515c634,medicaid_data,medicaid_datastore,ef16c490-861a-4b1f-9e6d-f321abdcaab1,2024 Managed Care Programs By State,dataset_signal,MO,managed_care,medicaid; managed_care; 1115; waiver; mltss; quality,managed_care_programs_2024,3,2024,,2026-02-11,false,77,"{""dataset_id"":""ef16c490-861a-4b1f-9e6d-f321abdcaab1"",""endpoint_type"":""medicaid_datastore"",""method"":""program count by state"",""metric_name"":""managed_care_programs_2024"",""metric_period"":""2024"",""metric_value"":""3"",""rht_flag"":false,""signal_dimension"":"""",""state"":""MO"",""topic_keys"":[""medicaid"",""managed_care"",""1115"",""waiver"",""mltss"",""quality""],""why_matters"":""State managed-care program counts, 1115 authorities, MLTSS, and quality requirements point to plan oversight and encounter-data demand.""}",https://data.medicaid.gov/api/1/datastore/query/ef16c490-861a-4b1f-9e6d-f321abdcaab1/0,"{""1115_authority_programs"":1,""aggregation"":""program count by state"",""hedis_required_programs"":1,""mltss_programs"":0,""source_row_count"":183,""source_rows_used"":183,""why_matters"":""State managed-care program counts, 1115 authorities, MLTSS, and quality requirements point to plan oversight and encounter-data demand.""}",2026-07-24T04:43:51Z
cmsmedicaid-337a68724f1dcf9e,medicaid_data,medicaid_datastore,ef16c490-861a-4b1f-9e6d-f321abdcaab1,2024 Managed Care Programs By State,dataset_signal,MS,managed_care,medicaid; managed_care; 1115; waiver; mltss; quality,managed_care_programs_2024,1,2024,,2026-02-11,false,77,"{""dataset_id"":""ef16c490-861a-4b1f-9e6d-f321abdcaab1"",""endpoint_type"":""medicaid_datastore"",""method"":""program count by state"",""metric_name"":""managed_care_programs_2024"",""metric_period"":""2024"",""metric_value"":""1"",""rht_flag"":false,""signal_dimension"":"""",""state"":""MS"",""topic_keys"":[""medicaid"",""managed_care"",""1115"",""waiver"",""mltss"",""quality""],""why_matters"":""State managed-care program counts, 1115 authorities, MLTSS, and quality requirements point to plan oversight and encounter-data demand.""}",https://data.medicaid.gov/api/1/datastore/query/ef16c490-861a-4b1f-9e6d-f321abdcaab1/0,"{""1115_authority_programs"":0,""aggregation"":""program count by state"",""hedis_required_programs"":1,""mltss_programs"":0,""source_row_count"":183,""source_rows_used"":183,""why_matters"":""State managed-care program counts, 1115 authorities, MLTSS, and quality requirements point to plan oversight and encounter-data demand.""}",2026-07-24T04:43:51Z
cmsmedicaid-0c3566a62b3f9784,medicaid_data,medicaid_datastore,ef16c490-861a-4b1f-9e6d-f321abdcaab1,2024 Managed Care Programs By State,dataset_signal,MT,managed_care,medicaid; managed_care; 1115; waiver; mltss; quality,managed_care_programs_2024,4,2024,,2026-02-11,false,77,"{""dataset_id"":""ef16c490-861a-4b1f-9e6d-f321abdcaab1"",""endpoint_type"":""medicaid_datastore"",""method"":""program count by state"",""metric_name"":""managed_care_programs_2024"",""metric_period"":""2024"",""metric_value"":""4"",""rht_flag"":false,""signal_dimension"":"""",""state"":""MT"",""topic_keys"":[""medicaid"",""managed_care"",""1115"",""waiver"",""mltss"",""quality""],""why_matters"":""State managed-care program counts, 1115 authorities, MLTSS, and quality requirements point to plan oversight and encounter-data demand.""}",https://data.medicaid.gov/api/1/datastore/query/ef16c490-861a-4b1f-9e6d-f321abdcaab1/0,"{""1115_authority_programs"":0,""aggregation"":""program count by state"",""hedis_required_programs"":2,""mltss_programs"":0,""source_row_count"":183,""source_rows_used"":183,""why_matters"":""State managed-care program counts, 1115 authorities, MLTSS, and quality requirements point to plan oversight and encounter-data demand.""}",2026-07-24T04:43:51Z
cmsmedicaid-16477e73f66e6de6,medicaid_data,medicaid_datastore,ef16c490-861a-4b1f-9e6d-f321abdcaab1,2024 Managed Care Programs By State,dataset_signal,NC,managed_care,medicaid; managed_care; 1115; waiver; mltss; quality,managed_care_1115_authority_programs,2,2024,,2026-02-11,false,77,"{""dataset_id"":""ef16c490-861a-4b1f-9e6d-f321abdcaab1"",""endpoint_type"":""medicaid_datastore"",""method"":""programs with federal_operating_authority containing 1115"",""metric_name"":""managed_care_1115_authority_programs"",""metric_period"":""2024"",""metric_value"":""2"",""rht_flag"":false,""signal_dimension"":"""",""state"":""NC"",""topic_keys"":[""medicaid"",""managed_care"",""1115"",""waiver"",""mltss"",""quality""],""why_matters"":""State managed-care program counts, 1115 authorities, MLTSS, and quality requirements point to plan oversight and encounter-data demand.""}",https://data.medicaid.gov/api/1/datastore/query/ef16c490-861a-4b1f-9e6d-f321abdcaab1/0,"{""aggregation"":""programs with federal_operating_authority containing 1115"",""source_rows_used"":183,""why_matters"":""State managed-care program counts, 1115 authorities, MLTSS, and quality requirements point to plan oversight and encounter-data demand.""}",2026-07-24T04:43:51Z
cmsmedicaid-d6ed9b196f47fcd2,medicaid_data,medicaid_datastore,ef16c490-861a-4b1f-9e6d-f321abdcaab1,2024 Managed Care Programs By State,dataset_signal,NC,managed_care,medicaid; managed_care; 1115; waiver; mltss; quality,managed_care_programs_2024,6,2024,,2026-02-11,false,77,"{""dataset_id"":""ef16c490-861a-4b1f-9e6d-f321abdcaab1"",""endpoint_type"":""medicaid_datastore"",""method"":""program count by state"",""metric_name"":""managed_care_programs_2024"",""metric_period"":""2024"",""metric_value"":""6"",""rht_flag"":false,""signal_dimension"":"""",""state"":""NC"",""topic_keys"":[""medicaid"",""managed_care"",""1115"",""waiver"",""mltss"",""quality""],""why_matters"":""State managed-care program counts, 1115 authorities, MLTSS, and quality requirements point to plan oversight and encounter-data demand.""}",https://data.medicaid.gov/api/1/datastore/query/ef16c490-861a-4b1f-9e6d-f321abdcaab1/0,"{""1115_authority_programs"":2,""aggregation"":""program count by state"",""hedis_required_programs"":5,""mltss_programs"":2,""source_row_count"":183,""source_rows_used"":183,""why_matters"":""State managed-care program counts, 1115 authorities, MLTSS, and quality requirements point to plan oversight and encounter-data demand.""}",2026-07-24T04:43:51Z
cmsmedicaid-95a745c34381de0a,medicaid_data,medicaid_datastore,ef16c490-861a-4b1f-9e6d-f321abdcaab1,2024 Managed Care Programs By State,dataset_signal,NC,managed_care,medicaid; managed_care; 1115; waiver; mltss; quality,managed_long_term_services_supports_programs,2,2024,,2026-02-11,false,77,"{""dataset_id"":""ef16c490-861a-4b1f-9e6d-f321abdcaab1"",""endpoint_type"":""medicaid_datastore"",""method"":""program_type contains MLTSS"",""metric_name"":""managed_long_term_services_supports_programs"",""metric_period"":""2024"",""metric_value"":""2"",""rht_flag"":false,""signal_dimension"":"""",""state"":""NC"",""topic_keys"":[""medicaid"",""managed_care"",""1115"",""waiver"",""mltss"",""quality""],""why_matters"":""State managed-care program counts, 1115 authorities, MLTSS, and quality requirements point to plan oversight and encounter-data demand.""}",https://data.medicaid.gov/api/1/datastore/query/ef16c490-861a-4b1f-9e6d-f321abdcaab1/0,"{""aggregation"":""program_type contains MLTSS"",""source_rows_used"":183,""why_matters"":""State managed-care program counts, 1115 authorities, MLTSS, and quality requirements point to plan oversight and encounter-data demand.""}",2026-07-24T04:43:51Z
cmsmedicaid-84cb4cf3a508de2e,medicaid_data,medicaid_datastore,ef16c490-861a-4b1f-9e6d-f321abdcaab1,2024 Managed Care Programs By State,dataset_signal,ND,managed_care,medicaid; managed_care; 1115; waiver; mltss; quality,managed_care_programs_2024,2,2024,,2026-02-11,false,77,"{""dataset_id"":""ef16c490-861a-4b1f-9e6d-f321abdcaab1"",""endpoint_type"":""medicaid_datastore"",""method"":""program count by state"",""metric_name"":""managed_care_programs_2024"",""metric_period"":""2024"",""metric_value"":""2"",""rht_flag"":false,""signal_dimension"":"""",""state"":""ND"",""topic_keys"":[""medicaid"",""managed_care"",""1115"",""waiver"",""mltss"",""quality""],""why_matters"":""State managed-care program counts, 1115 authorities, MLTSS, and quality requirements point to plan oversight and encounter-data demand.""}",https://data.medicaid.gov/api/1/datastore/query/ef16c490-861a-4b1f-9e6d-f321abdcaab1/0,"{""1115_authority_programs"":0,""aggregation"":""program count by state"",""hedis_required_programs"":1,""mltss_programs"":0,""source_row_count"":183,""source_rows_used"":183,""why_matters"":""State managed-care program counts, 1115 authorities, MLTSS, and quality requirements point to plan oversight and encounter-data demand.""}",2026-07-24T04:43:51Z
cmsmedicaid-e086441b57be7a33,medicaid_data,medicaid_datastore,ef16c490-861a-4b1f-9e6d-f321abdcaab1,2024 Managed Care Programs By State,dataset_signal,NE,managed_care,medicaid; managed_care; 1115; waiver; mltss; quality,managed_care_programs_2024,2,2024,,2026-02-11,false,77,"{""dataset_id"":""ef16c490-861a-4b1f-9e6d-f321abdcaab1"",""endpoint_type"":""medicaid_datastore"",""method"":""program count by state"",""metric_name"":""managed_care_programs_2024"",""metric_period"":""2024"",""metric_value"":""2"",""rht_flag"":false,""signal_dimension"":"""",""state"":""NE"",""topic_keys"":[""medicaid"",""managed_care"",""1115"",""waiver"",""mltss"",""quality""],""why_matters"":""State managed-care program counts, 1115 authorities, MLTSS, and quality requirements point to plan oversight and encounter-data demand.""}",https://data.medicaid.gov/api/1/datastore/query/ef16c490-861a-4b1f-9e6d-f321abdcaab1/0,"{""1115_authority_programs"":0,""aggregation"":""program count by state"",""hedis_required_programs"":1,""mltss_programs"":0,""source_row_count"":183,""source_rows_used"":183,""why_matters"":""State managed-care program counts, 1115 authorities, MLTSS, and quality requirements point to plan oversight and encounter-data demand.""}",2026-07-24T04:43:51Z
cmsmedicaid-6ac8fca5b73db7dc,medicaid_data,medicaid_datastore,ef16c490-861a-4b1f-9e6d-f321abdcaab1,2024 Managed Care Programs By State,dataset_signal,NH,managed_care,medicaid; managed_care; 1115; waiver; mltss; quality,managed_care_1115_authority_programs,2,2024,,2026-02-11,false,77,"{""dataset_id"":""ef16c490-861a-4b1f-9e6d-f321abdcaab1"",""endpoint_type"":""medicaid_datastore"",""method"":""programs with federal_operating_authority containing 1115"",""metric_name"":""managed_care_1115_authority_programs"",""metric_period"":""2024"",""metric_value"":""2"",""rht_flag"":false,""signal_dimension"":"""",""state"":""NH"",""topic_keys"":[""medicaid"",""managed_care"",""1115"",""waiver"",""mltss"",""quality""],""why_matters"":""State managed-care program counts, 1115 authorities, MLTSS, and quality requirements point to plan oversight and encounter-data demand.""}",https://data.medicaid.gov/api/1/datastore/query/ef16c490-861a-4b1f-9e6d-f321abdcaab1/0,"{""aggregation"":""programs with federal_operating_authority containing 1115"",""source_rows_used"":183,""why_matters"":""State managed-care program counts, 1115 authorities, MLTSS, and quality requirements point to plan oversight and encounter-data demand.""}",2026-07-24T04:43:51Z
cmsmedicaid-2a1391c8a13cfe0e,medicaid_data,medicaid_datastore,ef16c490-861a-4b1f-9e6d-f321abdcaab1,2024 Managed Care Programs By State,dataset_signal,NH,managed_care,medicaid; managed_care; 1115; waiver; mltss; quality,managed_care_programs_2024,2,2024,,2026-02-11,false,77,"{""dataset_id"":""ef16c490-861a-4b1f-9e6d-f321abdcaab1"",""endpoint_type"":""medicaid_datastore"",""method"":""program count by state"",""metric_name"":""managed_care_programs_2024"",""metric_period"":""2024"",""metric_value"":""2"",""rht_flag"":false,""signal_dimension"":"""",""state"":""NH"",""topic_keys"":[""medicaid"",""managed_care"",""1115"",""waiver"",""mltss"",""quality""],""why_matters"":""State managed-care program counts, 1115 authorities, MLTSS, and quality requirements point to plan oversight and encounter-data demand.""}",https://data.medicaid.gov/api/1/datastore/query/ef16c490-861a-4b1f-9e6d-f321abdcaab1/0,"{""1115_authority_programs"":2,""aggregation"":""program count by state"",""hedis_required_programs"":1,""mltss_programs"":0,""source_row_count"":183,""source_rows_used"":183,""why_matters"":""State managed-care program counts, 1115 authorities, MLTSS, and quality requirements point to plan oversight and encounter-data demand.""}",2026-07-24T04:43:51Z
cmsmedicaid-13ecb4b7d0956280,medicaid_data,medicaid_datastore,ef16c490-861a-4b1f-9e6d-f321abdcaab1,2024 Managed Care Programs By State,dataset_signal,NJ,managed_care,medicaid; managed_care; 1115; waiver; mltss; quality,managed_care_1115_authority_programs,2,2024,,2026-02-11,false,77,"{""dataset_id"":""ef16c490-861a-4b1f-9e6d-f321abdcaab1"",""endpoint_type"":""medicaid_datastore"",""method"":""programs with federal_operating_authority containing 1115"",""metric_name"":""managed_care_1115_authority_programs"",""metric_period"":""2024"",""metric_value"":""2"",""rht_flag"":false,""signal_dimension"":"""",""state"":""NJ"",""topic_keys"":[""medicaid"",""managed_care"",""1115"",""waiver"",""mltss"",""quality""],""why_matters"":""State managed-care program counts, 1115 authorities, MLTSS, and quality requirements point to plan oversight and encounter-data demand.""}",https://data.medicaid.gov/api/1/datastore/query/ef16c490-861a-4b1f-9e6d-f321abdcaab1/0,"{""aggregation"":""programs with federal_operating_authority containing 1115"",""source_rows_used"":183,""why_matters"":""State managed-care program counts, 1115 authorities, MLTSS, and quality requirements point to plan oversight and encounter-data demand.""}",2026-07-24T04:43:51Z
cmsmedicaid-5cb11226eb0821da,medicaid_data,medicaid_datastore,ef16c490-861a-4b1f-9e6d-f321abdcaab1,2024 Managed Care Programs By State,dataset_signal,NJ,managed_care,medicaid; managed_care; 1115; waiver; mltss; quality,managed_care_programs_2024,4,2024,,2026-02-11,false,77,"{""dataset_id"":""ef16c490-861a-4b1f-9e6d-f321abdcaab1"",""endpoint_type"":""medicaid_datastore"",""method"":""program count by state"",""metric_name"":""managed_care_programs_2024"",""metric_period"":""2024"",""metric_value"":""4"",""rht_flag"":false,""signal_dimension"":"""",""state"":""NJ"",""topic_keys"":[""medicaid"",""managed_care"",""1115"",""waiver"",""mltss"",""quality""],""why_matters"":""State managed-care program counts, 1115 authorities, MLTSS, and quality requirements point to plan oversight and encounter-data demand.""}",https://data.medicaid.gov/api/1/datastore/query/ef16c490-861a-4b1f-9e6d-f321abdcaab1/0,"{""1115_authority_programs"":2,""aggregation"":""program count by state"",""hedis_required_programs"":2,""mltss_programs"":2,""source_row_count"":183,""source_rows_used"":183,""why_matters"":""State managed-care program counts, 1115 authorities, MLTSS, and quality requirements point to plan oversight and encounter-data demand.""}",2026-07-24T04:43:51Z
cmsmedicaid-d392c36ed4dd7d5d,medicaid_data,medicaid_datastore,ef16c490-861a-4b1f-9e6d-f321abdcaab1,2024 Managed Care Programs By State,dataset_signal,NJ,managed_care,medicaid; managed_care; 1115; waiver; mltss; quality,managed_long_term_services_supports_programs,2,2024,,2026-02-11,false,77,"{""dataset_id"":""ef16c490-861a-4b1f-9e6d-f321abdcaab1"",""endpoint_type"":""medicaid_datastore"",""method"":""program_type contains MLTSS"",""metric_name"":""managed_long_term_services_supports_programs"",""metric_period"":""2024"",""metric_value"":""2"",""rht_flag"":false,""signal_dimension"":"""",""state"":""NJ"",""topic_keys"":[""medicaid"",""managed_care"",""1115"",""waiver"",""mltss"",""quality""],""why_matters"":""State managed-care program counts, 1115 authorities, MLTSS, and quality requirements point to plan oversight and encounter-data demand.""}",https://data.medicaid.gov/api/1/datastore/query/ef16c490-861a-4b1f-9e6d-f321abdcaab1/0,"{""aggregation"":""program_type contains MLTSS"",""source_rows_used"":183,""why_matters"":""State managed-care program counts, 1115 authorities, MLTSS, and quality requirements point to plan oversight and encounter-data demand.""}",2026-07-24T04:43:51Z
cmsmedicaid-8fe87f4e01c071d0,medicaid_data,medicaid_datastore,ef16c490-861a-4b1f-9e6d-f321abdcaab1,2024 Managed Care Programs By State,dataset_signal,NM,managed_care,medicaid; managed_care; 1115; waiver; mltss; quality,managed_care_1115_authority_programs,1,2024,,2026-02-11,false,77,"{""dataset_id"":""ef16c490-861a-4b1f-9e6d-f321abdcaab1"",""endpoint_type"":""medicaid_datastore"",""method"":""programs with federal_operating_authority containing 1115"",""metric_name"":""managed_care_1115_authority_programs"",""metric_period"":""2024"",""metric_value"":""1"",""rht_flag"":false,""signal_dimension"":"""",""state"":""NM"",""topic_keys"":[""medicaid"",""managed_care"",""1115"",""waiver"",""mltss"",""quality""],""why_matters"":""State managed-care program counts, 1115 authorities, MLTSS, and quality requirements point to plan oversight and encounter-data demand.""}",https://data.medicaid.gov/api/1/datastore/query/ef16c490-861a-4b1f-9e6d-f321abdcaab1/0,"{""aggregation"":""programs with federal_operating_authority containing 1115"",""source_rows_used"":183,""why_matters"":""State managed-care program counts, 1115 authorities, MLTSS, and quality requirements point to plan oversight and encounter-data demand.""}",2026-07-24T04:43:51Z
cmsmedicaid-bcc0239cedd74e97,medicaid_data,medicaid_datastore,ef16c490-861a-4b1f-9e6d-f321abdcaab1,2024 Managed Care Programs By State,dataset_signal,NM,managed_care,medicaid; managed_care; 1115; waiver; mltss; quality,managed_care_programs_2024,2,2024,,2026-02-11,false,77,"{""dataset_id"":""ef16c490-861a-4b1f-9e6d-f321abdcaab1"",""endpoint_type"":""medicaid_datastore"",""method"":""program count by state"",""metric_name"":""managed_care_programs_2024"",""metric_period"":""2024"",""metric_value"":""2"",""rht_flag"":false,""signal_dimension"":"""",""state"":""NM"",""topic_keys"":[""medicaid"",""managed_care"",""1115"",""waiver"",""mltss"",""quality""],""why_matters"":""State managed-care program counts, 1115 authorities, MLTSS, and quality requirements point to plan oversight and encounter-data demand.""}",https://data.medicaid.gov/api/1/datastore/query/ef16c490-861a-4b1f-9e6d-f321abdcaab1/0,"{""1115_authority_programs"":1,""aggregation"":""program count by state"",""hedis_required_programs"":1,""mltss_programs"":1,""source_row_count"":183,""source_rows_used"":183,""why_matters"":""State managed-care program counts, 1115 authorities, MLTSS, and quality requirements point to plan oversight and encounter-data demand.""}",2026-07-24T04:43:51Z
cmsmedicaid-849a0f02f4cfca56,medicaid_data,medicaid_datastore,ef16c490-861a-4b1f-9e6d-f321abdcaab1,2024 Managed Care Programs By State,dataset_signal,NM,managed_care,medicaid; managed_care; 1115; waiver; mltss; quality,managed_long_term_services_supports_programs,1,2024,,2026-02-11,false,77,"{""dataset_id"":""ef16c490-861a-4b1f-9e6d-f321abdcaab1"",""endpoint_type"":""medicaid_datastore"",""method"":""program_type contains MLTSS"",""metric_name"":""managed_long_term_services_supports_programs"",""metric_period"":""2024"",""metric_value"":""1"",""rht_flag"":false,""signal_dimension"":"""",""state"":""NM"",""topic_keys"":[""medicaid"",""managed_care"",""1115"",""waiver"",""mltss"",""quality""],""why_matters"":""State managed-care program counts, 1115 authorities, MLTSS, and quality requirements point to plan oversight and encounter-data demand.""}",https://data.medicaid.gov/api/1/datastore/query/ef16c490-861a-4b1f-9e6d-f321abdcaab1/0,"{""aggregation"":""program_type contains MLTSS"",""source_rows_used"":183,""why_matters"":""State managed-care program counts, 1115 authorities, MLTSS, and quality requirements point to plan oversight and encounter-data demand.""}",2026-07-24T04:43:51Z
cmsmedicaid-2f5d2cffa95964cc,medicaid_data,medicaid_datastore,ef16c490-861a-4b1f-9e6d-f321abdcaab1,2024 Managed Care Programs By State,dataset_signal,NV,managed_care,medicaid; managed_care; 1115; waiver; mltss; quality,managed_care_programs_2024,3,2024,,2026-02-11,false,77,"{""dataset_id"":""ef16c490-861a-4b1f-9e6d-f321abdcaab1"",""endpoint_type"":""medicaid_datastore"",""method"":""program count by state"",""metric_name"":""managed_care_programs_2024"",""metric_period"":""2024"",""metric_value"":""3"",""rht_flag"":false,""signal_dimension"":"""",""state"":""NV"",""topic_keys"":[""medicaid"",""managed_care"",""1115"",""waiver"",""mltss"",""quality""],""why_matters"":""State managed-care program counts, 1115 authorities, MLTSS, and quality requirements point to plan oversight and encounter-data demand.""}",https://data.medicaid.gov/api/1/datastore/query/ef16c490-861a-4b1f-9e6d-f321abdcaab1/0,"{""1115_authority_programs"":0,""aggregation"":""program count by state"",""hedis_required_programs"":2,""mltss_programs"":0,""source_row_count"":183,""source_rows_used"":183,""why_matters"":""State managed-care program counts, 1115 authorities, MLTSS, and quality requirements point to plan oversight and encounter-data demand.""}",2026-07-24T04:43:51Z
cmsmedicaid-527f7f75b71cbea6,medicaid_data,medicaid_datastore,ef16c490-861a-4b1f-9e6d-f321abdcaab1,2024 Managed Care Programs By State,dataset_signal,NY,managed_care,medicaid; managed_care; 1115; waiver; mltss; quality,managed_care_1115_authority_programs,6,2024,,2026-02-11,false,77,"{""dataset_id"":""ef16c490-861a-4b1f-9e6d-f321abdcaab1"",""endpoint_type"":""medicaid_datastore"",""method"":""programs with federal_operating_authority containing 1115"",""metric_name"":""managed_care_1115_authority_programs"",""metric_period"":""2024"",""metric_value"":""6"",""rht_flag"":false,""signal_dimension"":"""",""state"":""NY"",""topic_keys"":[""medicaid"",""managed_care"",""1115"",""waiver"",""mltss"",""quality""],""why_matters"":""State managed-care program counts, 1115 authorities, MLTSS, and quality requirements point to plan oversight and encounter-data demand.""}",https://data.medicaid.gov/api/1/datastore/query/ef16c490-861a-4b1f-9e6d-f321abdcaab1/0,"{""aggregation"":""programs with federal_operating_authority containing 1115"",""source_rows_used"":183,""why_matters"":""State managed-care program counts, 1115 authorities, MLTSS, and quality requirements point to plan oversight and encounter-data demand.""}",2026-07-24T04:43:51Z
cmsmedicaid-71665f31126f19fe,medicaid_data,medicaid_datastore,ef16c490-861a-4b1f-9e6d-f321abdcaab1,2024 Managed Care Programs By State,dataset_signal,NY,managed_care,medicaid; managed_care; 1115; waiver; mltss; quality,managed_care_programs_2024,6,2024,,2026-02-11,false,77,"{""dataset_id"":""ef16c490-861a-4b1f-9e6d-f321abdcaab1"",""endpoint_type"":""medicaid_datastore"",""method"":""program count by state"",""metric_name"":""managed_care_programs_2024"",""metric_period"":""2024"",""metric_value"":""6"",""rht_flag"":false,""signal_dimension"":"""",""state"":""NY"",""topic_keys"":[""medicaid"",""managed_care"",""1115"",""waiver"",""mltss"",""quality""],""why_matters"":""State managed-care program counts, 1115 authorities, MLTSS, and quality requirements point to plan oversight and encounter-data demand.""}",https://data.medicaid.gov/api/1/datastore/query/ef16c490-861a-4b1f-9e6d-f321abdcaab1/0,"{""1115_authority_programs"":6,""aggregation"":""program count by state"",""hedis_required_programs"":6,""mltss_programs"":3,""source_row_count"":183,""source_rows_used"":183,""why_matters"":""State managed-care program counts, 1115 authorities, MLTSS, and quality requirements point to plan oversight and encounter-data demand.""}",2026-07-24T04:43:51Z
cmsmedicaid-112deb50dcd5caee,medicaid_data,medicaid_datastore,ef16c490-861a-4b1f-9e6d-f321abdcaab1,2024 Managed Care Programs By State,dataset_signal,NY,managed_care,medicaid; managed_care; 1115; waiver; mltss; quality,managed_long_term_services_supports_programs,3,2024,,2026-02-11,false,77,"{""dataset_id"":""ef16c490-861a-4b1f-9e6d-f321abdcaab1"",""endpoint_type"":""medicaid_datastore"",""method"":""program_type contains MLTSS"",""metric_name"":""managed_long_term_services_supports_programs"",""metric_period"":""2024"",""metric_value"":""3"",""rht_flag"":false,""signal_dimension"":"""",""state"":""NY"",""topic_keys"":[""medicaid"",""managed_care"",""1115"",""waiver"",""mltss"",""quality""],""why_matters"":""State managed-care program counts, 1115 authorities, MLTSS, and quality requirements point to plan oversight and encounter-data demand.""}",https://data.medicaid.gov/api/1/datastore/query/ef16c490-861a-4b1f-9e6d-f321abdcaab1/0,"{""aggregation"":""program_type contains MLTSS"",""source_rows_used"":183,""why_matters"":""State managed-care program counts, 1115 authorities, MLTSS, and quality requirements point to plan oversight and encounter-data demand.""}",2026-07-24T04:43:51Z
cmsmedicaid-3c4634fed834ba9b,medicaid_data,medicaid_datastore,ef16c490-861a-4b1f-9e6d-f321abdcaab1,2024 Managed Care Programs By State,dataset_signal,OH,managed_care,medicaid; managed_care; 1115; waiver; mltss; quality,managed_care_programs_2024,3,2024,,2026-02-11,false,77,"{""dataset_id"":""ef16c490-861a-4b1f-9e6d-f321abdcaab1"",""endpoint_type"":""medicaid_datastore"",""method"":""program count by state"",""metric_name"":""managed_care_programs_2024"",""metric_period"":""2024"",""metric_value"":""3"",""rht_flag"":false,""signal_dimension"":"""",""state"":""OH"",""topic_keys"":[""medicaid"",""managed_care"",""1115"",""waiver"",""mltss"",""quality""],""why_matters"":""State managed-care program counts, 1115 authorities, MLTSS, and quality requirements point to plan oversight and encounter-data demand.""}",https://data.medicaid.gov/api/1/datastore/query/ef16c490-861a-4b1f-9e6d-f321abdcaab1/0,"{""1115_authority_programs"":0,""aggregation"":""program count by state"",""hedis_required_programs"":2,""mltss_programs"":1,""source_row_count"":183,""source_rows_used"":183,""why_matters"":""State managed-care program counts, 1115 authorities, MLTSS, and quality requirements point to plan oversight and encounter-data demand.""}",2026-07-24T04:43:51Z
cmsmedicaid-78b14d4057b87ca4,medicaid_data,medicaid_datastore,ef16c490-861a-4b1f-9e6d-f321abdcaab1,2024 Managed Care Programs By State,dataset_signal,OH,managed_care,medicaid; managed_care; 1115; waiver; mltss; quality,managed_long_term_services_supports_programs,1,2024,,2026-02-11,false,77,"{""dataset_id"":""ef16c490-861a-4b1f-9e6d-f321abdcaab1"",""endpoint_type"":""medicaid_datastore"",""method"":""program_type contains MLTSS"",""metric_name"":""managed_long_term_services_supports_programs"",""metric_period"":""2024"",""metric_value"":""1"",""rht_flag"":false,""signal_dimension"":"""",""state"":""OH"",""topic_keys"":[""medicaid"",""managed_care"",""1115"",""waiver"",""mltss"",""quality""],""why_matters"":""State managed-care program counts, 1115 authorities, MLTSS, and quality requirements point to plan oversight and encounter-data demand.""}",https://data.medicaid.gov/api/1/datastore/query/ef16c490-861a-4b1f-9e6d-f321abdcaab1/0,"{""aggregation"":""program_type contains MLTSS"",""source_rows_used"":183,""why_matters"":""State managed-care program counts, 1115 authorities, MLTSS, and quality requirements point to plan oversight and encounter-data demand.""}",2026-07-24T04:43:51Z
cmsmedicaid-30bfe20c654f6eda,medicaid_data,medicaid_datastore,ef16c490-861a-4b1f-9e6d-f321abdcaab1,2024 Managed Care Programs By State,dataset_signal,OK,managed_care,medicaid; managed_care; 1115; waiver; mltss; quality,managed_care_1115_authority_programs,1,2024,,2026-02-11,false,77,"{""dataset_id"":""ef16c490-861a-4b1f-9e6d-f321abdcaab1"",""endpoint_type"":""medicaid_datastore"",""method"":""programs with federal_operating_authority containing 1115"",""metric_name"":""managed_care_1115_authority_programs"",""metric_period"":""2024"",""metric_value"":""1"",""rht_flag"":false,""signal_dimension"":"""",""state"":""OK"",""topic_keys"":[""medicaid"",""managed_care"",""1115"",""waiver"",""mltss"",""quality""],""why_matters"":""State managed-care program counts, 1115 authorities, MLTSS, and quality requirements point to plan oversight and encounter-data demand.""}",https://data.medicaid.gov/api/1/datastore/query/ef16c490-861a-4b1f-9e6d-f321abdcaab1/0,"{""aggregation"":""programs with federal_operating_authority containing 1115"",""source_rows_used"":183,""why_matters"":""State managed-care program counts, 1115 authorities, MLTSS, and quality requirements point to plan oversight and encounter-data demand.""}",2026-07-24T04:43:51Z
cmsmedicaid-2b8b223d4c096c71,medicaid_data,medicaid_datastore,ef16c490-861a-4b1f-9e6d-f321abdcaab1,2024 Managed Care Programs By State,dataset_signal,OK,managed_care,medicaid; managed_care; 1115; waiver; mltss; quality,managed_care_programs_2024,5,2024,,2026-02-11,false,77,"{""dataset_id"":""ef16c490-861a-4b1f-9e6d-f321abdcaab1"",""endpoint_type"":""medicaid_datastore"",""method"":""program count by state"",""metric_name"":""managed_care_programs_2024"",""metric_period"":""2024"",""metric_value"":""5"",""rht_flag"":false,""signal_dimension"":"""",""state"":""OK"",""topic_keys"":[""medicaid"",""managed_care"",""1115"",""waiver"",""mltss"",""quality""],""why_matters"":""State managed-care program counts, 1115 authorities, MLTSS, and quality requirements point to plan oversight and encounter-data demand.""}",https://data.medicaid.gov/api/1/datastore/query/ef16c490-861a-4b1f-9e6d-f321abdcaab1/0,"{""1115_authority_programs"":1,""aggregation"":""program count by state"",""hedis_required_programs"":2,""mltss_programs"":0,""source_row_count"":183,""source_rows_used"":183,""why_matters"":""State managed-care program counts, 1115 authorities, MLTSS, and quality requirements point to plan oversight and encounter-data demand.""}",2026-07-24T04:43:51Z
cmsmedicaid-0f9057b9a01dc619,medicaid_data,medicaid_datastore,ef16c490-861a-4b1f-9e6d-f321abdcaab1,2024 Managed Care Programs By State,dataset_signal,OR,managed_care,medicaid; managed_care; 1115; waiver; mltss; quality,managed_care_1115_authority_programs,1,2024,,2026-02-11,false,77,"{""dataset_id"":""ef16c490-861a-4b1f-9e6d-f321abdcaab1"",""endpoint_type"":""medicaid_datastore"",""method"":""programs with federal_operating_authority containing 1115"",""metric_name"":""managed_care_1115_authority_programs"",""metric_period"":""2024"",""metric_value"":""1"",""rht_flag"":false,""signal_dimension"":"""",""state"":""OR"",""topic_keys"":[""medicaid"",""managed_care"",""1115"",""waiver"",""mltss"",""quality""],""why_matters"":""State managed-care program counts, 1115 authorities, MLTSS, and quality requirements point to plan oversight and encounter-data demand.""}",https://data.medicaid.gov/api/1/datastore/query/ef16c490-861a-4b1f-9e6d-f321abdcaab1/0,"{""aggregation"":""programs with federal_operating_authority containing 1115"",""source_rows_used"":183,""why_matters"":""State managed-care program counts, 1115 authorities, MLTSS, and quality requirements point to plan oversight and encounter-data demand.""}",2026-07-24T04:43:51Z
cmsmedicaid-cb884258b7428214,medicaid_data,medicaid_datastore,ef16c490-861a-4b1f-9e6d-f321abdcaab1,2024 Managed Care Programs By State,dataset_signal,OR,managed_care,medicaid; managed_care; 1115; waiver; mltss; quality,managed_care_programs_2024,2,2024,,2026-02-11,false,77,"{""dataset_id"":""ef16c490-861a-4b1f-9e6d-f321abdcaab1"",""endpoint_type"":""medicaid_datastore"",""method"":""program count by state"",""metric_name"":""managed_care_programs_2024"",""metric_period"":""2024"",""metric_value"":""2"",""rht_flag"":false,""signal_dimension"":"""",""state"":""OR"",""topic_keys"":[""medicaid"",""managed_care"",""1115"",""waiver"",""mltss"",""quality""],""why_matters"":""State managed-care program counts, 1115 authorities, MLTSS, and quality requirements point to plan oversight and encounter-data demand.""}",https://data.medicaid.gov/api/1/datastore/query/ef16c490-861a-4b1f-9e6d-f321abdcaab1/0,"{""1115_authority_programs"":1,""aggregation"":""program count by state"",""hedis_required_programs"":0,""mltss_programs"":1,""source_row_count"":183,""source_rows_used"":183,""why_matters"":""State managed-care program counts, 1115 authorities, MLTSS, and quality requirements point to plan oversight and encounter-data demand.""}",2026-07-24T04:43:51Z
cmsmedicaid-400cdea4b62781d4,medicaid_data,medicaid_datastore,ef16c490-861a-4b1f-9e6d-f321abdcaab1,2024 Managed Care Programs By State,dataset_signal,OR,managed_care,medicaid; managed_care; 1115; waiver; mltss; quality,managed_long_term_services_supports_programs,1,2024,,2026-02-11,false,77,"{""dataset_id"":""ef16c490-861a-4b1f-9e6d-f321abdcaab1"",""endpoint_type"":""medicaid_datastore"",""method"":""program_type contains MLTSS"",""metric_name"":""managed_long_term_services_supports_programs"",""metric_period"":""2024"",""metric_value"":""1"",""rht_flag"":false,""signal_dimension"":"""",""state"":""OR"",""topic_keys"":[""medicaid"",""managed_care"",""1115"",""waiver"",""mltss"",""quality""],""why_matters"":""State managed-care program counts, 1115 authorities, MLTSS, and quality requirements point to plan oversight and encounter-data demand.""}",https://data.medicaid.gov/api/1/datastore/query/ef16c490-861a-4b1f-9e6d-f321abdcaab1/0,"{""aggregation"":""program_type contains MLTSS"",""source_rows_used"":183,""why_matters"":""State managed-care program counts, 1115 authorities, MLTSS, and quality requirements point to plan oversight and encounter-data demand.""}",2026-07-24T04:43:51Z
cmsmedicaid-65642b0b49a49fe2,medicaid_data,medicaid_datastore,ef16c490-861a-4b1f-9e6d-f321abdcaab1,2024 Managed Care Programs By State,dataset_signal,PA,managed_care,medicaid; managed_care; 1115; waiver; mltss; quality,managed_care_1115_authority_programs,1,2024,,2026-02-11,false,77,"{""dataset_id"":""ef16c490-861a-4b1f-9e6d-f321abdcaab1"",""endpoint_type"":""medicaid_datastore"",""method"":""programs with federal_operating_authority containing 1115"",""metric_name"":""managed_care_1115_authority_programs"",""metric_period"":""2024"",""metric_value"":""1"",""rht_flag"":false,""signal_dimension"":"""",""state"":""PA"",""topic_keys"":[""medicaid"",""managed_care"",""1115"",""waiver"",""mltss"",""quality""],""why_matters"":""State managed-care program counts, 1115 authorities, MLTSS, and quality requirements point to plan oversight and encounter-data demand.""}",https://data.medicaid.gov/api/1/datastore/query/ef16c490-861a-4b1f-9e6d-f321abdcaab1/0,"{""aggregation"":""programs with federal_operating_authority containing 1115"",""source_rows_used"":183,""why_matters"":""State managed-care program counts, 1115 authorities, MLTSS, and quality requirements point to plan oversight and encounter-data demand.""}",2026-07-24T04:43:51Z
cmsmedicaid-4a4ec078d9d30718,medicaid_data,medicaid_datastore,ef16c490-861a-4b1f-9e6d-f321abdcaab1,2024 Managed Care Programs By State,dataset_signal,PA,managed_care,medicaid; managed_care; 1115; waiver; mltss; quality,managed_care_programs_2024,6,2024,,2026-02-11,false,77,"{""dataset_id"":""ef16c490-861a-4b1f-9e6d-f321abdcaab1"",""endpoint_type"":""medicaid_datastore"",""method"":""program count by state"",""metric_name"":""managed_care_programs_2024"",""metric_period"":""2024"",""metric_value"":""6"",""rht_flag"":false,""signal_dimension"":"""",""state"":""PA"",""topic_keys"":[""medicaid"",""managed_care"",""1115"",""waiver"",""mltss"",""quality""],""why_matters"":""State managed-care program counts, 1115 authorities, MLTSS, and quality requirements point to plan oversight and encounter-data demand.""}",https://data.medicaid.gov/api/1/datastore/query/ef16c490-861a-4b1f-9e6d-f321abdcaab1/0,"{""1115_authority_programs"":1,""aggregation"":""program count by state"",""hedis_required_programs"":3,""mltss_programs"":1,""source_row_count"":183,""source_rows_used"":183,""why_matters"":""State managed-care program counts, 1115 authorities, MLTSS, and quality requirements point to plan oversight and encounter-data demand.""}",2026-07-24T04:43:51Z
cmsmedicaid-9acf47a811136abc,medicaid_data,medicaid_datastore,ef16c490-861a-4b1f-9e6d-f321abdcaab1,2024 Managed Care Programs By State,dataset_signal,PA,managed_care,medicaid; managed_care; 1115; waiver; mltss; quality,managed_long_term_services_supports_programs,1,2024,,2026-02-11,false,77,"{""dataset_id"":""ef16c490-861a-4b1f-9e6d-f321abdcaab1"",""endpoint_type"":""medicaid_datastore"",""method"":""program_type contains MLTSS"",""metric_name"":""managed_long_term_services_supports_programs"",""metric_period"":""2024"",""metric_value"":""1"",""rht_flag"":false,""signal_dimension"":"""",""state"":""PA"",""topic_keys"":[""medicaid"",""managed_care"",""1115"",""waiver"",""mltss"",""quality""],""why_matters"":""State managed-care program counts, 1115 authorities, MLTSS, and quality requirements point to plan oversight and encounter-data demand.""}",https://data.medicaid.gov/api/1/datastore/query/ef16c490-861a-4b1f-9e6d-f321abdcaab1/0,"{""aggregation"":""program_type contains MLTSS"",""source_rows_used"":183,""why_matters"":""State managed-care program counts, 1115 authorities, MLTSS, and quality requirements point to plan oversight and encounter-data demand.""}",2026-07-24T04:43:51Z
cmsmedicaid-dde31e6031b52f0b,medicaid_data,medicaid_datastore,ef16c490-861a-4b1f-9e6d-f321abdcaab1,2024 Managed Care Programs By State,dataset_signal,PR,managed_care,medicaid; managed_care; 1115; waiver; mltss; quality,managed_care_programs_2024,2,2024,,2026-02-11,false,77,"{""dataset_id"":""ef16c490-861a-4b1f-9e6d-f321abdcaab1"",""endpoint_type"":""medicaid_datastore"",""method"":""program count by state"",""metric_name"":""managed_care_programs_2024"",""metric_period"":""2024"",""metric_value"":""2"",""rht_flag"":false,""signal_dimension"":"""",""state"":""PR"",""topic_keys"":[""medicaid"",""managed_care"",""1115"",""waiver"",""mltss"",""quality""],""why_matters"":""State managed-care program counts, 1115 authorities, MLTSS, and quality requirements point to plan oversight and encounter-data demand.""}",https://data.medicaid.gov/api/1/datastore/query/ef16c490-861a-4b1f-9e6d-f321abdcaab1/0,"{""1115_authority_programs"":0,""aggregation"":""program count by state"",""hedis_required_programs"":2,""mltss_programs"":0,""source_row_count"":183,""source_rows_used"":183,""why_matters"":""State managed-care program counts, 1115 authorities, MLTSS, and quality requirements point to plan oversight and encounter-data demand.""}",2026-07-24T04:43:51Z
cmsmedicaid-09e16dcce70cfa92,medicaid_data,medicaid_datastore,ef16c490-861a-4b1f-9e6d-f321abdcaab1,2024 Managed Care Programs By State,dataset_signal,RI,managed_care,medicaid; managed_care; 1115; waiver; mltss; quality,managed_care_1115_authority_programs,2,2024,,2026-02-11,false,77,"{""dataset_id"":""ef16c490-861a-4b1f-9e6d-f321abdcaab1"",""endpoint_type"":""medicaid_datastore"",""method"":""programs with federal_operating_authority containing 1115"",""metric_name"":""managed_care_1115_authority_programs"",""metric_period"":""2024"",""metric_value"":""2"",""rht_flag"":false,""signal_dimension"":"""",""state"":""RI"",""topic_keys"":[""medicaid"",""managed_care"",""1115"",""waiver"",""mltss"",""quality""],""why_matters"":""State managed-care program counts, 1115 authorities, MLTSS, and quality requirements point to plan oversight and encounter-data demand.""}",https://data.medicaid.gov/api/1/datastore/query/ef16c490-861a-4b1f-9e6d-f321abdcaab1/0,"{""aggregation"":""programs with federal_operating_authority containing 1115"",""source_rows_used"":183,""why_matters"":""State managed-care program counts, 1115 authorities, MLTSS, and quality requirements point to plan oversight and encounter-data demand.""}",2026-07-24T04:43:51Z
cmsmedicaid-316b9c63431bd6c7,medicaid_data,medicaid_datastore,ef16c490-861a-4b1f-9e6d-f321abdcaab1,2024 Managed Care Programs By State,dataset_signal,RI,managed_care,medicaid; managed_care; 1115; waiver; mltss; quality,managed_care_programs_2024,4,2024,,2026-02-11,false,77,"{""dataset_id"":""ef16c490-861a-4b1f-9e6d-f321abdcaab1"",""endpoint_type"":""medicaid_datastore"",""method"":""program count by state"",""metric_name"":""managed_care_programs_2024"",""metric_period"":""2024"",""metric_value"":""4"",""rht_flag"":false,""signal_dimension"":"""",""state"":""RI"",""topic_keys"":[""medicaid"",""managed_care"",""1115"",""waiver"",""mltss"",""quality""],""why_matters"":""State managed-care program counts, 1115 authorities, MLTSS, and quality requirements point to plan oversight and encounter-data demand.""}",https://data.medicaid.gov/api/1/datastore/query/ef16c490-861a-4b1f-9e6d-f321abdcaab1/0,"{""1115_authority_programs"":2,""aggregation"":""program count by state"",""hedis_required_programs"":2,""mltss_programs"":0,""source_row_count"":183,""source_rows_used"":183,""why_matters"":""State managed-care program counts, 1115 authorities, MLTSS, and quality requirements point to plan oversight and encounter-data demand.""}",2026-07-24T04:43:51Z
cmsmedicaid-b29cdfc9dd4a9691,medicaid_data,medicaid_datastore,ef16c490-861a-4b1f-9e6d-f321abdcaab1,2024 Managed Care Programs By State,dataset_signal,SC,managed_care,medicaid; managed_care; 1115; waiver; mltss; quality,managed_care_programs_2024,3,2024,,2026-02-11,false,77,"{""dataset_id"":""ef16c490-861a-4b1f-9e6d-f321abdcaab1"",""endpoint_type"":""medicaid_datastore"",""method"":""program count by state"",""metric_name"":""managed_care_programs_2024"",""metric_period"":""2024"",""metric_value"":""3"",""rht_flag"":false,""signal_dimension"":"""",""state"":""SC"",""topic_keys"":[""medicaid"",""managed_care"",""1115"",""waiver"",""mltss"",""quality""],""why_matters"":""State managed-care program counts, 1115 authorities, MLTSS, and quality requirements point to plan oversight and encounter-data demand.""}",https://data.medicaid.gov/api/1/datastore/query/ef16c490-861a-4b1f-9e6d-f321abdcaab1/0,"{""1115_authority_programs"":0,""aggregation"":""program count by state"",""hedis_required_programs"":1,""mltss_programs"":0,""source_row_count"":183,""source_rows_used"":183,""why_matters"":""State managed-care program counts, 1115 authorities, MLTSS, and quality requirements point to plan oversight and encounter-data demand.""}",2026-07-24T04:43:51Z
cmsmedicaid-2068f66e8e238057,medicaid_data,medicaid_datastore,ef16c490-861a-4b1f-9e6d-f321abdcaab1,2024 Managed Care Programs By State,dataset_signal,SD,managed_care,medicaid; managed_care; 1115; waiver; mltss; quality,managed_care_programs_2024,1,2024,,2026-02-11,false,77,"{""dataset_id"":""ef16c490-861a-4b1f-9e6d-f321abdcaab1"",""endpoint_type"":""medicaid_datastore"",""method"":""program count by state"",""metric_name"":""managed_care_programs_2024"",""metric_period"":""2024"",""metric_value"":""1"",""rht_flag"":false,""signal_dimension"":"""",""state"":""SD"",""topic_keys"":[""medicaid"",""managed_care"",""1115"",""waiver"",""mltss"",""quality""],""why_matters"":""State managed-care program counts, 1115 authorities, MLTSS, and quality requirements point to plan oversight and encounter-data demand.""}",https://data.medicaid.gov/api/1/datastore/query/ef16c490-861a-4b1f-9e6d-f321abdcaab1/0,"{""1115_authority_programs"":0,""aggregation"":""program count by state"",""hedis_required_programs"":0,""mltss_programs"":0,""source_row_count"":183,""source_rows_used"":183,""why_matters"":""State managed-care program counts, 1115 authorities, MLTSS, and quality requirements point to plan oversight and encounter-data demand.""}",2026-07-24T04:43:51Z
cmsmedicaid-fe5ca478621427d5,medicaid_data,medicaid_datastore,ef16c490-861a-4b1f-9e6d-f321abdcaab1,2024 Managed Care Programs By State,dataset_signal,TN,managed_care,medicaid; managed_care; 1115; waiver; mltss; quality,managed_care_1115_authority_programs,1,2024,,2026-02-11,false,77,"{""dataset_id"":""ef16c490-861a-4b1f-9e6d-f321abdcaab1"",""endpoint_type"":""medicaid_datastore"",""method"":""programs with federal_operating_authority containing 1115"",""metric_name"":""managed_care_1115_authority_programs"",""metric_period"":""2024"",""metric_value"":""1"",""rht_flag"":false,""signal_dimension"":"""",""state"":""TN"",""topic_keys"":[""medicaid"",""managed_care"",""1115"",""waiver"",""mltss"",""quality""],""why_matters"":""State managed-care program counts, 1115 authorities, MLTSS, and quality requirements point to plan oversight and encounter-data demand.""}",https://data.medicaid.gov/api/1/datastore/query/ef16c490-861a-4b1f-9e6d-f321abdcaab1/0,"{""aggregation"":""programs with federal_operating_authority containing 1115"",""source_rows_used"":183,""why_matters"":""State managed-care program counts, 1115 authorities, MLTSS, and quality requirements point to plan oversight and encounter-data demand.""}",2026-07-24T04:43:51Z
cmsmedicaid-df1c40337889a390,medicaid_data,medicaid_datastore,ef16c490-861a-4b1f-9e6d-f321abdcaab1,2024 Managed Care Programs By State,dataset_signal,TN,managed_care,medicaid; managed_care; 1115; waiver; mltss; quality,managed_care_programs_2024,2,2024,,2026-02-11,false,77,"{""dataset_id"":""ef16c490-861a-4b1f-9e6d-f321abdcaab1"",""endpoint_type"":""medicaid_datastore"",""method"":""program count by state"",""metric_name"":""managed_care_programs_2024"",""metric_period"":""2024"",""metric_value"":""2"",""rht_flag"":false,""signal_dimension"":"""",""state"":""TN"",""topic_keys"":[""medicaid"",""managed_care"",""1115"",""waiver"",""mltss"",""quality""],""why_matters"":""State managed-care program counts, 1115 authorities, MLTSS, and quality requirements point to plan oversight and encounter-data demand.""}",https://data.medicaid.gov/api/1/datastore/query/ef16c490-861a-4b1f-9e6d-f321abdcaab1/0,"{""1115_authority_programs"":1,""aggregation"":""program count by state"",""hedis_required_programs"":1,""mltss_programs"":1,""source_row_count"":183,""source_rows_used"":183,""why_matters"":""State managed-care program counts, 1115 authorities, MLTSS, and quality requirements point to plan oversight and encounter-data demand.""}",2026-07-24T04:43:51Z
cmsmedicaid-4d23f7d29035b1be,medicaid_data,medicaid_datastore,ef16c490-861a-4b1f-9e6d-f321abdcaab1,2024 Managed Care Programs By State,dataset_signal,TN,managed_care,medicaid; managed_care; 1115; waiver; mltss; quality,managed_long_term_services_supports_programs,1,2024,,2026-02-11,false,77,"{""dataset_id"":""ef16c490-861a-4b1f-9e6d-f321abdcaab1"",""endpoint_type"":""medicaid_datastore"",""method"":""program_type contains MLTSS"",""metric_name"":""managed_long_term_services_supports_programs"",""metric_period"":""2024"",""metric_value"":""1"",""rht_flag"":false,""signal_dimension"":"""",""state"":""TN"",""topic_keys"":[""medicaid"",""managed_care"",""1115"",""waiver"",""mltss"",""quality""],""why_matters"":""State managed-care program counts, 1115 authorities, MLTSS, and quality requirements point to plan oversight and encounter-data demand.""}",https://data.medicaid.gov/api/1/datastore/query/ef16c490-861a-4b1f-9e6d-f321abdcaab1/0,"{""aggregation"":""program_type contains MLTSS"",""source_rows_used"":183,""why_matters"":""State managed-care program counts, 1115 authorities, MLTSS, and quality requirements point to plan oversight and encounter-data demand.""}",2026-07-24T04:43:51Z
cmsmedicaid-314302b47907b980,medicaid_data,medicaid_datastore,ef16c490-861a-4b1f-9e6d-f321abdcaab1,2024 Managed Care Programs By State,dataset_signal,TX,managed_care,medicaid; managed_care; 1115; waiver; mltss; quality,managed_care_1115_authority_programs,4,2024,,2026-02-11,false,77,"{""dataset_id"":""ef16c490-861a-4b1f-9e6d-f321abdcaab1"",""endpoint_type"":""medicaid_datastore"",""method"":""programs with federal_operating_authority containing 1115"",""metric_name"":""managed_care_1115_authority_programs"",""metric_period"":""2024"",""metric_value"":""4"",""rht_flag"":false,""signal_dimension"":"""",""state"":""TX"",""topic_keys"":[""medicaid"",""managed_care"",""1115"",""waiver"",""mltss"",""quality""],""why_matters"":""State managed-care program counts, 1115 authorities, MLTSS, and quality requirements point to plan oversight and encounter-data demand.""}",https://data.medicaid.gov/api/1/datastore/query/ef16c490-861a-4b1f-9e6d-f321abdcaab1/0,"{""aggregation"":""programs with federal_operating_authority containing 1115"",""source_rows_used"":183,""why_matters"":""State managed-care program counts, 1115 authorities, MLTSS, and quality requirements point to plan oversight and encounter-data demand.""}",2026-07-24T04:43:51Z
cmsmedicaid-a858e5da11df298d,medicaid_data,medicaid_datastore,ef16c490-861a-4b1f-9e6d-f321abdcaab1,2024 Managed Care Programs By State,dataset_signal,TX,managed_care,medicaid; managed_care; 1115; waiver; mltss; quality,managed_care_programs_2024,6,2024,,2026-02-11,false,77,"{""dataset_id"":""ef16c490-861a-4b1f-9e6d-f321abdcaab1"",""endpoint_type"":""medicaid_datastore"",""method"":""program count by state"",""metric_name"":""managed_care_programs_2024"",""metric_period"":""2024"",""metric_value"":""6"",""rht_flag"":false,""signal_dimension"":"""",""state"":""TX"",""topic_keys"":[""medicaid"",""managed_care"",""1115"",""waiver"",""mltss"",""quality""],""why_matters"":""State managed-care program counts, 1115 authorities, MLTSS, and quality requirements point to plan oversight and encounter-data demand.""}",https://data.medicaid.gov/api/1/datastore/query/ef16c490-861a-4b1f-9e6d-f321abdcaab1/0,"{""1115_authority_programs"":4,""aggregation"":""program count by state"",""hedis_required_programs"":5,""mltss_programs"":3,""source_row_count"":183,""source_rows_used"":183,""why_matters"":""State managed-care program counts, 1115 authorities, MLTSS, and quality requirements point to plan oversight and encounter-data demand.""}",2026-07-24T04:43:51Z
cmsmedicaid-57d47faf57f57659,medicaid_data,medicaid_datastore,ef16c490-861a-4b1f-9e6d-f321abdcaab1,2024 Managed Care Programs By State,dataset_signal,TX,managed_care,medicaid; managed_care; 1115; waiver; mltss; quality,managed_long_term_services_supports_programs,3,2024,,2026-02-11,false,77,"{""dataset_id"":""ef16c490-861a-4b1f-9e6d-f321abdcaab1"",""endpoint_type"":""medicaid_datastore"",""method"":""program_type contains MLTSS"",""metric_name"":""managed_long_term_services_supports_programs"",""metric_period"":""2024"",""metric_value"":""3"",""rht_flag"":false,""signal_dimension"":"""",""state"":""TX"",""topic_keys"":[""medicaid"",""managed_care"",""1115"",""waiver"",""mltss"",""quality""],""why_matters"":""State managed-care program counts, 1115 authorities, MLTSS, and quality requirements point to plan oversight and encounter-data demand.""}",https://data.medicaid.gov/api/1/datastore/query/ef16c490-861a-4b1f-9e6d-f321abdcaab1/0,"{""aggregation"":""program_type contains MLTSS"",""source_rows_used"":183,""why_matters"":""State managed-care program counts, 1115 authorities, MLTSS, and quality requirements point to plan oversight and encounter-data demand.""}",2026-07-24T04:43:51Z
cmsmedicaid-0c414855e49a14a3,medicaid_data,medicaid_datastore,ef16c490-861a-4b1f-9e6d-f321abdcaab1,2024 Managed Care Programs By State,dataset_signal,UT,managed_care,medicaid; managed_care; 1115; waiver; mltss; quality,managed_care_1115_authority_programs,1,2024,,2026-02-11,false,77,"{""dataset_id"":""ef16c490-861a-4b1f-9e6d-f321abdcaab1"",""endpoint_type"":""medicaid_datastore"",""method"":""programs with federal_operating_authority containing 1115"",""metric_name"":""managed_care_1115_authority_programs"",""metric_period"":""2024"",""metric_value"":""1"",""rht_flag"":false,""signal_dimension"":"""",""state"":""UT"",""topic_keys"":[""medicaid"",""managed_care"",""1115"",""waiver"",""mltss"",""quality""],""why_matters"":""State managed-care program counts, 1115 authorities, MLTSS, and quality requirements point to plan oversight and encounter-data demand.""}",https://data.medicaid.gov/api/1/datastore/query/ef16c490-861a-4b1f-9e6d-f321abdcaab1/0,"{""aggregation"":""programs with federal_operating_authority containing 1115"",""source_rows_used"":183,""why_matters"":""State managed-care program counts, 1115 authorities, MLTSS, and quality requirements point to plan oversight and encounter-data demand.""}",2026-07-24T04:43:51Z
cmsmedicaid-7e933fa735d37105,medicaid_data,medicaid_datastore,ef16c490-861a-4b1f-9e6d-f321abdcaab1,2024 Managed Care Programs By State,dataset_signal,UT,managed_care,medicaid; managed_care; 1115; waiver; mltss; quality,managed_care_programs_2024,6,2024,,2026-02-11,false,77,"{""dataset_id"":""ef16c490-861a-4b1f-9e6d-f321abdcaab1"",""endpoint_type"":""medicaid_datastore"",""method"":""program count by state"",""metric_name"":""managed_care_programs_2024"",""metric_period"":""2024"",""metric_value"":""6"",""rht_flag"":false,""signal_dimension"":"""",""state"":""UT"",""topic_keys"":[""medicaid"",""managed_care"",""1115"",""waiver"",""mltss"",""quality""],""why_matters"":""State managed-care program counts, 1115 authorities, MLTSS, and quality requirements point to plan oversight and encounter-data demand.""}",https://data.medicaid.gov/api/1/datastore/query/ef16c490-861a-4b1f-9e6d-f321abdcaab1/0,"{""1115_authority_programs"":1,""aggregation"":""program count by state"",""hedis_required_programs"":5,""mltss_programs"":0,""source_row_count"":183,""source_rows_used"":183,""why_matters"":""State managed-care program counts, 1115 authorities, MLTSS, and quality requirements point to plan oversight and encounter-data demand.""}",2026-07-24T04:43:51Z
cmsmedicaid-d4b96c7796815b33,medicaid_data,medicaid_datastore,ef16c490-861a-4b1f-9e6d-f321abdcaab1,2024 Managed Care Programs By State,dataset_signal,VA,managed_care,medicaid; managed_care; 1115; waiver; mltss; quality,managed_care_programs_2024,3,2024,,2026-02-11,false,77,"{""dataset_id"":""ef16c490-861a-4b1f-9e6d-f321abdcaab1"",""endpoint_type"":""medicaid_datastore"",""method"":""program count by state"",""metric_name"":""managed_care_programs_2024"",""metric_period"":""2024"",""metric_value"":""3"",""rht_flag"":false,""signal_dimension"":"""",""state"":""VA"",""topic_keys"":[""medicaid"",""managed_care"",""1115"",""waiver"",""mltss"",""quality""],""why_matters"":""State managed-care program counts, 1115 authorities, MLTSS, and quality requirements point to plan oversight and encounter-data demand.""}",https://data.medicaid.gov/api/1/datastore/query/ef16c490-861a-4b1f-9e6d-f321abdcaab1/0,"{""1115_authority_programs"":0,""aggregation"":""program count by state"",""hedis_required_programs"":2,""mltss_programs"":1,""source_row_count"":183,""source_rows_used"":183,""why_matters"":""State managed-care program counts, 1115 authorities, MLTSS, and quality requirements point to plan oversight and encounter-data demand.""}",2026-07-24T04:43:51Z
cmsmedicaid-031dd8f393293901,medicaid_data,medicaid_datastore,ef16c490-861a-4b1f-9e6d-f321abdcaab1,2024 Managed Care Programs By State,dataset_signal,VA,managed_care,medicaid; managed_care; 1115; waiver; mltss; quality,managed_long_term_services_supports_programs,1,2024,,2026-02-11,false,77,"{""dataset_id"":""ef16c490-861a-4b1f-9e6d-f321abdcaab1"",""endpoint_type"":""medicaid_datastore"",""method"":""program_type contains MLTSS"",""metric_name"":""managed_long_term_services_supports_programs"",""metric_period"":""2024"",""metric_value"":""1"",""rht_flag"":false,""signal_dimension"":"""",""state"":""VA"",""topic_keys"":[""medicaid"",""managed_care"",""1115"",""waiver"",""mltss"",""quality""],""why_matters"":""State managed-care program counts, 1115 authorities, MLTSS, and quality requirements point to plan oversight and encounter-data demand.""}",https://data.medicaid.gov/api/1/datastore/query/ef16c490-861a-4b1f-9e6d-f321abdcaab1/0,"{""aggregation"":""program_type contains MLTSS"",""source_rows_used"":183,""why_matters"":""State managed-care program counts, 1115 authorities, MLTSS, and quality requirements point to plan oversight and encounter-data demand.""}",2026-07-24T04:43:51Z
cmsmedicaid-02e21b9a7e301b61,medicaid_data,medicaid_datastore,ef16c490-861a-4b1f-9e6d-f321abdcaab1,2024 Managed Care Programs By State,dataset_signal,VT,managed_care,medicaid; managed_care; 1115; waiver; mltss; quality,managed_care_1115_authority_programs,1,2024,,2026-02-11,false,77,"{""dataset_id"":""ef16c490-861a-4b1f-9e6d-f321abdcaab1"",""endpoint_type"":""medicaid_datastore"",""method"":""programs with federal_operating_authority containing 1115"",""metric_name"":""managed_care_1115_authority_programs"",""metric_period"":""2024"",""metric_value"":""1"",""rht_flag"":false,""signal_dimension"":"""",""state"":""VT"",""topic_keys"":[""medicaid"",""managed_care"",""1115"",""waiver"",""mltss"",""quality""],""why_matters"":""State managed-care program counts, 1115 authorities, MLTSS, and quality requirements point to plan oversight and encounter-data demand.""}",https://data.medicaid.gov/api/1/datastore/query/ef16c490-861a-4b1f-9e6d-f321abdcaab1/0,"{""aggregation"":""programs with federal_operating_authority containing 1115"",""source_rows_used"":183,""why_matters"":""State managed-care program counts, 1115 authorities, MLTSS, and quality requirements point to plan oversight and encounter-data demand.""}",2026-07-24T04:43:51Z
cmsmedicaid-5746327a99199cfc,medicaid_data,medicaid_datastore,ef16c490-861a-4b1f-9e6d-f321abdcaab1,2024 Managed Care Programs By State,dataset_signal,VT,managed_care,medicaid; managed_care; 1115; waiver; mltss; quality,managed_care_programs_2024,1,2024,,2026-02-11,false,77,"{""dataset_id"":""ef16c490-861a-4b1f-9e6d-f321abdcaab1"",""endpoint_type"":""medicaid_datastore"",""method"":""program count by state"",""metric_name"":""managed_care_programs_2024"",""metric_period"":""2024"",""metric_value"":""1"",""rht_flag"":false,""signal_dimension"":"""",""state"":""VT"",""topic_keys"":[""medicaid"",""managed_care"",""1115"",""waiver"",""mltss"",""quality""],""why_matters"":""State managed-care program counts, 1115 authorities, MLTSS, and quality requirements point to plan oversight and encounter-data demand.""}",https://data.medicaid.gov/api/1/datastore/query/ef16c490-861a-4b1f-9e6d-f321abdcaab1/0,"{""1115_authority_programs"":1,""aggregation"":""program count by state"",""hedis_required_programs"":1,""mltss_programs"":1,""source_row_count"":183,""source_rows_used"":183,""why_matters"":""State managed-care program counts, 1115 authorities, MLTSS, and quality requirements point to plan oversight and encounter-data demand.""}",2026-07-24T04:43:51Z
cmsmedicaid-2aa482399f3a0c7c,medicaid_data,medicaid_datastore,ef16c490-861a-4b1f-9e6d-f321abdcaab1,2024 Managed Care Programs By State,dataset_signal,VT,managed_care,medicaid; managed_care; 1115; waiver; mltss; quality,managed_long_term_services_supports_programs,1,2024,,2026-02-11,false,77,"{""dataset_id"":""ef16c490-861a-4b1f-9e6d-f321abdcaab1"",""endpoint_type"":""medicaid_datastore"",""method"":""program_type contains MLTSS"",""metric_name"":""managed_long_term_services_supports_programs"",""metric_period"":""2024"",""metric_value"":""1"",""rht_flag"":false,""signal_dimension"":"""",""state"":""VT"",""topic_keys"":[""medicaid"",""managed_care"",""1115"",""waiver"",""mltss"",""quality""],""why_matters"":""State managed-care program counts, 1115 authorities, MLTSS, and quality requirements point to plan oversight and encounter-data demand.""}",https://data.medicaid.gov/api/1/datastore/query/ef16c490-861a-4b1f-9e6d-f321abdcaab1/0,"{""aggregation"":""program_type contains MLTSS"",""source_rows_used"":183,""why_matters"":""State managed-care program counts, 1115 authorities, MLTSS, and quality requirements point to plan oversight and encounter-data demand.""}",2026-07-24T04:43:51Z
cmsmedicaid-472fd109f0eca6b4,medicaid_data,medicaid_datastore,ef16c490-861a-4b1f-9e6d-f321abdcaab1,2024 Managed Care Programs By State,dataset_signal,WA,managed_care,medicaid; managed_care; 1115; waiver; mltss; quality,managed_care_programs_2024,5,2024,,2026-02-11,false,77,"{""dataset_id"":""ef16c490-861a-4b1f-9e6d-f321abdcaab1"",""endpoint_type"":""medicaid_datastore"",""method"":""program count by state"",""metric_name"":""managed_care_programs_2024"",""metric_period"":""2024"",""metric_value"":""5"",""rht_flag"":false,""signal_dimension"":"""",""state"":""WA"",""topic_keys"":[""medicaid"",""managed_care"",""1115"",""waiver"",""mltss"",""quality""],""why_matters"":""State managed-care program counts, 1115 authorities, MLTSS, and quality requirements point to plan oversight and encounter-data demand.""}",https://data.medicaid.gov/api/1/datastore/query/ef16c490-861a-4b1f-9e6d-f321abdcaab1/0,"{""1115_authority_programs"":0,""aggregation"":""program count by state"",""hedis_required_programs"":0,""mltss_programs"":0,""source_row_count"":183,""source_rows_used"":183,""why_matters"":""State managed-care program counts, 1115 authorities, MLTSS, and quality requirements point to plan oversight and encounter-data demand.""}",2026-07-24T04:43:51Z
cmsmedicaid-cfa8f594e2dff911,medicaid_data,medicaid_datastore,ef16c490-861a-4b1f-9e6d-f321abdcaab1,2024 Managed Care Programs By State,dataset_signal,WI,managed_care,medicaid; managed_care; 1115; waiver; mltss; quality,managed_care_programs_2024,7,2024,,2026-02-11,false,77,"{""dataset_id"":""ef16c490-861a-4b1f-9e6d-f321abdcaab1"",""endpoint_type"":""medicaid_datastore"",""method"":""program count by state"",""metric_name"":""managed_care_programs_2024"",""metric_period"":""2024"",""metric_value"":""7"",""rht_flag"":false,""signal_dimension"":"""",""state"":""WI"",""topic_keys"":[""medicaid"",""managed_care"",""1115"",""waiver"",""mltss"",""quality""],""why_matters"":""State managed-care program counts, 1115 authorities, MLTSS, and quality requirements point to plan oversight and encounter-data demand.""}",https://data.medicaid.gov/api/1/datastore/query/ef16c490-861a-4b1f-9e6d-f321abdcaab1/0,"{""1115_authority_programs"":0,""aggregation"":""program count by state"",""hedis_required_programs"":3,""mltss_programs"":2,""source_row_count"":183,""source_rows_used"":183,""why_matters"":""State managed-care program counts, 1115 authorities, MLTSS, and quality requirements point to plan oversight and encounter-data demand.""}",2026-07-24T04:43:51Z
cmsmedicaid-4fd72fc78abdc2d0,medicaid_data,medicaid_datastore,ef16c490-861a-4b1f-9e6d-f321abdcaab1,2024 Managed Care Programs By State,dataset_signal,WI,managed_care,medicaid; managed_care; 1115; waiver; mltss; quality,managed_long_term_services_supports_programs,2,2024,,2026-02-11,false,77,"{""dataset_id"":""ef16c490-861a-4b1f-9e6d-f321abdcaab1"",""endpoint_type"":""medicaid_datastore"",""method"":""program_type contains MLTSS"",""metric_name"":""managed_long_term_services_supports_programs"",""metric_period"":""2024"",""metric_value"":""2"",""rht_flag"":false,""signal_dimension"":"""",""state"":""WI"",""topic_keys"":[""medicaid"",""managed_care"",""1115"",""waiver"",""mltss"",""quality""],""why_matters"":""State managed-care program counts, 1115 authorities, MLTSS, and quality requirements point to plan oversight and encounter-data demand.""}",https://data.medicaid.gov/api/1/datastore/query/ef16c490-861a-4b1f-9e6d-f321abdcaab1/0,"{""aggregation"":""program_type contains MLTSS"",""source_rows_used"":183,""why_matters"":""State managed-care program counts, 1115 authorities, MLTSS, and quality requirements point to plan oversight and encounter-data demand.""}",2026-07-24T04:43:51Z
cmsmedicaid-03a0bad4d9863f5f,medicaid_data,medicaid_datastore,ef16c490-861a-4b1f-9e6d-f321abdcaab1,2024 Managed Care Programs By State,dataset_signal,WV,managed_care,medicaid; managed_care; 1115; waiver; mltss; quality,managed_care_programs_2024,3,2024,,2026-02-11,false,77,"{""dataset_id"":""ef16c490-861a-4b1f-9e6d-f321abdcaab1"",""endpoint_type"":""medicaid_datastore"",""method"":""program count by state"",""metric_name"":""managed_care_programs_2024"",""metric_period"":""2024"",""metric_value"":""3"",""rht_flag"":false,""signal_dimension"":"""",""state"":""WV"",""topic_keys"":[""medicaid"",""managed_care"",""1115"",""waiver"",""mltss"",""quality""],""why_matters"":""State managed-care program counts, 1115 authorities, MLTSS, and quality requirements point to plan oversight and encounter-data demand.""}",https://data.medicaid.gov/api/1/datastore/query/ef16c490-861a-4b1f-9e6d-f321abdcaab1/0,"{""1115_authority_programs"":0,""aggregation"":""program count by state"",""hedis_required_programs"":2,""mltss_programs"":0,""source_row_count"":183,""source_rows_used"":183,""why_matters"":""State managed-care program counts, 1115 authorities, MLTSS, and quality requirements point to plan oversight and encounter-data demand.""}",2026-07-24T04:43:51Z
cmsmedicaid-306f300eef36ca66,medicaid_data,medicaid_datastore,ef16c490-861a-4b1f-9e6d-f321abdcaab1,2024 Managed Care Programs By State,dataset_signal,WY,managed_care,medicaid; managed_care; 1115; waiver; mltss; quality,managed_care_programs_2024,1,2024,,2026-02-11,false,77,"{""dataset_id"":""ef16c490-861a-4b1f-9e6d-f321abdcaab1"",""endpoint_type"":""medicaid_datastore"",""method"":""program count by state"",""metric_name"":""managed_care_programs_2024"",""metric_period"":""2024"",""metric_value"":""1"",""rht_flag"":false,""signal_dimension"":"""",""state"":""WY"",""topic_keys"":[""medicaid"",""managed_care"",""1115"",""waiver"",""mltss"",""quality""],""why_matters"":""State managed-care program counts, 1115 authorities, MLTSS, and quality requirements point to plan oversight and encounter-data demand.""}",https://data.medicaid.gov/api/1/datastore/query/ef16c490-861a-4b1f-9e6d-f321abdcaab1/0,"{""1115_authority_programs"":0,""aggregation"":""program count by state"",""hedis_required_programs"":0,""mltss_programs"":0,""source_row_count"":183,""source_rows_used"":183,""why_matters"":""State managed-care program counts, 1115 authorities, MLTSS, and quality requirements point to plan oversight and encounter-data demand.""}",2026-07-24T04:43:51Z
cmsmedicaid-cc08efd6a0899299,medicaid_data,medicaid_datastore,93b36a8e-4dd5-4ff4-9a8b-8c6537684705,Dual Status Information for Medicaid and CHIP Beneficiaries by Year,dataset_signal,Alabama,medicare,medicaid; medicare; dual_enrollment; care_coordination,full_dual_average_monthly_enrollment,93729,2022,,2024-01-05,false,67,"{""dataset_id"":""93b36a8e-4dd5-4ff4-9a8b-8c6537684705"",""endpoint_type"":""medicaid_datastore"",""method"":""latest year full dual eligibility"",""metric_name"":""full_dual_average_monthly_enrollment"",""metric_period"":""2022"",""metric_value"":""93729"",""rht_flag"":false,""signal_dimension"":"""",""state"":""Alabama"",""topic_keys"":[""medicaid"",""medicare"",""dual_enrollment"",""care_coordination""],""why_matters"":""Full-dual enrollment identifies Medicare-Medicaid coordination demand and states with high integrated-care opportunity.""}",https://data.medicaid.gov/api/1/datastore/query/93b36a8e-4dd5-4ff4-9a8b-8c6537684705/0,"{""aggregation"":""latest year full dual eligibility"",""count_ever_enrolled"":""103,062"",""count_last_month_enrollment"":""102,909"",""source_row_count"":1113,""source_rows_used"":1113,""why_matters"":""Full-dual enrollment identifies Medicare-Medicaid coordination demand and states with high integrated-care opportunity.""}",2026-07-24T04:43:51Z
cmsmedicaid-152d6495df6f2243,medicaid_data,medicaid_datastore,93b36a8e-4dd5-4ff4-9a8b-8c6537684705,Dual Status Information for Medicaid and CHIP Beneficiaries by Year,dataset_signal,Alaska,medicare,medicaid; medicare; dual_enrollment; care_coordination,full_dual_average_monthly_enrollment,20899,2022,,2024-01-05,false,67,"{""dataset_id"":""93b36a8e-4dd5-4ff4-9a8b-8c6537684705"",""endpoint_type"":""medicaid_datastore"",""method"":""latest year full dual eligibility"",""metric_name"":""full_dual_average_monthly_enrollment"",""metric_period"":""2022"",""metric_value"":""20899"",""rht_flag"":false,""signal_dimension"":"""",""state"":""Alaska"",""topic_keys"":[""medicaid"",""medicare"",""dual_enrollment"",""care_coordination""],""why_matters"":""Full-dual enrollment identifies Medicare-Medicaid coordination demand and states with high integrated-care opportunity.""}",https://data.medicaid.gov/api/1/datastore/query/93b36a8e-4dd5-4ff4-9a8b-8c6537684705/0,"{""aggregation"":""latest year full dual eligibility"",""count_ever_enrolled"":""22,623"",""count_last_month_enrollment"":""22,602"",""source_row_count"":1113,""source_rows_used"":1113,""why_matters"":""Full-dual enrollment identifies Medicare-Medicaid coordination demand and states with high integrated-care opportunity.""}",2026-07-24T04:43:51Z
cmsmedicaid-7eeffa0895d0b595,medicaid_data,medicaid_datastore,93b36a8e-4dd5-4ff4-9a8b-8c6537684705,Dual Status Information for Medicaid and CHIP Beneficiaries by Year,dataset_signal,Arizona,medicare,medicaid; medicare; dual_enrollment; care_coordination,full_dual_average_monthly_enrollment,229238,2022,,2024-01-05,false,67,"{""dataset_id"":""93b36a8e-4dd5-4ff4-9a8b-8c6537684705"",""endpoint_type"":""medicaid_datastore"",""method"":""latest year full dual eligibility"",""metric_name"":""full_dual_average_monthly_enrollment"",""metric_period"":""2022"",""metric_value"":""229238"",""rht_flag"":false,""signal_dimension"":"""",""state"":""Arizona"",""topic_keys"":[""medicaid"",""medicare"",""dual_enrollment"",""care_coordination""],""why_matters"":""Full-dual enrollment identifies Medicare-Medicaid coordination demand and states with high integrated-care opportunity.""}",https://data.medicaid.gov/api/1/datastore/query/93b36a8e-4dd5-4ff4-9a8b-8c6537684705/0,"{""aggregation"":""latest year full dual eligibility"",""count_ever_enrolled"":""245,655"",""count_last_month_enrollment"":""243,229"",""source_row_count"":1113,""source_rows_used"":1113,""why_matters"":""Full-dual enrollment identifies Medicare-Medicaid coordination demand and states with high integrated-care opportunity.""}",2026-07-24T04:43:51Z
cmsmedicaid-0767a8c8d71620fc,medicaid_data,medicaid_datastore,93b36a8e-4dd5-4ff4-9a8b-8c6537684705,Dual Status Information for Medicaid and CHIP Beneficiaries by Year,dataset_signal,Arkansas,medicare,medicaid; medicare; dual_enrollment; care_coordination,full_dual_average_monthly_enrollment,85371,2022,,2024-01-05,false,67,"{""dataset_id"":""93b36a8e-4dd5-4ff4-9a8b-8c6537684705"",""endpoint_type"":""medicaid_datastore"",""method"":""latest year full dual eligibility"",""metric_name"":""full_dual_average_monthly_enrollment"",""metric_period"":""2022"",""metric_value"":""85371"",""rht_flag"":false,""signal_dimension"":"""",""state"":""Arkansas"",""topic_keys"":[""medicaid"",""medicare"",""dual_enrollment"",""care_coordination""],""why_matters"":""Full-dual enrollment identifies Medicare-Medicaid coordination demand and states with high integrated-care opportunity.""}",https://data.medicaid.gov/api/1/datastore/query/93b36a8e-4dd5-4ff4-9a8b-8c6537684705/0,"{""aggregation"":""latest year full dual eligibility"",""count_ever_enrolled"":""99,695"",""count_last_month_enrollment"":""96,838"",""source_row_count"":1113,""source_rows_used"":1113,""why_matters"":""Full-dual enrollment identifies Medicare-Medicaid coordination demand and states with high integrated-care opportunity.""}",2026-07-24T04:43:51Z
cmsmedicaid-c2d7f52de7b04666,medicaid_data,medicaid_datastore,93b36a8e-4dd5-4ff4-9a8b-8c6537684705,Dual Status Information for Medicaid and CHIP Beneficiaries by Year,dataset_signal,California,medicare,medicaid; medicare; dual_enrollment; care_coordination,full_dual_average_monthly_enrollment,1697103,2022,,2024-01-05,false,67,"{""dataset_id"":""93b36a8e-4dd5-4ff4-9a8b-8c6537684705"",""endpoint_type"":""medicaid_datastore"",""method"":""latest year full dual eligibility"",""metric_name"":""full_dual_average_monthly_enrollment"",""metric_period"":""2022"",""metric_value"":""1697103"",""rht_flag"":false,""signal_dimension"":"""",""state"":""California"",""topic_keys"":[""medicaid"",""medicare"",""dual_enrollment"",""care_coordination""],""why_matters"":""Full-dual enrollment identifies Medicare-Medicaid coordination demand and states with high integrated-care opportunity.""}",https://data.medicaid.gov/api/1/datastore/query/93b36a8e-4dd5-4ff4-9a8b-8c6537684705/0,"{""aggregation"":""latest year full dual eligibility"",""count_ever_enrolled"":""1,843,981"",""count_last_month_enrollment"":""1,836,788"",""source_row_count"":1113,""source_rows_used"":1113,""why_matters"":""Full-dual enrollment identifies Medicare-Medicaid coordination demand and states with high integrated-care opportunity.""}",2026-07-24T04:43:51Z
cmsmedicaid-a15d5a4bf7dec965,medicaid_data,medicaid_datastore,93b36a8e-4dd5-4ff4-9a8b-8c6537684705,Dual Status Information for Medicaid and CHIP Beneficiaries by Year,dataset_signal,Colorado,medicare,medicaid; medicare; dual_enrollment; care_coordination,full_dual_average_monthly_enrollment,108214,2022,,2024-01-05,false,67,"{""dataset_id"":""93b36a8e-4dd5-4ff4-9a8b-8c6537684705"",""endpoint_type"":""medicaid_datastore"",""method"":""latest year full dual eligibility"",""metric_name"":""full_dual_average_monthly_enrollment"",""metric_period"":""2022"",""metric_value"":""108214"",""rht_flag"":false,""signal_dimension"":"""",""state"":""Colorado"",""topic_keys"":[""medicaid"",""medicare"",""dual_enrollment"",""care_coordination""],""why_matters"":""Full-dual enrollment identifies Medicare-Medicaid coordination demand and states with high integrated-care opportunity.""}",https://data.medicaid.gov/api/1/datastore/query/93b36a8e-4dd5-4ff4-9a8b-8c6537684705/0,"{""aggregation"":""latest year full dual eligibility"",""count_ever_enrolled"":""124,324"",""count_last_month_enrollment"":""123,875"",""source_row_count"":1113,""source_rows_used"":1113,""why_matters"":""Full-dual enrollment identifies Medicare-Medicaid coordination demand and states with high integrated-care opportunity.""}",2026-07-24T04:43:51Z
cmsmedicaid-7babafa56306c007,medicaid_data,medicaid_datastore,93b36a8e-4dd5-4ff4-9a8b-8c6537684705,Dual Status Information for Medicaid and CHIP Beneficiaries by Year,dataset_signal,Connecticut,medicare,medicaid; medicare; dual_enrollment; care_coordination,full_dual_average_monthly_enrollment,71567,2022,,2024-01-05,false,67,"{""dataset_id"":""93b36a8e-4dd5-4ff4-9a8b-8c6537684705"",""endpoint_type"":""medicaid_datastore"",""method"":""latest year full dual eligibility"",""metric_name"":""full_dual_average_monthly_enrollment"",""metric_period"":""2022"",""metric_value"":""71567"",""rht_flag"":false,""signal_dimension"":"""",""state"":""Connecticut"",""topic_keys"":[""medicaid"",""medicare"",""dual_enrollment"",""care_coordination""],""why_matters"":""Full-dual enrollment identifies Medicare-Medicaid coordination demand and states with high integrated-care opportunity.""}",https://data.medicaid.gov/api/1/datastore/query/93b36a8e-4dd5-4ff4-9a8b-8c6537684705/0,"{""aggregation"":""latest year full dual eligibility"",""count_ever_enrolled"":""88,195"",""count_last_month_enrollment"":""78,993"",""source_row_count"":1113,""source_rows_used"":1113,""why_matters"":""Full-dual enrollment identifies Medicare-Medicaid coordination demand and states with high integrated-care opportunity.""}",2026-07-24T04:43:51Z
cmsmedicaid-189b59888570190e,medicaid_data,medicaid_datastore,93b36a8e-4dd5-4ff4-9a8b-8c6537684705,Dual Status Information for Medicaid and CHIP Beneficiaries by Year,dataset_signal,Delaware,medicare,medicaid; medicare; dual_enrollment; care_coordination,full_dual_average_monthly_enrollment,14991,2022,,2024-01-05,false,67,"{""dataset_id"":""93b36a8e-4dd5-4ff4-9a8b-8c6537684705"",""endpoint_type"":""medicaid_datastore"",""method"":""latest year full dual eligibility"",""metric_name"":""full_dual_average_monthly_enrollment"",""metric_period"":""2022"",""metric_value"":""14991"",""rht_flag"":false,""signal_dimension"":"""",""state"":""Delaware"",""topic_keys"":[""medicaid"",""medicare"",""dual_enrollment"",""care_coordination""],""why_matters"":""Full-dual enrollment identifies Medicare-Medicaid coordination demand and states with high integrated-care opportunity.""}",https://data.medicaid.gov/api/1/datastore/query/93b36a8e-4dd5-4ff4-9a8b-8c6537684705/0,"{""aggregation"":""latest year full dual eligibility"",""count_ever_enrolled"":""17,091"",""count_last_month_enrollment"":""16,920"",""source_row_count"":1113,""source_rows_used"":1113,""why_matters"":""Full-dual enrollment identifies Medicare-Medicaid coordination demand and states with high integrated-care opportunity.""}",2026-07-24T04:43:51Z
cmsmedicaid-f2c4884f7da3029a,medicaid_data,medicaid_datastore,93b36a8e-4dd5-4ff4-9a8b-8c6537684705,Dual Status Information for Medicaid and CHIP Beneficiaries by Year,dataset_signal,District of Columbia,medicare,medicaid; medicare; dual_enrollment; care_coordination,full_dual_average_monthly_enrollment,28788,2022,,2024-01-05,false,67,"{""dataset_id"":""93b36a8e-4dd5-4ff4-9a8b-8c6537684705"",""endpoint_type"":""medicaid_datastore"",""method"":""latest year full dual eligibility"",""metric_name"":""full_dual_average_monthly_enrollment"",""metric_period"":""2022"",""metric_value"":""28788"",""rht_flag"":false,""signal_dimension"":"""",""state"":""District of Columbia"",""topic_keys"":[""medicaid"",""medicare"",""dual_enrollment"",""care_coordination""],""why_matters"":""Full-dual enrollment identifies Medicare-Medicaid coordination demand and states with high integrated-care opportunity.""}",https://data.medicaid.gov/api/1/datastore/query/93b36a8e-4dd5-4ff4-9a8b-8c6537684705/0,"{""aggregation"":""latest year full dual eligibility"",""count_ever_enrolled"":""31,683"",""count_last_month_enrollment"":""30,971"",""source_row_count"":1113,""source_rows_used"":1113,""why_matters"":""Full-dual enrollment identifies Medicare-Medicaid coordination demand and states with high integrated-care opportunity.""}",2026-07-24T04:43:51Z
cmsmedicaid-14f8456a9dfefa7a,medicaid_data,medicaid_datastore,93b36a8e-4dd5-4ff4-9a8b-8c6537684705,Dual Status Information for Medicaid and CHIP Beneficiaries by Year,dataset_signal,Florida,medicare,medicaid; medicare; dual_enrollment; care_coordination,full_dual_average_monthly_enrollment,555362,2022,,2024-01-05,false,67,"{""dataset_id"":""93b36a8e-4dd5-4ff4-9a8b-8c6537684705"",""endpoint_type"":""medicaid_datastore"",""method"":""latest year full dual eligibility"",""metric_name"":""full_dual_average_monthly_enrollment"",""metric_period"":""2022"",""metric_value"":""555362"",""rht_flag"":false,""signal_dimension"":"""",""state"":""Florida"",""topic_keys"":[""medicaid"",""medicare"",""dual_enrollment"",""care_coordination""],""why_matters"":""Full-dual enrollment identifies Medicare-Medicaid coordination demand and states with high integrated-care opportunity.""}",https://data.medicaid.gov/api/1/datastore/query/93b36a8e-4dd5-4ff4-9a8b-8c6537684705/0,"{""aggregation"":""latest year full dual eligibility"",""count_ever_enrolled"":""610,692"",""count_last_month_enrollment"":""601,531"",""source_row_count"":1113,""source_rows_used"":1113,""why_matters"":""Full-dual enrollment identifies Medicare-Medicaid coordination demand and states with high integrated-care opportunity.""}",2026-07-24T04:43:51Z
cmsmedicaid-8b46e7a9a1c04dad,medicaid_data,medicaid_datastore,93b36a8e-4dd5-4ff4-9a8b-8c6537684705,Dual Status Information for Medicaid and CHIP Beneficiaries by Year,dataset_signal,Georgia,medicare,medicaid; medicare; dual_enrollment; care_coordination,full_dual_average_monthly_enrollment,166858,2022,,2024-01-05,false,67,"{""dataset_id"":""93b36a8e-4dd5-4ff4-9a8b-8c6537684705"",""endpoint_type"":""medicaid_datastore"",""method"":""latest year full dual eligibility"",""metric_name"":""full_dual_average_monthly_enrollment"",""metric_period"":""2022"",""metric_value"":""166858"",""rht_flag"":false,""signal_dimension"":"""",""state"":""Georgia"",""topic_keys"":[""medicaid"",""medicare"",""dual_enrollment"",""care_coordination""],""why_matters"":""Full-dual enrollment identifies Medicare-Medicaid coordination demand and states with high integrated-care opportunity.""}",https://data.medicaid.gov/api/1/datastore/query/93b36a8e-4dd5-4ff4-9a8b-8c6537684705/0,"{""aggregation"":""latest year full dual eligibility"",""count_ever_enrolled"":""188,694"",""count_last_month_enrollment"":""186,044"",""source_row_count"":1113,""source_rows_used"":1113,""why_matters"":""Full-dual enrollment identifies Medicare-Medicaid coordination demand and states with high integrated-care opportunity.""}",2026-07-24T04:43:51Z
cmsmedicaid-880df10133605229,medicaid_data,medicaid_datastore,93b36a8e-4dd5-4ff4-9a8b-8c6537684705,Dual Status Information for Medicaid and CHIP Beneficiaries by Year,dataset_signal,Hawaii,medicare,medicaid; medicare; dual_enrollment; care_coordination,full_dual_average_monthly_enrollment,49255,2022,,2024-01-05,false,67,"{""dataset_id"":""93b36a8e-4dd5-4ff4-9a8b-8c6537684705"",""endpoint_type"":""medicaid_datastore"",""method"":""latest year full dual eligibility"",""metric_name"":""full_dual_average_monthly_enrollment"",""metric_period"":""2022"",""metric_value"":""49255"",""rht_flag"":false,""signal_dimension"":"""",""state"":""Hawaii"",""topic_keys"":[""medicaid"",""medicare"",""dual_enrollment"",""care_coordination""],""why_matters"":""Full-dual enrollment identifies Medicare-Medicaid coordination demand and states with high integrated-care opportunity.""}",https://data.medicaid.gov/api/1/datastore/query/93b36a8e-4dd5-4ff4-9a8b-8c6537684705/0,"{""aggregation"":""latest year full dual eligibility"",""count_ever_enrolled"":""52,413"",""count_last_month_enrollment"":""52,342"",""source_row_count"":1113,""source_rows_used"":1113,""why_matters"":""Full-dual enrollment identifies Medicare-Medicaid coordination demand and states with high integrated-care opportunity.""}",2026-07-24T04:43:51Z
cmsmedicaid-b396c80cb12db30d,medicaid_data,medicaid_datastore,93b36a8e-4dd5-4ff4-9a8b-8c6537684705,Dual Status Information for Medicaid and CHIP Beneficiaries by Year,dataset_signal,Idaho,medicare,medicaid; medicare; dual_enrollment; care_coordination,full_dual_average_monthly_enrollment,33560,2022,,2024-01-05,false,67,"{""dataset_id"":""93b36a8e-4dd5-4ff4-9a8b-8c6537684705"",""endpoint_type"":""medicaid_datastore"",""method"":""latest year full dual eligibility"",""metric_name"":""full_dual_average_monthly_enrollment"",""metric_period"":""2022"",""metric_value"":""33560"",""rht_flag"":false,""signal_dimension"":"""",""state"":""Idaho"",""topic_keys"":[""medicaid"",""medicare"",""dual_enrollment"",""care_coordination""],""why_matters"":""Full-dual enrollment identifies Medicare-Medicaid coordination demand and states with high integrated-care opportunity.""}",https://data.medicaid.gov/api/1/datastore/query/93b36a8e-4dd5-4ff4-9a8b-8c6537684705/0,"{""aggregation"":""latest year full dual eligibility"",""count_ever_enrolled"":""38,712"",""count_last_month_enrollment"":""38,309"",""source_row_count"":1113,""source_rows_used"":1113,""why_matters"":""Full-dual enrollment identifies Medicare-Medicaid coordination demand and states with high integrated-care opportunity.""}",2026-07-24T04:43:51Z
cmsmedicaid-e72e530da2f19e40,medicaid_data,medicaid_datastore,93b36a8e-4dd5-4ff4-9a8b-8c6537684705,Dual Status Information for Medicaid and CHIP Beneficiaries by Year,dataset_signal,Illinois,medicare,medicaid; medicare; dual_enrollment; care_coordination,full_dual_average_monthly_enrollment,391508,2022,,2024-01-05,false,67,"{""dataset_id"":""93b36a8e-4dd5-4ff4-9a8b-8c6537684705"",""endpoint_type"":""medicaid_datastore"",""method"":""latest year full dual eligibility"",""metric_name"":""full_dual_average_monthly_enrollment"",""metric_period"":""2022"",""metric_value"":""391508"",""rht_flag"":false,""signal_dimension"":"""",""state"":""Illinois"",""topic_keys"":[""medicaid"",""medicare"",""dual_enrollment"",""care_coordination""],""why_matters"":""Full-dual enrollment identifies Medicare-Medicaid coordination demand and states with high integrated-care opportunity.""}",https://data.medicaid.gov/api/1/datastore/query/93b36a8e-4dd5-4ff4-9a8b-8c6537684705/0,"{""aggregation"":""latest year full dual eligibility"",""count_ever_enrolled"":""440,420"",""count_last_month_enrollment"":""436,980"",""source_row_count"":1113,""source_rows_used"":1113,""why_matters"":""Full-dual enrollment identifies Medicare-Medicaid coordination demand and states with high integrated-care opportunity.""}",2026-07-24T04:43:51Z
cmsmedicaid-21535425e1b17536,medicaid_data,medicaid_datastore,93b36a8e-4dd5-4ff4-9a8b-8c6537684705,Dual Status Information for Medicaid and CHIP Beneficiaries by Year,dataset_signal,Indiana,medicare,medicaid; medicare; dual_enrollment; care_coordination,full_dual_average_monthly_enrollment,191673,2022,,2024-01-05,false,67,"{""dataset_id"":""93b36a8e-4dd5-4ff4-9a8b-8c6537684705"",""endpoint_type"":""medicaid_datastore"",""method"":""latest year full dual eligibility"",""metric_name"":""full_dual_average_monthly_enrollment"",""metric_period"":""2022"",""metric_value"":""191673"",""rht_flag"":false,""signal_dimension"":"""",""state"":""Indiana"",""topic_keys"":[""medicaid"",""medicare"",""dual_enrollment"",""care_coordination""],""why_matters"":""Full-dual enrollment identifies Medicare-Medicaid coordination demand and states with high integrated-care opportunity.""}",https://data.medicaid.gov/api/1/datastore/query/93b36a8e-4dd5-4ff4-9a8b-8c6537684705/0,"{""aggregation"":""latest year full dual eligibility"",""count_ever_enrolled"":""213,152"",""count_last_month_enrollment"":""211,616"",""source_row_count"":1113,""source_rows_used"":1113,""why_matters"":""Full-dual enrollment identifies Medicare-Medicaid coordination demand and states with high integrated-care opportunity.""}",2026-07-24T04:43:51Z
cmsmedicaid-2bfd4fb4ee812c35,medicaid_data,medicaid_datastore,93b36a8e-4dd5-4ff4-9a8b-8c6537684705,Dual Status Information for Medicaid and CHIP Beneficiaries by Year,dataset_signal,Iowa,medicare,medicaid; medicare; dual_enrollment; care_coordination,full_dual_average_monthly_enrollment,78143,2022,,2024-01-05,false,67,"{""dataset_id"":""93b36a8e-4dd5-4ff4-9a8b-8c6537684705"",""endpoint_type"":""medicaid_datastore"",""method"":""latest year full dual eligibility"",""metric_name"":""full_dual_average_monthly_enrollment"",""metric_period"":""2022"",""metric_value"":""78143"",""rht_flag"":false,""signal_dimension"":"""",""state"":""Iowa"",""topic_keys"":[""medicaid"",""medicare"",""dual_enrollment"",""care_coordination""],""why_matters"":""Full-dual enrollment identifies Medicare-Medicaid coordination demand and states with high integrated-care opportunity.""}",https://data.medicaid.gov/api/1/datastore/query/93b36a8e-4dd5-4ff4-9a8b-8c6537684705/0,"{""aggregation"":""latest year full dual eligibility"",""count_ever_enrolled"":""87,033"",""count_last_month_enrollment"":""85,163"",""source_row_count"":1113,""source_rows_used"":1113,""why_matters"":""Full-dual enrollment identifies Medicare-Medicaid coordination demand and states with high integrated-care opportunity.""}",2026-07-24T04:43:51Z
cmsmedicaid-ad261163dbb6b1a5,medicaid_data,medicaid_datastore,93b36a8e-4dd5-4ff4-9a8b-8c6537684705,Dual Status Information for Medicaid and CHIP Beneficiaries by Year,dataset_signal,Kansas,medicare,medicaid; medicare; dual_enrollment; care_coordination,full_dual_average_monthly_enrollment,49433,2022,,2024-01-05,false,67,"{""dataset_id"":""93b36a8e-4dd5-4ff4-9a8b-8c6537684705"",""endpoint_type"":""medicaid_datastore"",""method"":""latest year full dual eligibility"",""metric_name"":""full_dual_average_monthly_enrollment"",""metric_period"":""2022"",""metric_value"":""49433"",""rht_flag"":false,""signal_dimension"":"""",""state"":""Kansas"",""topic_keys"":[""medicaid"",""medicare"",""dual_enrollment"",""care_coordination""],""why_matters"":""Full-dual enrollment identifies Medicare-Medicaid coordination demand and states with high integrated-care opportunity.""}",https://data.medicaid.gov/api/1/datastore/query/93b36a8e-4dd5-4ff4-9a8b-8c6537684705/0,"{""aggregation"":""latest year full dual eligibility"",""count_ever_enrolled"":""58,559"",""count_last_month_enrollment"":""56,155"",""source_row_count"":1113,""source_rows_used"":1113,""why_matters"":""Full-dual enrollment identifies Medicare-Medicaid coordination demand and states with high integrated-care opportunity.""}",2026-07-24T04:43:51Z
cmsmedicaid-a4fb69b3edb4a478,medicaid_data,medicaid_datastore,93b36a8e-4dd5-4ff4-9a8b-8c6537684705,Dual Status Information for Medicaid and CHIP Beneficiaries by Year,dataset_signal,Kentucky,medicare,medicaid; medicare; dual_enrollment; care_coordination,full_dual_average_monthly_enrollment,123831,2022,,2024-01-05,false,67,"{""dataset_id"":""93b36a8e-4dd5-4ff4-9a8b-8c6537684705"",""endpoint_type"":""medicaid_datastore"",""method"":""latest year full dual eligibility"",""metric_name"":""full_dual_average_monthly_enrollment"",""metric_period"":""2022"",""metric_value"":""123831"",""rht_flag"":false,""signal_dimension"":"""",""state"":""Kentucky"",""topic_keys"":[""medicaid"",""medicare"",""dual_enrollment"",""care_coordination""],""why_matters"":""Full-dual enrollment identifies Medicare-Medicaid coordination demand and states with high integrated-care opportunity.""}",https://data.medicaid.gov/api/1/datastore/query/93b36a8e-4dd5-4ff4-9a8b-8c6537684705/0,"{""aggregation"":""latest year full dual eligibility"",""count_ever_enrolled"":""131,397"",""count_last_month_enrollment"":""131,315"",""source_row_count"":1113,""source_rows_used"":1113,""why_matters"":""Full-dual enrollment identifies Medicare-Medicaid coordination demand and states with high integrated-care opportunity.""}",2026-07-24T04:43:51Z
cmsmedicaid-3cac49ba0d342ded,medicaid_data,medicaid_datastore,93b36a8e-4dd5-4ff4-9a8b-8c6537684705,Dual Status Information for Medicaid and CHIP Beneficiaries by Year,dataset_signal,Louisiana,medicare,medicaid; medicare; dual_enrollment; care_coordination,full_dual_average_monthly_enrollment,150456,2022,,2024-01-05,false,67,"{""dataset_id"":""93b36a8e-4dd5-4ff4-9a8b-8c6537684705"",""endpoint_type"":""medicaid_datastore"",""method"":""latest year full dual eligibility"",""metric_name"":""full_dual_average_monthly_enrollment"",""metric_period"":""2022"",""metric_value"":""150456"",""rht_flag"":false,""signal_dimension"":"""",""state"":""Louisiana"",""topic_keys"":[""medicaid"",""medicare"",""dual_enrollment"",""care_coordination""],""why_matters"":""Full-dual enrollment identifies Medicare-Medicaid coordination demand and states with high integrated-care opportunity.""}",https://data.medicaid.gov/api/1/datastore/query/93b36a8e-4dd5-4ff4-9a8b-8c6537684705/0,"{""aggregation"":""latest year full dual eligibility"",""count_ever_enrolled"":""169,518"",""count_last_month_enrollment"":""160,711"",""source_row_count"":1113,""source_rows_used"":1113,""why_matters"":""Full-dual enrollment identifies Medicare-Medicaid coordination demand and states with high integrated-care opportunity.""}",2026-07-24T04:43:51Z
cmsmedicaid-50cde6f4f48135ba,medicaid_data,medicaid_datastore,93b36a8e-4dd5-4ff4-9a8b-8c6537684705,Dual Status Information for Medicaid and CHIP Beneficiaries by Year,dataset_signal,Maine,medicare,medicaid; medicare; dual_enrollment; care_coordination,full_dual_average_monthly_enrollment,57914,2022,,2024-01-05,false,67,"{""dataset_id"":""93b36a8e-4dd5-4ff4-9a8b-8c6537684705"",""endpoint_type"":""medicaid_datastore"",""method"":""latest year full dual eligibility"",""metric_name"":""full_dual_average_monthly_enrollment"",""metric_period"":""2022"",""metric_value"":""57914"",""rht_flag"":false,""signal_dimension"":"""",""state"":""Maine"",""topic_keys"":[""medicaid"",""medicare"",""dual_enrollment"",""care_coordination""],""why_matters"":""Full-dual enrollment identifies Medicare-Medicaid coordination demand and states with high integrated-care opportunity.""}",https://data.medicaid.gov/api/1/datastore/query/93b36a8e-4dd5-4ff4-9a8b-8c6537684705/0,"{""aggregation"":""latest year full dual eligibility"",""count_ever_enrolled"":""63,904"",""count_last_month_enrollment"":""61,708"",""source_row_count"":1113,""source_rows_used"":1113,""why_matters"":""Full-dual enrollment identifies Medicare-Medicaid coordination demand and states with high integrated-care opportunity.""}",2026-07-24T04:43:51Z
cmsmedicaid-754a8c57a98fc56c,medicaid_data,medicaid_datastore,93b36a8e-4dd5-4ff4-9a8b-8c6537684705,Dual Status Information for Medicaid and CHIP Beneficiaries by Year,dataset_signal,Maryland,medicare,medicaid; medicare; dual_enrollment; care_coordination,full_dual_average_monthly_enrollment,112255,2022,,2024-01-05,false,67,"{""dataset_id"":""93b36a8e-4dd5-4ff4-9a8b-8c6537684705"",""endpoint_type"":""medicaid_datastore"",""method"":""latest year full dual eligibility"",""metric_name"":""full_dual_average_monthly_enrollment"",""metric_period"":""2022"",""metric_value"":""112255"",""rht_flag"":false,""signal_dimension"":"""",""state"":""Maryland"",""topic_keys"":[""medicaid"",""medicare"",""dual_enrollment"",""care_coordination""],""why_matters"":""Full-dual enrollment identifies Medicare-Medicaid coordination demand and states with high integrated-care opportunity.""}",https://data.medicaid.gov/api/1/datastore/query/93b36a8e-4dd5-4ff4-9a8b-8c6537684705/0,"{""aggregation"":""latest year full dual eligibility"",""count_ever_enrolled"":""124,208"",""count_last_month_enrollment"":""122,406"",""source_row_count"":1113,""source_rows_used"":1113,""why_matters"":""Full-dual enrollment identifies Medicare-Medicaid coordination demand and states with high integrated-care opportunity.""}",2026-07-24T04:43:51Z
cmsmedicaid-428232af9c5c7e26,medicaid_data,medicaid_datastore,93b36a8e-4dd5-4ff4-9a8b-8c6537684705,Dual Status Information for Medicaid and CHIP Beneficiaries by Year,dataset_signal,Massachusetts,medicare,medicaid; medicare; dual_enrollment; care_coordination,full_dual_average_monthly_enrollment,350588,2022,,2024-01-05,false,67,"{""dataset_id"":""93b36a8e-4dd5-4ff4-9a8b-8c6537684705"",""endpoint_type"":""medicaid_datastore"",""method"":""latest year full dual eligibility"",""metric_name"":""full_dual_average_monthly_enrollment"",""metric_period"":""2022"",""metric_value"":""350588"",""rht_flag"":false,""signal_dimension"":"""",""state"":""Massachusetts"",""topic_keys"":[""medicaid"",""medicare"",""dual_enrollment"",""care_coordination""],""why_matters"":""Full-dual enrollment identifies Medicare-Medicaid coordination demand and states with high integrated-care opportunity.""}",https://data.medicaid.gov/api/1/datastore/query/93b36a8e-4dd5-4ff4-9a8b-8c6537684705/0,"{""aggregation"":""latest year full dual eligibility"",""count_ever_enrolled"":""369,694"",""count_last_month_enrollment"":""369,303"",""source_row_count"":1113,""source_rows_used"":1113,""why_matters"":""Full-dual enrollment identifies Medicare-Medicaid coordination demand and states with high integrated-care opportunity.""}",2026-07-24T04:43:51Z
cmsmedicaid-47bf215725e3d101,medicaid_data,medicaid_datastore,93b36a8e-4dd5-4ff4-9a8b-8c6537684705,Dual Status Information for Medicaid and CHIP Beneficiaries by Year,dataset_signal,Michigan,medicare,medicaid; medicare; dual_enrollment; care_coordination,full_dual_average_monthly_enrollment,328279,2022,,2024-01-05,false,67,"{""dataset_id"":""93b36a8e-4dd5-4ff4-9a8b-8c6537684705"",""endpoint_type"":""medicaid_datastore"",""method"":""latest year full dual eligibility"",""metric_name"":""full_dual_average_monthly_enrollment"",""metric_period"":""2022"",""metric_value"":""328279"",""rht_flag"":false,""signal_dimension"":"""",""state"":""Michigan"",""topic_keys"":[""medicaid"",""medicare"",""dual_enrollment"",""care_coordination""],""why_matters"":""Full-dual enrollment identifies Medicare-Medicaid coordination demand and states with high integrated-care opportunity.""}",https://data.medicaid.gov/api/1/datastore/query/93b36a8e-4dd5-4ff4-9a8b-8c6537684705/0,"{""aggregation"":""latest year full dual eligibility"",""count_ever_enrolled"":""365,543"",""count_last_month_enrollment"":""362,613"",""source_row_count"":1113,""source_rows_used"":1113,""why_matters"":""Full-dual enrollment identifies Medicare-Medicaid coordination demand and states with high integrated-care opportunity.""}",2026-07-24T04:43:51Z
cmsmedicaid-0c0014534a45f445,medicaid_data,medicaid_datastore,93b36a8e-4dd5-4ff4-9a8b-8c6537684705,Dual Status Information for Medicaid and CHIP Beneficiaries by Year,dataset_signal,Minnesota,medicare,medicaid; medicare; dual_enrollment; care_coordination,full_dual_average_monthly_enrollment,139044,2022,,2024-01-05,false,67,"{""dataset_id"":""93b36a8e-4dd5-4ff4-9a8b-8c6537684705"",""endpoint_type"":""medicaid_datastore"",""method"":""latest year full dual eligibility"",""metric_name"":""full_dual_average_monthly_enrollment"",""metric_period"":""2022"",""metric_value"":""139044"",""rht_flag"":false,""signal_dimension"":"""",""state"":""Minnesota"",""topic_keys"":[""medicaid"",""medicare"",""dual_enrollment"",""care_coordination""],""why_matters"":""Full-dual enrollment identifies Medicare-Medicaid coordination demand and states with high integrated-care opportunity.""}",https://data.medicaid.gov/api/1/datastore/query/93b36a8e-4dd5-4ff4-9a8b-8c6537684705/0,"{""aggregation"":""latest year full dual eligibility"",""count_ever_enrolled"":""155,803"",""count_last_month_enrollment"":""154,909"",""source_row_count"":1113,""source_rows_used"":1113,""why_matters"":""Full-dual enrollment identifies Medicare-Medicaid coordination demand and states with high integrated-care opportunity.""}",2026-07-24T04:43:51Z
cmsmedicaid-169124ce86c2dc9d,medicaid_data,medicaid_datastore,93b36a8e-4dd5-4ff4-9a8b-8c6537684705,Dual Status Information for Medicaid and CHIP Beneficiaries by Year,dataset_signal,Mississippi,medicare,medicaid; medicare; dual_enrollment; care_coordination,full_dual_average_monthly_enrollment,84165,2022,,2024-01-05,false,67,"{""dataset_id"":""93b36a8e-4dd5-4ff4-9a8b-8c6537684705"",""endpoint_type"":""medicaid_datastore"",""method"":""latest year full dual eligibility"",""metric_name"":""full_dual_average_monthly_enrollment"",""metric_period"":""2022"",""metric_value"":""84165"",""rht_flag"":false,""signal_dimension"":"""",""state"":""Mississippi"",""topic_keys"":[""medicaid"",""medicare"",""dual_enrollment"",""care_coordination""],""why_matters"":""Full-dual enrollment identifies Medicare-Medicaid coordination demand and states with high integrated-care opportunity.""}",https://data.medicaid.gov/api/1/datastore/query/93b36a8e-4dd5-4ff4-9a8b-8c6537684705/0,"{""aggregation"":""latest year full dual eligibility"",""count_ever_enrolled"":""93,879"",""count_last_month_enrollment"":""93,388"",""source_row_count"":1113,""source_rows_used"":1113,""why_matters"":""Full-dual enrollment identifies Medicare-Medicaid coordination demand and states with high integrated-care opportunity.""}",2026-07-24T04:43:51Z
cmsmedicaid-60ca416b12c875bd,medicaid_data,medicaid_datastore,93b36a8e-4dd5-4ff4-9a8b-8c6537684705,Dual Status Information for Medicaid and CHIP Beneficiaries by Year,dataset_signal,Missouri,medicare,medicaid; medicare; dual_enrollment; care_coordination,full_dual_average_monthly_enrollment,176190,2022,,2024-01-05,false,67,"{""dataset_id"":""93b36a8e-4dd5-4ff4-9a8b-8c6537684705"",""endpoint_type"":""medicaid_datastore"",""method"":""latest year full dual eligibility"",""metric_name"":""full_dual_average_monthly_enrollment"",""metric_period"":""2022"",""metric_value"":""176190"",""rht_flag"":false,""signal_dimension"":"""",""state"":""Missouri"",""topic_keys"":[""medicaid"",""medicare"",""dual_enrollment"",""care_coordination""],""why_matters"":""Full-dual enrollment identifies Medicare-Medicaid coordination demand and states with high integrated-care opportunity.""}",https://data.medicaid.gov/api/1/datastore/query/93b36a8e-4dd5-4ff4-9a8b-8c6537684705/0,"{""aggregation"":""latest year full dual eligibility"",""count_ever_enrolled"":""194,412"",""count_last_month_enrollment"":""194,028"",""source_row_count"":1113,""source_rows_used"":1113,""why_matters"":""Full-dual enrollment identifies Medicare-Medicaid coordination demand and states with high integrated-care opportunity.""}",2026-07-24T04:43:51Z
cmsmedicaid-117eaf7594632451,medicaid_data,medicaid_datastore,93b36a8e-4dd5-4ff4-9a8b-8c6537684705,Dual Status Information for Medicaid and CHIP Beneficiaries by Year,dataset_signal,Montana,medicare,medicaid; medicare; dual_enrollment; care_coordination,full_dual_average_monthly_enrollment,24431,2022,,2024-01-05,false,67,"{""dataset_id"":""93b36a8e-4dd5-4ff4-9a8b-8c6537684705"",""endpoint_type"":""medicaid_datastore"",""method"":""latest year full dual eligibility"",""metric_name"":""full_dual_average_monthly_enrollment"",""metric_period"":""2022"",""metric_value"":""24431"",""rht_flag"":false,""signal_dimension"":"""",""state"":""Montana"",""topic_keys"":[""medicaid"",""medicare"",""dual_enrollment"",""care_coordination""],""why_matters"":""Full-dual enrollment identifies Medicare-Medicaid coordination demand and states with high integrated-care opportunity.""}",https://data.medicaid.gov/api/1/datastore/query/93b36a8e-4dd5-4ff4-9a8b-8c6537684705/0,"{""aggregation"":""latest year full dual eligibility"",""count_ever_enrolled"":""27,209"",""count_last_month_enrollment"":""27,093"",""source_row_count"":1113,""source_rows_used"":1113,""why_matters"":""Full-dual enrollment identifies Medicare-Medicaid coordination demand and states with high integrated-care opportunity.""}",2026-07-24T04:43:51Z
cmsmedicaid-9542def3f0d36f2e,medicaid_data,medicaid_datastore,93b36a8e-4dd5-4ff4-9a8b-8c6537684705,Dual Status Information for Medicaid and CHIP Beneficiaries by Year,dataset_signal,Nebraska,medicare,medicaid; medicare; dual_enrollment; care_coordination,full_dual_average_monthly_enrollment,37919,2022,,2024-01-05,false,67,"{""dataset_id"":""93b36a8e-4dd5-4ff4-9a8b-8c6537684705"",""endpoint_type"":""medicaid_datastore"",""method"":""latest year full dual eligibility"",""metric_name"":""full_dual_average_monthly_enrollment"",""metric_period"":""2022"",""metric_value"":""37919"",""rht_flag"":false,""signal_dimension"":"""",""state"":""Nebraska"",""topic_keys"":[""medicaid"",""medicare"",""dual_enrollment"",""care_coordination""],""why_matters"":""Full-dual enrollment identifies Medicare-Medicaid coordination demand and states with high integrated-care opportunity.""}",https://data.medicaid.gov/api/1/datastore/query/93b36a8e-4dd5-4ff4-9a8b-8c6537684705/0,"{""aggregation"":""latest year full dual eligibility"",""count_ever_enrolled"":""43,951"",""count_last_month_enrollment"":""42,947"",""source_row_count"":1113,""source_rows_used"":1113,""why_matters"":""Full-dual enrollment identifies Medicare-Medicaid coordination demand and states with high integrated-care opportunity.""}",2026-07-24T04:43:51Z
cmsmedicaid-c86961fb4fbf64f8,medicaid_data,medicaid_datastore,93b36a8e-4dd5-4ff4-9a8b-8c6537684705,Dual Status Information for Medicaid and CHIP Beneficiaries by Year,dataset_signal,Nevada,medicare,medicaid; medicare; dual_enrollment; care_coordination,full_dual_average_monthly_enrollment,40382,2022,,2024-01-05,false,67,"{""dataset_id"":""93b36a8e-4dd5-4ff4-9a8b-8c6537684705"",""endpoint_type"":""medicaid_datastore"",""method"":""latest year full dual eligibility"",""metric_name"":""full_dual_average_monthly_enrollment"",""metric_period"":""2022"",""metric_value"":""40382"",""rht_flag"":false,""signal_dimension"":"""",""state"":""Nevada"",""topic_keys"":[""medicaid"",""medicare"",""dual_enrollment"",""care_coordination""],""why_matters"":""Full-dual enrollment identifies Medicare-Medicaid coordination demand and states with high integrated-care opportunity.""}",https://data.medicaid.gov/api/1/datastore/query/93b36a8e-4dd5-4ff4-9a8b-8c6537684705/0,"{""aggregation"":""latest year full dual eligibility"",""count_ever_enrolled"":""48,566"",""count_last_month_enrollment"":""46,919"",""source_row_count"":1113,""source_rows_used"":1113,""why_matters"":""Full-dual enrollment identifies Medicare-Medicaid coordination demand and states with high integrated-care opportunity.""}",2026-07-24T04:43:51Z
cmsmedicaid-afeedd8992f93fed,medicaid_data,medicaid_datastore,93b36a8e-4dd5-4ff4-9a8b-8c6537684705,Dual Status Information for Medicaid and CHIP Beneficiaries by Year,dataset_signal,New Hampshire,medicare,medicaid; medicare; dual_enrollment; care_coordination,full_dual_average_monthly_enrollment,25938,2022,,2024-01-05,false,67,"{""dataset_id"":""93b36a8e-4dd5-4ff4-9a8b-8c6537684705"",""endpoint_type"":""medicaid_datastore"",""method"":""latest year full dual eligibility"",""metric_name"":""full_dual_average_monthly_enrollment"",""metric_period"":""2022"",""metric_value"":""25938"",""rht_flag"":false,""signal_dimension"":"""",""state"":""New Hampshire"",""topic_keys"":[""medicaid"",""medicare"",""dual_enrollment"",""care_coordination""],""why_matters"":""Full-dual enrollment identifies Medicare-Medicaid coordination demand and states with high integrated-care opportunity.""}",https://data.medicaid.gov/api/1/datastore/query/93b36a8e-4dd5-4ff4-9a8b-8c6537684705/0,"{""aggregation"":""latest year full dual eligibility"",""count_ever_enrolled"":""29,548"",""count_last_month_enrollment"":""29,107"",""source_row_count"":1113,""source_rows_used"":1113,""why_matters"":""Full-dual enrollment identifies Medicare-Medicaid coordination demand and states with high integrated-care opportunity.""}",2026-07-24T04:43:51Z
cmsmedicaid-d206023fb7298446,medicaid_data,medicaid_datastore,93b36a8e-4dd5-4ff4-9a8b-8c6537684705,Dual Status Information for Medicaid and CHIP Beneficiaries by Year,dataset_signal,New Jersey,medicare,medicaid; medicare; dual_enrollment; care_coordination,full_dual_average_monthly_enrollment,243124,2022,,2024-01-05,false,67,"{""dataset_id"":""93b36a8e-4dd5-4ff4-9a8b-8c6537684705"",""endpoint_type"":""medicaid_datastore"",""method"":""latest year full dual eligibility"",""metric_name"":""full_dual_average_monthly_enrollment"",""metric_period"":""2022"",""metric_value"":""243124"",""rht_flag"":false,""signal_dimension"":"""",""state"":""New Jersey"",""topic_keys"":[""medicaid"",""medicare"",""dual_enrollment"",""care_coordination""],""why_matters"":""Full-dual enrollment identifies Medicare-Medicaid coordination demand and states with high integrated-care opportunity.""}",https://data.medicaid.gov/api/1/datastore/query/93b36a8e-4dd5-4ff4-9a8b-8c6537684705/0,"{""aggregation"":""latest year full dual eligibility"",""count_ever_enrolled"":""263,256"",""count_last_month_enrollment"":""262,866"",""source_row_count"":1113,""source_rows_used"":1113,""why_matters"":""Full-dual enrollment identifies Medicare-Medicaid coordination demand and states with high integrated-care opportunity.""}",2026-07-24T04:43:51Z
cmsmedicaid-52e1b77a6073275b,medicaid_data,medicaid_datastore,93b36a8e-4dd5-4ff4-9a8b-8c6537684705,Dual Status Information for Medicaid and CHIP Beneficiaries by Year,dataset_signal,New Mexico,medicare,medicaid; medicare; dual_enrollment; care_coordination,full_dual_average_monthly_enrollment,58216,2022,,2024-01-05,false,67,"{""dataset_id"":""93b36a8e-4dd5-4ff4-9a8b-8c6537684705"",""endpoint_type"":""medicaid_datastore"",""method"":""latest year full dual eligibility"",""metric_name"":""full_dual_average_monthly_enrollment"",""metric_period"":""2022"",""metric_value"":""58216"",""rht_flag"":false,""signal_dimension"":"""",""state"":""New Mexico"",""topic_keys"":[""medicaid"",""medicare"",""dual_enrollment"",""care_coordination""],""why_matters"":""Full-dual enrollment identifies Medicare-Medicaid coordination demand and states with high integrated-care opportunity.""}",https://data.medicaid.gov/api/1/datastore/query/93b36a8e-4dd5-4ff4-9a8b-8c6537684705/0,"{""aggregation"":""latest year full dual eligibility"",""count_ever_enrolled"":""68,681"",""count_last_month_enrollment"":""60,622"",""source_row_count"":1113,""source_rows_used"":1113,""why_matters"":""Full-dual enrollment identifies Medicare-Medicaid coordination demand and states with high integrated-care opportunity.""}",2026-07-24T04:43:51Z
cmsmedicaid-0b3888f2d2a7314d,medicaid_data,medicaid_datastore,93b36a8e-4dd5-4ff4-9a8b-8c6537684705,Dual Status Information for Medicaid and CHIP Beneficiaries by Year,dataset_signal,New York,medicare,medicaid; medicare; dual_enrollment; care_coordination,full_dual_average_monthly_enrollment,970394,2022,,2024-01-05,false,67,"{""dataset_id"":""93b36a8e-4dd5-4ff4-9a8b-8c6537684705"",""endpoint_type"":""medicaid_datastore"",""method"":""latest year full dual eligibility"",""metric_name"":""full_dual_average_monthly_enrollment"",""metric_period"":""2022"",""metric_value"":""970394"",""rht_flag"":false,""signal_dimension"":"""",""state"":""New York"",""topic_keys"":[""medicaid"",""medicare"",""dual_enrollment"",""care_coordination""],""why_matters"":""Full-dual enrollment identifies Medicare-Medicaid coordination demand and states with high integrated-care opportunity.""}",https://data.medicaid.gov/api/1/datastore/query/93b36a8e-4dd5-4ff4-9a8b-8c6537684705/0,"{""aggregation"":""latest year full dual eligibility"",""count_ever_enrolled"":""1,056,482"",""count_last_month_enrollment"":""1,038,965"",""source_row_count"":1113,""source_rows_used"":1113,""why_matters"":""Full-dual enrollment identifies Medicare-Medicaid coordination demand and states with high integrated-care opportunity.""}",2026-07-24T04:43:51Z
cmsmedicaid-2f3edb3288f18627,medicaid_data,medicaid_datastore,93b36a8e-4dd5-4ff4-9a8b-8c6537684705,Dual Status Information for Medicaid and CHIP Beneficiaries by Year,dataset_signal,North Carolina,medicare,medicaid; medicare; dual_enrollment; care_coordination,full_dual_average_monthly_enrollment,270114,2022,,2024-01-05,false,67,"{""dataset_id"":""93b36a8e-4dd5-4ff4-9a8b-8c6537684705"",""endpoint_type"":""medicaid_datastore"",""method"":""latest year full dual eligibility"",""metric_name"":""full_dual_average_monthly_enrollment"",""metric_period"":""2022"",""metric_value"":""270114"",""rht_flag"":false,""signal_dimension"":"""",""state"":""North Carolina"",""topic_keys"":[""medicaid"",""medicare"",""dual_enrollment"",""care_coordination""],""why_matters"":""Full-dual enrollment identifies Medicare-Medicaid coordination demand and states with high integrated-care opportunity.""}",https://data.medicaid.gov/api/1/datastore/query/93b36a8e-4dd5-4ff4-9a8b-8c6537684705/0,"{""aggregation"":""latest year full dual eligibility"",""count_ever_enrolled"":""298,560"",""count_last_month_enrollment"":""294,647"",""source_row_count"":1113,""source_rows_used"":1113,""why_matters"":""Full-dual enrollment identifies Medicare-Medicaid coordination demand and states with high integrated-care opportunity.""}",2026-07-24T04:43:51Z
cmsmedicaid-1fd018e8a4ed63e0,medicaid_data,medicaid_datastore,93b36a8e-4dd5-4ff4-9a8b-8c6537684705,Dual Status Information for Medicaid and CHIP Beneficiaries by Year,dataset_signal,North Dakota,medicare,medicaid; medicare; dual_enrollment; care_coordination,full_dual_average_monthly_enrollment,14797,2022,,2024-01-05,false,67,"{""dataset_id"":""93b36a8e-4dd5-4ff4-9a8b-8c6537684705"",""endpoint_type"":""medicaid_datastore"",""method"":""latest year full dual eligibility"",""metric_name"":""full_dual_average_monthly_enrollment"",""metric_period"":""2022"",""metric_value"":""14797"",""rht_flag"":false,""signal_dimension"":"""",""state"":""North Dakota"",""topic_keys"":[""medicaid"",""medicare"",""dual_enrollment"",""care_coordination""],""why_matters"":""Full-dual enrollment identifies Medicare-Medicaid coordination demand and states with high integrated-care opportunity.""}",https://data.medicaid.gov/api/1/datastore/query/93b36a8e-4dd5-4ff4-9a8b-8c6537684705/0,"{""aggregation"":""latest year full dual eligibility"",""count_ever_enrolled"":""17,439"",""count_last_month_enrollment"":""16,835"",""source_row_count"":1113,""source_rows_used"":1113,""why_matters"":""Full-dual enrollment identifies Medicare-Medicaid coordination demand and states with high integrated-care opportunity.""}",2026-07-24T04:43:51Z
cmsmedicaid-501b74c4d8032ba0,medicaid_data,medicaid_datastore,93b36a8e-4dd5-4ff4-9a8b-8c6537684705,Dual Status Information for Medicaid and CHIP Beneficiaries by Year,dataset_signal,Ohio,medicare,medicaid; medicare; dual_enrollment; care_coordination,full_dual_average_monthly_enrollment,256304,2022,,2024-01-05,false,67,"{""dataset_id"":""93b36a8e-4dd5-4ff4-9a8b-8c6537684705"",""endpoint_type"":""medicaid_datastore"",""method"":""latest year full dual eligibility"",""metric_name"":""full_dual_average_monthly_enrollment"",""metric_period"":""2022"",""metric_value"":""256304"",""rht_flag"":false,""signal_dimension"":"""",""state"":""Ohio"",""topic_keys"":[""medicaid"",""medicare"",""dual_enrollment"",""care_coordination""],""why_matters"":""Full-dual enrollment identifies Medicare-Medicaid coordination demand and states with high integrated-care opportunity.""}",https://data.medicaid.gov/api/1/datastore/query/93b36a8e-4dd5-4ff4-9a8b-8c6537684705/0,"{""aggregation"":""latest year full dual eligibility"",""count_ever_enrolled"":""289,802"",""count_last_month_enrollment"":""285,584"",""source_row_count"":1113,""source_rows_used"":1113,""why_matters"":""Full-dual enrollment identifies Medicare-Medicaid coordination demand and states with high integrated-care opportunity.""}",2026-07-24T04:43:51Z
cmsmedicaid-cce8039c68c8f802,medicaid_data,medicaid_datastore,93b36a8e-4dd5-4ff4-9a8b-8c6537684705,Dual Status Information for Medicaid and CHIP Beneficiaries by Year,dataset_signal,Oklahoma,medicare,medicaid; medicare; dual_enrollment; care_coordination,full_dual_average_monthly_enrollment,103492,2022,,2024-01-05,false,67,"{""dataset_id"":""93b36a8e-4dd5-4ff4-9a8b-8c6537684705"",""endpoint_type"":""medicaid_datastore"",""method"":""latest year full dual eligibility"",""metric_name"":""full_dual_average_monthly_enrollment"",""metric_period"":""2022"",""metric_value"":""103492"",""rht_flag"":false,""signal_dimension"":"""",""state"":""Oklahoma"",""topic_keys"":[""medicaid"",""medicare"",""dual_enrollment"",""care_coordination""],""why_matters"":""Full-dual enrollment identifies Medicare-Medicaid coordination demand and states with high integrated-care opportunity.""}",https://data.medicaid.gov/api/1/datastore/query/93b36a8e-4dd5-4ff4-9a8b-8c6537684705/0,"{""aggregation"":""latest year full dual eligibility"",""count_ever_enrolled"":""115,146"",""count_last_month_enrollment"":""114,281"",""source_row_count"":1113,""source_rows_used"":1113,""why_matters"":""Full-dual enrollment identifies Medicare-Medicaid coordination demand and states with high integrated-care opportunity.""}",2026-07-24T04:43:51Z
cmsmedicaid-67fcd68c9977d2ad,medicaid_data,medicaid_datastore,93b36a8e-4dd5-4ff4-9a8b-8c6537684705,Dual Status Information for Medicaid and CHIP Beneficiaries by Year,dataset_signal,Oregon,medicare,medicaid; medicare; dual_enrollment; care_coordination,full_dual_average_monthly_enrollment,110711,2022,,2024-01-05,false,67,"{""dataset_id"":""93b36a8e-4dd5-4ff4-9a8b-8c6537684705"",""endpoint_type"":""medicaid_datastore"",""method"":""latest year full dual eligibility"",""metric_name"":""full_dual_average_monthly_enrollment"",""metric_period"":""2022"",""metric_value"":""110711"",""rht_flag"":false,""signal_dimension"":"""",""state"":""Oregon"",""topic_keys"":[""medicaid"",""medicare"",""dual_enrollment"",""care_coordination""],""why_matters"":""Full-dual enrollment identifies Medicare-Medicaid coordination demand and states with high integrated-care opportunity.""}",https://data.medicaid.gov/api/1/datastore/query/93b36a8e-4dd5-4ff4-9a8b-8c6537684705/0,"{""aggregation"":""latest year full dual eligibility"",""count_ever_enrolled"":""122,611"",""count_last_month_enrollment"":""122,434"",""source_row_count"":1113,""source_rows_used"":1113,""why_matters"":""Full-dual enrollment identifies Medicare-Medicaid coordination demand and states with high integrated-care opportunity.""}",2026-07-24T04:43:51Z
cmsmedicaid-8fab30853e98ed04,medicaid_data,medicaid_datastore,93b36a8e-4dd5-4ff4-9a8b-8c6537684705,Dual Status Information for Medicaid and CHIP Beneficiaries by Year,dataset_signal,Pennsylvania,medicare,medicaid; medicare; dual_enrollment; care_coordination,full_dual_average_monthly_enrollment,447073,2022,,2024-01-05,false,67,"{""dataset_id"":""93b36a8e-4dd5-4ff4-9a8b-8c6537684705"",""endpoint_type"":""medicaid_datastore"",""method"":""latest year full dual eligibility"",""metric_name"":""full_dual_average_monthly_enrollment"",""metric_period"":""2022"",""metric_value"":""447073"",""rht_flag"":false,""signal_dimension"":"""",""state"":""Pennsylvania"",""topic_keys"":[""medicaid"",""medicare"",""dual_enrollment"",""care_coordination""],""why_matters"":""Full-dual enrollment identifies Medicare-Medicaid coordination demand and states with high integrated-care opportunity.""}",https://data.medicaid.gov/api/1/datastore/query/93b36a8e-4dd5-4ff4-9a8b-8c6537684705/0,"{""aggregation"":""latest year full dual eligibility"",""count_ever_enrolled"":""500,939"",""count_last_month_enrollment"":""483,907"",""source_row_count"":1113,""source_rows_used"":1113,""why_matters"":""Full-dual enrollment identifies Medicare-Medicaid coordination demand and states with high integrated-care opportunity.""}",2026-07-24T04:43:51Z
cmsmedicaid-440916f83e7bfbcb,medicaid_data,medicaid_datastore,93b36a8e-4dd5-4ff4-9a8b-8c6537684705,Dual Status Information for Medicaid and CHIP Beneficiaries by Year,dataset_signal,Puerto Rico,medicare,medicaid; medicare; dual_enrollment; care_coordination,full_dual_average_monthly_enrollment,355720,2022,,2024-01-05,false,67,"{""dataset_id"":""93b36a8e-4dd5-4ff4-9a8b-8c6537684705"",""endpoint_type"":""medicaid_datastore"",""method"":""latest year full dual eligibility"",""metric_name"":""full_dual_average_monthly_enrollment"",""metric_period"":""2022"",""metric_value"":""355720"",""rht_flag"":false,""signal_dimension"":"""",""state"":""Puerto Rico"",""topic_keys"":[""medicaid"",""medicare"",""dual_enrollment"",""care_coordination""],""why_matters"":""Full-dual enrollment identifies Medicare-Medicaid coordination demand and states with high integrated-care opportunity.""}",https://data.medicaid.gov/api/1/datastore/query/93b36a8e-4dd5-4ff4-9a8b-8c6537684705/0,"{""aggregation"":""latest year full dual eligibility"",""count_ever_enrolled"":""374,171"",""count_last_month_enrollment"":""374,080"",""source_row_count"":1113,""source_rows_used"":1113,""why_matters"":""Full-dual enrollment identifies Medicare-Medicaid coordination demand and states with high integrated-care opportunity.""}",2026-07-24T04:43:51Z
cmsmedicaid-4528491ec1f51b38,medicaid_data,medicaid_datastore,93b36a8e-4dd5-4ff4-9a8b-8c6537684705,Dual Status Information for Medicaid and CHIP Beneficiaries by Year,dataset_signal,Rhode Island,medicare,medicaid; medicare; dual_enrollment; care_coordination,full_dual_average_monthly_enrollment,49158,2022,,2024-01-05,false,67,"{""dataset_id"":""93b36a8e-4dd5-4ff4-9a8b-8c6537684705"",""endpoint_type"":""medicaid_datastore"",""method"":""latest year full dual eligibility"",""metric_name"":""full_dual_average_monthly_enrollment"",""metric_period"":""2022"",""metric_value"":""49158"",""rht_flag"":false,""signal_dimension"":"""",""state"":""Rhode Island"",""topic_keys"":[""medicaid"",""medicare"",""dual_enrollment"",""care_coordination""],""why_matters"":""Full-dual enrollment identifies Medicare-Medicaid coordination demand and states with high integrated-care opportunity.""}",https://data.medicaid.gov/api/1/datastore/query/93b36a8e-4dd5-4ff4-9a8b-8c6537684705/0,"{""aggregation"":""latest year full dual eligibility"",""count_ever_enrolled"":""52,379"",""count_last_month_enrollment"":""51,199"",""source_row_count"":1113,""source_rows_used"":1113,""why_matters"":""Full-dual enrollment identifies Medicare-Medicaid coordination demand and states with high integrated-care opportunity.""}",2026-07-24T04:43:51Z
cmsmedicaid-fa68f9932b6682fe,medicaid_data,medicaid_datastore,93b36a8e-4dd5-4ff4-9a8b-8c6537684705,Dual Status Information for Medicaid and CHIP Beneficiaries by Year,dataset_signal,South Carolina,medicare,medicaid; medicare; dual_enrollment; care_coordination,full_dual_average_monthly_enrollment,164295,2022,,2024-01-05,false,67,"{""dataset_id"":""93b36a8e-4dd5-4ff4-9a8b-8c6537684705"",""endpoint_type"":""medicaid_datastore"",""method"":""latest year full dual eligibility"",""metric_name"":""full_dual_average_monthly_enrollment"",""metric_period"":""2022"",""metric_value"":""164295"",""rht_flag"":false,""signal_dimension"":"""",""state"":""South Carolina"",""topic_keys"":[""medicaid"",""medicare"",""dual_enrollment"",""care_coordination""],""why_matters"":""Full-dual enrollment identifies Medicare-Medicaid coordination demand and states with high integrated-care opportunity.""}",https://data.medicaid.gov/api/1/datastore/query/93b36a8e-4dd5-4ff4-9a8b-8c6537684705/0,"{""aggregation"":""latest year full dual eligibility"",""count_ever_enrolled"":""172,678"",""count_last_month_enrollment"":""172,618"",""source_row_count"":1113,""source_rows_used"":1113,""why_matters"":""Full-dual enrollment identifies Medicare-Medicaid coordination demand and states with high integrated-care opportunity.""}",2026-07-24T04:43:51Z
cmsmedicaid-4dc60cbc1a952143,medicaid_data,medicaid_datastore,93b36a8e-4dd5-4ff4-9a8b-8c6537684705,Dual Status Information for Medicaid and CHIP Beneficiaries by Year,dataset_signal,South Dakota,medicare,medicaid; medicare; dual_enrollment; care_coordination,full_dual_average_monthly_enrollment,13366,2022,,2024-01-05,false,67,"{""dataset_id"":""93b36a8e-4dd5-4ff4-9a8b-8c6537684705"",""endpoint_type"":""medicaid_datastore"",""method"":""latest year full dual eligibility"",""metric_name"":""full_dual_average_monthly_enrollment"",""metric_period"":""2022"",""metric_value"":""13366"",""rht_flag"":false,""signal_dimension"":"""",""state"":""South Dakota"",""topic_keys"":[""medicaid"",""medicare"",""dual_enrollment"",""care_coordination""],""why_matters"":""Full-dual enrollment identifies Medicare-Medicaid coordination demand and states with high integrated-care opportunity.""}",https://data.medicaid.gov/api/1/datastore/query/93b36a8e-4dd5-4ff4-9a8b-8c6537684705/0,"{""aggregation"":""latest year full dual eligibility"",""count_ever_enrolled"":""14,890"",""count_last_month_enrollment"":""14,873"",""source_row_count"":1113,""source_rows_used"":1113,""why_matters"":""Full-dual enrollment identifies Medicare-Medicaid coordination demand and states with high integrated-care opportunity.""}",2026-07-24T04:43:51Z
cmsmedicaid-a59f5dcae88a838f,medicaid_data,medicaid_datastore,93b36a8e-4dd5-4ff4-9a8b-8c6537684705,Dual Status Information for Medicaid and CHIP Beneficiaries by Year,dataset_signal,Tennessee,medicare,medicaid; medicare; dual_enrollment; care_coordination,full_dual_average_monthly_enrollment,173496,2022,,2024-01-05,false,67,"{""dataset_id"":""93b36a8e-4dd5-4ff4-9a8b-8c6537684705"",""endpoint_type"":""medicaid_datastore"",""method"":""latest year full dual eligibility"",""metric_name"":""full_dual_average_monthly_enrollment"",""metric_period"":""2022"",""metric_value"":""173496"",""rht_flag"":false,""signal_dimension"":"""",""state"":""Tennessee"",""topic_keys"":[""medicaid"",""medicare"",""dual_enrollment"",""care_coordination""],""why_matters"":""Full-dual enrollment identifies Medicare-Medicaid coordination demand and states with high integrated-care opportunity.""}",https://data.medicaid.gov/api/1/datastore/query/93b36a8e-4dd5-4ff4-9a8b-8c6537684705/0,"{""aggregation"":""latest year full dual eligibility"",""count_ever_enrolled"":""186,501"",""count_last_month_enrollment"":""185,765"",""source_row_count"":1113,""source_rows_used"":1113,""why_matters"":""Full-dual enrollment identifies Medicare-Medicaid coordination demand and states with high integrated-care opportunity.""}",2026-07-24T04:43:51Z
cmsmedicaid-0f591eaa7ba4d1bc,medicaid_data,medicaid_datastore,93b36a8e-4dd5-4ff4-9a8b-8c6537684705,Dual Status Information for Medicaid and CHIP Beneficiaries by Year,dataset_signal,Texas,medicare,medicaid; medicare; dual_enrollment; care_coordination,full_dual_average_monthly_enrollment,400633,2022,,2024-01-05,false,67,"{""dataset_id"":""93b36a8e-4dd5-4ff4-9a8b-8c6537684705"",""endpoint_type"":""medicaid_datastore"",""method"":""latest year full dual eligibility"",""metric_name"":""full_dual_average_monthly_enrollment"",""metric_period"":""2022"",""metric_value"":""400633"",""rht_flag"":false,""signal_dimension"":"""",""state"":""Texas"",""topic_keys"":[""medicaid"",""medicare"",""dual_enrollment"",""care_coordination""],""why_matters"":""Full-dual enrollment identifies Medicare-Medicaid coordination demand and states with high integrated-care opportunity.""}",https://data.medicaid.gov/api/1/datastore/query/93b36a8e-4dd5-4ff4-9a8b-8c6537684705/0,"{""aggregation"":""latest year full dual eligibility"",""count_ever_enrolled"":""438,395"",""count_last_month_enrollment"":""436,924"",""source_row_count"":1113,""source_rows_used"":1113,""why_matters"":""Full-dual enrollment identifies Medicare-Medicaid coordination demand and states with high integrated-care opportunity.""}",2026-07-24T04:43:51Z
cmsmedicaid-067e27bc1a846a01,medicaid_data,medicaid_datastore,93b36a8e-4dd5-4ff4-9a8b-8c6537684705,Dual Status Information for Medicaid and CHIP Beneficiaries by Year,dataset_signal,Utah,medicare,medicaid; medicare; dual_enrollment; care_coordination,full_dual_average_monthly_enrollment,37610,2022,,2024-01-05,false,67,"{""dataset_id"":""93b36a8e-4dd5-4ff4-9a8b-8c6537684705"",""endpoint_type"":""medicaid_datastore"",""method"":""latest year full dual eligibility"",""metric_name"":""full_dual_average_monthly_enrollment"",""metric_period"":""2022"",""metric_value"":""37610"",""rht_flag"":false,""signal_dimension"":"""",""state"":""Utah"",""topic_keys"":[""medicaid"",""medicare"",""dual_enrollment"",""care_coordination""],""why_matters"":""Full-dual enrollment identifies Medicare-Medicaid coordination demand and states with high integrated-care opportunity.""}",https://data.medicaid.gov/api/1/datastore/query/93b36a8e-4dd5-4ff4-9a8b-8c6537684705/0,"{""aggregation"":""latest year full dual eligibility"",""count_ever_enrolled"":""44,145"",""count_last_month_enrollment"":""41,823"",""source_row_count"":1113,""source_rows_used"":1113,""why_matters"":""Full-dual enrollment identifies Medicare-Medicaid coordination demand and states with high integrated-care opportunity.""}",2026-07-24T04:43:51Z
cmsmedicaid-b435e49094853a25,medicaid_data,medicaid_datastore,93b36a8e-4dd5-4ff4-9a8b-8c6537684705,Dual Status Information for Medicaid and CHIP Beneficiaries by Year,dataset_signal,Vermont,medicare,medicaid; medicare; dual_enrollment; care_coordination,full_dual_average_monthly_enrollment,21162,2022,,2024-01-05,false,67,"{""dataset_id"":""93b36a8e-4dd5-4ff4-9a8b-8c6537684705"",""endpoint_type"":""medicaid_datastore"",""method"":""latest year full dual eligibility"",""metric_name"":""full_dual_average_monthly_enrollment"",""metric_period"":""2022"",""metric_value"":""21162"",""rht_flag"":false,""signal_dimension"":"""",""state"":""Vermont"",""topic_keys"":[""medicaid"",""medicare"",""dual_enrollment"",""care_coordination""],""why_matters"":""Full-dual enrollment identifies Medicare-Medicaid coordination demand and states with high integrated-care opportunity.""}",https://data.medicaid.gov/api/1/datastore/query/93b36a8e-4dd5-4ff4-9a8b-8c6537684705/0,"{""aggregation"":""latest year full dual eligibility"",""count_ever_enrolled"":""22,844"",""count_last_month_enrollment"":""22,793"",""source_row_count"":1113,""source_rows_used"":1113,""why_matters"":""Full-dual enrollment identifies Medicare-Medicaid coordination demand and states with high integrated-care opportunity.""}",2026-07-24T04:43:51Z
cmsmedicaid-599da943e753c03b,medicaid_data,medicaid_datastore,93b36a8e-4dd5-4ff4-9a8b-8c6537684705,Dual Status Information for Medicaid and CHIP Beneficiaries by Year,dataset_signal,Virgin Islands,medicare,medicaid; medicare; dual_enrollment; care_coordination,full_dual_average_monthly_enrollment,4590,2022,,2024-01-05,false,67,"{""dataset_id"":""93b36a8e-4dd5-4ff4-9a8b-8c6537684705"",""endpoint_type"":""medicaid_datastore"",""method"":""latest year full dual eligibility"",""metric_name"":""full_dual_average_monthly_enrollment"",""metric_period"":""2022"",""metric_value"":""4590"",""rht_flag"":false,""signal_dimension"":"""",""state"":""Virgin Islands"",""topic_keys"":[""medicaid"",""medicare"",""dual_enrollment"",""care_coordination""],""why_matters"":""Full-dual enrollment identifies Medicare-Medicaid coordination demand and states with high integrated-care opportunity.""}",https://data.medicaid.gov/api/1/datastore/query/93b36a8e-4dd5-4ff4-9a8b-8c6537684705/0,"{""aggregation"":""latest year full dual eligibility"",""count_ever_enrolled"":""4,743"",""count_last_month_enrollment"":""4,743"",""source_row_count"":1113,""source_rows_used"":1113,""why_matters"":""Full-dual enrollment identifies Medicare-Medicaid coordination demand and states with high integrated-care opportunity.""}",2026-07-24T04:43:51Z
cmsmedicaid-f3aa3ff85ad4e75c,medicaid_data,medicaid_datastore,93b36a8e-4dd5-4ff4-9a8b-8c6537684705,Dual Status Information for Medicaid and CHIP Beneficiaries by Year,dataset_signal,Virginia,medicare,medicaid; medicare; dual_enrollment; care_coordination,full_dual_average_monthly_enrollment,177576,2022,,2024-01-05,false,67,"{""dataset_id"":""93b36a8e-4dd5-4ff4-9a8b-8c6537684705"",""endpoint_type"":""medicaid_datastore"",""method"":""latest year full dual eligibility"",""metric_name"":""full_dual_average_monthly_enrollment"",""metric_period"":""2022"",""metric_value"":""177576"",""rht_flag"":false,""signal_dimension"":"""",""state"":""Virginia"",""topic_keys"":[""medicaid"",""medicare"",""dual_enrollment"",""care_coordination""],""why_matters"":""Full-dual enrollment identifies Medicare-Medicaid coordination demand and states with high integrated-care opportunity.""}",https://data.medicaid.gov/api/1/datastore/query/93b36a8e-4dd5-4ff4-9a8b-8c6537684705/0,"{""aggregation"":""latest year full dual eligibility"",""count_ever_enrolled"":""192,164"",""count_last_month_enrollment"":""191,675"",""source_row_count"":1113,""source_rows_used"":1113,""why_matters"":""Full-dual enrollment identifies Medicare-Medicaid coordination demand and states with high integrated-care opportunity.""}",2026-07-24T04:43:51Z
cmsmedicaid-43677514af09c8b3,medicaid_data,medicaid_datastore,93b36a8e-4dd5-4ff4-9a8b-8c6537684705,Dual Status Information for Medicaid and CHIP Beneficiaries by Year,dataset_signal,Washington,medicare,medicaid; medicare; dual_enrollment; care_coordination,full_dual_average_monthly_enrollment,169830,2022,,2024-01-05,false,67,"{""dataset_id"":""93b36a8e-4dd5-4ff4-9a8b-8c6537684705"",""endpoint_type"":""medicaid_datastore"",""method"":""latest year full dual eligibility"",""metric_name"":""full_dual_average_monthly_enrollment"",""metric_period"":""2022"",""metric_value"":""169830"",""rht_flag"":false,""signal_dimension"":"""",""state"":""Washington"",""topic_keys"":[""medicaid"",""medicare"",""dual_enrollment"",""care_coordination""],""why_matters"":""Full-dual enrollment identifies Medicare-Medicaid coordination demand and states with high integrated-care opportunity.""}",https://data.medicaid.gov/api/1/datastore/query/93b36a8e-4dd5-4ff4-9a8b-8c6537684705/0,"{""aggregation"":""latest year full dual eligibility"",""count_ever_enrolled"":""186,954"",""count_last_month_enrollment"":""179,502"",""source_row_count"":1113,""source_rows_used"":1113,""why_matters"":""Full-dual enrollment identifies Medicare-Medicaid coordination demand and states with high integrated-care opportunity.""}",2026-07-24T04:43:51Z
cmsmedicaid-091676ab36a98031,medicaid_data,medicaid_datastore,93b36a8e-4dd5-4ff4-9a8b-8c6537684705,Dual Status Information for Medicaid and CHIP Beneficiaries by Year,dataset_signal,West Virginia,medicare,medicaid; medicare; dual_enrollment; care_coordination,full_dual_average_monthly_enrollment,56989,2022,,2024-01-05,false,67,"{""dataset_id"":""93b36a8e-4dd5-4ff4-9a8b-8c6537684705"",""endpoint_type"":""medicaid_datastore"",""method"":""latest year full dual eligibility"",""metric_name"":""full_dual_average_monthly_enrollment"",""metric_period"":""2022"",""metric_value"":""56989"",""rht_flag"":false,""signal_dimension"":"""",""state"":""West Virginia"",""topic_keys"":[""medicaid"",""medicare"",""dual_enrollment"",""care_coordination""],""why_matters"":""Full-dual enrollment identifies Medicare-Medicaid coordination demand and states with high integrated-care opportunity.""}",https://data.medicaid.gov/api/1/datastore/query/93b36a8e-4dd5-4ff4-9a8b-8c6537684705/0,"{""aggregation"":""latest year full dual eligibility"",""count_ever_enrolled"":""61,611"",""count_last_month_enrollment"":""61,611"",""source_row_count"":1113,""source_rows_used"":1113,""why_matters"":""Full-dual enrollment identifies Medicare-Medicaid coordination demand and states with high integrated-care opportunity.""}",2026-07-24T04:43:51Z
cmsmedicaid-8f978466885f1ee0,medicaid_data,medicaid_datastore,93b36a8e-4dd5-4ff4-9a8b-8c6537684705,Dual Status Information for Medicaid and CHIP Beneficiaries by Year,dataset_signal,Wisconsin,medicare,medicaid; medicare; dual_enrollment; care_coordination,full_dual_average_monthly_enrollment,179764,2022,,2024-01-05,false,67,"{""dataset_id"":""93b36a8e-4dd5-4ff4-9a8b-8c6537684705"",""endpoint_type"":""medicaid_datastore"",""method"":""latest year full dual eligibility"",""metric_name"":""full_dual_average_monthly_enrollment"",""metric_period"":""2022"",""metric_value"":""179764"",""rht_flag"":false,""signal_dimension"":"""",""state"":""Wisconsin"",""topic_keys"":[""medicaid"",""medicare"",""dual_enrollment"",""care_coordination""],""why_matters"":""Full-dual enrollment identifies Medicare-Medicaid coordination demand and states with high integrated-care opportunity.""}",https://data.medicaid.gov/api/1/datastore/query/93b36a8e-4dd5-4ff4-9a8b-8c6537684705/0,"{""aggregation"":""latest year full dual eligibility"",""count_ever_enrolled"":""198,552"",""count_last_month_enrollment"":""197,840"",""source_row_count"":1113,""source_rows_used"":1113,""why_matters"":""Full-dual enrollment identifies Medicare-Medicaid coordination demand and states with high integrated-care opportunity.""}",2026-07-24T04:43:51Z
cmsmedicaid-0a70a96a15d7100f,medicaid_data,medicaid_datastore,93b36a8e-4dd5-4ff4-9a8b-8c6537684705,Dual Status Information for Medicaid and CHIP Beneficiaries by Year,dataset_signal,Wyoming,medicare,medicaid; medicare; dual_enrollment; care_coordination,full_dual_average_monthly_enrollment,7703,2022,,2024-01-05,false,67,"{""dataset_id"":""93b36a8e-4dd5-4ff4-9a8b-8c6537684705"",""endpoint_type"":""medicaid_datastore"",""method"":""latest year full dual eligibility"",""metric_name"":""full_dual_average_monthly_enrollment"",""metric_period"":""2022"",""metric_value"":""7703"",""rht_flag"":false,""signal_dimension"":"""",""state"":""Wyoming"",""topic_keys"":[""medicaid"",""medicare"",""dual_enrollment"",""care_coordination""],""why_matters"":""Full-dual enrollment identifies Medicare-Medicaid coordination demand and states with high integrated-care opportunity.""}",https://data.medicaid.gov/api/1/datastore/query/93b36a8e-4dd5-4ff4-9a8b-8c6537684705/0,"{""aggregation"":""latest year full dual eligibility"",""count_ever_enrolled"":""8,885"",""count_last_month_enrollment"":""8,818"",""source_row_count"":1113,""source_rows_used"":1113,""why_matters"":""Full-dual enrollment identifies Medicare-Medicaid coordination demand and states with high integrated-care opportunity.""}",2026-07-24T04:43:51Z
cmsmedicaid-8dbe737701b214f8,medicaid_data,medicaid_datastore,8062e2f4-4c0a-41c9-8217-979468a80986,Medicaid and CHIP enrollees who received mental health or SUD services,dataset_signal,,quality,medicaid; behavioral_health; service_use; quality; rural_health,mh_sud_service_use_percentage,24.9,2022,,2025-01-17,true,83,"{""dataset_id"":""8062e2f4-4c0a-41c9-8217-979468a80986"",""endpoint_type"":""medicaid_datastore"",""method"":""latest year urban/rural residence percentage"",""metric_name"":""mh_sud_service_use_percentage"",""metric_period"":""2022"",""metric_value"":""24.9"",""rht_flag"":true,""signal_dimension"":""Rural"",""state"":"""",""topic_keys"":[""medicaid"",""behavioral_health"",""service_use"",""quality"",""rural_health""],""why_matters"":""Behavioral health and SUD service-use rates, including rural residence, support RHT and quality scoring.""}",https://data.medicaid.gov/api/1/datastore/query/8062e2f4-4c0a-41c9-8217-979468a80986/0,"{""aggregation"":""latest year urban/rural residence percentage"",""count_of_enrollees"":""2,109,628"",""denominator_count_of_enrollees"":""8,457,900"",""source_row_count"":216,""source_rows_used"":216,""subpopulation"":""Rural"",""why_matters"":""Behavioral health and SUD service-use rates, including rural residence, support RHT and quality scoring.""}",2026-07-24T04:43:51Z
cmsmedicaid-178be6aa066d1599,medicaid_data,medicaid_datastore,8062e2f4-4c0a-41c9-8217-979468a80986,Medicaid and CHIP enrollees who received mental health or SUD services,dataset_signal,,quality,medicaid; behavioral_health; service_use; quality; rural_health,mh_sud_service_use_percentage,18.8,2022,,2025-01-17,false,71,"{""dataset_id"":""8062e2f4-4c0a-41c9-8217-979468a80986"",""endpoint_type"":""medicaid_datastore"",""method"":""latest year urban/rural residence percentage"",""metric_name"":""mh_sud_service_use_percentage"",""metric_period"":""2022"",""metric_value"":""18.8"",""rht_flag"":false,""signal_dimension"":""Urban"",""state"":"""",""topic_keys"":[""medicaid"",""behavioral_health"",""service_use"",""quality"",""rural_health""],""why_matters"":""Behavioral health and SUD service-use rates, including rural residence, support RHT and quality scoring.""}",https://data.medicaid.gov/api/1/datastore/query/8062e2f4-4c0a-41c9-8217-979468a80986/0,"{""aggregation"":""latest year urban/rural residence percentage"",""count_of_enrollees"":""8,019,390"",""denominator_count_of_enrollees"":""42,610,269"",""source_row_count"":216,""source_rows_used"":216,""subpopulation"":""Urban"",""why_matters"":""Behavioral health and SUD service-use rates, including rural residence, support RHT and quality scoring.""}",2026-07-24T04:43:51Z
cmsmedicaid-1e587ba31876a536,medicaid_data,medicaid_datastore,4d4eaf55-33d3-4468-80b4-63553f4530ae,Section 1915(c) waiver program participants,dataset_signal,,medicaid,medicaid; 1915c; waiver; hcbs; service_use,section_1915c_waiver_enrollees,230325,2022,,2025-01-17,false,54,"{""dataset_id"":""4d4eaf55-33d3-4468-80b4-63553f4530ae"",""endpoint_type"":""medicaid_datastore"",""method"":""latest year category='Enrolled in 1915(c) waiver'"",""metric_name"":""section_1915c_waiver_enrollees"",""metric_period"":""2022"",""metric_value"":""230325"",""rht_flag"":false,""signal_dimension"":""National|Age group|Ages 0-18"",""state"":"""",""topic_keys"":[""medicaid"",""1915c"",""waiver"",""hcbs"",""service_use""],""why_matters"":""1915(c) waiver participation shows HCBS program scale and waiver administration demand.""}",https://data.medicaid.gov/api/1/datastore/query/4d4eaf55-33d3-4468-80b4-63553f4530ae/0,"{""aggregation"":""latest year category='Enrolled in 1915(c) waiver'"",""denominator_count_of_enrollees"":""2,344,409"",""geography"":""National"",""percentage_of_enrollees"":""9.8"",""source_row_count"":450,""source_rows_used"":450,""subpopulation"":""Ages 0-18"",""subpopulation_topic"":""Age group"",""why_matters"":""1915(c) waiver participation shows HCBS program scale and waiver administration demand.""}",2026-07-24T04:43:51Z
cmsmedicaid-aeb7bc09fdb36ffb,medicaid_data,medicaid_datastore,4d4eaf55-33d3-4468-80b4-63553f4530ae,Section 1915(c) waiver program participants,dataset_signal,,medicaid,medicaid; 1915c; waiver; hcbs; service_use,section_1915c_waiver_enrollees,537607,2022,,2025-01-17,false,54,"{""dataset_id"":""4d4eaf55-33d3-4468-80b4-63553f4530ae"",""endpoint_type"":""medicaid_datastore"",""method"":""latest year category='Enrolled in 1915(c) waiver'"",""metric_name"":""section_1915c_waiver_enrollees"",""metric_period"":""2022"",""metric_value"":""537607"",""rht_flag"":false,""signal_dimension"":""National|Age group|Ages 19-44"",""state"":"""",""topic_keys"":[""medicaid"",""1915c"",""waiver"",""hcbs"",""service_use""],""why_matters"":""1915(c) waiver participation shows HCBS program scale and waiver administration demand.""}",https://data.medicaid.gov/api/1/datastore/query/4d4eaf55-33d3-4468-80b4-63553f4530ae/0,"{""aggregation"":""latest year category='Enrolled in 1915(c) waiver'"",""denominator_count_of_enrollees"":""2,344,409"",""geography"":""National"",""percentage_of_enrollees"":""22.9"",""source_row_count"":450,""source_rows_used"":450,""subpopulation"":""Ages 19-44"",""subpopulation_topic"":""Age group"",""why_matters"":""1915(c) waiver participation shows HCBS program scale and waiver administration demand.""}",2026-07-24T04:43:51Z
cmsmedicaid-00d0bc44b161998d,medicaid_data,medicaid_datastore,4d4eaf55-33d3-4468-80b4-63553f4530ae,Section 1915(c) waiver program participants,dataset_signal,,medicaid,medicaid; 1915c; waiver; hcbs; service_use,section_1915c_waiver_enrollees,533002,2022,,2025-01-17,false,54,"{""dataset_id"":""4d4eaf55-33d3-4468-80b4-63553f4530ae"",""endpoint_type"":""medicaid_datastore"",""method"":""latest year category='Enrolled in 1915(c) waiver'"",""metric_name"":""section_1915c_waiver_enrollees"",""metric_period"":""2022"",""metric_value"":""533002"",""rht_flag"":false,""signal_dimension"":""National|Age group|Ages 45-64"",""state"":"""",""topic_keys"":[""medicaid"",""1915c"",""waiver"",""hcbs"",""service_use""],""why_matters"":""1915(c) waiver participation shows HCBS program scale and waiver administration demand.""}",https://data.medicaid.gov/api/1/datastore/query/4d4eaf55-33d3-4468-80b4-63553f4530ae/0,"{""aggregation"":""latest year category='Enrolled in 1915(c) waiver'"",""denominator_count_of_enrollees"":""2,344,409"",""geography"":""National"",""percentage_of_enrollees"":""22.7"",""source_row_count"":450,""source_rows_used"":450,""subpopulation"":""Ages 45-64"",""subpopulation_topic"":""Age group"",""why_matters"":""1915(c) waiver participation shows HCBS program scale and waiver administration demand.""}",2026-07-24T04:43:51Z
cmsmedicaid-888d69c24ddff6ac,medicaid_data,medicaid_datastore,4d4eaf55-33d3-4468-80b4-63553f4530ae,Section 1915(c) waiver program participants,dataset_signal,,medicaid,medicaid; 1915c; waiver; hcbs; service_use,section_1915c_waiver_enrollees,1043473,2022,,2025-01-17,false,54,"{""dataset_id"":""4d4eaf55-33d3-4468-80b4-63553f4530ae"",""endpoint_type"":""medicaid_datastore"",""method"":""latest year category='Enrolled in 1915(c) waiver'"",""metric_name"":""section_1915c_waiver_enrollees"",""metric_period"":""2022"",""metric_value"":""1043473"",""rht_flag"":false,""signal_dimension"":""National|Age group|Ages 65 and older"",""state"":"""",""topic_keys"":[""medicaid"",""1915c"",""waiver"",""hcbs"",""service_use""],""why_matters"":""1915(c) waiver participation shows HCBS program scale and waiver administration demand.""}",https://data.medicaid.gov/api/1/datastore/query/4d4eaf55-33d3-4468-80b4-63553f4530ae/0,"{""aggregation"":""latest year category='Enrolled in 1915(c) waiver'"",""denominator_count_of_enrollees"":""2,344,409"",""geography"":""National"",""percentage_of_enrollees"":""44.5"",""source_row_count"":450,""source_rows_used"":450,""subpopulation"":""Ages 65 and older"",""subpopulation_topic"":""Age group"",""why_matters"":""1915(c) waiver participation shows HCBS program scale and waiver administration demand.""}",2026-07-24T04:43:51Z
cmsmedicaid-7931c54f8b0b6961,medicaid_data,medicaid_datastore,4d4eaf55-33d3-4468-80b4-63553f4530ae,Section 1915(c) waiver program participants,dataset_signal,,medicaid,medicaid; 1915c; waiver; hcbs; service_use,section_1915c_waiver_enrollees,1623584,2022,,2025-01-17,false,54,"{""dataset_id"":""4d4eaf55-33d3-4468-80b4-63553f4530ae"",""endpoint_type"":""medicaid_datastore"",""method"":""latest year category='Enrolled in 1915(c) waiver'"",""metric_name"":""section_1915c_waiver_enrollees"",""metric_period"":""2022"",""metric_value"":""1623584"",""rht_flag"":false,""signal_dimension"":""National|Dual eligible status|Dually eligible"",""state"":"""",""topic_keys"":[""medicaid"",""1915c"",""waiver"",""hcbs"",""service_use""],""why_matters"":""1915(c) waiver participation shows HCBS program scale and waiver administration demand.""}",https://data.medicaid.gov/api/1/datastore/query/4d4eaf55-33d3-4468-80b4-63553f4530ae/0,"{""aggregation"":""latest year category='Enrolled in 1915(c) waiver'"",""denominator_count_of_enrollees"":""2,344,409"",""geography"":""National"",""percentage_of_enrollees"":""69.3"",""source_row_count"":450,""source_rows_used"":450,""subpopulation"":""Dually eligible"",""subpopulation_topic"":""Dual eligible status"",""why_matters"":""1915(c) waiver participation shows HCBS program scale and waiver administration demand.""}",2026-07-24T04:43:51Z
cmsmedicaid-8e9c4ef4e28a1885,medicaid_data,medicaid_datastore,4d4eaf55-33d3-4468-80b4-63553f4530ae,Section 1915(c) waiver program participants,dataset_signal,,medicaid,medicaid; 1915c; waiver; hcbs; service_use,section_1915c_waiver_enrollees,720825,2022,,2025-01-17,false,54,"{""dataset_id"":""4d4eaf55-33d3-4468-80b4-63553f4530ae"",""endpoint_type"":""medicaid_datastore"",""method"":""latest year category='Enrolled in 1915(c) waiver'"",""metric_name"":""section_1915c_waiver_enrollees"",""metric_period"":""2022"",""metric_value"":""720825"",""rht_flag"":false,""signal_dimension"":""National|Dual eligible status|Not dually eligible"",""state"":"""",""topic_keys"":[""medicaid"",""1915c"",""waiver"",""hcbs"",""service_use""],""why_matters"":""1915(c) waiver participation shows HCBS program scale and waiver administration demand.""}",https://data.medicaid.gov/api/1/datastore/query/4d4eaf55-33d3-4468-80b4-63553f4530ae/0,"{""aggregation"":""latest year category='Enrolled in 1915(c) waiver'"",""denominator_count_of_enrollees"":""2,344,409"",""geography"":""National"",""percentage_of_enrollees"":""30.7"",""source_row_count"":450,""source_rows_used"":450,""subpopulation"":""Not dually eligible"",""subpopulation_topic"":""Dual eligible status"",""why_matters"":""1915(c) waiver participation shows HCBS program scale and waiver administration demand.""}",2026-07-24T04:43:51Z
cmsmedicaid-809dbf40c9d86c64,medicaid_data,medicaid_datastore,4d4eaf55-33d3-4468-80b4-63553f4530ae,Section 1915(c) waiver program participants,dataset_signal,,medicaid,medicaid; 1915c; waiver; hcbs; service_use,section_1915c_waiver_enrollees,1185870,2022,,2025-01-17,false,54,"{""dataset_id"":""4d4eaf55-33d3-4468-80b4-63553f4530ae"",""endpoint_type"":""medicaid_datastore"",""method"":""latest year category='Enrolled in 1915(c) waiver'"",""metric_name"":""section_1915c_waiver_enrollees"",""metric_period"":""2022"",""metric_value"":""1185870"",""rht_flag"":false,""signal_dimension"":""National|Eligibility category|Disability"",""state"":"""",""topic_keys"":[""medicaid"",""1915c"",""waiver"",""hcbs"",""service_use""],""why_matters"":""1915(c) waiver participation shows HCBS program scale and waiver administration demand.""}",https://data.medicaid.gov/api/1/datastore/query/4d4eaf55-33d3-4468-80b4-63553f4530ae/0,"{""aggregation"":""latest year category='Enrolled in 1915(c) waiver'"",""denominator_count_of_enrollees"":""2,344,409"",""geography"":""National"",""percentage_of_enrollees"":""50.6"",""source_row_count"":450,""source_rows_used"":450,""subpopulation"":""Disability"",""subpopulation_topic"":""Eligibility category"",""why_matters"":""1915(c) waiver participation shows HCBS program scale and waiver administration demand.""}",2026-07-24T04:43:51Z
cmsmedicaid-2a4db2ff94a8413b,medicaid_data,medicaid_datastore,4d4eaf55-33d3-4468-80b4-63553f4530ae,Section 1915(c) waiver program participants,dataset_signal,,medicaid,medicaid; 1915c; waiver; hcbs; service_use,section_1915c_waiver_enrollees,50739,2022,,2025-01-17,false,54,"{""dataset_id"":""4d4eaf55-33d3-4468-80b4-63553f4530ae"",""endpoint_type"":""medicaid_datastore"",""method"":""latest year category='Enrolled in 1915(c) waiver'"",""metric_name"":""section_1915c_waiver_enrollees"",""metric_period"":""2022"",""metric_value"":""50739"",""rht_flag"":false,""signal_dimension"":""National|Eligibility category|Expansion adult"",""state"":"""",""topic_keys"":[""medicaid"",""1915c"",""waiver"",""hcbs"",""service_use""],""why_matters"":""1915(c) waiver participation shows HCBS program scale and waiver administration demand.""}",https://data.medicaid.gov/api/1/datastore/query/4d4eaf55-33d3-4468-80b4-63553f4530ae/0,"{""aggregation"":""latest year category='Enrolled in 1915(c) waiver'"",""denominator_count_of_enrollees"":""2,344,409"",""geography"":""National"",""percentage_of_enrollees"":""2.2"",""source_row_count"":450,""source_rows_used"":450,""subpopulation"":""Expansion adult"",""subpopulation_topic"":""Eligibility category"",""why_matters"":""1915(c) waiver participation shows HCBS program scale and waiver administration demand.""}",2026-07-24T04:43:51Z
cmsmedicaid-22a9b7c7b000f7ec,medicaid_data,medicaid_datastore,4d4eaf55-33d3-4468-80b4-63553f4530ae,Section 1915(c) waiver program participants,dataset_signal,,medicaid,medicaid; 1915c; waiver; hcbs; service_use,section_1915c_waiver_enrollees,58027,2022,,2025-01-17,false,54,"{""dataset_id"":""4d4eaf55-33d3-4468-80b4-63553f4530ae"",""endpoint_type"":""medicaid_datastore"",""method"":""latest year category='Enrolled in 1915(c) waiver'"",""metric_name"":""section_1915c_waiver_enrollees"",""metric_period"":""2022"",""metric_value"":""58027"",""rht_flag"":false,""signal_dimension"":""National|Eligibility category|Medicaid children"",""state"":"""",""topic_keys"":[""medicaid"",""1915c"",""waiver"",""hcbs"",""service_use""],""why_matters"":""1915(c) waiver participation shows HCBS program scale and waiver administration demand.""}",https://data.medicaid.gov/api/1/datastore/query/4d4eaf55-33d3-4468-80b4-63553f4530ae/0,"{""aggregation"":""latest year category='Enrolled in 1915(c) waiver'"",""denominator_count_of_enrollees"":""2,344,409"",""geography"":""National"",""percentage_of_enrollees"":""2.5"",""source_row_count"":450,""source_rows_used"":450,""subpopulation"":""Medicaid children"",""subpopulation_topic"":""Eligibility category"",""why_matters"":""1915(c) waiver participation shows HCBS program scale and waiver administration demand.""}",2026-07-24T04:43:51Z
cmsmedicaid-fe801ed383d034ee,medicaid_data,medicaid_datastore,4d4eaf55-33d3-4468-80b4-63553f4530ae,Section 1915(c) waiver program participants,dataset_signal,,medicaid,medicaid; 1915c; waiver; hcbs; service_use,section_1915c_waiver_enrollees,12118,2022,,2025-01-17,false,54,"{""dataset_id"":""4d4eaf55-33d3-4468-80b4-63553f4530ae"",""endpoint_type"":""medicaid_datastore"",""method"":""latest year category='Enrolled in 1915(c) waiver'"",""metric_name"":""section_1915c_waiver_enrollees"",""metric_period"":""2022"",""metric_value"":""12118"",""rht_flag"":false,""signal_dimension"":""National|Eligibility category|Non-expansion adult"",""state"":"""",""topic_keys"":[""medicaid"",""1915c"",""waiver"",""hcbs"",""service_use""],""why_matters"":""1915(c) waiver participation shows HCBS program scale and waiver administration demand.""}",https://data.medicaid.gov/api/1/datastore/query/4d4eaf55-33d3-4468-80b4-63553f4530ae/0,"{""aggregation"":""latest year category='Enrolled in 1915(c) waiver'"",""denominator_count_of_enrollees"":""2,344,409"",""geography"":""National"",""percentage_of_enrollees"":""0.5"",""source_row_count"":450,""source_rows_used"":450,""subpopulation"":""Non-expansion adult"",""subpopulation_topic"":""Eligibility category"",""why_matters"":""1915(c) waiver participation shows HCBS program scale and waiver administration demand.""}",2026-07-24T04:43:51Z
cmsmedicaid-0662977fc092f360,medicaid_data,medicaid_datastore,4d4eaf55-33d3-4468-80b4-63553f4530ae,Section 1915(c) waiver program participants,dataset_signal,,medicaid,medicaid; 1915c; waiver; hcbs; service_use,section_1915c_waiver_enrollees,1031234,2022,,2025-01-17,false,54,"{""dataset_id"":""4d4eaf55-33d3-4468-80b4-63553f4530ae"",""endpoint_type"":""medicaid_datastore"",""method"":""latest year category='Enrolled in 1915(c) waiver'"",""metric_name"":""section_1915c_waiver_enrollees"",""metric_period"":""2022"",""metric_value"":""1031234"",""rht_flag"":false,""signal_dimension"":""National|Eligibility category|Older adult (65+)"",""state"":"""",""topic_keys"":[""medicaid"",""1915c"",""waiver"",""hcbs"",""service_use""],""why_matters"":""1915(c) waiver participation shows HCBS program scale and waiver administration demand.""}",https://data.medicaid.gov/api/1/datastore/query/4d4eaf55-33d3-4468-80b4-63553f4530ae/0,"{""aggregation"":""latest year category='Enrolled in 1915(c) waiver'"",""denominator_count_of_enrollees"":""2,344,409"",""geography"":""National"",""percentage_of_enrollees"":""44.0"",""source_row_count"":450,""source_rows_used"":450,""subpopulation"":""Older adult (65+)"",""subpopulation_topic"":""Eligibility category"",""why_matters"":""1915(c) waiver participation shows HCBS program scale and waiver administration demand.""}",2026-07-24T04:43:51Z
cmsmedicaid-070934b1702b77f6,medicaid_data,medicaid_datastore,4d4eaf55-33d3-4468-80b4-63553f4530ae,Section 1915(c) waiver program participants,dataset_signal,,medicaid,medicaid; 1915c; waiver; hcbs; service_use,section_1915c_waiver_enrollees,284,2022,,2025-01-17,false,54,"{""dataset_id"":""4d4eaf55-33d3-4468-80b4-63553f4530ae"",""endpoint_type"":""medicaid_datastore"",""method"":""latest year category='Enrolled in 1915(c) waiver'"",""metric_name"":""section_1915c_waiver_enrollees"",""metric_period"":""2022"",""metric_value"":""284"",""rht_flag"":false,""signal_dimension"":""National|Eligibility category|Pregnancy"",""state"":"""",""topic_keys"":[""medicaid"",""1915c"",""waiver"",""hcbs"",""service_use""],""why_matters"":""1915(c) waiver participation shows HCBS program scale and waiver administration demand.""}",https://data.medicaid.gov/api/1/datastore/query/4d4eaf55-33d3-4468-80b4-63553f4530ae/0,"{""aggregation"":""latest year category='Enrolled in 1915(c) waiver'"",""denominator_count_of_enrollees"":""2,344,409"",""geography"":""National"",""percentage_of_enrollees"":""0.0"",""source_row_count"":450,""source_rows_used"":450,""subpopulation"":""Pregnancy"",""subpopulation_topic"":""Eligibility category"",""why_matters"":""1915(c) waiver participation shows HCBS program scale and waiver administration demand.""}",2026-07-24T04:43:51Z
cmsmedicaid-e14def9ca930cbe2,medicaid_data,medicaid_datastore,4d4eaf55-33d3-4468-80b4-63553f4530ae,Section 1915(c) waiver program participants,dataset_signal,,medicaid,medicaid; 1915c; waiver; hcbs; service_use,section_1915c_waiver_enrollees,6137,2022,,2025-01-17,false,54,"{""dataset_id"":""4d4eaf55-33d3-4468-80b4-63553f4530ae"",""endpoint_type"":""medicaid_datastore"",""method"":""latest year category='Enrolled in 1915(c) waiver'"",""metric_name"":""section_1915c_waiver_enrollees"",""metric_period"":""2022"",""metric_value"":""6137"",""rht_flag"":false,""signal_dimension"":""National|Eligibility category|Unknown eligibility"",""state"":"""",""topic_keys"":[""medicaid"",""1915c"",""waiver"",""hcbs"",""service_use""],""why_matters"":""1915(c) waiver participation shows HCBS program scale and waiver administration demand.""}",https://data.medicaid.gov/api/1/datastore/query/4d4eaf55-33d3-4468-80b4-63553f4530ae/0,"{""aggregation"":""latest year category='Enrolled in 1915(c) waiver'"",""denominator_count_of_enrollees"":""2,344,409"",""geography"":""National"",""percentage_of_enrollees"":""0.3"",""source_row_count"":450,""source_rows_used"":450,""subpopulation"":""Unknown eligibility"",""subpopulation_topic"":""Eligibility category"",""why_matters"":""1915(c) waiver participation shows HCBS program scale and waiver administration demand.""}",2026-07-24T04:43:51Z
cmsmedicaid-fba1bd7508d25ce0,medicaid_data,medicaid_datastore,4d4eaf55-33d3-4468-80b4-63553f4530ae,Section 1915(c) waiver program participants,dataset_signal,,medicaid,medicaid; 1915c; waiver; hcbs; service_use,section_1915c_waiver_enrollees,16797,2022,,2025-01-17,false,54,"{""dataset_id"":""4d4eaf55-33d3-4468-80b4-63553f4530ae"",""endpoint_type"":""medicaid_datastore"",""method"":""latest year category='Enrolled in 1915(c) waiver'"",""metric_name"":""section_1915c_waiver_enrollees"",""metric_period"":""2022"",""metric_value"":""16797"",""rht_flag"":false,""signal_dimension"":""National|Race and ethnicity|American Indian and Alaska Native, non-Hispanic"",""state"":"""",""topic_keys"":[""medicaid"",""1915c"",""waiver"",""hcbs"",""service_use""],""why_matters"":""1915(c) waiver participation shows HCBS program scale and waiver administration demand.""}",https://data.medicaid.gov/api/1/datastore/query/4d4eaf55-33d3-4468-80b4-63553f4530ae/0,"{""aggregation"":""latest year category='Enrolled in 1915(c) waiver'"",""denominator_count_of_enrollees"":""2,344,408"",""geography"":""National"",""percentage_of_enrollees"":""0.7"",""source_row_count"":450,""source_rows_used"":450,""subpopulation"":""American Indian and Alaska Native, non-Hispanic"",""subpopulation_topic"":""Race and ethnicity"",""why_matters"":""1915(c) waiver participation shows HCBS program scale and waiver administration demand.""}",2026-07-24T04:43:51Z
cmsmedicaid-848c49679d40192b,medicaid_data,medicaid_datastore,4d4eaf55-33d3-4468-80b4-63553f4530ae,Section 1915(c) waiver program participants,dataset_signal,,medicaid,medicaid; 1915c; waiver; hcbs; service_use,section_1915c_waiver_enrollees,126987,2022,,2025-01-17,false,54,"{""dataset_id"":""4d4eaf55-33d3-4468-80b4-63553f4530ae"",""endpoint_type"":""medicaid_datastore"",""method"":""latest year category='Enrolled in 1915(c) waiver'"",""metric_name"":""section_1915c_waiver_enrollees"",""metric_period"":""2022"",""metric_value"":""126987"",""rht_flag"":false,""signal_dimension"":""National|Race and ethnicity|Asian/Pacific Islander, non-Hispanic"",""state"":"""",""topic_keys"":[""medicaid"",""1915c"",""waiver"",""hcbs"",""service_use""],""why_matters"":""1915(c) waiver participation shows HCBS program scale and waiver administration demand.""}",https://data.medicaid.gov/api/1/datastore/query/4d4eaf55-33d3-4468-80b4-63553f4530ae/0,"{""aggregation"":""latest year category='Enrolled in 1915(c) waiver'"",""denominator_count_of_enrollees"":""2,344,408"",""geography"":""National"",""percentage_of_enrollees"":""5.4"",""source_row_count"":450,""source_rows_used"":450,""subpopulation"":""Asian/Pacific Islander, non-Hispanic"",""subpopulation_topic"":""Race and ethnicity"",""why_matters"":""1915(c) waiver participation shows HCBS program scale and waiver administration demand.""}",2026-07-24T04:43:51Z
cmsmedicaid-ebbc286555fc11e6,medicaid_data,medicaid_datastore,4d4eaf55-33d3-4468-80b4-63553f4530ae,Section 1915(c) waiver program participants,dataset_signal,,medicaid,medicaid; 1915c; waiver; hcbs; service_use,section_1915c_waiver_enrollees,502127,2022,,2025-01-17,false,54,"{""dataset_id"":""4d4eaf55-33d3-4468-80b4-63553f4530ae"",""endpoint_type"":""medicaid_datastore"",""method"":""latest year category='Enrolled in 1915(c) waiver'"",""metric_name"":""section_1915c_waiver_enrollees"",""metric_period"":""2022"",""metric_value"":""502127"",""rht_flag"":false,""signal_dimension"":""National|Race and ethnicity|Black, non-Hispanic"",""state"":"""",""topic_keys"":[""medicaid"",""1915c"",""waiver"",""hcbs"",""service_use""],""why_matters"":""1915(c) waiver participation shows HCBS program scale and waiver administration demand.""}",https://data.medicaid.gov/api/1/datastore/query/4d4eaf55-33d3-4468-80b4-63553f4530ae/0,"{""aggregation"":""latest year category='Enrolled in 1915(c) waiver'"",""denominator_count_of_enrollees"":""2,344,408"",""geography"":""National"",""percentage_of_enrollees"":""21.4"",""source_row_count"":450,""source_rows_used"":450,""subpopulation"":""Black, non-Hispanic"",""subpopulation_topic"":""Race and ethnicity"",""why_matters"":""1915(c) waiver participation shows HCBS program scale and waiver administration demand.""}",2026-07-24T04:43:51Z
cmsmedicaid-ed4928b72ecdc483,medicaid_data,medicaid_datastore,4d4eaf55-33d3-4468-80b4-63553f4530ae,Section 1915(c) waiver program participants,dataset_signal,,medicaid,medicaid; 1915c; waiver; hcbs; service_use,section_1915c_waiver_enrollees,274285,2022,,2025-01-17,false,54,"{""dataset_id"":""4d4eaf55-33d3-4468-80b4-63553f4530ae"",""endpoint_type"":""medicaid_datastore"",""method"":""latest year category='Enrolled in 1915(c) waiver'"",""metric_name"":""section_1915c_waiver_enrollees"",""metric_period"":""2022"",""metric_value"":""274285"",""rht_flag"":false,""signal_dimension"":""National|Race and ethnicity|Hispanic"",""state"":"""",""topic_keys"":[""medicaid"",""1915c"",""waiver"",""hcbs"",""service_use""],""why_matters"":""1915(c) waiver participation shows HCBS program scale and waiver administration demand.""}",https://data.medicaid.gov/api/1/datastore/query/4d4eaf55-33d3-4468-80b4-63553f4530ae/0,"{""aggregation"":""latest year category='Enrolled in 1915(c) waiver'"",""denominator_count_of_enrollees"":""2,344,408"",""geography"":""National"",""percentage_of_enrollees"":""11.7"",""source_row_count"":450,""source_rows_used"":450,""subpopulation"":""Hispanic"",""subpopulation_topic"":""Race and ethnicity"",""why_matters"":""1915(c) waiver participation shows HCBS program scale and waiver administration demand.""}",2026-07-24T04:43:51Z
cmsmedicaid-3bb6e5535bd584d4,medicaid_data,medicaid_datastore,4d4eaf55-33d3-4468-80b4-63553f4530ae,Section 1915(c) waiver program participants,dataset_signal,,medicaid,medicaid; 1915c; waiver; hcbs; service_use,section_1915c_waiver_enrollees,22093,2022,,2025-01-17,false,54,"{""dataset_id"":""4d4eaf55-33d3-4468-80b4-63553f4530ae"",""endpoint_type"":""medicaid_datastore"",""method"":""latest year category='Enrolled in 1915(c) waiver'"",""metric_name"":""section_1915c_waiver_enrollees"",""metric_period"":""2022"",""metric_value"":""22093"",""rht_flag"":false,""signal_dimension"":""National|Race and ethnicity|Multiracial, non-Hispanic"",""state"":"""",""topic_keys"":[""medicaid"",""1915c"",""waiver"",""hcbs"",""service_use""],""why_matters"":""1915(c) waiver participation shows HCBS program scale and waiver administration demand.""}",https://data.medicaid.gov/api/1/datastore/query/4d4eaf55-33d3-4468-80b4-63553f4530ae/0,"{""aggregation"":""latest year category='Enrolled in 1915(c) waiver'"",""denominator_count_of_enrollees"":""2,344,408"",""geography"":""National"",""percentage_of_enrollees"":""0.9"",""source_row_count"":450,""source_rows_used"":450,""subpopulation"":""Multiracial, non-Hispanic"",""subpopulation_topic"":""Race and ethnicity"",""why_matters"":""1915(c) waiver participation shows HCBS program scale and waiver administration demand.""}",2026-07-24T04:43:51Z
cmsmedicaid-da2581cf0600e5af,medicaid_data,medicaid_datastore,4d4eaf55-33d3-4468-80b4-63553f4530ae,Section 1915(c) waiver program participants,dataset_signal,,medicaid,medicaid; 1915c; waiver; hcbs; service_use,section_1915c_waiver_enrollees,1402120,2022,,2025-01-17,false,54,"{""dataset_id"":""4d4eaf55-33d3-4468-80b4-63553f4530ae"",""endpoint_type"":""medicaid_datastore"",""method"":""latest year category='Enrolled in 1915(c) waiver'"",""metric_name"":""section_1915c_waiver_enrollees"",""metric_period"":""2022"",""metric_value"":""1402120"",""rht_flag"":false,""signal_dimension"":""National|Race and ethnicity|White, non-Hispanic"",""state"":"""",""topic_keys"":[""medicaid"",""1915c"",""waiver"",""hcbs"",""service_use""],""why_matters"":""1915(c) waiver participation shows HCBS program scale and waiver administration demand.""}",https://data.medicaid.gov/api/1/datastore/query/4d4eaf55-33d3-4468-80b4-63553f4530ae/0,"{""aggregation"":""latest year category='Enrolled in 1915(c) waiver'"",""denominator_count_of_enrollees"":""2,344,408"",""geography"":""National"",""percentage_of_enrollees"":""59.8"",""source_row_count"":450,""source_rows_used"":450,""subpopulation"":""White, non-Hispanic"",""subpopulation_topic"":""Race and ethnicity"",""why_matters"":""1915(c) waiver participation shows HCBS program scale and waiver administration demand.""}",2026-07-24T04:43:51Z
cmsmedicaid-247a90297b6b6be5,medicaid_data,medicaid_datastore,4d4eaf55-33d3-4468-80b4-63553f4530ae,Section 1915(c) waiver program participants,dataset_signal,,medicaid,medicaid; 1915c; waiver; hcbs; service_use,section_1915c_waiver_enrollees,2344409,2022,,2025-01-17,false,54,"{""dataset_id"":""4d4eaf55-33d3-4468-80b4-63553f4530ae"",""endpoint_type"":""medicaid_datastore"",""method"":""latest year category='Enrolled in 1915(c) waiver'"",""metric_name"":""section_1915c_waiver_enrollees"",""metric_period"":""2022"",""metric_value"":""2344409"",""rht_flag"":false,""signal_dimension"":""National|Total enrollees|Medicaid enrollees"",""state"":"""",""topic_keys"":[""medicaid"",""1915c"",""waiver"",""hcbs"",""service_use""],""why_matters"":""1915(c) waiver participation shows HCBS program scale and waiver administration demand.""}",https://data.medicaid.gov/api/1/datastore/query/4d4eaf55-33d3-4468-80b4-63553f4530ae/0,"{""aggregation"":""latest year category='Enrolled in 1915(c) waiver'"",""denominator_count_of_enrollees"":""94,678,253"",""geography"":""National"",""percentage_of_enrollees"":""2.5"",""source_row_count"":450,""source_rows_used"":450,""subpopulation"":""Medicaid enrollees"",""subpopulation_topic"":""Total enrollees"",""why_matters"":""1915(c) waiver participation shows HCBS program scale and waiver administration demand.""}",2026-07-24T04:43:51Z
cmsmedicaid-672fb1197727871c,medicaid_data,medicaid_datastore,4d4eaf55-33d3-4468-80b4-63553f4530ae,Section 1915(c) waiver program participants,dataset_signal,,medicaid,medicaid; 1915c; waiver; hcbs; service_use,section_1915c_waiver_enrollees,419301,2022,,2025-01-17,false,54,"{""dataset_id"":""4d4eaf55-33d3-4468-80b4-63553f4530ae"",""endpoint_type"":""medicaid_datastore"",""method"":""latest year category='Enrolled in 1915(c) waiver'"",""metric_name"":""section_1915c_waiver_enrollees"",""metric_period"":""2022"",""metric_value"":""419301"",""rht_flag"":false,""signal_dimension"":""National|Urban or rural residence|Rural"",""state"":"""",""topic_keys"":[""medicaid"",""1915c"",""waiver"",""hcbs"",""service_use""],""why_matters"":""1915(c) waiver participation shows HCBS program scale and waiver administration demand.""}",https://data.medicaid.gov/api/1/datastore/query/4d4eaf55-33d3-4468-80b4-63553f4530ae/0,"{""aggregation"":""latest year category='Enrolled in 1915(c) waiver'"",""denominator_count_of_enrollees"":""2,344,409"",""geography"":""National"",""percentage_of_enrollees"":""17.9"",""source_row_count"":450,""source_rows_used"":450,""subpopulation"":""Rural"",""subpopulation_topic"":""Urban or rural residence"",""why_matters"":""1915(c) waiver participation shows HCBS program scale and waiver administration demand.""}",2026-07-24T04:43:51Z
cmsmedicaid-e51d66730fe6b368,medicaid_data,medicaid_datastore,4d4eaf55-33d3-4468-80b4-63553f4530ae,Section 1915(c) waiver program participants,dataset_signal,,medicaid,medicaid; 1915c; waiver; hcbs; service_use,section_1915c_waiver_enrollees,1903416,2022,,2025-01-17,false,54,"{""dataset_id"":""4d4eaf55-33d3-4468-80b4-63553f4530ae"",""endpoint_type"":""medicaid_datastore"",""method"":""latest year category='Enrolled in 1915(c) waiver'"",""metric_name"":""section_1915c_waiver_enrollees"",""metric_period"":""2022"",""metric_value"":""1903416"",""rht_flag"":false,""signal_dimension"":""National|Urban or rural residence|Urban"",""state"":"""",""topic_keys"":[""medicaid"",""1915c"",""waiver"",""hcbs"",""service_use""],""why_matters"":""1915(c) waiver participation shows HCBS program scale and waiver administration demand.""}",https://data.medicaid.gov/api/1/datastore/query/4d4eaf55-33d3-4468-80b4-63553f4530ae/0,"{""aggregation"":""latest year category='Enrolled in 1915(c) waiver'"",""denominator_count_of_enrollees"":""2,344,409"",""geography"":""National"",""percentage_of_enrollees"":""81.2"",""source_row_count"":450,""source_rows_used"":450,""subpopulation"":""Urban"",""subpopulation_topic"":""Urban or rural residence"",""why_matters"":""1915(c) waiver participation shows HCBS program scale and waiver administration demand.""}",2026-07-24T04:43:51Z
cmsmedicaid-62d18c6da350619e,medicaid_data,medicaid_datastore,4d4eaf55-33d3-4468-80b4-63553f4530ae,Section 1915(c) waiver program participants,dataset_signal,Alabama,medicaid,medicaid; 1915c; waiver; hcbs; service_use,section_1915c_waiver_enrollees,36021,2022,,2025-01-17,false,54,"{""dataset_id"":""4d4eaf55-33d3-4468-80b4-63553f4530ae"",""endpoint_type"":""medicaid_datastore"",""method"":""latest year category='Enrolled in 1915(c) waiver'"",""metric_name"":""section_1915c_waiver_enrollees"",""metric_period"":""2022"",""metric_value"":""36021"",""rht_flag"":false,""signal_dimension"":""Alabama"",""state"":""Alabama"",""topic_keys"":[""medicaid"",""1915c"",""waiver"",""hcbs"",""service_use""],""why_matters"":""1915(c) waiver participation shows HCBS program scale and waiver administration demand.""}",https://data.medicaid.gov/api/1/datastore/query/4d4eaf55-33d3-4468-80b4-63553f4530ae/0,"{""aggregation"":""latest year category='Enrolled in 1915(c) waiver'"",""denominator_count_of_enrollees"":""1,260,259"",""geography"":""Alabama"",""percentage_of_enrollees"":""2.9"",""source_row_count"":450,""source_rows_used"":450,""subpopulation"":""N/A"",""subpopulation_topic"":""N/A"",""why_matters"":""1915(c) waiver participation shows HCBS program scale and waiver administration demand.""}",2026-07-24T04:43:51Z
cmsmedicaid-2dc87bac0049a355,medicaid_data,medicaid_datastore,4d4eaf55-33d3-4468-80b4-63553f4530ae,Section 1915(c) waiver program participants,dataset_signal,Alaska,medicaid,medicaid; 1915c; waiver; hcbs; service_use,section_1915c_waiver_enrollees,5327,2022,,2025-01-17,false,54,"{""dataset_id"":""4d4eaf55-33d3-4468-80b4-63553f4530ae"",""endpoint_type"":""medicaid_datastore"",""method"":""latest year category='Enrolled in 1915(c) waiver'"",""metric_name"":""section_1915c_waiver_enrollees"",""metric_period"":""2022"",""metric_value"":""5327"",""rht_flag"":false,""signal_dimension"":""Alaska"",""state"":""Alaska"",""topic_keys"":[""medicaid"",""1915c"",""waiver"",""hcbs"",""service_use""],""why_matters"":""1915(c) waiver participation shows HCBS program scale and waiver administration demand.""}",https://data.medicaid.gov/api/1/datastore/query/4d4eaf55-33d3-4468-80b4-63553f4530ae/0,"{""aggregation"":""latest year category='Enrolled in 1915(c) waiver'"",""denominator_count_of_enrollees"":""270,181"",""geography"":""Alaska"",""percentage_of_enrollees"":""2.0"",""source_row_count"":450,""source_rows_used"":450,""subpopulation"":""N/A"",""subpopulation_topic"":""N/A"",""why_matters"":""1915(c) waiver participation shows HCBS program scale and waiver administration demand.""}",2026-07-24T04:43:51Z
cmsmedicaid-e8561fd5aca35382,medicaid_data,medicaid_datastore,4d4eaf55-33d3-4468-80b4-63553f4530ae,Section 1915(c) waiver program participants,dataset_signal,Arizona,medicaid,medicaid; 1915c; waiver; hcbs; service_use,section_1915c_waiver_enrollees,0,2022,,2025-01-17,false,54,"{""dataset_id"":""4d4eaf55-33d3-4468-80b4-63553f4530ae"",""endpoint_type"":""medicaid_datastore"",""method"":""latest year category='Enrolled in 1915(c) waiver'"",""metric_name"":""section_1915c_waiver_enrollees"",""metric_period"":""2022"",""metric_value"":""0"",""rht_flag"":false,""signal_dimension"":""Arizona"",""state"":""Arizona"",""topic_keys"":[""medicaid"",""1915c"",""waiver"",""hcbs"",""service_use""],""why_matters"":""1915(c) waiver participation shows HCBS program scale and waiver administration demand.""}",https://data.medicaid.gov/api/1/datastore/query/4d4eaf55-33d3-4468-80b4-63553f4530ae/0,"{""aggregation"":""latest year category='Enrolled in 1915(c) waiver'"",""denominator_count_of_enrollees"":""2,458,761"",""geography"":""Arizona"",""percentage_of_enrollees"":""0"",""source_row_count"":450,""source_rows_used"":450,""subpopulation"":""N/A"",""subpopulation_topic"":""N/A"",""why_matters"":""1915(c) waiver participation shows HCBS program scale and waiver administration demand.""}",2026-07-24T04:43:51Z
cmsmedicaid-5d9ca1911f7293e9,medicaid_data,medicaid_datastore,4d4eaf55-33d3-4468-80b4-63553f4530ae,Section 1915(c) waiver program participants,dataset_signal,Arkansas,medicaid,medicaid; 1915c; waiver; hcbs; service_use,section_1915c_waiver_enrollees,11132,2022,,2025-01-17,false,54,"{""dataset_id"":""4d4eaf55-33d3-4468-80b4-63553f4530ae"",""endpoint_type"":""medicaid_datastore"",""method"":""latest year category='Enrolled in 1915(c) waiver'"",""metric_name"":""section_1915c_waiver_enrollees"",""metric_period"":""2022"",""metric_value"":""11132"",""rht_flag"":false,""signal_dimension"":""Arkansas"",""state"":""Arkansas"",""topic_keys"":[""medicaid"",""1915c"",""waiver"",""hcbs"",""service_use""],""why_matters"":""1915(c) waiver participation shows HCBS program scale and waiver administration demand.""}",https://data.medicaid.gov/api/1/datastore/query/4d4eaf55-33d3-4468-80b4-63553f4530ae/0,"{""aggregation"":""latest year category='Enrolled in 1915(c) waiver'"",""denominator_count_of_enrollees"":""1,132,325"",""geography"":""Arkansas"",""percentage_of_enrollees"":""1.0"",""source_row_count"":450,""source_rows_used"":450,""subpopulation"":""N/A"",""subpopulation_topic"":""N/A"",""why_matters"":""1915(c) waiver participation shows HCBS program scale and waiver administration demand.""}",2026-07-24T04:43:51Z
cmsmedicaid-fc122bce7d5d9e8c,medicaid_data,medicaid_datastore,4d4eaf55-33d3-4468-80b4-63553f4530ae,Section 1915(c) waiver program participants,dataset_signal,California,medicaid,medicaid; 1915c; waiver; hcbs; service_use,section_1915c_waiver_enrollees,171179,2022,,2025-01-17,false,54,"{""dataset_id"":""4d4eaf55-33d3-4468-80b4-63553f4530ae"",""endpoint_type"":""medicaid_datastore"",""method"":""latest year category='Enrolled in 1915(c) waiver'"",""metric_name"":""section_1915c_waiver_enrollees"",""metric_period"":""2022"",""metric_value"":""171179"",""rht_flag"":false,""signal_dimension"":""California"",""state"":""California"",""topic_keys"":[""medicaid"",""1915c"",""waiver"",""hcbs"",""service_use""],""why_matters"":""1915(c) waiver participation shows HCBS program scale and waiver administration demand.""}",https://data.medicaid.gov/api/1/datastore/query/4d4eaf55-33d3-4468-80b4-63553f4530ae/0,"{""aggregation"":""latest year category='Enrolled in 1915(c) waiver'"",""denominator_count_of_enrollees"":""15,773,342"",""geography"":""California"",""percentage_of_enrollees"":""1.1"",""source_row_count"":450,""source_rows_used"":450,""subpopulation"":""N/A"",""subpopulation_topic"":""N/A"",""why_matters"":""1915(c) waiver participation shows HCBS program scale and waiver administration demand.""}",2026-07-24T04:43:51Z
cmsmedicaid-96322253b8a2cbfa,medicaid_data,medicaid_datastore,4d4eaf55-33d3-4468-80b4-63553f4530ae,Section 1915(c) waiver program participants,dataset_signal,Colorado,medicaid,medicaid; 1915c; waiver; hcbs; service_use,section_1915c_waiver_enrollees,62640,2022,,2025-01-17,false,54,"{""dataset_id"":""4d4eaf55-33d3-4468-80b4-63553f4530ae"",""endpoint_type"":""medicaid_datastore"",""method"":""latest year category='Enrolled in 1915(c) waiver'"",""metric_name"":""section_1915c_waiver_enrollees"",""metric_period"":""2022"",""metric_value"":""62640"",""rht_flag"":false,""signal_dimension"":""Colorado"",""state"":""Colorado"",""topic_keys"":[""medicaid"",""1915c"",""waiver"",""hcbs"",""service_use""],""why_matters"":""1915(c) waiver participation shows HCBS program scale and waiver administration demand.""}",https://data.medicaid.gov/api/1/datastore/query/4d4eaf55-33d3-4468-80b4-63553f4530ae/0,"{""aggregation"":""latest year category='Enrolled in 1915(c) waiver'"",""denominator_count_of_enrollees"":""1,743,438"",""geography"":""Colorado"",""percentage_of_enrollees"":""3.6"",""source_row_count"":450,""source_rows_used"":450,""subpopulation"":""N/A"",""subpopulation_topic"":""N/A"",""why_matters"":""1915(c) waiver participation shows HCBS program scale and waiver administration demand.""}",2026-07-24T04:43:51Z
cmsmedicaid-cc6fc6c4f11c9ca2,medicaid_data,medicaid_datastore,4d4eaf55-33d3-4468-80b4-63553f4530ae,Section 1915(c) waiver program participants,dataset_signal,Connecticut,medicaid,medicaid; 1915c; waiver; hcbs; service_use,section_1915c_waiver_enrollees,31032,2022,,2025-01-17,false,54,"{""dataset_id"":""4d4eaf55-33d3-4468-80b4-63553f4530ae"",""endpoint_type"":""medicaid_datastore"",""method"":""latest year category='Enrolled in 1915(c) waiver'"",""metric_name"":""section_1915c_waiver_enrollees"",""metric_period"":""2022"",""metric_value"":""31032"",""rht_flag"":false,""signal_dimension"":""Connecticut"",""state"":""Connecticut"",""topic_keys"":[""medicaid"",""1915c"",""waiver"",""hcbs"",""service_use""],""why_matters"":""1915(c) waiver participation shows HCBS program scale and waiver administration demand.""}",https://data.medicaid.gov/api/1/datastore/query/4d4eaf55-33d3-4468-80b4-63553f4530ae/0,"{""aggregation"":""latest year category='Enrolled in 1915(c) waiver'"",""denominator_count_of_enrollees"":""1,297,103"",""geography"":""Connecticut"",""percentage_of_enrollees"":""2.4"",""source_row_count"":450,""source_rows_used"":450,""subpopulation"":""N/A"",""subpopulation_topic"":""N/A"",""why_matters"":""1915(c) waiver participation shows HCBS program scale and waiver administration demand.""}",2026-07-24T04:43:51Z
cmsmedicaid-a4a6b06cb65aeee7,medicaid_data,medicaid_datastore,4d4eaf55-33d3-4468-80b4-63553f4530ae,Section 1915(c) waiver program participants,dataset_signal,Delaware,medicaid,medicaid; 1915c; waiver; hcbs; service_use,section_1915c_waiver_enrollees,2013,2022,,2025-01-17,false,54,"{""dataset_id"":""4d4eaf55-33d3-4468-80b4-63553f4530ae"",""endpoint_type"":""medicaid_datastore"",""method"":""latest year category='Enrolled in 1915(c) waiver'"",""metric_name"":""section_1915c_waiver_enrollees"",""metric_period"":""2022"",""metric_value"":""2013"",""rht_flag"":false,""signal_dimension"":""Delaware"",""state"":""Delaware"",""topic_keys"":[""medicaid"",""1915c"",""waiver"",""hcbs"",""service_use""],""why_matters"":""1915(c) waiver participation shows HCBS program scale and waiver administration demand.""}",https://data.medicaid.gov/api/1/datastore/query/4d4eaf55-33d3-4468-80b4-63553f4530ae/0,"{""aggregation"":""latest year category='Enrolled in 1915(c) waiver'"",""denominator_count_of_enrollees"":""324,542"",""geography"":""Delaware"",""percentage_of_enrollees"":""0.6"",""source_row_count"":450,""source_rows_used"":450,""subpopulation"":""N/A"",""subpopulation_topic"":""N/A"",""why_matters"":""1915(c) waiver participation shows HCBS program scale and waiver administration demand.""}",2026-07-24T04:43:51Z
cmsmedicaid-988abf2d09d49cb4,medicaid_data,medicaid_datastore,4d4eaf55-33d3-4468-80b4-63553f4530ae,Section 1915(c) waiver program participants,dataset_signal,District of Columbia,medicaid,medicaid; 1915c; waiver; hcbs; service_use,section_1915c_waiver_enrollees,7914,2022,,2025-01-17,false,54,"{""dataset_id"":""4d4eaf55-33d3-4468-80b4-63553f4530ae"",""endpoint_type"":""medicaid_datastore"",""method"":""latest year category='Enrolled in 1915(c) waiver'"",""metric_name"":""section_1915c_waiver_enrollees"",""metric_period"":""2022"",""metric_value"":""7914"",""rht_flag"":false,""signal_dimension"":""District of Columbia"",""state"":""District of Columbia"",""topic_keys"":[""medicaid"",""1915c"",""waiver"",""hcbs"",""service_use""],""why_matters"":""1915(c) waiver participation shows HCBS program scale and waiver administration demand.""}",https://data.medicaid.gov/api/1/datastore/query/4d4eaf55-33d3-4468-80b4-63553f4530ae/0,"{""aggregation"":""latest year category='Enrolled in 1915(c) waiver'"",""denominator_count_of_enrollees"":""294,964"",""geography"":""District of Columbia"",""percentage_of_enrollees"":""2.7"",""source_row_count"":450,""source_rows_used"":450,""subpopulation"":""N/A"",""subpopulation_topic"":""N/A"",""why_matters"":""1915(c) waiver participation shows HCBS program scale and waiver administration demand.""}",2026-07-24T04:43:51Z
cmsmedicaid-f6e23802af3764d5,medicaid_data,medicaid_datastore,4d4eaf55-33d3-4468-80b4-63553f4530ae,Section 1915(c) waiver program participants,dataset_signal,Florida,medicaid,medicaid; 1915c; waiver; hcbs; service_use,section_1915c_waiver_enrollees,155807,2022,,2025-01-17,false,54,"{""dataset_id"":""4d4eaf55-33d3-4468-80b4-63553f4530ae"",""endpoint_type"":""medicaid_datastore"",""method"":""latest year category='Enrolled in 1915(c) waiver'"",""metric_name"":""section_1915c_waiver_enrollees"",""metric_period"":""2022"",""metric_value"":""155807"",""rht_flag"":false,""signal_dimension"":""Florida"",""state"":""Florida"",""topic_keys"":[""medicaid"",""1915c"",""waiver"",""hcbs"",""service_use""],""why_matters"":""1915(c) waiver participation shows HCBS program scale and waiver administration demand.""}",https://data.medicaid.gov/api/1/datastore/query/4d4eaf55-33d3-4468-80b4-63553f4530ae/0,"{""aggregation"":""latest year category='Enrolled in 1915(c) waiver'"",""denominator_count_of_enrollees"":""5,691,081"",""geography"":""Florida"",""percentage_of_enrollees"":""2.7"",""source_row_count"":450,""source_rows_used"":450,""subpopulation"":""N/A"",""subpopulation_topic"":""N/A"",""why_matters"":""1915(c) waiver participation shows HCBS program scale and waiver administration demand.""}",2026-07-24T04:43:51Z
cmsmedicaid-ca7bd389830951f7,medicaid_data,medicaid_datastore,4d4eaf55-33d3-4468-80b4-63553f4530ae,Section 1915(c) waiver program participants,dataset_signal,Georgia,medicaid,medicaid; 1915c; waiver; hcbs; service_use,section_1915c_waiver_enrollees,61238,2022,,2025-01-17,false,54,"{""dataset_id"":""4d4eaf55-33d3-4468-80b4-63553f4530ae"",""endpoint_type"":""medicaid_datastore"",""method"":""latest year category='Enrolled in 1915(c) waiver'"",""metric_name"":""section_1915c_waiver_enrollees"",""metric_period"":""2022"",""metric_value"":""61238"",""rht_flag"":false,""signal_dimension"":""Georgia"",""state"":""Georgia"",""topic_keys"":[""medicaid"",""1915c"",""waiver"",""hcbs"",""service_use""],""why_matters"":""1915(c) waiver participation shows HCBS program scale and waiver administration demand.""}",https://data.medicaid.gov/api/1/datastore/query/4d4eaf55-33d3-4468-80b4-63553f4530ae/0,"{""aggregation"":""latest year category='Enrolled in 1915(c) waiver'"",""denominator_count_of_enrollees"":""2,641,014"",""geography"":""Georgia"",""percentage_of_enrollees"":""2.3"",""source_row_count"":450,""source_rows_used"":450,""subpopulation"":""N/A"",""subpopulation_topic"":""N/A"",""why_matters"":""1915(c) waiver participation shows HCBS program scale and waiver administration demand.""}",2026-07-24T04:43:51Z
cmsmedicaid-3ca6245d2aed3030,medicaid_data,medicaid_datastore,4d4eaf55-33d3-4468-80b4-63553f4530ae,Section 1915(c) waiver program participants,dataset_signal,Hawaii,medicaid,medicaid; 1915c; waiver; hcbs; service_use,section_1915c_waiver_enrollees,3244,2022,,2025-01-17,false,54,"{""dataset_id"":""4d4eaf55-33d3-4468-80b4-63553f4530ae"",""endpoint_type"":""medicaid_datastore"",""method"":""latest year category='Enrolled in 1915(c) waiver'"",""metric_name"":""section_1915c_waiver_enrollees"",""metric_period"":""2022"",""metric_value"":""3244"",""rht_flag"":false,""signal_dimension"":""Hawaii"",""state"":""Hawaii"",""topic_keys"":[""medicaid"",""1915c"",""waiver"",""hcbs"",""service_use""],""why_matters"":""1915(c) waiver participation shows HCBS program scale and waiver administration demand.""}",https://data.medicaid.gov/api/1/datastore/query/4d4eaf55-33d3-4468-80b4-63553f4530ae/0,"{""aggregation"":""latest year category='Enrolled in 1915(c) waiver'"",""denominator_count_of_enrollees"":""465,389"",""geography"":""Hawaii"",""percentage_of_enrollees"":""0.7"",""source_row_count"":450,""source_rows_used"":450,""subpopulation"":""N/A"",""subpopulation_topic"":""N/A"",""why_matters"":""1915(c) waiver participation shows HCBS program scale and waiver administration demand.""}",2026-07-24T04:43:51Z
cmsmedicaid-61eabb2e919428e6,medicaid_data,medicaid_datastore,4d4eaf55-33d3-4468-80b4-63553f4530ae,Section 1915(c) waiver program participants,dataset_signal,Idaho,medicaid,medicaid; 1915c; waiver; hcbs; service_use,section_1915c_waiver_enrollees,23814,2022,,2025-01-17,false,54,"{""dataset_id"":""4d4eaf55-33d3-4468-80b4-63553f4530ae"",""endpoint_type"":""medicaid_datastore"",""method"":""latest year category='Enrolled in 1915(c) waiver'"",""metric_name"":""section_1915c_waiver_enrollees"",""metric_period"":""2022"",""metric_value"":""23814"",""rht_flag"":false,""signal_dimension"":""Idaho"",""state"":""Idaho"",""topic_keys"":[""medicaid"",""1915c"",""waiver"",""hcbs"",""service_use""],""why_matters"":""1915(c) waiver participation shows HCBS program scale and waiver administration demand.""}",https://data.medicaid.gov/api/1/datastore/query/4d4eaf55-33d3-4468-80b4-63553f4530ae/0,"{""aggregation"":""latest year category='Enrolled in 1915(c) waiver'"",""denominator_count_of_enrollees"":""465,284"",""geography"":""Idaho"",""percentage_of_enrollees"":""5.1"",""source_row_count"":450,""source_rows_used"":450,""subpopulation"":""N/A"",""subpopulation_topic"":""N/A"",""why_matters"":""1915(c) waiver participation shows HCBS program scale and waiver administration demand.""}",2026-07-24T04:43:51Z
cmsmedicaid-01821cd00bbea261,medicaid_data,medicaid_datastore,4d4eaf55-33d3-4468-80b4-63553f4530ae,Section 1915(c) waiver program participants,dataset_signal,Illinois,medicaid,medicaid; 1915c; waiver; hcbs; service_use,section_1915c_waiver_enrollees,186030,2022,,2025-01-17,false,54,"{""dataset_id"":""4d4eaf55-33d3-4468-80b4-63553f4530ae"",""endpoint_type"":""medicaid_datastore"",""method"":""latest year category='Enrolled in 1915(c) waiver'"",""metric_name"":""section_1915c_waiver_enrollees"",""metric_period"":""2022"",""metric_value"":""186030"",""rht_flag"":false,""signal_dimension"":""Illinois"",""state"":""Illinois"",""topic_keys"":[""medicaid"",""1915c"",""waiver"",""hcbs"",""service_use""],""why_matters"":""1915(c) waiver participation shows HCBS program scale and waiver administration demand.""}",https://data.medicaid.gov/api/1/datastore/query/4d4eaf55-33d3-4468-80b4-63553f4530ae/0,"{""aggregation"":""latest year category='Enrolled in 1915(c) waiver'"",""denominator_count_of_enrollees"":""3,699,596"",""geography"":""Illinois"",""percentage_of_enrollees"":""5.0"",""source_row_count"":450,""source_rows_used"":450,""subpopulation"":""N/A"",""subpopulation_topic"":""N/A"",""why_matters"":""1915(c) waiver participation shows HCBS program scale and waiver administration demand.""}",2026-07-24T04:43:51Z
cmsmedicaid-950b022273a3ca32,medicaid_data,medicaid_datastore,4d4eaf55-33d3-4468-80b4-63553f4530ae,Section 1915(c) waiver program participants,dataset_signal,Indiana,medicaid,medicaid; 1915c; waiver; hcbs; service_use,section_1915c_waiver_enrollees,76776,2022,,2025-01-17,false,54,"{""dataset_id"":""4d4eaf55-33d3-4468-80b4-63553f4530ae"",""endpoint_type"":""medicaid_datastore"",""method"":""latest year category='Enrolled in 1915(c) waiver'"",""metric_name"":""section_1915c_waiver_enrollees"",""metric_period"":""2022"",""metric_value"":""76776"",""rht_flag"":false,""signal_dimension"":""Indiana"",""state"":""Indiana"",""topic_keys"":[""medicaid"",""1915c"",""waiver"",""hcbs"",""service_use""],""why_matters"":""1915(c) waiver participation shows HCBS program scale and waiver administration demand.""}",https://data.medicaid.gov/api/1/datastore/query/4d4eaf55-33d3-4468-80b4-63553f4530ae/0,"{""aggregation"":""latest year category='Enrolled in 1915(c) waiver'"",""denominator_count_of_enrollees"":""2,148,670"",""geography"":""Indiana"",""percentage_of_enrollees"":""3.6"",""source_row_count"":450,""source_rows_used"":450,""subpopulation"":""N/A"",""subpopulation_topic"":""N/A"",""why_matters"":""1915(c) waiver participation shows HCBS program scale and waiver administration demand.""}",2026-07-24T04:43:51Z
cmsmedicaid-debe93e199d2125e,medicaid_data,medicaid_datastore,4d4eaf55-33d3-4468-80b4-63553f4530ae,Section 1915(c) waiver program participants,dataset_signal,Iowa,medicaid,medicaid; 1915c; waiver; hcbs; service_use,section_1915c_waiver_enrollees,29249,2022,,2025-01-17,false,54,"{""dataset_id"":""4d4eaf55-33d3-4468-80b4-63553f4530ae"",""endpoint_type"":""medicaid_datastore"",""method"":""latest year category='Enrolled in 1915(c) waiver'"",""metric_name"":""section_1915c_waiver_enrollees"",""metric_period"":""2022"",""metric_value"":""29249"",""rht_flag"":false,""signal_dimension"":""Iowa"",""state"":""Iowa"",""topic_keys"":[""medicaid"",""1915c"",""waiver"",""hcbs"",""service_use""],""why_matters"":""1915(c) waiver participation shows HCBS program scale and waiver administration demand.""}",https://data.medicaid.gov/api/1/datastore/query/4d4eaf55-33d3-4468-80b4-63553f4530ae/0,"{""aggregation"":""latest year category='Enrolled in 1915(c) waiver'"",""denominator_count_of_enrollees"":""855,190"",""geography"":""Iowa"",""percentage_of_enrollees"":""3.4"",""source_row_count"":450,""source_rows_used"":450,""subpopulation"":""N/A"",""subpopulation_topic"":""N/A"",""why_matters"":""1915(c) waiver participation shows HCBS program scale and waiver administration demand.""}",2026-07-24T04:43:51Z
cmsmedicaid-28f52fd6308493b0,medicaid_data,medicaid_datastore,4d4eaf55-33d3-4468-80b4-63553f4530ae,Section 1915(c) waiver program participants,dataset_signal,Kansas,medicaid,medicaid; 1915c; waiver; hcbs; service_use,section_1915c_waiver_enrollees,31578,2022,,2025-01-17,false,54,"{""dataset_id"":""4d4eaf55-33d3-4468-80b4-63553f4530ae"",""endpoint_type"":""medicaid_datastore"",""method"":""latest year category='Enrolled in 1915(c) waiver'"",""metric_name"":""section_1915c_waiver_enrollees"",""metric_period"":""2022"",""metric_value"":""31578"",""rht_flag"":false,""signal_dimension"":""Kansas"",""state"":""Kansas"",""topic_keys"":[""medicaid"",""1915c"",""waiver"",""hcbs"",""service_use""],""why_matters"":""1915(c) waiver participation shows HCBS program scale and waiver administration demand.""}",https://data.medicaid.gov/api/1/datastore/query/4d4eaf55-33d3-4468-80b4-63553f4530ae/0,"{""aggregation"":""latest year category='Enrolled in 1915(c) waiver'"",""denominator_count_of_enrollees"":""496,555"",""geography"":""Kansas"",""percentage_of_enrollees"":""6.4"",""source_row_count"":450,""source_rows_used"":450,""subpopulation"":""N/A"",""subpopulation_topic"":""N/A"",""why_matters"":""1915(c) waiver participation shows HCBS program scale and waiver administration demand.""}",2026-07-24T04:43:51Z
cmsmedicaid-a427402fe8ab5729,medicaid_data,medicaid_datastore,4d4eaf55-33d3-4468-80b4-63553f4530ae,Section 1915(c) waiver program participants,dataset_signal,Kentucky,medicaid,medicaid; 1915c; waiver; hcbs; service_use,section_1915c_waiver_enrollees,30569,2022,,2025-01-17,false,54,"{""dataset_id"":""4d4eaf55-33d3-4468-80b4-63553f4530ae"",""endpoint_type"":""medicaid_datastore"",""method"":""latest year category='Enrolled in 1915(c) waiver'"",""metric_name"":""section_1915c_waiver_enrollees"",""metric_period"":""2022"",""metric_value"":""30569"",""rht_flag"":false,""signal_dimension"":""Kentucky"",""state"":""Kentucky"",""topic_keys"":[""medicaid"",""1915c"",""waiver"",""hcbs"",""service_use""],""why_matters"":""1915(c) waiver participation shows HCBS program scale and waiver administration demand.""}",https://data.medicaid.gov/api/1/datastore/query/4d4eaf55-33d3-4468-80b4-63553f4530ae/0,"{""aggregation"":""latest year category='Enrolled in 1915(c) waiver'"",""denominator_count_of_enrollees"":""1,713,427"",""geography"":""Kentucky"",""percentage_of_enrollees"":""1.8"",""source_row_count"":450,""source_rows_used"":450,""subpopulation"":""N/A"",""subpopulation_topic"":""N/A"",""why_matters"":""1915(c) waiver participation shows HCBS program scale and waiver administration demand.""}",2026-07-24T04:43:51Z
cmsmedicaid-441c3cbf38c045b4,medicaid_data,medicaid_datastore,4d4eaf55-33d3-4468-80b4-63553f4530ae,Section 1915(c) waiver program participants,dataset_signal,Louisiana,medicaid,medicaid; 1915c; waiver; hcbs; service_use,section_1915c_waiver_enrollees,25184,2022,,2025-01-17,false,54,"{""dataset_id"":""4d4eaf55-33d3-4468-80b4-63553f4530ae"",""endpoint_type"":""medicaid_datastore"",""method"":""latest year category='Enrolled in 1915(c) waiver'"",""metric_name"":""section_1915c_waiver_enrollees"",""metric_period"":""2022"",""metric_value"":""25184"",""rht_flag"":false,""signal_dimension"":""Louisiana"",""state"":""Louisiana"",""topic_keys"":[""medicaid"",""1915c"",""waiver"",""hcbs"",""service_use""],""why_matters"":""1915(c) waiver participation shows HCBS program scale and waiver administration demand.""}",https://data.medicaid.gov/api/1/datastore/query/4d4eaf55-33d3-4468-80b4-63553f4530ae/0,"{""aggregation"":""latest year category='Enrolled in 1915(c) waiver'"",""denominator_count_of_enrollees"":""1,909,077"",""geography"":""Louisiana"",""percentage_of_enrollees"":""1.3"",""source_row_count"":450,""source_rows_used"":450,""subpopulation"":""N/A"",""subpopulation_topic"":""N/A"",""why_matters"":""1915(c) waiver participation shows HCBS program scale and waiver administration demand.""}",2026-07-24T04:43:51Z
cmsmedicaid-5c577657dbb68469,medicaid_data,medicaid_datastore,4d4eaf55-33d3-4468-80b4-63553f4530ae,Section 1915(c) waiver program participants,dataset_signal,Maine,medicaid,medicaid; 1915c; waiver; hcbs; service_use,section_1915c_waiver_enrollees,9407,2022,,2025-01-17,false,54,"{""dataset_id"":""4d4eaf55-33d3-4468-80b4-63553f4530ae"",""endpoint_type"":""medicaid_datastore"",""method"":""latest year category='Enrolled in 1915(c) waiver'"",""metric_name"":""section_1915c_waiver_enrollees"",""metric_period"":""2022"",""metric_value"":""9407"",""rht_flag"":false,""signal_dimension"":""Maine"",""state"":""Maine"",""topic_keys"":[""medicaid"",""1915c"",""waiver"",""hcbs"",""service_use""],""why_matters"":""1915(c) waiver participation shows HCBS program scale and waiver administration demand.""}",https://data.medicaid.gov/api/1/datastore/query/4d4eaf55-33d3-4468-80b4-63553f4530ae/0,"{""aggregation"":""latest year category='Enrolled in 1915(c) waiver'"",""denominator_count_of_enrollees"":""462,360"",""geography"":""Maine"",""percentage_of_enrollees"":""2.0"",""source_row_count"":450,""source_rows_used"":450,""subpopulation"":""N/A"",""subpopulation_topic"":""N/A"",""why_matters"":""1915(c) waiver participation shows HCBS program scale and waiver administration demand.""}",2026-07-24T04:43:51Z
cmsmedicaid-72bf09e26ffb2856,medicaid_data,medicaid_datastore,4d4eaf55-33d3-4468-80b4-63553f4530ae,Section 1915(c) waiver program participants,dataset_signal,Maryland,medicaid,medicaid; 1915c; waiver; hcbs; service_use,section_1915c_waiver_enrollees,28147,2022,,2025-01-17,false,54,"{""dataset_id"":""4d4eaf55-33d3-4468-80b4-63553f4530ae"",""endpoint_type"":""medicaid_datastore"",""method"":""latest year category='Enrolled in 1915(c) waiver'"",""metric_name"":""section_1915c_waiver_enrollees"",""metric_period"":""2022"",""metric_value"":""28147"",""rht_flag"":false,""signal_dimension"":""Maryland"",""state"":""Maryland"",""topic_keys"":[""medicaid"",""1915c"",""waiver"",""hcbs"",""service_use""],""why_matters"":""1915(c) waiver participation shows HCBS program scale and waiver administration demand.""}",https://data.medicaid.gov/api/1/datastore/query/4d4eaf55-33d3-4468-80b4-63553f4530ae/0,"{""aggregation"":""latest year category='Enrolled in 1915(c) waiver'"",""denominator_count_of_enrollees"":""1,668,629"",""geography"":""Maryland"",""percentage_of_enrollees"":""1.7"",""source_row_count"":450,""source_rows_used"":450,""subpopulation"":""N/A"",""subpopulation_topic"":""N/A"",""why_matters"":""1915(c) waiver participation shows HCBS program scale and waiver administration demand.""}",2026-07-24T04:43:51Z
cmsmedicaid-7e4a95b631beb351,medicaid_data,medicaid_datastore,4d4eaf55-33d3-4468-80b4-63553f4530ae,Section 1915(c) waiver program participants,dataset_signal,Massachusetts,medicaid,medicaid; 1915c; waiver; hcbs; service_use,section_1915c_waiver_enrollees,36289,2022,,2025-01-17,false,54,"{""dataset_id"":""4d4eaf55-33d3-4468-80b4-63553f4530ae"",""endpoint_type"":""medicaid_datastore"",""method"":""latest year category='Enrolled in 1915(c) waiver'"",""metric_name"":""section_1915c_waiver_enrollees"",""metric_period"":""2022"",""metric_value"":""36289"",""rht_flag"":false,""signal_dimension"":""Massachusetts"",""state"":""Massachusetts"",""topic_keys"":[""medicaid"",""1915c"",""waiver"",""hcbs"",""service_use""],""why_matters"":""1915(c) waiver participation shows HCBS program scale and waiver administration demand.""}",https://data.medicaid.gov/api/1/datastore/query/4d4eaf55-33d3-4468-80b4-63553f4530ae/0,"{""aggregation"":""latest year category='Enrolled in 1915(c) waiver'"",""denominator_count_of_enrollees"":""2,218,247"",""geography"":""Massachusetts"",""percentage_of_enrollees"":""1.6"",""source_row_count"":450,""source_rows_used"":450,""subpopulation"":""N/A"",""subpopulation_topic"":""N/A"",""why_matters"":""1915(c) waiver participation shows HCBS program scale and waiver administration demand.""}",2026-07-24T04:43:51Z
cmsmedicaid-d85f14b970d0f4ce,medicaid_data,medicaid_datastore,4d4eaf55-33d3-4468-80b4-63553f4530ae,Section 1915(c) waiver program participants,dataset_signal,Michigan,medicaid,medicaid; 1915c; waiver; hcbs; service_use,section_1915c_waiver_enrollees,80471,2022,,2025-01-17,false,54,"{""dataset_id"":""4d4eaf55-33d3-4468-80b4-63553f4530ae"",""endpoint_type"":""medicaid_datastore"",""method"":""latest year category='Enrolled in 1915(c) waiver'"",""metric_name"":""section_1915c_waiver_enrollees"",""metric_period"":""2022"",""metric_value"":""80471"",""rht_flag"":false,""signal_dimension"":""Michigan"",""state"":""Michigan"",""topic_keys"":[""medicaid"",""1915c"",""waiver"",""hcbs"",""service_use""],""why_matters"":""1915(c) waiver participation shows HCBS program scale and waiver administration demand.""}",https://data.medicaid.gov/api/1/datastore/query/4d4eaf55-33d3-4468-80b4-63553f4530ae/0,"{""aggregation"":""latest year category='Enrolled in 1915(c) waiver'"",""denominator_count_of_enrollees"":""3,130,558"",""geography"":""Michigan"",""percentage_of_enrollees"":""2.6"",""source_row_count"":450,""source_rows_used"":450,""subpopulation"":""N/A"",""subpopulation_topic"":""N/A"",""why_matters"":""1915(c) waiver participation shows HCBS program scale and waiver administration demand.""}",2026-07-24T04:43:51Z
cmsmedicaid-133964735367d5da,medicaid_data,medicaid_datastore,4d4eaf55-33d3-4468-80b4-63553f4530ae,Section 1915(c) waiver program participants,dataset_signal,Minnesota,medicaid,medicaid; 1915c; waiver; hcbs; service_use,section_1915c_waiver_enrollees,101435,2022,,2025-01-17,false,54,"{""dataset_id"":""4d4eaf55-33d3-4468-80b4-63553f4530ae"",""endpoint_type"":""medicaid_datastore"",""method"":""latest year category='Enrolled in 1915(c) waiver'"",""metric_name"":""section_1915c_waiver_enrollees"",""metric_period"":""2022"",""metric_value"":""101435"",""rht_flag"":false,""signal_dimension"":""Minnesota"",""state"":""Minnesota"",""topic_keys"":[""medicaid"",""1915c"",""waiver"",""hcbs"",""service_use""],""why_matters"":""1915(c) waiver participation shows HCBS program scale and waiver administration demand.""}",https://data.medicaid.gov/api/1/datastore/query/4d4eaf55-33d3-4468-80b4-63553f4530ae/0,"{""aggregation"":""latest year category='Enrolled in 1915(c) waiver'"",""denominator_count_of_enrollees"":""1,486,506"",""geography"":""Minnesota"",""percentage_of_enrollees"":""6.8"",""source_row_count"":450,""source_rows_used"":450,""subpopulation"":""N/A"",""subpopulation_topic"":""N/A"",""why_matters"":""1915(c) waiver participation shows HCBS program scale and waiver administration demand.""}",2026-07-24T04:43:51Z
cmsmedicaid-8dcab35d6e0c5683,medicaid_data,medicaid_datastore,4d4eaf55-33d3-4468-80b4-63553f4530ae,Section 1915(c) waiver program participants,dataset_signal,Mississippi,medicaid,medicaid; 1915c; waiver; hcbs; service_use,section_1915c_waiver_enrollees,1001,2022,,2025-01-17,false,54,"{""dataset_id"":""4d4eaf55-33d3-4468-80b4-63553f4530ae"",""endpoint_type"":""medicaid_datastore"",""method"":""latest year category='Enrolled in 1915(c) waiver'"",""metric_name"":""section_1915c_waiver_enrollees"",""metric_period"":""2022"",""metric_value"":""1001"",""rht_flag"":false,""signal_dimension"":""Mississippi"",""state"":""Mississippi"",""topic_keys"":[""medicaid"",""1915c"",""waiver"",""hcbs"",""service_use""],""why_matters"":""1915(c) waiver participation shows HCBS program scale and waiver administration demand.""}",https://data.medicaid.gov/api/1/datastore/query/4d4eaf55-33d3-4468-80b4-63553f4530ae/0,"{""aggregation"":""latest year category='Enrolled in 1915(c) waiver'"",""denominator_count_of_enrollees"":""841,848"",""geography"":""Mississippi"",""percentage_of_enrollees"":""0.1"",""source_row_count"":450,""source_rows_used"":450,""subpopulation"":""N/A"",""subpopulation_topic"":""N/A"",""why_matters"":""1915(c) waiver participation shows HCBS program scale and waiver administration demand.""}",2026-07-24T04:43:51Z
cmsmedicaid-37198e8623352a66,medicaid_data,medicaid_datastore,4d4eaf55-33d3-4468-80b4-63553f4530ae,Section 1915(c) waiver program participants,dataset_signal,Montana,medicaid,medicaid; 1915c; waiver; hcbs; service_use,section_1915c_waiver_enrollees,5853,2022,,2025-01-17,false,54,"{""dataset_id"":""4d4eaf55-33d3-4468-80b4-63553f4530ae"",""endpoint_type"":""medicaid_datastore"",""method"":""latest year category='Enrolled in 1915(c) waiver'"",""metric_name"":""section_1915c_waiver_enrollees"",""metric_period"":""2022"",""metric_value"":""5853"",""rht_flag"":false,""signal_dimension"":""Montana"",""state"":""Montana"",""topic_keys"":[""medicaid"",""1915c"",""waiver"",""hcbs"",""service_use""],""why_matters"":""1915(c) waiver participation shows HCBS program scale and waiver administration demand.""}",https://data.medicaid.gov/api/1/datastore/query/4d4eaf55-33d3-4468-80b4-63553f4530ae/0,"{""aggregation"":""latest year category='Enrolled in 1915(c) waiver'"",""denominator_count_of_enrollees"":""315,027"",""geography"":""Montana"",""percentage_of_enrollees"":""1.9"",""source_row_count"":450,""source_rows_used"":450,""subpopulation"":""N/A"",""subpopulation_topic"":""N/A"",""why_matters"":""1915(c) waiver participation shows HCBS program scale and waiver administration demand.""}",2026-07-24T04:43:51Z
cmsmedicaid-2d1b23810c6b91ac,medicaid_data,medicaid_datastore,4d4eaf55-33d3-4468-80b4-63553f4530ae,Section 1915(c) waiver program participants,dataset_signal,Nebraska,medicaid,medicaid; 1915c; waiver; hcbs; service_use,section_1915c_waiver_enrollees,13503,2022,,2025-01-17,false,54,"{""dataset_id"":""4d4eaf55-33d3-4468-80b4-63553f4530ae"",""endpoint_type"":""medicaid_datastore"",""method"":""latest year category='Enrolled in 1915(c) waiver'"",""metric_name"":""section_1915c_waiver_enrollees"",""metric_period"":""2022"",""metric_value"":""13503"",""rht_flag"":false,""signal_dimension"":""Nebraska"",""state"":""Nebraska"",""topic_keys"":[""medicaid"",""1915c"",""waiver"",""hcbs"",""service_use""],""why_matters"":""1915(c) waiver participation shows HCBS program scale and waiver administration demand.""}",https://data.medicaid.gov/api/1/datastore/query/4d4eaf55-33d3-4468-80b4-63553f4530ae/0,"{""aggregation"":""latest year category='Enrolled in 1915(c) waiver'"",""denominator_count_of_enrollees"":""378,407"",""geography"":""Nebraska"",""percentage_of_enrollees"":""3.6"",""source_row_count"":450,""source_rows_used"":450,""subpopulation"":""N/A"",""subpopulation_topic"":""N/A"",""why_matters"":""1915(c) waiver participation shows HCBS program scale and waiver administration demand.""}",2026-07-24T04:43:51Z
cmsmedicaid-ec2de32e377a8fe2,medicaid_data,medicaid_datastore,4d4eaf55-33d3-4468-80b4-63553f4530ae,Section 1915(c) waiver program participants,dataset_signal,Nevada,medicaid,medicaid; 1915c; waiver; hcbs; service_use,section_1915c_waiver_enrollees,7279,2022,,2025-01-17,false,54,"{""dataset_id"":""4d4eaf55-33d3-4468-80b4-63553f4530ae"",""endpoint_type"":""medicaid_datastore"",""method"":""latest year category='Enrolled in 1915(c) waiver'"",""metric_name"":""section_1915c_waiver_enrollees"",""metric_period"":""2022"",""metric_value"":""7279"",""rht_flag"":false,""signal_dimension"":""Nevada"",""state"":""Nevada"",""topic_keys"":[""medicaid"",""1915c"",""waiver"",""hcbs"",""service_use""],""why_matters"":""1915(c) waiver participation shows HCBS program scale and waiver administration demand.""}",https://data.medicaid.gov/api/1/datastore/query/4d4eaf55-33d3-4468-80b4-63553f4530ae/0,"{""aggregation"":""latest year category='Enrolled in 1915(c) waiver'"",""denominator_count_of_enrollees"":""974,020"",""geography"":""Nevada"",""percentage_of_enrollees"":""0.7"",""source_row_count"":450,""source_rows_used"":450,""subpopulation"":""N/A"",""subpopulation_topic"":""N/A"",""why_matters"":""1915(c) waiver participation shows HCBS program scale and waiver administration demand.""}",2026-07-24T04:43:51Z
cmsmedicaid-8e3e1fc0d502fe60,medicaid_data,medicaid_datastore,4d4eaf55-33d3-4468-80b4-63553f4530ae,Section 1915(c) waiver program participants,dataset_signal,New Hampshire,medicaid,medicaid; 1915c; waiver; hcbs; service_use,section_1915c_waiver_enrollees,10502,2022,,2025-01-17,false,54,"{""dataset_id"":""4d4eaf55-33d3-4468-80b4-63553f4530ae"",""endpoint_type"":""medicaid_datastore"",""method"":""latest year category='Enrolled in 1915(c) waiver'"",""metric_name"":""section_1915c_waiver_enrollees"",""metric_period"":""2022"",""metric_value"":""10502"",""rht_flag"":false,""signal_dimension"":""New Hampshire"",""state"":""New Hampshire"",""topic_keys"":[""medicaid"",""1915c"",""waiver"",""hcbs"",""service_use""],""why_matters"":""1915(c) waiver participation shows HCBS program scale and waiver administration demand.""}",https://data.medicaid.gov/api/1/datastore/query/4d4eaf55-33d3-4468-80b4-63553f4530ae/0,"{""aggregation"":""latest year category='Enrolled in 1915(c) waiver'"",""denominator_count_of_enrollees"":""266,372"",""geography"":""New Hampshire"",""percentage_of_enrollees"":""3.9"",""source_row_count"":450,""source_rows_used"":450,""subpopulation"":""N/A"",""subpopulation_topic"":""N/A"",""why_matters"":""1915(c) waiver participation shows HCBS program scale and waiver administration demand.""}",2026-07-24T04:43:51Z
cmsmedicaid-530dc629d821ecdc,medicaid_data,medicaid_datastore,4d4eaf55-33d3-4468-80b4-63553f4530ae,Section 1915(c) waiver program participants,dataset_signal,New Jersey,medicaid,medicaid; 1915c; waiver; hcbs; service_use,section_1915c_waiver_enrollees,0,2022,,2025-01-17,false,54,"{""dataset_id"":""4d4eaf55-33d3-4468-80b4-63553f4530ae"",""endpoint_type"":""medicaid_datastore"",""method"":""latest year category='Enrolled in 1915(c) waiver'"",""metric_name"":""section_1915c_waiver_enrollees"",""metric_period"":""2022"",""metric_value"":""0"",""rht_flag"":false,""signal_dimension"":""New Jersey"",""state"":""New Jersey"",""topic_keys"":[""medicaid"",""1915c"",""waiver"",""hcbs"",""service_use""],""why_matters"":""1915(c) waiver participation shows HCBS program scale and waiver administration demand.""}",https://data.medicaid.gov/api/1/datastore/query/4d4eaf55-33d3-4468-80b4-63553f4530ae/0,"{""aggregation"":""latest year category='Enrolled in 1915(c) waiver'"",""denominator_count_of_enrollees"":""2,106,311"",""geography"":""New Jersey"",""percentage_of_enrollees"":""0"",""source_row_count"":450,""source_rows_used"":450,""subpopulation"":""N/A"",""subpopulation_topic"":""N/A"",""why_matters"":""1915(c) waiver participation shows HCBS program scale and waiver administration demand.""}",2026-07-24T04:43:51Z
cmsmedicaid-b02b259cbb1372d0,medicaid_data,medicaid_datastore,4d4eaf55-33d3-4468-80b4-63553f4530ae,Section 1915(c) waiver program participants,dataset_signal,New Mexico,medicaid,medicaid; 1915c; waiver; hcbs; service_use,section_1915c_waiver_enrollees,6316,2022,,2025-01-17,false,54,"{""dataset_id"":""4d4eaf55-33d3-4468-80b4-63553f4530ae"",""endpoint_type"":""medicaid_datastore"",""method"":""latest year category='Enrolled in 1915(c) waiver'"",""metric_name"":""section_1915c_waiver_enrollees"",""metric_period"":""2022"",""metric_value"":""6316"",""rht_flag"":false,""signal_dimension"":""New Mexico"",""state"":""New Mexico"",""topic_keys"":[""medicaid"",""1915c"",""waiver"",""hcbs"",""service_use""],""why_matters"":""1915(c) waiver participation shows HCBS program scale and waiver administration demand.""}",https://data.medicaid.gov/api/1/datastore/query/4d4eaf55-33d3-4468-80b4-63553f4530ae/0,"{""aggregation"":""latest year category='Enrolled in 1915(c) waiver'"",""denominator_count_of_enrollees"":""992,035"",""geography"":""New Mexico"",""percentage_of_enrollees"":""0.6"",""source_row_count"":450,""source_rows_used"":450,""subpopulation"":""N/A"",""subpopulation_topic"":""N/A"",""why_matters"":""1915(c) waiver participation shows HCBS program scale and waiver administration demand.""}",2026-07-24T04:43:51Z
cmsmedicaid-7355f858fd865526,medicaid_data,medicaid_datastore,4d4eaf55-33d3-4468-80b4-63553f4530ae,Section 1915(c) waiver program participants,dataset_signal,New York,medicaid,medicaid; 1915c; waiver; hcbs; service_use,section_1915c_waiver_enrollees,141569,2022,,2025-01-17,false,54,"{""dataset_id"":""4d4eaf55-33d3-4468-80b4-63553f4530ae"",""endpoint_type"":""medicaid_datastore"",""method"":""latest year category='Enrolled in 1915(c) waiver'"",""metric_name"":""section_1915c_waiver_enrollees"",""metric_period"":""2022"",""metric_value"":""141569"",""rht_flag"":false,""signal_dimension"":""New York"",""state"":""New York"",""topic_keys"":[""medicaid"",""1915c"",""waiver"",""hcbs"",""service_use""],""why_matters"":""1915(c) waiver participation shows HCBS program scale and waiver administration demand.""}",https://data.medicaid.gov/api/1/datastore/query/4d4eaf55-33d3-4468-80b4-63553f4530ae/0,"{""aggregation"":""latest year category='Enrolled in 1915(c) waiver'"",""denominator_count_of_enrollees"":""7,914,544"",""geography"":""New York"",""percentage_of_enrollees"":""1.8"",""source_row_count"":450,""source_rows_used"":450,""subpopulation"":""N/A"",""subpopulation_topic"":""N/A"",""why_matters"":""1915(c) waiver participation shows HCBS program scale and waiver administration demand.""}",2026-07-24T04:43:51Z
cmsmedicaid-e4e28143cc730684,medicaid_data,medicaid_datastore,4d4eaf55-33d3-4468-80b4-63553f4530ae,Section 1915(c) waiver program participants,dataset_signal,North Dakota,medicaid,medicaid; 1915c; waiver; hcbs; service_use,section_1915c_waiver_enrollees,6952,2022,,2025-01-17,false,54,"{""dataset_id"":""4d4eaf55-33d3-4468-80b4-63553f4530ae"",""endpoint_type"":""medicaid_datastore"",""method"":""latest year category='Enrolled in 1915(c) waiver'"",""metric_name"":""section_1915c_waiver_enrollees"",""metric_period"":""2022"",""metric_value"":""6952"",""rht_flag"":false,""signal_dimension"":""North Dakota"",""state"":""North Dakota"",""topic_keys"":[""medicaid"",""1915c"",""waiver"",""hcbs"",""service_use""],""why_matters"":""1915(c) waiver participation shows HCBS program scale and waiver administration demand.""}",https://data.medicaid.gov/api/1/datastore/query/4d4eaf55-33d3-4468-80b4-63553f4530ae/0,"{""aggregation"":""latest year category='Enrolled in 1915(c) waiver'"",""denominator_count_of_enrollees"":""138,786"",""geography"":""North Dakota"",""percentage_of_enrollees"":""5.0"",""source_row_count"":450,""source_rows_used"":450,""subpopulation"":""N/A"",""subpopulation_topic"":""N/A"",""why_matters"":""1915(c) waiver participation shows HCBS program scale and waiver administration demand.""}",2026-07-24T04:43:51Z
cmsmedicaid-a372e156d18a02dd,medicaid_data,medicaid_datastore,4d4eaf55-33d3-4468-80b4-63553f4530ae,Section 1915(c) waiver program participants,dataset_signal,Ohio,medicaid,medicaid; 1915c; waiver; hcbs; service_use,section_1915c_waiver_enrollees,83214,2022,,2025-01-17,false,54,"{""dataset_id"":""4d4eaf55-33d3-4468-80b4-63553f4530ae"",""endpoint_type"":""medicaid_datastore"",""method"":""latest year category='Enrolled in 1915(c) waiver'"",""metric_name"":""section_1915c_waiver_enrollees"",""metric_period"":""2022"",""metric_value"":""83214"",""rht_flag"":false,""signal_dimension"":""Ohio"",""state"":""Ohio"",""topic_keys"":[""medicaid"",""1915c"",""waiver"",""hcbs"",""service_use""],""why_matters"":""1915(c) waiver participation shows HCBS program scale and waiver administration demand.""}",https://data.medicaid.gov/api/1/datastore/query/4d4eaf55-33d3-4468-80b4-63553f4530ae/0,"{""aggregation"":""latest year category='Enrolled in 1915(c) waiver'"",""denominator_count_of_enrollees"":""3,382,414"",""geography"":""Ohio"",""percentage_of_enrollees"":""2.5"",""source_row_count"":450,""source_rows_used"":450,""subpopulation"":""N/A"",""subpopulation_topic"":""N/A"",""why_matters"":""1915(c) waiver participation shows HCBS program scale and waiver administration demand.""}",2026-07-24T04:43:51Z
cmsmedicaid-dd6b66510b41a08c,medicaid_data,medicaid_datastore,4d4eaf55-33d3-4468-80b4-63553f4530ae,Section 1915(c) waiver program participants,dataset_signal,Oklahoma,medicaid,medicaid; 1915c; waiver; hcbs; service_use,section_1915c_waiver_enrollees,29887,2022,,2025-01-17,false,54,"{""dataset_id"":""4d4eaf55-33d3-4468-80b4-63553f4530ae"",""endpoint_type"":""medicaid_datastore"",""method"":""latest year category='Enrolled in 1915(c) waiver'"",""metric_name"":""section_1915c_waiver_enrollees"",""metric_period"":""2022"",""metric_value"":""29887"",""rht_flag"":false,""signal_dimension"":""Oklahoma"",""state"":""Oklahoma"",""topic_keys"":[""medicaid"",""1915c"",""waiver"",""hcbs"",""service_use""],""why_matters"":""1915(c) waiver participation shows HCBS program scale and waiver administration demand.""}",https://data.medicaid.gov/api/1/datastore/query/4d4eaf55-33d3-4468-80b4-63553f4530ae/0,"{""aggregation"":""latest year category='Enrolled in 1915(c) waiver'"",""denominator_count_of_enrollees"":""1,276,573"",""geography"":""Oklahoma"",""percentage_of_enrollees"":""2.3"",""source_row_count"":450,""source_rows_used"":450,""subpopulation"":""N/A"",""subpopulation_topic"":""N/A"",""why_matters"":""1915(c) waiver participation shows HCBS program scale and waiver administration demand.""}",2026-07-24T04:43:51Z
cmsmedicaid-050d6e52610cf188,medicaid_data,medicaid_datastore,4d4eaf55-33d3-4468-80b4-63553f4530ae,Section 1915(c) waiver program participants,dataset_signal,Oregon,medicaid,medicaid; 1915c; waiver; hcbs; service_use,section_1915c_waiver_enrollees,57698,2022,,2025-01-17,false,54,"{""dataset_id"":""4d4eaf55-33d3-4468-80b4-63553f4530ae"",""endpoint_type"":""medicaid_datastore"",""method"":""latest year category='Enrolled in 1915(c) waiver'"",""metric_name"":""section_1915c_waiver_enrollees"",""metric_period"":""2022"",""metric_value"":""57698"",""rht_flag"":false,""signal_dimension"":""Oregon"",""state"":""Oregon"",""topic_keys"":[""medicaid"",""1915c"",""waiver"",""hcbs"",""service_use""],""why_matters"":""1915(c) waiver participation shows HCBS program scale and waiver administration demand.""}",https://data.medicaid.gov/api/1/datastore/query/4d4eaf55-33d3-4468-80b4-63553f4530ae/0,"{""aggregation"":""latest year category='Enrolled in 1915(c) waiver'"",""denominator_count_of_enrollees"":""1,387,830"",""geography"":""Oregon"",""percentage_of_enrollees"":""4.2"",""source_row_count"":450,""source_rows_used"":450,""subpopulation"":""N/A"",""subpopulation_topic"":""N/A"",""why_matters"":""1915(c) waiver participation shows HCBS program scale and waiver administration demand.""}",2026-07-24T04:43:51Z
cmsmedicaid-7b832f083f252f1a,medicaid_data,medicaid_datastore,4d4eaf55-33d3-4468-80b4-63553f4530ae,Section 1915(c) waiver program participants,dataset_signal,Pennsylvania,medicaid,medicaid; 1915c; waiver; hcbs; service_use,section_1915c_waiver_enrollees,406051,2022,,2025-01-17,false,54,"{""dataset_id"":""4d4eaf55-33d3-4468-80b4-63553f4530ae"",""endpoint_type"":""medicaid_datastore"",""method"":""latest year category='Enrolled in 1915(c) waiver'"",""metric_name"":""section_1915c_waiver_enrollees"",""metric_period"":""2022"",""metric_value"":""406051"",""rht_flag"":false,""signal_dimension"":""Pennsylvania"",""state"":""Pennsylvania"",""topic_keys"":[""medicaid"",""1915c"",""waiver"",""hcbs"",""service_use""],""why_matters"":""1915(c) waiver participation shows HCBS program scale and waiver administration demand.""}",https://data.medicaid.gov/api/1/datastore/query/4d4eaf55-33d3-4468-80b4-63553f4530ae/0,"{""aggregation"":""latest year category='Enrolled in 1915(c) waiver'"",""denominator_count_of_enrollees"":""3,678,888"",""geography"":""Pennsylvania"",""percentage_of_enrollees"":""11.0"",""source_row_count"":450,""source_rows_used"":450,""subpopulation"":""N/A"",""subpopulation_topic"":""N/A"",""why_matters"":""1915(c) waiver participation shows HCBS program scale and waiver administration demand.""}",2026-07-24T04:43:51Z
cmsmedicaid-250b1b33aee4355c,medicaid_data,medicaid_datastore,4d4eaf55-33d3-4468-80b4-63553f4530ae,Section 1915(c) waiver program participants,dataset_signal,Puerto Rico,medicaid,medicaid; 1915c; waiver; hcbs; service_use,section_1915c_waiver_enrollees,0,2022,,2025-01-17,false,54,"{""dataset_id"":""4d4eaf55-33d3-4468-80b4-63553f4530ae"",""endpoint_type"":""medicaid_datastore"",""method"":""latest year category='Enrolled in 1915(c) waiver'"",""metric_name"":""section_1915c_waiver_enrollees"",""metric_period"":""2022"",""metric_value"":""0"",""rht_flag"":false,""signal_dimension"":""Puerto Rico"",""state"":""Puerto Rico"",""topic_keys"":[""medicaid"",""1915c"",""waiver"",""hcbs"",""service_use""],""why_matters"":""1915(c) waiver participation shows HCBS program scale and waiver administration demand.""}",https://data.medicaid.gov/api/1/datastore/query/4d4eaf55-33d3-4468-80b4-63553f4530ae/0,"{""aggregation"":""latest year category='Enrolled in 1915(c) waiver'"",""denominator_count_of_enrollees"":""1,531,848"",""geography"":""Puerto Rico"",""percentage_of_enrollees"":""0"",""source_row_count"":450,""source_rows_used"":450,""subpopulation"":""N/A"",""subpopulation_topic"":""N/A"",""why_matters"":""1915(c) waiver participation shows HCBS program scale and waiver administration demand.""}",2026-07-24T04:43:51Z
cmsmedicaid-770f2ba3c9a0877b,medicaid_data,medicaid_datastore,4d4eaf55-33d3-4468-80b4-63553f4530ae,Section 1915(c) waiver program participants,dataset_signal,Rhode Island,medicaid,medicaid; 1915c; waiver; hcbs; service_use,section_1915c_waiver_enrollees,0,2022,,2025-01-17,false,54,"{""dataset_id"":""4d4eaf55-33d3-4468-80b4-63553f4530ae"",""endpoint_type"":""medicaid_datastore"",""method"":""latest year category='Enrolled in 1915(c) waiver'"",""metric_name"":""section_1915c_waiver_enrollees"",""metric_period"":""2022"",""metric_value"":""0"",""rht_flag"":false,""signal_dimension"":""Rhode Island"",""state"":""Rhode Island"",""topic_keys"":[""medicaid"",""1915c"",""waiver"",""hcbs"",""service_use""],""why_matters"":""1915(c) waiver participation shows HCBS program scale and waiver administration demand.""}",https://data.medicaid.gov/api/1/datastore/query/4d4eaf55-33d3-4468-80b4-63553f4530ae/0,"{""aggregation"":""latest year category='Enrolled in 1915(c) waiver'"",""denominator_count_of_enrollees"":""370,240"",""geography"":""Rhode Island"",""percentage_of_enrollees"":""0"",""source_row_count"":450,""source_rows_used"":450,""subpopulation"":""N/A"",""subpopulation_topic"":""N/A"",""why_matters"":""1915(c) waiver participation shows HCBS program scale and waiver administration demand.""}",2026-07-24T04:43:51Z
cmsmedicaid-7b81b7d8db4be66c,medicaid_data,medicaid_datastore,4d4eaf55-33d3-4468-80b4-63553f4530ae,Section 1915(c) waiver program participants,dataset_signal,South Carolina,medicaid,medicaid; 1915c; waiver; hcbs; service_use,section_1915c_waiver_enrollees,46774,2022,,2025-01-17,false,54,"{""dataset_id"":""4d4eaf55-33d3-4468-80b4-63553f4530ae"",""endpoint_type"":""medicaid_datastore"",""method"":""latest year category='Enrolled in 1915(c) waiver'"",""metric_name"":""section_1915c_waiver_enrollees"",""metric_period"":""2022"",""metric_value"":""46774"",""rht_flag"":false,""signal_dimension"":""South Carolina"",""state"":""South Carolina"",""topic_keys"":[""medicaid"",""1915c"",""waiver"",""hcbs"",""service_use""],""why_matters"":""1915(c) waiver participation shows HCBS program scale and waiver administration demand.""}",https://data.medicaid.gov/api/1/datastore/query/4d4eaf55-33d3-4468-80b4-63553f4530ae/0,"{""aggregation"":""latest year category='Enrolled in 1915(c) waiver'"",""denominator_count_of_enrollees"":""1,512,973"",""geography"":""South Carolina"",""percentage_of_enrollees"":""3.1"",""source_row_count"":450,""source_rows_used"":450,""subpopulation"":""N/A"",""subpopulation_topic"":""N/A"",""why_matters"":""1915(c) waiver participation shows HCBS program scale and waiver administration demand.""}",2026-07-24T04:43:51Z
cmsmedicaid-ce5f16f62b064ae8,medicaid_data,medicaid_datastore,4d4eaf55-33d3-4468-80b4-63553f4530ae,Section 1915(c) waiver program participants,dataset_signal,South Dakota,medicaid,medicaid; 1915c; waiver; hcbs; service_use,section_1915c_waiver_enrollees,5889,2022,,2025-01-17,false,54,"{""dataset_id"":""4d4eaf55-33d3-4468-80b4-63553f4530ae"",""endpoint_type"":""medicaid_datastore"",""method"":""latest year category='Enrolled in 1915(c) waiver'"",""metric_name"":""section_1915c_waiver_enrollees"",""metric_period"":""2022"",""metric_value"":""5889"",""rht_flag"":false,""signal_dimension"":""South Dakota"",""state"":""South Dakota"",""topic_keys"":[""medicaid"",""1915c"",""waiver"",""hcbs"",""service_use""],""why_matters"":""1915(c) waiver participation shows HCBS program scale and waiver administration demand.""}",https://data.medicaid.gov/api/1/datastore/query/4d4eaf55-33d3-4468-80b4-63553f4530ae/0,"{""aggregation"":""latest year category='Enrolled in 1915(c) waiver'"",""denominator_count_of_enrollees"":""142,933"",""geography"":""South Dakota"",""percentage_of_enrollees"":""4.1"",""source_row_count"":450,""source_rows_used"":450,""subpopulation"":""N/A"",""subpopulation_topic"":""N/A"",""why_matters"":""1915(c) waiver participation shows HCBS program scale and waiver administration demand.""}",2026-07-24T04:43:51Z
cmsmedicaid-43a4f4404beeb23c,medicaid_data,medicaid_datastore,4d4eaf55-33d3-4468-80b4-63553f4530ae,Section 1915(c) waiver program participants,dataset_signal,Texas,medicaid,medicaid; 1915c; waiver; hcbs; service_use,section_1915c_waiver_enrollees,49853,2022,,2025-01-17,false,54,"{""dataset_id"":""4d4eaf55-33d3-4468-80b4-63553f4530ae"",""endpoint_type"":""medicaid_datastore"",""method"":""latest year category='Enrolled in 1915(c) waiver'"",""metric_name"":""section_1915c_waiver_enrollees"",""metric_period"":""2022"",""metric_value"":""49853"",""rht_flag"":false,""signal_dimension"":""Texas"",""state"":""Texas"",""topic_keys"":[""medicaid"",""1915c"",""waiver"",""hcbs"",""service_use""],""why_matters"":""1915(c) waiver participation shows HCBS program scale and waiver administration demand.""}",https://data.medicaid.gov/api/1/datastore/query/4d4eaf55-33d3-4468-80b4-63553f4530ae/0,"{""aggregation"":""latest year category='Enrolled in 1915(c) waiver'"",""denominator_count_of_enrollees"":""6,430,000"",""geography"":""Texas"",""percentage_of_enrollees"":""0.8"",""source_row_count"":450,""source_rows_used"":450,""subpopulation"":""N/A"",""subpopulation_topic"":""N/A"",""why_matters"":""1915(c) waiver participation shows HCBS program scale and waiver administration demand.""}",2026-07-24T04:43:51Z
cmsmedicaid-99127b7ccb622464,medicaid_data,medicaid_datastore,4d4eaf55-33d3-4468-80b4-63553f4530ae,Section 1915(c) waiver program participants,dataset_signal,Utah,medicaid,medicaid; 1915c; waiver; hcbs; service_use,section_1915c_waiver_enrollees,9133,2022,,2025-01-17,false,54,"{""dataset_id"":""4d4eaf55-33d3-4468-80b4-63553f4530ae"",""endpoint_type"":""medicaid_datastore"",""method"":""latest year category='Enrolled in 1915(c) waiver'"",""metric_name"":""section_1915c_waiver_enrollees"",""metric_period"":""2022"",""metric_value"":""9133"",""rht_flag"":false,""signal_dimension"":""Utah"",""state"":""Utah"",""topic_keys"":[""medicaid"",""1915c"",""waiver"",""hcbs"",""service_use""],""why_matters"":""1915(c) waiver participation shows HCBS program scale and waiver administration demand.""}",https://data.medicaid.gov/api/1/datastore/query/4d4eaf55-33d3-4468-80b4-63553f4530ae/0,"{""aggregation"":""latest year category='Enrolled in 1915(c) waiver'"",""denominator_count_of_enrollees"":""534,861"",""geography"":""Utah"",""percentage_of_enrollees"":""1.7"",""source_row_count"":450,""source_rows_used"":450,""subpopulation"":""N/A"",""subpopulation_topic"":""N/A"",""why_matters"":""1915(c) waiver participation shows HCBS program scale and waiver administration demand.""}",2026-07-24T04:43:51Z
cmsmedicaid-3e07a8c96911f9d1,medicaid_data,medicaid_datastore,4d4eaf55-33d3-4468-80b4-63553f4530ae,Section 1915(c) waiver program participants,dataset_signal,Vermont,medicaid,medicaid; 1915c; waiver; hcbs; service_use,section_1915c_waiver_enrollees,0,2022,,2025-01-17,false,54,"{""dataset_id"":""4d4eaf55-33d3-4468-80b4-63553f4530ae"",""endpoint_type"":""medicaid_datastore"",""method"":""latest year category='Enrolled in 1915(c) waiver'"",""metric_name"":""section_1915c_waiver_enrollees"",""metric_period"":""2022"",""metric_value"":""0"",""rht_flag"":false,""signal_dimension"":""Vermont"",""state"":""Vermont"",""topic_keys"":[""medicaid"",""1915c"",""waiver"",""hcbs"",""service_use""],""why_matters"":""1915(c) waiver participation shows HCBS program scale and waiver administration demand.""}",https://data.medicaid.gov/api/1/datastore/query/4d4eaf55-33d3-4468-80b4-63553f4530ae/0,"{""aggregation"":""latest year category='Enrolled in 1915(c) waiver'"",""denominator_count_of_enrollees"":""208,155"",""geography"":""Vermont"",""percentage_of_enrollees"":""0"",""source_row_count"":450,""source_rows_used"":450,""subpopulation"":""N/A"",""subpopulation_topic"":""N/A"",""why_matters"":""1915(c) waiver participation shows HCBS program scale and waiver administration demand.""}",2026-07-24T04:43:51Z
cmsmedicaid-3cfae73027889648,medicaid_data,medicaid_datastore,4d4eaf55-33d3-4468-80b4-63553f4530ae,Section 1915(c) waiver program participants,dataset_signal,Virgin Islands,medicaid,medicaid; 1915c; waiver; hcbs; service_use,section_1915c_waiver_enrollees,0,2022,,2025-01-17,false,54,"{""dataset_id"":""4d4eaf55-33d3-4468-80b4-63553f4530ae"",""endpoint_type"":""medicaid_datastore"",""method"":""latest year category='Enrolled in 1915(c) waiver'"",""metric_name"":""section_1915c_waiver_enrollees"",""metric_period"":""2022"",""metric_value"":""0"",""rht_flag"":false,""signal_dimension"":""Virgin Islands"",""state"":""Virgin Islands"",""topic_keys"":[""medicaid"",""1915c"",""waiver"",""hcbs"",""service_use""],""why_matters"":""1915(c) waiver participation shows HCBS program scale and waiver administration demand.""}",https://data.medicaid.gov/api/1/datastore/query/4d4eaf55-33d3-4468-80b4-63553f4530ae/0,"{""aggregation"":""latest year category='Enrolled in 1915(c) waiver'"",""denominator_count_of_enrollees"":""37,144"",""geography"":""Virgin Islands"",""percentage_of_enrollees"":""0"",""source_row_count"":450,""source_rows_used"":450,""subpopulation"":""N/A"",""subpopulation_topic"":""N/A"",""why_matters"":""1915(c) waiver participation shows HCBS program scale and waiver administration demand.""}",2026-07-24T04:43:51Z
cmsmedicaid-2f71016282a7ac38,medicaid_data,medicaid_datastore,4d4eaf55-33d3-4468-80b4-63553f4530ae,Section 1915(c) waiver program participants,dataset_signal,Virginia,medicaid,medicaid; 1915c; waiver; hcbs; service_use,section_1915c_waiver_enrollees,66149,2022,,2025-01-17,false,54,"{""dataset_id"":""4d4eaf55-33d3-4468-80b4-63553f4530ae"",""endpoint_type"":""medicaid_datastore"",""method"":""latest year category='Enrolled in 1915(c) waiver'"",""metric_name"":""section_1915c_waiver_enrollees"",""metric_period"":""2022"",""metric_value"":""66149"",""rht_flag"":false,""signal_dimension"":""Virginia"",""state"":""Virginia"",""topic_keys"":[""medicaid"",""1915c"",""waiver"",""hcbs"",""service_use""],""why_matters"":""1915(c) waiver participation shows HCBS program scale and waiver administration demand.""}",https://data.medicaid.gov/api/1/datastore/query/4d4eaf55-33d3-4468-80b4-63553f4530ae/0,"{""aggregation"":""latest year category='Enrolled in 1915(c) waiver'"",""denominator_count_of_enrollees"":""2,033,383"",""geography"":""Virginia"",""percentage_of_enrollees"":""3.3"",""source_row_count"":450,""source_rows_used"":450,""subpopulation"":""N/A"",""subpopulation_topic"":""N/A"",""why_matters"":""1915(c) waiver participation shows HCBS program scale and waiver administration demand.""}",2026-07-24T04:43:51Z
cmsmedicaid-920e374da7bffa18,medicaid_data,medicaid_datastore,4d4eaf55-33d3-4468-80b4-63553f4530ae,Section 1915(c) waiver program participants,dataset_signal,Washington,medicaid,medicaid; 1915c; waiver; hcbs; service_use,section_1915c_waiver_enrollees,55189,2022,,2025-01-17,false,54,"{""dataset_id"":""4d4eaf55-33d3-4468-80b4-63553f4530ae"",""endpoint_type"":""medicaid_datastore"",""method"":""latest year category='Enrolled in 1915(c) waiver'"",""metric_name"":""section_1915c_waiver_enrollees"",""metric_period"":""2022"",""metric_value"":""55189"",""rht_flag"":false,""signal_dimension"":""Washington"",""state"":""Washington"",""topic_keys"":[""medicaid"",""1915c"",""waiver"",""hcbs"",""service_use""],""why_matters"":""1915(c) waiver participation shows HCBS program scale and waiver administration demand.""}",https://data.medicaid.gov/api/1/datastore/query/4d4eaf55-33d3-4468-80b4-63553f4530ae/0,"{""aggregation"":""latest year category='Enrolled in 1915(c) waiver'"",""denominator_count_of_enrollees"":""2,326,369"",""geography"":""Washington"",""percentage_of_enrollees"":""2.4"",""source_row_count"":450,""source_rows_used"":450,""subpopulation"":""N/A"",""subpopulation_topic"":""N/A"",""why_matters"":""1915(c) waiver participation shows HCBS program scale and waiver administration demand.""}",2026-07-24T04:43:51Z
cmsmedicaid-88e88b5dc8ff2c82,medicaid_data,medicaid_datastore,4d4eaf55-33d3-4468-80b4-63553f4530ae,Section 1915(c) waiver program participants,dataset_signal,West Virginia,medicaid,medicaid; 1915c; waiver; hcbs; service_use,section_1915c_waiver_enrollees,18760,2022,,2025-01-17,false,54,"{""dataset_id"":""4d4eaf55-33d3-4468-80b4-63553f4530ae"",""endpoint_type"":""medicaid_datastore"",""method"":""latest year category='Enrolled in 1915(c) waiver'"",""metric_name"":""section_1915c_waiver_enrollees"",""metric_period"":""2022"",""metric_value"":""18760"",""rht_flag"":false,""signal_dimension"":""West Virginia"",""state"":""West Virginia"",""topic_keys"":[""medicaid"",""1915c"",""waiver"",""hcbs"",""service_use""],""why_matters"":""1915(c) waiver participation shows HCBS program scale and waiver administration demand.""}",https://data.medicaid.gov/api/1/datastore/query/4d4eaf55-33d3-4468-80b4-63553f4530ae/0,"{""aggregation"":""latest year category='Enrolled in 1915(c) waiver'"",""denominator_count_of_enrollees"":""676,669"",""geography"":""West Virginia"",""percentage_of_enrollees"":""2.8"",""source_row_count"":450,""source_rows_used"":450,""subpopulation"":""N/A"",""subpopulation_topic"":""N/A"",""why_matters"":""1915(c) waiver participation shows HCBS program scale and waiver administration demand.""}",2026-07-24T04:43:51Z
cmsmedicaid-b1a048873c94890c,medicaid_data,medicaid_datastore,4d4eaf55-33d3-4468-80b4-63553f4530ae,Section 1915(c) waiver program participants,dataset_signal,Wisconsin,medicaid,medicaid; 1915c; waiver; hcbs; service_use,section_1915c_waiver_enrollees,110793,2022,,2025-01-17,false,54,"{""dataset_id"":""4d4eaf55-33d3-4468-80b4-63553f4530ae"",""endpoint_type"":""medicaid_datastore"",""method"":""latest year category='Enrolled in 1915(c) waiver'"",""metric_name"":""section_1915c_waiver_enrollees"",""metric_period"":""2022"",""metric_value"":""110793"",""rht_flag"":false,""signal_dimension"":""Wisconsin"",""state"":""Wisconsin"",""topic_keys"":[""medicaid"",""1915c"",""waiver"",""hcbs"",""service_use""],""why_matters"":""1915(c) waiver participation shows HCBS program scale and waiver administration demand.""}",https://data.medicaid.gov/api/1/datastore/query/4d4eaf55-33d3-4468-80b4-63553f4530ae/0,"{""aggregation"":""latest year category='Enrolled in 1915(c) waiver'"",""denominator_count_of_enrollees"":""1,522,528"",""geography"":""Wisconsin"",""percentage_of_enrollees"":""7.3"",""source_row_count"":450,""source_rows_used"":450,""subpopulation"":""N/A"",""subpopulation_topic"":""N/A"",""why_matters"":""1915(c) waiver participation shows HCBS program scale and waiver administration demand.""}",2026-07-24T04:43:51Z
cmsmedicaid-05141e392ebe3490,medicaid_data,medicaid_datastore,4d4eaf55-33d3-4468-80b4-63553f4530ae,Section 1915(c) waiver program participants,dataset_signal,Wyoming,medicaid,medicaid; 1915c; waiver; hcbs; service_use,section_1915c_waiver_enrollees,5548,2022,,2025-01-17,false,54,"{""dataset_id"":""4d4eaf55-33d3-4468-80b4-63553f4530ae"",""endpoint_type"":""medicaid_datastore"",""method"":""latest year category='Enrolled in 1915(c) waiver'"",""metric_name"":""section_1915c_waiver_enrollees"",""metric_period"":""2022"",""metric_value"":""5548"",""rht_flag"":false,""signal_dimension"":""Wyoming"",""state"":""Wyoming"",""topic_keys"":[""medicaid"",""1915c"",""waiver"",""hcbs"",""service_use""],""why_matters"":""1915(c) waiver participation shows HCBS program scale and waiver administration demand.""}",https://data.medicaid.gov/api/1/datastore/query/4d4eaf55-33d3-4468-80b4-63553f4530ae/0,"{""aggregation"":""latest year category='Enrolled in 1915(c) waiver'"",""denominator_count_of_enrollees"":""91,597"",""geography"":""Wyoming"",""percentage_of_enrollees"":""6.1"",""source_row_count"":450,""source_rows_used"":450,""subpopulation"":""N/A"",""subpopulation_topic"":""N/A"",""why_matters"":""1915(c) waiver participation shows HCBS program scale and waiver administration demand.""}",2026-07-24T04:43:51Z
cmsmedicaid-8fabd30579f32edb,medicaid_data,medicaid_datastore,6165f45b-ca93-5bb5-9d06-db29c692a360,"State Medicaid and CHIP Applications, Eligibility Determinations, and Enrollment Data",dataset_signal,AK,eligibility,medicaid; chip; enrollment; eligibility; determinations,new_applications_submitted,2696,202603,2017-09-08,2026-06-26,false,72,"{""dataset_id"":""6165f45b-ca93-5bb5-9d06-db29c692a360"",""endpoint_type"":""medicaid_datastore"",""method"":""latest reporting_period by state"",""metric_name"":""new_applications_submitted"",""metric_period"":""202603"",""metric_value"":""2696"",""rht_flag"":false,""signal_dimension"":""Alaska|new_applications_submitted_to_medicaid_and_chip_agencies"",""state"":""AK"",""topic_keys"":[""medicaid"",""chip"",""enrollment"",""eligibility"",""determinations""],""why_matters"":""Enrollment, applications, and eligibility determinations by state reveal eligibility-system workload and contact-center demand.""}",https://data.medicaid.gov/api/1/datastore/query/6165f45b-ca93-5bb5-9d06-db29c692a360/0,"{""aggregation"":""latest reporting_period by state"",""field"":""new_applications_submitted_to_medicaid_and_chip_agencies"",""source_row_count"":10812,""source_rows_used"":10812,""state_name"":""Alaska"",""why_matters"":""Enrollment, applications, and eligibility determinations by state reveal eligibility-system workload and contact-center demand.""}",2026-07-24T04:43:51Z
cmsmedicaid-5cc7f7d9778e43b9,medicaid_data,medicaid_datastore,6165f45b-ca93-5bb5-9d06-db29c692a360,"State Medicaid and CHIP Applications, Eligibility Determinations, and Enrollment Data",dataset_signal,AK,eligibility,medicaid; chip; enrollment; eligibility; determinations,total_medicaid_and_chip_determinations,2107,202603,2017-09-08,2026-06-26,false,72,"{""dataset_id"":""6165f45b-ca93-5bb5-9d06-db29c692a360"",""endpoint_type"":""medicaid_datastore"",""method"":""latest reporting_period by state"",""metric_name"":""total_medicaid_and_chip_determinations"",""metric_period"":""202603"",""metric_value"":""2107"",""rht_flag"":false,""signal_dimension"":""Alaska|total_medicaid_and_chip_determinations"",""state"":""AK"",""topic_keys"":[""medicaid"",""chip"",""enrollment"",""eligibility"",""determinations""],""why_matters"":""Enrollment, applications, and eligibility determinations by state reveal eligibility-system workload and contact-center demand.""}",https://data.medicaid.gov/api/1/datastore/query/6165f45b-ca93-5bb5-9d06-db29c692a360/0,"{""aggregation"":""latest reporting_period by state"",""field"":""total_medicaid_and_chip_determinations"",""source_row_count"":10812,""source_rows_used"":10812,""state_name"":""Alaska"",""why_matters"":""Enrollment, applications, and eligibility determinations by state reveal eligibility-system workload and contact-center demand.""}",2026-07-24T04:43:51Z
cmsmedicaid-ea15da860d7b0070,medicaid_data,medicaid_datastore,6165f45b-ca93-5bb5-9d06-db29c692a360,"State Medicaid and CHIP Applications, Eligibility Determinations, and Enrollment Data",dataset_signal,AK,eligibility,medicaid; chip; enrollment; eligibility; determinations,total_medicaid_and_chip_enrollment,208774,202603,2017-09-08,2026-06-26,false,72,"{""dataset_id"":""6165f45b-ca93-5bb5-9d06-db29c692a360"",""endpoint_type"":""medicaid_datastore"",""method"":""latest reporting_period by state"",""metric_name"":""total_medicaid_and_chip_enrollment"",""metric_period"":""202603"",""metric_value"":""208774"",""rht_flag"":false,""signal_dimension"":""Alaska|total_medicaid_and_chip_enrollment"",""state"":""AK"",""topic_keys"":[""medicaid"",""chip"",""enrollment"",""eligibility"",""determinations""],""why_matters"":""Enrollment, applications, and eligibility determinations by state reveal eligibility-system workload and contact-center demand.""}",https://data.medicaid.gov/api/1/datastore/query/6165f45b-ca93-5bb5-9d06-db29c692a360/0,"{""aggregation"":""latest reporting_period by state"",""field"":""total_medicaid_and_chip_enrollment"",""source_row_count"":10812,""source_rows_used"":10812,""state_name"":""Alaska"",""why_matters"":""Enrollment, applications, and eligibility determinations by state reveal eligibility-system workload and contact-center demand.""}",2026-07-24T04:43:51Z
cmsmedicaid-a2fe911347acf906,medicaid_data,medicaid_datastore,6165f45b-ca93-5bb5-9d06-db29c692a360,"State Medicaid and CHIP Applications, Eligibility Determinations, and Enrollment Data",dataset_signal,AL,eligibility,medicaid; chip; enrollment; eligibility; determinations,new_applications_submitted,13293,202603,2017-09-08,2026-06-26,false,72,"{""dataset_id"":""6165f45b-ca93-5bb5-9d06-db29c692a360"",""endpoint_type"":""medicaid_datastore"",""method"":""latest reporting_period by state"",""metric_name"":""new_applications_submitted"",""metric_period"":""202603"",""metric_value"":""13293"",""rht_flag"":false,""signal_dimension"":""Alabama|new_applications_submitted_to_medicaid_and_chip_agencies"",""state"":""AL"",""topic_keys"":[""medicaid"",""chip"",""enrollment"",""eligibility"",""determinations""],""why_matters"":""Enrollment, applications, and eligibility determinations by state reveal eligibility-system workload and contact-center demand.""}",https://data.medicaid.gov/api/1/datastore/query/6165f45b-ca93-5bb5-9d06-db29c692a360/0,"{""aggregation"":""latest reporting_period by state"",""field"":""new_applications_submitted_to_medicaid_and_chip_agencies"",""source_row_count"":10812,""source_rows_used"":10812,""state_name"":""Alabama"",""why_matters"":""Enrollment, applications, and eligibility determinations by state reveal eligibility-system workload and contact-center demand.""}",2026-07-24T04:43:51Z
cmsmedicaid-d795a253fc7fc293,medicaid_data,medicaid_datastore,6165f45b-ca93-5bb5-9d06-db29c692a360,"State Medicaid and CHIP Applications, Eligibility Determinations, and Enrollment Data",dataset_signal,AL,eligibility,medicaid; chip; enrollment; eligibility; determinations,total_medicaid_and_chip_determinations,13160,202603,2017-09-08,2026-06-26,false,72,"{""dataset_id"":""6165f45b-ca93-5bb5-9d06-db29c692a360"",""endpoint_type"":""medicaid_datastore"",""method"":""latest reporting_period by state"",""metric_name"":""total_medicaid_and_chip_determinations"",""metric_period"":""202603"",""metric_value"":""13160"",""rht_flag"":false,""signal_dimension"":""Alabama|total_medicaid_and_chip_determinations"",""state"":""AL"",""topic_keys"":[""medicaid"",""chip"",""enrollment"",""eligibility"",""determinations""],""why_matters"":""Enrollment, applications, and eligibility determinations by state reveal eligibility-system workload and contact-center demand.""}",https://data.medicaid.gov/api/1/datastore/query/6165f45b-ca93-5bb5-9d06-db29c692a360/0,"{""aggregation"":""latest reporting_period by state"",""field"":""total_medicaid_and_chip_determinations"",""source_row_count"":10812,""source_rows_used"":10812,""state_name"":""Alabama"",""why_matters"":""Enrollment, applications, and eligibility determinations by state reveal eligibility-system workload and contact-center demand.""}",2026-07-24T04:43:51Z
cmsmedicaid-797d710f78ef9fa0,medicaid_data,medicaid_datastore,6165f45b-ca93-5bb5-9d06-db29c692a360,"State Medicaid and CHIP Applications, Eligibility Determinations, and Enrollment Data",dataset_signal,AL,eligibility,medicaid; chip; enrollment; eligibility; determinations,total_medicaid_and_chip_enrollment,935776,202603,2017-09-08,2026-06-26,false,72,"{""dataset_id"":""6165f45b-ca93-5bb5-9d06-db29c692a360"",""endpoint_type"":""medicaid_datastore"",""method"":""latest reporting_period by state"",""metric_name"":""total_medicaid_and_chip_enrollment"",""metric_period"":""202603"",""metric_value"":""935776"",""rht_flag"":false,""signal_dimension"":""Alabama|total_medicaid_and_chip_enrollment"",""state"":""AL"",""topic_keys"":[""medicaid"",""chip"",""enrollment"",""eligibility"",""determinations""],""why_matters"":""Enrollment, applications, and eligibility determinations by state reveal eligibility-system workload and contact-center demand.""}",https://data.medicaid.gov/api/1/datastore/query/6165f45b-ca93-5bb5-9d06-db29c692a360/0,"{""aggregation"":""latest reporting_period by state"",""field"":""total_medicaid_and_chip_enrollment"",""source_row_count"":10812,""source_rows_used"":10812,""state_name"":""Alabama"",""why_matters"":""Enrollment, applications, and eligibility determinations by state reveal eligibility-system workload and contact-center demand.""}",2026-07-24T04:43:51Z
cmsmedicaid-18664563775bf3a4,medicaid_data,medicaid_datastore,6165f45b-ca93-5bb5-9d06-db29c692a360,"State Medicaid and CHIP Applications, Eligibility Determinations, and Enrollment Data",dataset_signal,AR,eligibility,medicaid; chip; enrollment; eligibility; determinations,new_applications_submitted,23646,202603,2017-09-08,2026-06-26,false,72,"{""dataset_id"":""6165f45b-ca93-5bb5-9d06-db29c692a360"",""endpoint_type"":""medicaid_datastore"",""method"":""latest reporting_period by state"",""metric_name"":""new_applications_submitted"",""metric_period"":""202603"",""metric_value"":""23646"",""rht_flag"":false,""signal_dimension"":""Arkansas|new_applications_submitted_to_medicaid_and_chip_agencies"",""state"":""AR"",""topic_keys"":[""medicaid"",""chip"",""enrollment"",""eligibility"",""determinations""],""why_matters"":""Enrollment, applications, and eligibility determinations by state reveal eligibility-system workload and contact-center demand.""}",https://data.medicaid.gov/api/1/datastore/query/6165f45b-ca93-5bb5-9d06-db29c692a360/0,"{""aggregation"":""latest reporting_period by state"",""field"":""new_applications_submitted_to_medicaid_and_chip_agencies"",""source_row_count"":10812,""source_rows_used"":10812,""state_name"":""Arkansas"",""why_matters"":""Enrollment, applications, and eligibility determinations by state reveal eligibility-system workload and contact-center demand.""}",2026-07-24T04:43:51Z
cmsmedicaid-792a1d349d9557e2,medicaid_data,medicaid_datastore,6165f45b-ca93-5bb5-9d06-db29c692a360,"State Medicaid and CHIP Applications, Eligibility Determinations, and Enrollment Data",dataset_signal,AR,eligibility,medicaid; chip; enrollment; eligibility; determinations,total_medicaid_and_chip_determinations,15311,202603,2017-09-08,2026-06-26,false,72,"{""dataset_id"":""6165f45b-ca93-5bb5-9d06-db29c692a360"",""endpoint_type"":""medicaid_datastore"",""method"":""latest reporting_period by state"",""metric_name"":""total_medicaid_and_chip_determinations"",""metric_period"":""202603"",""metric_value"":""15311"",""rht_flag"":false,""signal_dimension"":""Arkansas|total_medicaid_and_chip_determinations"",""state"":""AR"",""topic_keys"":[""medicaid"",""chip"",""enrollment"",""eligibility"",""determinations""],""why_matters"":""Enrollment, applications, and eligibility determinations by state reveal eligibility-system workload and contact-center demand.""}",https://data.medicaid.gov/api/1/datastore/query/6165f45b-ca93-5bb5-9d06-db29c692a360/0,"{""aggregation"":""latest reporting_period by state"",""field"":""total_medicaid_and_chip_determinations"",""source_row_count"":10812,""source_rows_used"":10812,""state_name"":""Arkansas"",""why_matters"":""Enrollment, applications, and eligibility determinations by state reveal eligibility-system workload and contact-center demand.""}",2026-07-24T04:43:51Z
cmsmedicaid-db9e8e6814936ec5,medicaid_data,medicaid_datastore,6165f45b-ca93-5bb5-9d06-db29c692a360,"State Medicaid and CHIP Applications, Eligibility Determinations, and Enrollment Data",dataset_signal,AR,eligibility,medicaid; chip; enrollment; eligibility; determinations,total_medicaid_and_chip_enrollment,794237,202603,2017-09-08,2026-06-26,false,72,"{""dataset_id"":""6165f45b-ca93-5bb5-9d06-db29c692a360"",""endpoint_type"":""medicaid_datastore"",""method"":""latest reporting_period by state"",""metric_name"":""total_medicaid_and_chip_enrollment"",""metric_period"":""202603"",""metric_value"":""794237"",""rht_flag"":false,""signal_dimension"":""Arkansas|total_medicaid_and_chip_enrollment"",""state"":""AR"",""topic_keys"":[""medicaid"",""chip"",""enrollment"",""eligibility"",""determinations""],""why_matters"":""Enrollment, applications, and eligibility determinations by state reveal eligibility-system workload and contact-center demand.""}",https://data.medicaid.gov/api/1/datastore/query/6165f45b-ca93-5bb5-9d06-db29c692a360/0,"{""aggregation"":""latest reporting_period by state"",""field"":""total_medicaid_and_chip_enrollment"",""source_row_count"":10812,""source_rows_used"":10812,""state_name"":""Arkansas"",""why_matters"":""Enrollment, applications, and eligibility determinations by state reveal eligibility-system workload and contact-center demand.""}",2026-07-24T04:43:51Z
cmsmedicaid-7fbce56c9d1724e3,medicaid_data,medicaid_datastore,6165f45b-ca93-5bb5-9d06-db29c692a360,"State Medicaid and CHIP Applications, Eligibility Determinations, and Enrollment Data",dataset_signal,AZ,eligibility,medicaid; chip; enrollment; eligibility; determinations,new_applications_submitted,39145,202603,2017-09-08,2026-06-26,false,72,"{""dataset_id"":""6165f45b-ca93-5bb5-9d06-db29c692a360"",""endpoint_type"":""medicaid_datastore"",""method"":""latest reporting_period by state"",""metric_name"":""new_applications_submitted"",""metric_period"":""202603"",""metric_value"":""39145"",""rht_flag"":false,""signal_dimension"":""Arizona|new_applications_submitted_to_medicaid_and_chip_agencies"",""state"":""AZ"",""topic_keys"":[""medicaid"",""chip"",""enrollment"",""eligibility"",""determinations""],""why_matters"":""Enrollment, applications, and eligibility determinations by state reveal eligibility-system workload and contact-center demand.""}",https://data.medicaid.gov/api/1/datastore/query/6165f45b-ca93-5bb5-9d06-db29c692a360/0,"{""aggregation"":""latest reporting_period by state"",""field"":""new_applications_submitted_to_medicaid_and_chip_agencies"",""source_row_count"":10812,""source_rows_used"":10812,""state_name"":""Arizona"",""why_matters"":""Enrollment, applications, and eligibility determinations by state reveal eligibility-system workload and contact-center demand.""}",2026-07-24T04:43:51Z
cmsmedicaid-8196c4f655ae048b,medicaid_data,medicaid_datastore,6165f45b-ca93-5bb5-9d06-db29c692a360,"State Medicaid and CHIP Applications, Eligibility Determinations, and Enrollment Data",dataset_signal,AZ,eligibility,medicaid; chip; enrollment; eligibility; determinations,total_medicaid_and_chip_determinations,41801,202603,2017-09-08,2026-06-26,false,72,"{""dataset_id"":""6165f45b-ca93-5bb5-9d06-db29c692a360"",""endpoint_type"":""medicaid_datastore"",""method"":""latest reporting_period by state"",""metric_name"":""total_medicaid_and_chip_determinations"",""metric_period"":""202603"",""metric_value"":""41801"",""rht_flag"":false,""signal_dimension"":""Arizona|total_medicaid_and_chip_determinations"",""state"":""AZ"",""topic_keys"":[""medicaid"",""chip"",""enrollment"",""eligibility"",""determinations""],""why_matters"":""Enrollment, applications, and eligibility determinations by state reveal eligibility-system workload and contact-center demand.""}",https://data.medicaid.gov/api/1/datastore/query/6165f45b-ca93-5bb5-9d06-db29c692a360/0,"{""aggregation"":""latest reporting_period by state"",""field"":""total_medicaid_and_chip_determinations"",""source_row_count"":10812,""source_rows_used"":10812,""state_name"":""Arizona"",""why_matters"":""Enrollment, applications, and eligibility determinations by state reveal eligibility-system workload and contact-center demand.""}",2026-07-24T04:43:51Z
cmsmedicaid-32df3122137cc3d7,medicaid_data,medicaid_datastore,6165f45b-ca93-5bb5-9d06-db29c692a360,"State Medicaid and CHIP Applications, Eligibility Determinations, and Enrollment Data",dataset_signal,AZ,eligibility,medicaid; chip; enrollment; eligibility; determinations,total_medicaid_and_chip_enrollment,1640219,202603,2017-09-08,2026-06-26,false,72,"{""dataset_id"":""6165f45b-ca93-5bb5-9d06-db29c692a360"",""endpoint_type"":""medicaid_datastore"",""method"":""latest reporting_period by state"",""metric_name"":""total_medicaid_and_chip_enrollment"",""metric_period"":""202603"",""metric_value"":""1640219"",""rht_flag"":false,""signal_dimension"":""Arizona|total_medicaid_and_chip_enrollment"",""state"":""AZ"",""topic_keys"":[""medicaid"",""chip"",""enrollment"",""eligibility"",""determinations""],""why_matters"":""Enrollment, applications, and eligibility determinations by state reveal eligibility-system workload and contact-center demand.""}",https://data.medicaid.gov/api/1/datastore/query/6165f45b-ca93-5bb5-9d06-db29c692a360/0,"{""aggregation"":""latest reporting_period by state"",""field"":""total_medicaid_and_chip_enrollment"",""source_row_count"":10812,""source_rows_used"":10812,""state_name"":""Arizona"",""why_matters"":""Enrollment, applications, and eligibility determinations by state reveal eligibility-system workload and contact-center demand.""}",2026-07-24T04:43:51Z
cmsmedicaid-6d29618def7f5c69,medicaid_data,medicaid_datastore,6165f45b-ca93-5bb5-9d06-db29c692a360,"State Medicaid and CHIP Applications, Eligibility Determinations, and Enrollment Data",dataset_signal,CA,eligibility,medicaid; chip; enrollment; eligibility; determinations,new_applications_submitted,91962,202603,2017-09-08,2026-06-26,false,72,"{""dataset_id"":""6165f45b-ca93-5bb5-9d06-db29c692a360"",""endpoint_type"":""medicaid_datastore"",""method"":""latest reporting_period by state"",""metric_name"":""new_applications_submitted"",""metric_period"":""202603"",""metric_value"":""91962"",""rht_flag"":false,""signal_dimension"":""California|new_applications_submitted_to_medicaid_and_chip_agencies"",""state"":""CA"",""topic_keys"":[""medicaid"",""chip"",""enrollment"",""eligibility"",""determinations""],""why_matters"":""Enrollment, applications, and eligibility determinations by state reveal eligibility-system workload and contact-center demand.""}",https://data.medicaid.gov/api/1/datastore/query/6165f45b-ca93-5bb5-9d06-db29c692a360/0,"{""aggregation"":""latest reporting_period by state"",""field"":""new_applications_submitted_to_medicaid_and_chip_agencies"",""source_row_count"":10812,""source_rows_used"":10812,""state_name"":""California"",""why_matters"":""Enrollment, applications, and eligibility determinations by state reveal eligibility-system workload and contact-center demand.""}",2026-07-24T04:43:51Z
cmsmedicaid-f86cb2f03f533e93,medicaid_data,medicaid_datastore,6165f45b-ca93-5bb5-9d06-db29c692a360,"State Medicaid and CHIP Applications, Eligibility Determinations, and Enrollment Data",dataset_signal,CA,eligibility,medicaid; chip; enrollment; eligibility; determinations,total_medicaid_and_chip_determinations,170027,202603,2017-09-08,2026-06-26,false,72,"{""dataset_id"":""6165f45b-ca93-5bb5-9d06-db29c692a360"",""endpoint_type"":""medicaid_datastore"",""method"":""latest reporting_period by state"",""metric_name"":""total_medicaid_and_chip_determinations"",""metric_period"":""202603"",""metric_value"":""170027"",""rht_flag"":false,""signal_dimension"":""California|total_medicaid_and_chip_determinations"",""state"":""CA"",""topic_keys"":[""medicaid"",""chip"",""enrollment"",""eligibility"",""determinations""],""why_matters"":""Enrollment, applications, and eligibility determinations by state reveal eligibility-system workload and contact-center demand.""}",https://data.medicaid.gov/api/1/datastore/query/6165f45b-ca93-5bb5-9d06-db29c692a360/0,"{""aggregation"":""latest reporting_period by state"",""field"":""total_medicaid_and_chip_determinations"",""source_row_count"":10812,""source_rows_used"":10812,""state_name"":""California"",""why_matters"":""Enrollment, applications, and eligibility determinations by state reveal eligibility-system workload and contact-center demand.""}",2026-07-24T04:43:51Z
cmsmedicaid-9e46fdc493c357cb,medicaid_data,medicaid_datastore,6165f45b-ca93-5bb5-9d06-db29c692a360,"State Medicaid and CHIP Applications, Eligibility Determinations, and Enrollment Data",dataset_signal,CA,eligibility,medicaid; chip; enrollment; eligibility; determinations,total_medicaid_and_chip_enrollment,11961393,202603,2017-09-08,2026-06-26,false,72,"{""dataset_id"":""6165f45b-ca93-5bb5-9d06-db29c692a360"",""endpoint_type"":""medicaid_datastore"",""method"":""latest reporting_period by state"",""metric_name"":""total_medicaid_and_chip_enrollment"",""metric_period"":""202603"",""metric_value"":""11961393"",""rht_flag"":false,""signal_dimension"":""California|total_medicaid_and_chip_enrollment"",""state"":""CA"",""topic_keys"":[""medicaid"",""chip"",""enrollment"",""eligibility"",""determinations""],""why_matters"":""Enrollment, applications, and eligibility determinations by state reveal eligibility-system workload and contact-center demand.""}",https://data.medicaid.gov/api/1/datastore/query/6165f45b-ca93-5bb5-9d06-db29c692a360/0,"{""aggregation"":""latest reporting_period by state"",""field"":""total_medicaid_and_chip_enrollment"",""source_row_count"":10812,""source_rows_used"":10812,""state_name"":""California"",""why_matters"":""Enrollment, applications, and eligibility determinations by state reveal eligibility-system workload and contact-center demand.""}",2026-07-24T04:43:51Z
cmsmedicaid-aec2584a4a4f1f46,medicaid_data,medicaid_datastore,6165f45b-ca93-5bb5-9d06-db29c692a360,"State Medicaid and CHIP Applications, Eligibility Determinations, and Enrollment Data",dataset_signal,CO,eligibility,medicaid; chip; enrollment; eligibility; determinations,new_applications_submitted,22513,202603,2017-09-08,2026-06-26,false,72,"{""dataset_id"":""6165f45b-ca93-5bb5-9d06-db29c692a360"",""endpoint_type"":""medicaid_datastore"",""method"":""latest reporting_period by state"",""metric_name"":""new_applications_submitted"",""metric_period"":""202603"",""metric_value"":""22513"",""rht_flag"":false,""signal_dimension"":""Colorado|new_applications_submitted_to_medicaid_and_chip_agencies"",""state"":""CO"",""topic_keys"":[""medicaid"",""chip"",""enrollment"",""eligibility"",""determinations""],""why_matters"":""Enrollment, applications, and eligibility determinations by state reveal eligibility-system workload and contact-center demand.""}",https://data.medicaid.gov/api/1/datastore/query/6165f45b-ca93-5bb5-9d06-db29c692a360/0,"{""aggregation"":""latest reporting_period by state"",""field"":""new_applications_submitted_to_medicaid_and_chip_agencies"",""source_row_count"":10812,""source_rows_used"":10812,""state_name"":""Colorado"",""why_matters"":""Enrollment, applications, and eligibility determinations by state reveal eligibility-system workload and contact-center demand.""}",2026-07-24T04:43:51Z
cmsmedicaid-624dfcdfc27844e4,medicaid_data,medicaid_datastore,6165f45b-ca93-5bb5-9d06-db29c692a360,"State Medicaid and CHIP Applications, Eligibility Determinations, and Enrollment Data",dataset_signal,CO,eligibility,medicaid; chip; enrollment; eligibility; determinations,total_medicaid_and_chip_determinations,18181,202603,2017-09-08,2026-06-26,false,72,"{""dataset_id"":""6165f45b-ca93-5bb5-9d06-db29c692a360"",""endpoint_type"":""medicaid_datastore"",""method"":""latest reporting_period by state"",""metric_name"":""total_medicaid_and_chip_determinations"",""metric_period"":""202603"",""metric_value"":""18181"",""rht_flag"":false,""signal_dimension"":""Colorado|total_medicaid_and_chip_determinations"",""state"":""CO"",""topic_keys"":[""medicaid"",""chip"",""enrollment"",""eligibility"",""determinations""],""why_matters"":""Enrollment, applications, and eligibility determinations by state reveal eligibility-system workload and contact-center demand.""}",https://data.medicaid.gov/api/1/datastore/query/6165f45b-ca93-5bb5-9d06-db29c692a360/0,"{""aggregation"":""latest reporting_period by state"",""field"":""total_medicaid_and_chip_determinations"",""source_row_count"":10812,""source_rows_used"":10812,""state_name"":""Colorado"",""why_matters"":""Enrollment, applications, and eligibility determinations by state reveal eligibility-system workload and contact-center demand.""}",2026-07-24T04:43:51Z
cmsmedicaid-9aadceff99e386f4,medicaid_data,medicaid_datastore,6165f45b-ca93-5bb5-9d06-db29c692a360,"State Medicaid and CHIP Applications, Eligibility Determinations, and Enrollment Data",dataset_signal,CO,eligibility,medicaid; chip; enrollment; eligibility; determinations,total_medicaid_and_chip_enrollment,1184224,202603,2017-09-08,2026-06-26,false,72,"{""dataset_id"":""6165f45b-ca93-5bb5-9d06-db29c692a360"",""endpoint_type"":""medicaid_datastore"",""method"":""latest reporting_period by state"",""metric_name"":""total_medicaid_and_chip_enrollment"",""metric_period"":""202603"",""metric_value"":""1184224"",""rht_flag"":false,""signal_dimension"":""Colorado|total_medicaid_and_chip_enrollment"",""state"":""CO"",""topic_keys"":[""medicaid"",""chip"",""enrollment"",""eligibility"",""determinations""],""why_matters"":""Enrollment, applications, and eligibility determinations by state reveal eligibility-system workload and contact-center demand.""}",https://data.medicaid.gov/api/1/datastore/query/6165f45b-ca93-5bb5-9d06-db29c692a360/0,"{""aggregation"":""latest reporting_period by state"",""field"":""total_medicaid_and_chip_enrollment"",""source_row_count"":10812,""source_rows_used"":10812,""state_name"":""Colorado"",""why_matters"":""Enrollment, applications, and eligibility determinations by state reveal eligibility-system workload and contact-center demand.""}",2026-07-24T04:43:51Z
cmsmedicaid-feed90a74bfba241,medicaid_data,medicaid_datastore,6165f45b-ca93-5bb5-9d06-db29c692a360,"State Medicaid and CHIP Applications, Eligibility Determinations, and Enrollment Data",dataset_signal,CT,eligibility,medicaid; chip; enrollment; eligibility; determinations,new_applications_submitted,6871,202603,2017-09-08,2026-06-26,false,72,"{""dataset_id"":""6165f45b-ca93-5bb5-9d06-db29c692a360"",""endpoint_type"":""medicaid_datastore"",""method"":""latest reporting_period by state"",""metric_name"":""new_applications_submitted"",""metric_period"":""202603"",""metric_value"":""6871"",""rht_flag"":false,""signal_dimension"":""Connecticut|new_applications_submitted_to_medicaid_and_chip_agencies"",""state"":""CT"",""topic_keys"":[""medicaid"",""chip"",""enrollment"",""eligibility"",""determinations""],""why_matters"":""Enrollment, applications, and eligibility determinations by state reveal eligibility-system workload and contact-center demand.""}",https://data.medicaid.gov/api/1/datastore/query/6165f45b-ca93-5bb5-9d06-db29c692a360/0,"{""aggregation"":""latest reporting_period by state"",""field"":""new_applications_submitted_to_medicaid_and_chip_agencies"",""source_row_count"":10812,""source_rows_used"":10812,""state_name"":""Connecticut"",""why_matters"":""Enrollment, applications, and eligibility determinations by state reveal eligibility-system workload and contact-center demand.""}",2026-07-24T04:43:51Z
cmsmedicaid-459032d4d1898cb1,medicaid_data,medicaid_datastore,6165f45b-ca93-5bb5-9d06-db29c692a360,"State Medicaid and CHIP Applications, Eligibility Determinations, and Enrollment Data",dataset_signal,CT,eligibility,medicaid; chip; enrollment; eligibility; determinations,total_medicaid_and_chip_determinations,12184,202603,2017-09-08,2026-06-26,false,72,"{""dataset_id"":""6165f45b-ca93-5bb5-9d06-db29c692a360"",""endpoint_type"":""medicaid_datastore"",""method"":""latest reporting_period by state"",""metric_name"":""total_medicaid_and_chip_determinations"",""metric_period"":""202603"",""metric_value"":""12184"",""rht_flag"":false,""signal_dimension"":""Connecticut|total_medicaid_and_chip_determinations"",""state"":""CT"",""topic_keys"":[""medicaid"",""chip"",""enrollment"",""eligibility"",""determinations""],""why_matters"":""Enrollment, applications, and eligibility determinations by state reveal eligibility-system workload and contact-center demand.""}",https://data.medicaid.gov/api/1/datastore/query/6165f45b-ca93-5bb5-9d06-db29c692a360/0,"{""aggregation"":""latest reporting_period by state"",""field"":""total_medicaid_and_chip_determinations"",""source_row_count"":10812,""source_rows_used"":10812,""state_name"":""Connecticut"",""why_matters"":""Enrollment, applications, and eligibility determinations by state reveal eligibility-system workload and contact-center demand.""}",2026-07-24T04:43:51Z
cmsmedicaid-3b5db70a7899e19e,medicaid_data,medicaid_datastore,6165f45b-ca93-5bb5-9d06-db29c692a360,"State Medicaid and CHIP Applications, Eligibility Determinations, and Enrollment Data",dataset_signal,CT,eligibility,medicaid; chip; enrollment; eligibility; determinations,total_medicaid_and_chip_enrollment,901871,202603,2017-09-08,2026-06-26,false,72,"{""dataset_id"":""6165f45b-ca93-5bb5-9d06-db29c692a360"",""endpoint_type"":""medicaid_datastore"",""method"":""latest reporting_period by state"",""metric_name"":""total_medicaid_and_chip_enrollment"",""metric_period"":""202603"",""metric_value"":""901871"",""rht_flag"":false,""signal_dimension"":""Connecticut|total_medicaid_and_chip_enrollment"",""state"":""CT"",""topic_keys"":[""medicaid"",""chip"",""enrollment"",""eligibility"",""determinations""],""why_matters"":""Enrollment, applications, and eligibility determinations by state reveal eligibility-system workload and contact-center demand.""}",https://data.medicaid.gov/api/1/datastore/query/6165f45b-ca93-5bb5-9d06-db29c692a360/0,"{""aggregation"":""latest reporting_period by state"",""field"":""total_medicaid_and_chip_enrollment"",""source_row_count"":10812,""source_rows_used"":10812,""state_name"":""Connecticut"",""why_matters"":""Enrollment, applications, and eligibility determinations by state reveal eligibility-system workload and contact-center demand.""}",2026-07-24T04:43:51Z
cmsmedicaid-b01edde2fa4a28a2,medicaid_data,medicaid_datastore,6165f45b-ca93-5bb5-9d06-db29c692a360,"State Medicaid and CHIP Applications, Eligibility Determinations, and Enrollment Data",dataset_signal,DC,eligibility,medicaid; chip; enrollment; eligibility; determinations,new_applications_submitted,1024,202603,2017-09-08,2026-06-26,false,72,"{""dataset_id"":""6165f45b-ca93-5bb5-9d06-db29c692a360"",""endpoint_type"":""medicaid_datastore"",""method"":""latest reporting_period by state"",""metric_name"":""new_applications_submitted"",""metric_period"":""202603"",""metric_value"":""1024"",""rht_flag"":false,""signal_dimension"":""District of Columbia|new_applications_submitted_to_medicaid_and_chip_agencies"",""state"":""DC"",""topic_keys"":[""medicaid"",""chip"",""enrollment"",""eligibility"",""determinations""],""why_matters"":""Enrollment, applications, and eligibility determinations by state reveal eligibility-system workload and contact-center demand.""}",https://data.medicaid.gov/api/1/datastore/query/6165f45b-ca93-5bb5-9d06-db29c692a360/0,"{""aggregation"":""latest reporting_period by state"",""field"":""new_applications_submitted_to_medicaid_and_chip_agencies"",""source_row_count"":10812,""source_rows_used"":10812,""state_name"":""District of Columbia"",""why_matters"":""Enrollment, applications, and eligibility determinations by state reveal eligibility-system workload and contact-center demand.""}",2026-07-24T04:43:51Z
cmsmedicaid-d94352b103c5a088,medicaid_data,medicaid_datastore,6165f45b-ca93-5bb5-9d06-db29c692a360,"State Medicaid and CHIP Applications, Eligibility Determinations, and Enrollment Data",dataset_signal,DC,eligibility,medicaid; chip; enrollment; eligibility; determinations,total_medicaid_and_chip_determinations,0,202603,2017-09-08,2026-06-26,false,72,"{""dataset_id"":""6165f45b-ca93-5bb5-9d06-db29c692a360"",""endpoint_type"":""medicaid_datastore"",""method"":""latest reporting_period by state"",""metric_name"":""total_medicaid_and_chip_determinations"",""metric_period"":""202603"",""metric_value"":""0"",""rht_flag"":false,""signal_dimension"":""District of Columbia|total_medicaid_and_chip_determinations"",""state"":""DC"",""topic_keys"":[""medicaid"",""chip"",""enrollment"",""eligibility"",""determinations""],""why_matters"":""Enrollment, applications, and eligibility determinations by state reveal eligibility-system workload and contact-center demand.""}",https://data.medicaid.gov/api/1/datastore/query/6165f45b-ca93-5bb5-9d06-db29c692a360/0,"{""aggregation"":""latest reporting_period by state"",""field"":""total_medicaid_and_chip_determinations"",""source_row_count"":10812,""source_rows_used"":10812,""state_name"":""District of Columbia"",""why_matters"":""Enrollment, applications, and eligibility determinations by state reveal eligibility-system workload and contact-center demand.""}",2026-07-24T04:43:51Z
cmsmedicaid-dc5be6689d73986e,medicaid_data,medicaid_datastore,6165f45b-ca93-5bb5-9d06-db29c692a360,"State Medicaid and CHIP Applications, Eligibility Determinations, and Enrollment Data",dataset_signal,DC,eligibility,medicaid; chip; enrollment; eligibility; determinations,total_medicaid_and_chip_enrollment,238350,202603,2017-09-08,2026-06-26,false,72,"{""dataset_id"":""6165f45b-ca93-5bb5-9d06-db29c692a360"",""endpoint_type"":""medicaid_datastore"",""method"":""latest reporting_period by state"",""metric_name"":""total_medicaid_and_chip_enrollment"",""metric_period"":""202603"",""metric_value"":""238350"",""rht_flag"":false,""signal_dimension"":""District of Columbia|total_medicaid_and_chip_enrollment"",""state"":""DC"",""topic_keys"":[""medicaid"",""chip"",""enrollment"",""eligibility"",""determinations""],""why_matters"":""Enrollment, applications, and eligibility determinations by state reveal eligibility-system workload and contact-center demand.""}",https://data.medicaid.gov/api/1/datastore/query/6165f45b-ca93-5bb5-9d06-db29c692a360/0,"{""aggregation"":""latest reporting_period by state"",""field"":""total_medicaid_and_chip_enrollment"",""source_row_count"":10812,""source_rows_used"":10812,""state_name"":""District of Columbia"",""why_matters"":""Enrollment, applications, and eligibility determinations by state reveal eligibility-system workload and contact-center demand.""}",2026-07-24T04:43:51Z
cmsmedicaid-88b0c8bf8b96db76,medicaid_data,medicaid_datastore,6165f45b-ca93-5bb5-9d06-db29c692a360,"State Medicaid and CHIP Applications, Eligibility Determinations, and Enrollment Data",dataset_signal,DE,eligibility,medicaid; chip; enrollment; eligibility; determinations,new_applications_submitted,4467,202603,2017-09-08,2026-06-26,false,72,"{""dataset_id"":""6165f45b-ca93-5bb5-9d06-db29c692a360"",""endpoint_type"":""medicaid_datastore"",""method"":""latest reporting_period by state"",""metric_name"":""new_applications_submitted"",""metric_period"":""202603"",""metric_value"":""4467"",""rht_flag"":false,""signal_dimension"":""Delaware|new_applications_submitted_to_medicaid_and_chip_agencies"",""state"":""DE"",""topic_keys"":[""medicaid"",""chip"",""enrollment"",""eligibility"",""determinations""],""why_matters"":""Enrollment, applications, and eligibility determinations by state reveal eligibility-system workload and contact-center demand.""}",https://data.medicaid.gov/api/1/datastore/query/6165f45b-ca93-5bb5-9d06-db29c692a360/0,"{""aggregation"":""latest reporting_period by state"",""field"":""new_applications_submitted_to_medicaid_and_chip_agencies"",""source_row_count"":10812,""source_rows_used"":10812,""state_name"":""Delaware"",""why_matters"":""Enrollment, applications, and eligibility determinations by state reveal eligibility-system workload and contact-center demand.""}",2026-07-24T04:43:51Z
cmsmedicaid-d38a9f594471338f,medicaid_data,medicaid_datastore,6165f45b-ca93-5bb5-9d06-db29c692a360,"State Medicaid and CHIP Applications, Eligibility Determinations, and Enrollment Data",dataset_signal,DE,eligibility,medicaid; chip; enrollment; eligibility; determinations,total_medicaid_and_chip_determinations,4565,202603,2017-09-08,2026-06-26,false,72,"{""dataset_id"":""6165f45b-ca93-5bb5-9d06-db29c692a360"",""endpoint_type"":""medicaid_datastore"",""method"":""latest reporting_period by state"",""metric_name"":""total_medicaid_and_chip_determinations"",""metric_period"":""202603"",""metric_value"":""4565"",""rht_flag"":false,""signal_dimension"":""Delaware|total_medicaid_and_chip_determinations"",""state"":""DE"",""topic_keys"":[""medicaid"",""chip"",""enrollment"",""eligibility"",""determinations""],""why_matters"":""Enrollment, applications, and eligibility determinations by state reveal eligibility-system workload and contact-center demand.""}",https://data.medicaid.gov/api/1/datastore/query/6165f45b-ca93-5bb5-9d06-db29c692a360/0,"{""aggregation"":""latest reporting_period by state"",""field"":""total_medicaid_and_chip_determinations"",""source_row_count"":10812,""source_rows_used"":10812,""state_name"":""Delaware"",""why_matters"":""Enrollment, applications, and eligibility determinations by state reveal eligibility-system workload and contact-center demand.""}",2026-07-24T04:43:51Z
cmsmedicaid-7db692bfdcb21d1d,medicaid_data,medicaid_datastore,6165f45b-ca93-5bb5-9d06-db29c692a360,"State Medicaid and CHIP Applications, Eligibility Determinations, and Enrollment Data",dataset_signal,DE,eligibility,medicaid; chip; enrollment; eligibility; determinations,total_medicaid_and_chip_enrollment,238110,202603,2017-09-08,2026-06-26,false,72,"{""dataset_id"":""6165f45b-ca93-5bb5-9d06-db29c692a360"",""endpoint_type"":""medicaid_datastore"",""method"":""latest reporting_period by state"",""metric_name"":""total_medicaid_and_chip_enrollment"",""metric_period"":""202603"",""metric_value"":""238110"",""rht_flag"":false,""signal_dimension"":""Delaware|total_medicaid_and_chip_enrollment"",""state"":""DE"",""topic_keys"":[""medicaid"",""chip"",""enrollment"",""eligibility"",""determinations""],""why_matters"":""Enrollment, applications, and eligibility determinations by state reveal eligibility-system workload and contact-center demand.""}",https://data.medicaid.gov/api/1/datastore/query/6165f45b-ca93-5bb5-9d06-db29c692a360/0,"{""aggregation"":""latest reporting_period by state"",""field"":""total_medicaid_and_chip_enrollment"",""source_row_count"":10812,""source_rows_used"":10812,""state_name"":""Delaware"",""why_matters"":""Enrollment, applications, and eligibility determinations by state reveal eligibility-system workload and contact-center demand.""}",2026-07-24T04:43:51Z
cmsmedicaid-dffd70a563591863,medicaid_data,medicaid_datastore,6165f45b-ca93-5bb5-9d06-db29c692a360,"State Medicaid and CHIP Applications, Eligibility Determinations, and Enrollment Data",dataset_signal,FL,eligibility,medicaid; chip; enrollment; eligibility; determinations,new_applications_submitted,264696,202603,2017-09-08,2026-06-26,false,72,"{""dataset_id"":""6165f45b-ca93-5bb5-9d06-db29c692a360"",""endpoint_type"":""medicaid_datastore"",""method"":""latest reporting_period by state"",""metric_name"":""new_applications_submitted"",""metric_period"":""202603"",""metric_value"":""264696"",""rht_flag"":false,""signal_dimension"":""Florida|new_applications_submitted_to_medicaid_and_chip_agencies"",""state"":""FL"",""topic_keys"":[""medicaid"",""chip"",""enrollment"",""eligibility"",""determinations""],""why_matters"":""Enrollment, applications, and eligibility determinations by state reveal eligibility-system workload and contact-center demand.""}",https://data.medicaid.gov/api/1/datastore/query/6165f45b-ca93-5bb5-9d06-db29c692a360/0,"{""aggregation"":""latest reporting_period by state"",""field"":""new_applications_submitted_to_medicaid_and_chip_agencies"",""source_row_count"":10812,""source_rows_used"":10812,""state_name"":""Florida"",""why_matters"":""Enrollment, applications, and eligibility determinations by state reveal eligibility-system workload and contact-center demand.""}",2026-07-24T04:43:51Z
cmsmedicaid-b72d9c175659d133,medicaid_data,medicaid_datastore,6165f45b-ca93-5bb5-9d06-db29c692a360,"State Medicaid and CHIP Applications, Eligibility Determinations, and Enrollment Data",dataset_signal,FL,eligibility,medicaid; chip; enrollment; eligibility; determinations,total_medicaid_and_chip_determinations,153765,202603,2017-09-08,2026-06-26,false,72,"{""dataset_id"":""6165f45b-ca93-5bb5-9d06-db29c692a360"",""endpoint_type"":""medicaid_datastore"",""method"":""latest reporting_period by state"",""metric_name"":""total_medicaid_and_chip_determinations"",""metric_period"":""202603"",""metric_value"":""153765"",""rht_flag"":false,""signal_dimension"":""Florida|total_medicaid_and_chip_determinations"",""state"":""FL"",""topic_keys"":[""medicaid"",""chip"",""enrollment"",""eligibility"",""determinations""],""why_matters"":""Enrollment, applications, and eligibility determinations by state reveal eligibility-system workload and contact-center demand.""}",https://data.medicaid.gov/api/1/datastore/query/6165f45b-ca93-5bb5-9d06-db29c692a360/0,"{""aggregation"":""latest reporting_period by state"",""field"":""total_medicaid_and_chip_determinations"",""source_row_count"":10812,""source_rows_used"":10812,""state_name"":""Florida"",""why_matters"":""Enrollment, applications, and eligibility determinations by state reveal eligibility-system workload and contact-center demand.""}",2026-07-24T04:43:51Z
cmsmedicaid-bf26d908420c3fb1,medicaid_data,medicaid_datastore,6165f45b-ca93-5bb5-9d06-db29c692a360,"State Medicaid and CHIP Applications, Eligibility Determinations, and Enrollment Data",dataset_signal,FL,eligibility,medicaid; chip; enrollment; eligibility; determinations,total_medicaid_and_chip_enrollment,3569764,202603,2017-09-08,2026-06-26,false,72,"{""dataset_id"":""6165f45b-ca93-5bb5-9d06-db29c692a360"",""endpoint_type"":""medicaid_datastore"",""method"":""latest reporting_period by state"",""metric_name"":""total_medicaid_and_chip_enrollment"",""metric_period"":""202603"",""metric_value"":""3569764"",""rht_flag"":false,""signal_dimension"":""Florida|total_medicaid_and_chip_enrollment"",""state"":""FL"",""topic_keys"":[""medicaid"",""chip"",""enrollment"",""eligibility"",""determinations""],""why_matters"":""Enrollment, applications, and eligibility determinations by state reveal eligibility-system workload and contact-center demand.""}",https://data.medicaid.gov/api/1/datastore/query/6165f45b-ca93-5bb5-9d06-db29c692a360/0,"{""aggregation"":""latest reporting_period by state"",""field"":""total_medicaid_and_chip_enrollment"",""source_row_count"":10812,""source_rows_used"":10812,""state_name"":""Florida"",""why_matters"":""Enrollment, applications, and eligibility determinations by state reveal eligibility-system workload and contact-center demand.""}",2026-07-24T04:43:51Z
cmsmedicaid-df7845f2c9d38afc,medicaid_data,medicaid_datastore,6165f45b-ca93-5bb5-9d06-db29c692a360,"State Medicaid and CHIP Applications, Eligibility Determinations, and Enrollment Data",dataset_signal,GA,eligibility,medicaid; chip; enrollment; eligibility; determinations,new_applications_submitted,49038,202603,2017-09-08,2026-06-26,false,72,"{""dataset_id"":""6165f45b-ca93-5bb5-9d06-db29c692a360"",""endpoint_type"":""medicaid_datastore"",""method"":""latest reporting_period by state"",""metric_name"":""new_applications_submitted"",""metric_period"":""202603"",""metric_value"":""49038"",""rht_flag"":false,""signal_dimension"":""Georgia|new_applications_submitted_to_medicaid_and_chip_agencies"",""state"":""GA"",""topic_keys"":[""medicaid"",""chip"",""enrollment"",""eligibility"",""determinations""],""why_matters"":""Enrollment, applications, and eligibility determinations by state reveal eligibility-system workload and contact-center demand.""}",https://data.medicaid.gov/api/1/datastore/query/6165f45b-ca93-5bb5-9d06-db29c692a360/0,"{""aggregation"":""latest reporting_period by state"",""field"":""new_applications_submitted_to_medicaid_and_chip_agencies"",""source_row_count"":10812,""source_rows_used"":10812,""state_name"":""Georgia"",""why_matters"":""Enrollment, applications, and eligibility determinations by state reveal eligibility-system workload and contact-center demand.""}",2026-07-24T04:43:51Z
cmsmedicaid-53c4fd3fb8fa1d08,medicaid_data,medicaid_datastore,6165f45b-ca93-5bb5-9d06-db29c692a360,"State Medicaid and CHIP Applications, Eligibility Determinations, and Enrollment Data",dataset_signal,GA,eligibility,medicaid; chip; enrollment; eligibility; determinations,total_medicaid_and_chip_determinations,23344,202603,2017-09-08,2026-06-26,false,72,"{""dataset_id"":""6165f45b-ca93-5bb5-9d06-db29c692a360"",""endpoint_type"":""medicaid_datastore"",""method"":""latest reporting_period by state"",""metric_name"":""total_medicaid_and_chip_determinations"",""metric_period"":""202603"",""metric_value"":""23344"",""rht_flag"":false,""signal_dimension"":""Georgia|total_medicaid_and_chip_determinations"",""state"":""GA"",""topic_keys"":[""medicaid"",""chip"",""enrollment"",""eligibility"",""determinations""],""why_matters"":""Enrollment, applications, and eligibility determinations by state reveal eligibility-system workload and contact-center demand.""}",https://data.medicaid.gov/api/1/datastore/query/6165f45b-ca93-5bb5-9d06-db29c692a360/0,"{""aggregation"":""latest reporting_period by state"",""field"":""total_medicaid_and_chip_determinations"",""source_row_count"":10812,""source_rows_used"":10812,""state_name"":""Georgia"",""why_matters"":""Enrollment, applications, and eligibility determinations by state reveal eligibility-system workload and contact-center demand.""}",2026-07-24T04:43:51Z
cmsmedicaid-0d5be5ae4859f5e1,medicaid_data,medicaid_datastore,6165f45b-ca93-5bb5-9d06-db29c692a360,"State Medicaid and CHIP Applications, Eligibility Determinations, and Enrollment Data",dataset_signal,GA,eligibility,medicaid; chip; enrollment; eligibility; determinations,total_medicaid_and_chip_enrollment,1841857,202603,2017-09-08,2026-06-26,false,72,"{""dataset_id"":""6165f45b-ca93-5bb5-9d06-db29c692a360"",""endpoint_type"":""medicaid_datastore"",""method"":""latest reporting_period by state"",""metric_name"":""total_medicaid_and_chip_enrollment"",""metric_period"":""202603"",""metric_value"":""1841857"",""rht_flag"":false,""signal_dimension"":""Georgia|total_medicaid_and_chip_enrollment"",""state"":""GA"",""topic_keys"":[""medicaid"",""chip"",""enrollment"",""eligibility"",""determinations""],""why_matters"":""Enrollment, applications, and eligibility determinations by state reveal eligibility-system workload and contact-center demand.""}",https://data.medicaid.gov/api/1/datastore/query/6165f45b-ca93-5bb5-9d06-db29c692a360/0,"{""aggregation"":""latest reporting_period by state"",""field"":""total_medicaid_and_chip_enrollment"",""source_row_count"":10812,""source_rows_used"":10812,""state_name"":""Georgia"",""why_matters"":""Enrollment, applications, and eligibility determinations by state reveal eligibility-system workload and contact-center demand.""}",2026-07-24T04:43:51Z
cmsmedicaid-bf81e15afeabfcfd,medicaid_data,medicaid_datastore,6165f45b-ca93-5bb5-9d06-db29c692a360,"State Medicaid and CHIP Applications, Eligibility Determinations, and Enrollment Data",dataset_signal,HI,eligibility,medicaid; chip; enrollment; eligibility; determinations,new_applications_submitted,3736,202603,2017-09-08,2026-06-26,false,72,"{""dataset_id"":""6165f45b-ca93-5bb5-9d06-db29c692a360"",""endpoint_type"":""medicaid_datastore"",""method"":""latest reporting_period by state"",""metric_name"":""new_applications_submitted"",""metric_period"":""202603"",""metric_value"":""3736"",""rht_flag"":false,""signal_dimension"":""Hawaii|new_applications_submitted_to_medicaid_and_chip_agencies"",""state"":""HI"",""topic_keys"":[""medicaid"",""chip"",""enrollment"",""eligibility"",""determinations""],""why_matters"":""Enrollment, applications, and eligibility determinations by state reveal eligibility-system workload and contact-center demand.""}",https://data.medicaid.gov/api/1/datastore/query/6165f45b-ca93-5bb5-9d06-db29c692a360/0,"{""aggregation"":""latest reporting_period by state"",""field"":""new_applications_submitted_to_medicaid_and_chip_agencies"",""source_row_count"":10812,""source_rows_used"":10812,""state_name"":""Hawaii"",""why_matters"":""Enrollment, applications, and eligibility determinations by state reveal eligibility-system workload and contact-center demand.""}",2026-07-24T04:43:51Z
cmsmedicaid-fe91b61d9f9012ce,medicaid_data,medicaid_datastore,6165f45b-ca93-5bb5-9d06-db29c692a360,"State Medicaid and CHIP Applications, Eligibility Determinations, and Enrollment Data",dataset_signal,HI,eligibility,medicaid; chip; enrollment; eligibility; determinations,total_medicaid_and_chip_determinations,5838,202603,2017-09-08,2026-06-26,false,72,"{""dataset_id"":""6165f45b-ca93-5bb5-9d06-db29c692a360"",""endpoint_type"":""medicaid_datastore"",""method"":""latest reporting_period by state"",""metric_name"":""total_medicaid_and_chip_determinations"",""metric_period"":""202603"",""metric_value"":""5838"",""rht_flag"":false,""signal_dimension"":""Hawaii|total_medicaid_and_chip_determinations"",""state"":""HI"",""topic_keys"":[""medicaid"",""chip"",""enrollment"",""eligibility"",""determinations""],""why_matters"":""Enrollment, applications, and eligibility determinations by state reveal eligibility-system workload and contact-center demand.""}",https://data.medicaid.gov/api/1/datastore/query/6165f45b-ca93-5bb5-9d06-db29c692a360/0,"{""aggregation"":""latest reporting_period by state"",""field"":""total_medicaid_and_chip_determinations"",""source_row_count"":10812,""source_rows_used"":10812,""state_name"":""Hawaii"",""why_matters"":""Enrollment, applications, and eligibility determinations by state reveal eligibility-system workload and contact-center demand.""}",2026-07-24T04:43:51Z
cmsmedicaid-7780eabfbcdfdc31,medicaid_data,medicaid_datastore,6165f45b-ca93-5bb5-9d06-db29c692a360,"State Medicaid and CHIP Applications, Eligibility Determinations, and Enrollment Data",dataset_signal,HI,eligibility,medicaid; chip; enrollment; eligibility; determinations,total_medicaid_and_chip_enrollment,387074,202603,2017-09-08,2026-06-26,false,72,"{""dataset_id"":""6165f45b-ca93-5bb5-9d06-db29c692a360"",""endpoint_type"":""medicaid_datastore"",""method"":""latest reporting_period by state"",""metric_name"":""total_medicaid_and_chip_enrollment"",""metric_period"":""202603"",""metric_value"":""387074"",""rht_flag"":false,""signal_dimension"":""Hawaii|total_medicaid_and_chip_enrollment"",""state"":""HI"",""topic_keys"":[""medicaid"",""chip"",""enrollment"",""eligibility"",""determinations""],""why_matters"":""Enrollment, applications, and eligibility determinations by state reveal eligibility-system workload and contact-center demand.""}",https://data.medicaid.gov/api/1/datastore/query/6165f45b-ca93-5bb5-9d06-db29c692a360/0,"{""aggregation"":""latest reporting_period by state"",""field"":""total_medicaid_and_chip_enrollment"",""source_row_count"":10812,""source_rows_used"":10812,""state_name"":""Hawaii"",""why_matters"":""Enrollment, applications, and eligibility determinations by state reveal eligibility-system workload and contact-center demand.""}",2026-07-24T04:43:51Z
cmsmedicaid-bee9af9fab184f47,medicaid_data,medicaid_datastore,6165f45b-ca93-5bb5-9d06-db29c692a360,"State Medicaid and CHIP Applications, Eligibility Determinations, and Enrollment Data",dataset_signal,IA,eligibility,medicaid; chip; enrollment; eligibility; determinations,new_applications_submitted,18649,202603,2017-09-08,2026-06-26,false,72,"{""dataset_id"":""6165f45b-ca93-5bb5-9d06-db29c692a360"",""endpoint_type"":""medicaid_datastore"",""method"":""latest reporting_period by state"",""metric_name"":""new_applications_submitted"",""metric_period"":""202603"",""metric_value"":""18649"",""rht_flag"":false,""signal_dimension"":""Iowa|new_applications_submitted_to_medicaid_and_chip_agencies"",""state"":""IA"",""topic_keys"":[""medicaid"",""chip"",""enrollment"",""eligibility"",""determinations""],""why_matters"":""Enrollment, applications, and eligibility determinations by state reveal eligibility-system workload and contact-center demand.""}",https://data.medicaid.gov/api/1/datastore/query/6165f45b-ca93-5bb5-9d06-db29c692a360/0,"{""aggregation"":""latest reporting_period by state"",""field"":""new_applications_submitted_to_medicaid_and_chip_agencies"",""source_row_count"":10812,""source_rows_used"":10812,""state_name"":""Iowa"",""why_matters"":""Enrollment, applications, and eligibility determinations by state reveal eligibility-system workload and contact-center demand.""}",2026-07-24T04:43:51Z
cmsmedicaid-856a2cfc9620c920,medicaid_data,medicaid_datastore,6165f45b-ca93-5bb5-9d06-db29c692a360,"State Medicaid and CHIP Applications, Eligibility Determinations, and Enrollment Data",dataset_signal,IA,eligibility,medicaid; chip; enrollment; eligibility; determinations,total_medicaid_and_chip_determinations,11110,202603,2017-09-08,2026-06-26,false,72,"{""dataset_id"":""6165f45b-ca93-5bb5-9d06-db29c692a360"",""endpoint_type"":""medicaid_datastore"",""method"":""latest reporting_period by state"",""metric_name"":""total_medicaid_and_chip_determinations"",""metric_period"":""202603"",""metric_value"":""11110"",""rht_flag"":false,""signal_dimension"":""Iowa|total_medicaid_and_chip_determinations"",""state"":""IA"",""topic_keys"":[""medicaid"",""chip"",""enrollment"",""eligibility"",""determinations""],""why_matters"":""Enrollment, applications, and eligibility determinations by state reveal eligibility-system workload and contact-center demand.""}",https://data.medicaid.gov/api/1/datastore/query/6165f45b-ca93-5bb5-9d06-db29c692a360/0,"{""aggregation"":""latest reporting_period by state"",""field"":""total_medicaid_and_chip_determinations"",""source_row_count"":10812,""source_rows_used"":10812,""state_name"":""Iowa"",""why_matters"":""Enrollment, applications, and eligibility determinations by state reveal eligibility-system workload and contact-center demand.""}",2026-07-24T04:43:51Z
cmsmedicaid-23bdc9bbd369c15c,medicaid_data,medicaid_datastore,6165f45b-ca93-5bb5-9d06-db29c692a360,"State Medicaid and CHIP Applications, Eligibility Determinations, and Enrollment Data",dataset_signal,IA,eligibility,medicaid; chip; enrollment; eligibility; determinations,total_medicaid_and_chip_enrollment,673650,202603,2017-09-08,2026-06-26,false,72,"{""dataset_id"":""6165f45b-ca93-5bb5-9d06-db29c692a360"",""endpoint_type"":""medicaid_datastore"",""method"":""latest reporting_period by state"",""metric_name"":""total_medicaid_and_chip_enrollment"",""metric_period"":""202603"",""metric_value"":""673650"",""rht_flag"":false,""signal_dimension"":""Iowa|total_medicaid_and_chip_enrollment"",""state"":""IA"",""topic_keys"":[""medicaid"",""chip"",""enrollment"",""eligibility"",""determinations""],""why_matters"":""Enrollment, applications, and eligibility determinations by state reveal eligibility-system workload and contact-center demand.""}",https://data.medicaid.gov/api/1/datastore/query/6165f45b-ca93-5bb5-9d06-db29c692a360/0,"{""aggregation"":""latest reporting_period by state"",""field"":""total_medicaid_and_chip_enrollment"",""source_row_count"":10812,""source_rows_used"":10812,""state_name"":""Iowa"",""why_matters"":""Enrollment, applications, and eligibility determinations by state reveal eligibility-system workload and contact-center demand.""}",2026-07-24T04:43:51Z
cmsmedicaid-ee8e2e7c5ae66b9d,medicaid_data,medicaid_datastore,6165f45b-ca93-5bb5-9d06-db29c692a360,"State Medicaid and CHIP Applications, Eligibility Determinations, and Enrollment Data",dataset_signal,ID,eligibility,medicaid; chip; enrollment; eligibility; determinations,new_applications_submitted,8902,202603,2017-09-08,2026-06-26,false,72,"{""dataset_id"":""6165f45b-ca93-5bb5-9d06-db29c692a360"",""endpoint_type"":""medicaid_datastore"",""method"":""latest reporting_period by state"",""metric_name"":""new_applications_submitted"",""metric_period"":""202603"",""metric_value"":""8902"",""rht_flag"":false,""signal_dimension"":""Idaho|new_applications_submitted_to_medicaid_and_chip_agencies"",""state"":""ID"",""topic_keys"":[""medicaid"",""chip"",""enrollment"",""eligibility"",""determinations""],""why_matters"":""Enrollment, applications, and eligibility determinations by state reveal eligibility-system workload and contact-center demand.""}",https://data.medicaid.gov/api/1/datastore/query/6165f45b-ca93-5bb5-9d06-db29c692a360/0,"{""aggregation"":""latest reporting_period by state"",""field"":""new_applications_submitted_to_medicaid_and_chip_agencies"",""source_row_count"":10812,""source_rows_used"":10812,""state_name"":""Idaho"",""why_matters"":""Enrollment, applications, and eligibility determinations by state reveal eligibility-system workload and contact-center demand.""}",2026-07-24T04:43:51Z
cmsmedicaid-30ac4661a886713d,medicaid_data,medicaid_datastore,6165f45b-ca93-5bb5-9d06-db29c692a360,"State Medicaid and CHIP Applications, Eligibility Determinations, and Enrollment Data",dataset_signal,ID,eligibility,medicaid; chip; enrollment; eligibility; determinations,total_medicaid_and_chip_determinations,8714,202603,2017-09-08,2026-06-26,false,72,"{""dataset_id"":""6165f45b-ca93-5bb5-9d06-db29c692a360"",""endpoint_type"":""medicaid_datastore"",""method"":""latest reporting_period by state"",""metric_name"":""total_medicaid_and_chip_determinations"",""metric_period"":""202603"",""metric_value"":""8714"",""rht_flag"":false,""signal_dimension"":""Idaho|total_medicaid_and_chip_determinations"",""state"":""ID"",""topic_keys"":[""medicaid"",""chip"",""enrollment"",""eligibility"",""determinations""],""why_matters"":""Enrollment, applications, and eligibility determinations by state reveal eligibility-system workload and contact-center demand.""}",https://data.medicaid.gov/api/1/datastore/query/6165f45b-ca93-5bb5-9d06-db29c692a360/0,"{""aggregation"":""latest reporting_period by state"",""field"":""total_medicaid_and_chip_determinations"",""source_row_count"":10812,""source_rows_used"":10812,""state_name"":""Idaho"",""why_matters"":""Enrollment, applications, and eligibility determinations by state reveal eligibility-system workload and contact-center demand.""}",2026-07-24T04:43:51Z
cmsmedicaid-1c3304437611257b,medicaid_data,medicaid_datastore,6165f45b-ca93-5bb5-9d06-db29c692a360,"State Medicaid and CHIP Applications, Eligibility Determinations, and Enrollment Data",dataset_signal,ID,eligibility,medicaid; chip; enrollment; eligibility; determinations,total_medicaid_and_chip_enrollment,315085,202603,2017-09-08,2026-06-26,false,72,"{""dataset_id"":""6165f45b-ca93-5bb5-9d06-db29c692a360"",""endpoint_type"":""medicaid_datastore"",""method"":""latest reporting_period by state"",""metric_name"":""total_medicaid_and_chip_enrollment"",""metric_period"":""202603"",""metric_value"":""315085"",""rht_flag"":false,""signal_dimension"":""Idaho|total_medicaid_and_chip_enrollment"",""state"":""ID"",""topic_keys"":[""medicaid"",""chip"",""enrollment"",""eligibility"",""determinations""],""why_matters"":""Enrollment, applications, and eligibility determinations by state reveal eligibility-system workload and contact-center demand.""}",https://data.medicaid.gov/api/1/datastore/query/6165f45b-ca93-5bb5-9d06-db29c692a360/0,"{""aggregation"":""latest reporting_period by state"",""field"":""total_medicaid_and_chip_enrollment"",""source_row_count"":10812,""source_rows_used"":10812,""state_name"":""Idaho"",""why_matters"":""Enrollment, applications, and eligibility determinations by state reveal eligibility-system workload and contact-center demand.""}",2026-07-24T04:43:51Z
cmsmedicaid-c58368536549cad2,medicaid_data,medicaid_datastore,6165f45b-ca93-5bb5-9d06-db29c692a360,"State Medicaid and CHIP Applications, Eligibility Determinations, and Enrollment Data",dataset_signal,IL,eligibility,medicaid; chip; enrollment; eligibility; determinations,new_applications_submitted,49297,202603,2017-09-08,2026-06-26,false,72,"{""dataset_id"":""6165f45b-ca93-5bb5-9d06-db29c692a360"",""endpoint_type"":""medicaid_datastore"",""method"":""latest reporting_period by state"",""metric_name"":""new_applications_submitted"",""metric_period"":""202603"",""metric_value"":""49297"",""rht_flag"":false,""signal_dimension"":""Illinois|new_applications_submitted_to_medicaid_and_chip_agencies"",""state"":""IL"",""topic_keys"":[""medicaid"",""chip"",""enrollment"",""eligibility"",""determinations""],""why_matters"":""Enrollment, applications, and eligibility determinations by state reveal eligibility-system workload and contact-center demand.""}",https://data.medicaid.gov/api/1/datastore/query/6165f45b-ca93-5bb5-9d06-db29c692a360/0,"{""aggregation"":""latest reporting_period by state"",""field"":""new_applications_submitted_to_medicaid_and_chip_agencies"",""source_row_count"":10812,""source_rows_used"":10812,""state_name"":""Illinois"",""why_matters"":""Enrollment, applications, and eligibility determinations by state reveal eligibility-system workload and contact-center demand.""}",2026-07-24T04:43:51Z
cmsmedicaid-c31f16481cdb10fe,medicaid_data,medicaid_datastore,6165f45b-ca93-5bb5-9d06-db29c692a360,"State Medicaid and CHIP Applications, Eligibility Determinations, and Enrollment Data",dataset_signal,IL,eligibility,medicaid; chip; enrollment; eligibility; determinations,total_medicaid_and_chip_determinations,46803,202603,2017-09-08,2026-06-26,false,72,"{""dataset_id"":""6165f45b-ca93-5bb5-9d06-db29c692a360"",""endpoint_type"":""medicaid_datastore"",""method"":""latest reporting_period by state"",""metric_name"":""total_medicaid_and_chip_determinations"",""metric_period"":""202603"",""metric_value"":""46803"",""rht_flag"":false,""signal_dimension"":""Illinois|total_medicaid_and_chip_determinations"",""state"":""IL"",""topic_keys"":[""medicaid"",""chip"",""enrollment"",""eligibility"",""determinations""],""why_matters"":""Enrollment, applications, and eligibility determinations by state reveal eligibility-system workload and contact-center demand.""}",https://data.medicaid.gov/api/1/datastore/query/6165f45b-ca93-5bb5-9d06-db29c692a360/0,"{""aggregation"":""latest reporting_period by state"",""field"":""total_medicaid_and_chip_determinations"",""source_row_count"":10812,""source_rows_used"":10812,""state_name"":""Illinois"",""why_matters"":""Enrollment, applications, and eligibility determinations by state reveal eligibility-system workload and contact-center demand.""}",2026-07-24T04:43:51Z
cmsmedicaid-6a386c8096d583fb,medicaid_data,medicaid_datastore,6165f45b-ca93-5bb5-9d06-db29c692a360,"State Medicaid and CHIP Applications, Eligibility Determinations, and Enrollment Data",dataset_signal,IL,eligibility,medicaid; chip; enrollment; eligibility; determinations,total_medicaid_and_chip_enrollment,2981256,202603,2017-09-08,2026-06-26,false,72,"{""dataset_id"":""6165f45b-ca93-5bb5-9d06-db29c692a360"",""endpoint_type"":""medicaid_datastore"",""method"":""latest reporting_period by state"",""metric_name"":""total_medicaid_and_chip_enrollment"",""metric_period"":""202603"",""metric_value"":""2981256"",""rht_flag"":false,""signal_dimension"":""Illinois|total_medicaid_and_chip_enrollment"",""state"":""IL"",""topic_keys"":[""medicaid"",""chip"",""enrollment"",""eligibility"",""determinations""],""why_matters"":""Enrollment, applications, and eligibility determinations by state reveal eligibility-system workload and contact-center demand.""}",https://data.medicaid.gov/api/1/datastore/query/6165f45b-ca93-5bb5-9d06-db29c692a360/0,"{""aggregation"":""latest reporting_period by state"",""field"":""total_medicaid_and_chip_enrollment"",""source_row_count"":10812,""source_rows_used"":10812,""state_name"":""Illinois"",""why_matters"":""Enrollment, applications, and eligibility determinations by state reveal eligibility-system workload and contact-center demand.""}",2026-07-24T04:43:51Z
cmsmedicaid-2c22e1ee888eecac,medicaid_data,medicaid_datastore,6165f45b-ca93-5bb5-9d06-db29c692a360,"State Medicaid and CHIP Applications, Eligibility Determinations, and Enrollment Data",dataset_signal,IN,eligibility,medicaid; chip; enrollment; eligibility; determinations,new_applications_submitted,66970,202603,2017-09-08,2026-06-26,false,72,"{""dataset_id"":""6165f45b-ca93-5bb5-9d06-db29c692a360"",""endpoint_type"":""medicaid_datastore"",""method"":""latest reporting_period by state"",""metric_name"":""new_applications_submitted"",""metric_period"":""202603"",""metric_value"":""66970"",""rht_flag"":false,""signal_dimension"":""Indiana|new_applications_submitted_to_medicaid_and_chip_agencies"",""state"":""IN"",""topic_keys"":[""medicaid"",""chip"",""enrollment"",""eligibility"",""determinations""],""why_matters"":""Enrollment, applications, and eligibility determinations by state reveal eligibility-system workload and contact-center demand.""}",https://data.medicaid.gov/api/1/datastore/query/6165f45b-ca93-5bb5-9d06-db29c692a360/0,"{""aggregation"":""latest reporting_period by state"",""field"":""new_applications_submitted_to_medicaid_and_chip_agencies"",""source_row_count"":10812,""source_rows_used"":10812,""state_name"":""Indiana"",""why_matters"":""Enrollment, applications, and eligibility determinations by state reveal eligibility-system workload and contact-center demand.""}",2026-07-24T04:43:51Z
cmsmedicaid-b8188ac81af7d380,medicaid_data,medicaid_datastore,6165f45b-ca93-5bb5-9d06-db29c692a360,"State Medicaid and CHIP Applications, Eligibility Determinations, and Enrollment Data",dataset_signal,IN,eligibility,medicaid; chip; enrollment; eligibility; determinations,total_medicaid_and_chip_determinations,38362,202603,2017-09-08,2026-06-26,false,72,"{""dataset_id"":""6165f45b-ca93-5bb5-9d06-db29c692a360"",""endpoint_type"":""medicaid_datastore"",""method"":""latest reporting_period by state"",""metric_name"":""total_medicaid_and_chip_determinations"",""metric_period"":""202603"",""metric_value"":""38362"",""rht_flag"":false,""signal_dimension"":""Indiana|total_medicaid_and_chip_determinations"",""state"":""IN"",""topic_keys"":[""medicaid"",""chip"",""enrollment"",""eligibility"",""determinations""],""why_matters"":""Enrollment, applications, and eligibility determinations by state reveal eligibility-system workload and contact-center demand.""}",https://data.medicaid.gov/api/1/datastore/query/6165f45b-ca93-5bb5-9d06-db29c692a360/0,"{""aggregation"":""latest reporting_period by state"",""field"":""total_medicaid_and_chip_determinations"",""source_row_count"":10812,""source_rows_used"":10812,""state_name"":""Indiana"",""why_matters"":""Enrollment, applications, and eligibility determinations by state reveal eligibility-system workload and contact-center demand.""}",2026-07-24T04:43:51Z
cmsmedicaid-dd0fe9419df33245,medicaid_data,medicaid_datastore,6165f45b-ca93-5bb5-9d06-db29c692a360,"State Medicaid and CHIP Applications, Eligibility Determinations, and Enrollment Data",dataset_signal,IN,eligibility,medicaid; chip; enrollment; eligibility; determinations,total_medicaid_and_chip_enrollment,1419131,202603,2017-09-08,2026-06-26,false,72,"{""dataset_id"":""6165f45b-ca93-5bb5-9d06-db29c692a360"",""endpoint_type"":""medicaid_datastore"",""method"":""latest reporting_period by state"",""metric_name"":""total_medicaid_and_chip_enrollment"",""metric_period"":""202603"",""metric_value"":""1419131"",""rht_flag"":false,""signal_dimension"":""Indiana|total_medicaid_and_chip_enrollment"",""state"":""IN"",""topic_keys"":[""medicaid"",""chip"",""enrollment"",""eligibility"",""determinations""],""why_matters"":""Enrollment, applications, and eligibility determinations by state reveal eligibility-system workload and contact-center demand.""}",https://data.medicaid.gov/api/1/datastore/query/6165f45b-ca93-5bb5-9d06-db29c692a360/0,"{""aggregation"":""latest reporting_period by state"",""field"":""total_medicaid_and_chip_enrollment"",""source_row_count"":10812,""source_rows_used"":10812,""state_name"":""Indiana"",""why_matters"":""Enrollment, applications, and eligibility determinations by state reveal eligibility-system workload and contact-center demand.""}",2026-07-24T04:43:51Z
cmsmedicaid-613e9e0d27190d73,medicaid_data,medicaid_datastore,6165f45b-ca93-5bb5-9d06-db29c692a360,"State Medicaid and CHIP Applications, Eligibility Determinations, and Enrollment Data",dataset_signal,KS,eligibility,medicaid; chip; enrollment; eligibility; determinations,new_applications_submitted,14167,202603,2017-09-08,2026-06-26,false,72,"{""dataset_id"":""6165f45b-ca93-5bb5-9d06-db29c692a360"",""endpoint_type"":""medicaid_datastore"",""method"":""latest reporting_period by state"",""metric_name"":""new_applications_submitted"",""metric_period"":""202603"",""metric_value"":""14167"",""rht_flag"":false,""signal_dimension"":""Kansas|new_applications_submitted_to_medicaid_and_chip_agencies"",""state"":""KS"",""topic_keys"":[""medicaid"",""chip"",""enrollment"",""eligibility"",""determinations""],""why_matters"":""Enrollment, applications, and eligibility determinations by state reveal eligibility-system workload and contact-center demand.""}",https://data.medicaid.gov/api/1/datastore/query/6165f45b-ca93-5bb5-9d06-db29c692a360/0,"{""aggregation"":""latest reporting_period by state"",""field"":""new_applications_submitted_to_medicaid_and_chip_agencies"",""source_row_count"":10812,""source_rows_used"":10812,""state_name"":""Kansas"",""why_matters"":""Enrollment, applications, and eligibility determinations by state reveal eligibility-system workload and contact-center demand.""}",2026-07-24T04:43:51Z
cmsmedicaid-6b4111af1cba9d0b,medicaid_data,medicaid_datastore,6165f45b-ca93-5bb5-9d06-db29c692a360,"State Medicaid and CHIP Applications, Eligibility Determinations, and Enrollment Data",dataset_signal,KS,eligibility,medicaid; chip; enrollment; eligibility; determinations,total_medicaid_and_chip_determinations,751,202603,2017-09-08,2026-06-26,false,72,"{""dataset_id"":""6165f45b-ca93-5bb5-9d06-db29c692a360"",""endpoint_type"":""medicaid_datastore"",""method"":""latest reporting_period by state"",""metric_name"":""total_medicaid_and_chip_determinations"",""metric_period"":""202603"",""metric_value"":""751"",""rht_flag"":false,""signal_dimension"":""Kansas|total_medicaid_and_chip_determinations"",""state"":""KS"",""topic_keys"":[""medicaid"",""chip"",""enrollment"",""eligibility"",""determinations""],""why_matters"":""Enrollment, applications, and eligibility determinations by state reveal eligibility-system workload and contact-center demand.""}",https://data.medicaid.gov/api/1/datastore/query/6165f45b-ca93-5bb5-9d06-db29c692a360/0,"{""aggregation"":""latest reporting_period by state"",""field"":""total_medicaid_and_chip_determinations"",""source_row_count"":10812,""source_rows_used"":10812,""state_name"":""Kansas"",""why_matters"":""Enrollment, applications, and eligibility determinations by state reveal eligibility-system workload and contact-center demand.""}",2026-07-24T04:43:51Z
cmsmedicaid-16fe87dd017a1645,medicaid_data,medicaid_datastore,6165f45b-ca93-5bb5-9d06-db29c692a360,"State Medicaid and CHIP Applications, Eligibility Determinations, and Enrollment Data",dataset_signal,KS,eligibility,medicaid; chip; enrollment; eligibility; determinations,total_medicaid_and_chip_enrollment,396786,202603,2017-09-08,2026-06-26,false,72,"{""dataset_id"":""6165f45b-ca93-5bb5-9d06-db29c692a360"",""endpoint_type"":""medicaid_datastore"",""method"":""latest reporting_period by state"",""metric_name"":""total_medicaid_and_chip_enrollment"",""metric_period"":""202603"",""metric_value"":""396786"",""rht_flag"":false,""signal_dimension"":""Kansas|total_medicaid_and_chip_enrollment"",""state"":""KS"",""topic_keys"":[""medicaid"",""chip"",""enrollment"",""eligibility"",""determinations""],""why_matters"":""Enrollment, applications, and eligibility determinations by state reveal eligibility-system workload and contact-center demand.""}",https://data.medicaid.gov/api/1/datastore/query/6165f45b-ca93-5bb5-9d06-db29c692a360/0,"{""aggregation"":""latest reporting_period by state"",""field"":""total_medicaid_and_chip_enrollment"",""source_row_count"":10812,""source_rows_used"":10812,""state_name"":""Kansas"",""why_matters"":""Enrollment, applications, and eligibility determinations by state reveal eligibility-system workload and contact-center demand.""}",2026-07-24T04:43:51Z
cmsmedicaid-927d97ae8af7f79d,medicaid_data,medicaid_datastore,6165f45b-ca93-5bb5-9d06-db29c692a360,"State Medicaid and CHIP Applications, Eligibility Determinations, and Enrollment Data",dataset_signal,KY,eligibility,medicaid; chip; enrollment; eligibility; determinations,new_applications_submitted,8989,202603,2017-09-08,2026-06-26,false,72,"{""dataset_id"":""6165f45b-ca93-5bb5-9d06-db29c692a360"",""endpoint_type"":""medicaid_datastore"",""method"":""latest reporting_period by state"",""metric_name"":""new_applications_submitted"",""metric_period"":""202603"",""metric_value"":""8989"",""rht_flag"":false,""signal_dimension"":""Kentucky|new_applications_submitted_to_medicaid_and_chip_agencies"",""state"":""KY"",""topic_keys"":[""medicaid"",""chip"",""enrollment"",""eligibility"",""determinations""],""why_matters"":""Enrollment, applications, and eligibility determinations by state reveal eligibility-system workload and contact-center demand.""}",https://data.medicaid.gov/api/1/datastore/query/6165f45b-ca93-5bb5-9d06-db29c692a360/0,"{""aggregation"":""latest reporting_period by state"",""field"":""new_applications_submitted_to_medicaid_and_chip_agencies"",""source_row_count"":10812,""source_rows_used"":10812,""state_name"":""Kentucky"",""why_matters"":""Enrollment, applications, and eligibility determinations by state reveal eligibility-system workload and contact-center demand.""}",2026-07-24T04:43:51Z
cmsmedicaid-96e5f7f4004d620f,medicaid_data,medicaid_datastore,6165f45b-ca93-5bb5-9d06-db29c692a360,"State Medicaid and CHIP Applications, Eligibility Determinations, and Enrollment Data",dataset_signal,KY,eligibility,medicaid; chip; enrollment; eligibility; determinations,total_medicaid_and_chip_determinations,11311,202603,2017-09-08,2026-06-26,false,72,"{""dataset_id"":""6165f45b-ca93-5bb5-9d06-db29c692a360"",""endpoint_type"":""medicaid_datastore"",""method"":""latest reporting_period by state"",""metric_name"":""total_medicaid_and_chip_determinations"",""metric_period"":""202603"",""metric_value"":""11311"",""rht_flag"":false,""signal_dimension"":""Kentucky|total_medicaid_and_chip_determinations"",""state"":""KY"",""topic_keys"":[""medicaid"",""chip"",""enrollment"",""eligibility"",""determinations""],""why_matters"":""Enrollment, applications, and eligibility determinations by state reveal eligibility-system workload and contact-center demand.""}",https://data.medicaid.gov/api/1/datastore/query/6165f45b-ca93-5bb5-9d06-db29c692a360/0,"{""aggregation"":""latest reporting_period by state"",""field"":""total_medicaid_and_chip_determinations"",""source_row_count"":10812,""source_rows_used"":10812,""state_name"":""Kentucky"",""why_matters"":""Enrollment, applications, and eligibility determinations by state reveal eligibility-system workload and contact-center demand.""}",2026-07-24T04:43:51Z
cmsmedicaid-fee6e50d44ec0fb9,medicaid_data,medicaid_datastore,6165f45b-ca93-5bb5-9d06-db29c692a360,"State Medicaid and CHIP Applications, Eligibility Determinations, and Enrollment Data",dataset_signal,KY,eligibility,medicaid; chip; enrollment; eligibility; determinations,total_medicaid_and_chip_enrollment,1294021,202603,2017-09-08,2026-06-26,false,72,"{""dataset_id"":""6165f45b-ca93-5bb5-9d06-db29c692a360"",""endpoint_type"":""medicaid_datastore"",""method"":""latest reporting_period by state"",""metric_name"":""total_medicaid_and_chip_enrollment"",""metric_period"":""202603"",""metric_value"":""1294021"",""rht_flag"":false,""signal_dimension"":""Kentucky|total_medicaid_and_chip_enrollment"",""state"":""KY"",""topic_keys"":[""medicaid"",""chip"",""enrollment"",""eligibility"",""determinations""],""why_matters"":""Enrollment, applications, and eligibility determinations by state reveal eligibility-system workload and contact-center demand.""}",https://data.medicaid.gov/api/1/datastore/query/6165f45b-ca93-5bb5-9d06-db29c692a360/0,"{""aggregation"":""latest reporting_period by state"",""field"":""total_medicaid_and_chip_enrollment"",""source_row_count"":10812,""source_rows_used"":10812,""state_name"":""Kentucky"",""why_matters"":""Enrollment, applications, and eligibility determinations by state reveal eligibility-system workload and contact-center demand.""}",2026-07-24T04:43:51Z
cmsmedicaid-1f6d5044adc82d4c,medicaid_data,medicaid_datastore,6165f45b-ca93-5bb5-9d06-db29c692a360,"State Medicaid and CHIP Applications, Eligibility Determinations, and Enrollment Data",dataset_signal,LA,eligibility,medicaid; chip; enrollment; eligibility; determinations,new_applications_submitted,28750,202603,2017-09-08,2026-06-26,false,72,"{""dataset_id"":""6165f45b-ca93-5bb5-9d06-db29c692a360"",""endpoint_type"":""medicaid_datastore"",""method"":""latest reporting_period by state"",""metric_name"":""new_applications_submitted"",""metric_period"":""202603"",""metric_value"":""28750"",""rht_flag"":false,""signal_dimension"":""Louisiana|new_applications_submitted_to_medicaid_and_chip_agencies"",""state"":""LA"",""topic_keys"":[""medicaid"",""chip"",""enrollment"",""eligibility"",""determinations""],""why_matters"":""Enrollment, applications, and eligibility determinations by state reveal eligibility-system workload and contact-center demand.""}",https://data.medicaid.gov/api/1/datastore/query/6165f45b-ca93-5bb5-9d06-db29c692a360/0,"{""aggregation"":""latest reporting_period by state"",""field"":""new_applications_submitted_to_medicaid_and_chip_agencies"",""source_row_count"":10812,""source_rows_used"":10812,""state_name"":""Louisiana"",""why_matters"":""Enrollment, applications, and eligibility determinations by state reveal eligibility-system workload and contact-center demand.""}",2026-07-24T04:43:51Z
cmsmedicaid-6357b3d12d6d195b,medicaid_data,medicaid_datastore,6165f45b-ca93-5bb5-9d06-db29c692a360,"State Medicaid and CHIP Applications, Eligibility Determinations, and Enrollment Data",dataset_signal,LA,eligibility,medicaid; chip; enrollment; eligibility; determinations,total_medicaid_and_chip_determinations,13207,202603,2017-09-08,2026-06-26,false,72,"{""dataset_id"":""6165f45b-ca93-5bb5-9d06-db29c692a360"",""endpoint_type"":""medicaid_datastore"",""method"":""latest reporting_period by state"",""metric_name"":""total_medicaid_and_chip_determinations"",""metric_period"":""202603"",""metric_value"":""13207"",""rht_flag"":false,""signal_dimension"":""Louisiana|total_medicaid_and_chip_determinations"",""state"":""LA"",""topic_keys"":[""medicaid"",""chip"",""enrollment"",""eligibility"",""determinations""],""why_matters"":""Enrollment, applications, and eligibility determinations by state reveal eligibility-system workload and contact-center demand.""}",https://data.medicaid.gov/api/1/datastore/query/6165f45b-ca93-5bb5-9d06-db29c692a360/0,"{""aggregation"":""latest reporting_period by state"",""field"":""total_medicaid_and_chip_determinations"",""source_row_count"":10812,""source_rows_used"":10812,""state_name"":""Louisiana"",""why_matters"":""Enrollment, applications, and eligibility determinations by state reveal eligibility-system workload and contact-center demand.""}",2026-07-24T04:43:51Z
cmsmedicaid-57a05b496069052a,medicaid_data,medicaid_datastore,6165f45b-ca93-5bb5-9d06-db29c692a360,"State Medicaid and CHIP Applications, Eligibility Determinations, and Enrollment Data",dataset_signal,LA,eligibility,medicaid; chip; enrollment; eligibility; determinations,total_medicaid_and_chip_enrollment,1360482,202603,2017-09-08,2026-06-26,false,72,"{""dataset_id"":""6165f45b-ca93-5bb5-9d06-db29c692a360"",""endpoint_type"":""medicaid_datastore"",""method"":""latest reporting_period by state"",""metric_name"":""total_medicaid_and_chip_enrollment"",""metric_period"":""202603"",""metric_value"":""1360482"",""rht_flag"":false,""signal_dimension"":""Louisiana|total_medicaid_and_chip_enrollment"",""state"":""LA"",""topic_keys"":[""medicaid"",""chip"",""enrollment"",""eligibility"",""determinations""],""why_matters"":""Enrollment, applications, and eligibility determinations by state reveal eligibility-system workload and contact-center demand.""}",https://data.medicaid.gov/api/1/datastore/query/6165f45b-ca93-5bb5-9d06-db29c692a360/0,"{""aggregation"":""latest reporting_period by state"",""field"":""total_medicaid_and_chip_enrollment"",""source_row_count"":10812,""source_rows_used"":10812,""state_name"":""Louisiana"",""why_matters"":""Enrollment, applications, and eligibility determinations by state reveal eligibility-system workload and contact-center demand.""}",2026-07-24T04:43:51Z
cmsmedicaid-10f2e838c9bb72df,medicaid_data,medicaid_datastore,6165f45b-ca93-5bb5-9d06-db29c692a360,"State Medicaid and CHIP Applications, Eligibility Determinations, and Enrollment Data",dataset_signal,MA,eligibility,medicaid; chip; enrollment; eligibility; determinations,new_applications_submitted,11268,202603,2017-09-08,2026-06-26,false,72,"{""dataset_id"":""6165f45b-ca93-5bb5-9d06-db29c692a360"",""endpoint_type"":""medicaid_datastore"",""method"":""latest reporting_period by state"",""metric_name"":""new_applications_submitted"",""metric_period"":""202603"",""metric_value"":""11268"",""rht_flag"":false,""signal_dimension"":""Massachusetts|new_applications_submitted_to_medicaid_and_chip_agencies"",""state"":""MA"",""topic_keys"":[""medicaid"",""chip"",""enrollment"",""eligibility"",""determinations""],""why_matters"":""Enrollment, applications, and eligibility determinations by state reveal eligibility-system workload and contact-center demand.""}",https://data.medicaid.gov/api/1/datastore/query/6165f45b-ca93-5bb5-9d06-db29c692a360/0,"{""aggregation"":""latest reporting_period by state"",""field"":""new_applications_submitted_to_medicaid_and_chip_agencies"",""source_row_count"":10812,""source_rows_used"":10812,""state_name"":""Massachusetts"",""why_matters"":""Enrollment, applications, and eligibility determinations by state reveal eligibility-system workload and contact-center demand.""}",2026-07-24T04:43:51Z
cmsmedicaid-22a5ab4582402bf9,medicaid_data,medicaid_datastore,6165f45b-ca93-5bb5-9d06-db29c692a360,"State Medicaid and CHIP Applications, Eligibility Determinations, and Enrollment Data",dataset_signal,MA,eligibility,medicaid; chip; enrollment; eligibility; determinations,total_medicaid_and_chip_determinations,11836,202603,2017-09-08,2026-06-26,false,72,"{""dataset_id"":""6165f45b-ca93-5bb5-9d06-db29c692a360"",""endpoint_type"":""medicaid_datastore"",""method"":""latest reporting_period by state"",""metric_name"":""total_medicaid_and_chip_determinations"",""metric_period"":""202603"",""metric_value"":""11836"",""rht_flag"":false,""signal_dimension"":""Massachusetts|total_medicaid_and_chip_determinations"",""state"":""MA"",""topic_keys"":[""medicaid"",""chip"",""enrollment"",""eligibility"",""determinations""],""why_matters"":""Enrollment, applications, and eligibility determinations by state reveal eligibility-system workload and contact-center demand.""}",https://data.medicaid.gov/api/1/datastore/query/6165f45b-ca93-5bb5-9d06-db29c692a360/0,"{""aggregation"":""latest reporting_period by state"",""field"":""total_medicaid_and_chip_determinations"",""source_row_count"":10812,""source_rows_used"":10812,""state_name"":""Massachusetts"",""why_matters"":""Enrollment, applications, and eligibility determinations by state reveal eligibility-system workload and contact-center demand.""}",2026-07-24T04:43:51Z
cmsmedicaid-8656f62acb6ad556,medicaid_data,medicaid_datastore,6165f45b-ca93-5bb5-9d06-db29c692a360,"State Medicaid and CHIP Applications, Eligibility Determinations, and Enrollment Data",dataset_signal,MA,eligibility,medicaid; chip; enrollment; eligibility; determinations,total_medicaid_and_chip_enrollment,1552801,202603,2017-09-08,2026-06-26,false,72,"{""dataset_id"":""6165f45b-ca93-5bb5-9d06-db29c692a360"",""endpoint_type"":""medicaid_datastore"",""method"":""latest reporting_period by state"",""metric_name"":""total_medicaid_and_chip_enrollment"",""metric_period"":""202603"",""metric_value"":""1552801"",""rht_flag"":false,""signal_dimension"":""Massachusetts|total_medicaid_and_chip_enrollment"",""state"":""MA"",""topic_keys"":[""medicaid"",""chip"",""enrollment"",""eligibility"",""determinations""],""why_matters"":""Enrollment, applications, and eligibility determinations by state reveal eligibility-system workload and contact-center demand.""}",https://data.medicaid.gov/api/1/datastore/query/6165f45b-ca93-5bb5-9d06-db29c692a360/0,"{""aggregation"":""latest reporting_period by state"",""field"":""total_medicaid_and_chip_enrollment"",""source_row_count"":10812,""source_rows_used"":10812,""state_name"":""Massachusetts"",""why_matters"":""Enrollment, applications, and eligibility determinations by state reveal eligibility-system workload and contact-center demand.""}",2026-07-24T04:43:51Z
cmsmedicaid-3f152b15b36e9858,medicaid_data,medicaid_datastore,6165f45b-ca93-5bb5-9d06-db29c692a360,"State Medicaid and CHIP Applications, Eligibility Determinations, and Enrollment Data",dataset_signal,MD,eligibility,medicaid; chip; enrollment; eligibility; determinations,new_applications_submitted,11641,202603,2017-09-08,2026-06-26,false,72,"{""dataset_id"":""6165f45b-ca93-5bb5-9d06-db29c692a360"",""endpoint_type"":""medicaid_datastore"",""method"":""latest reporting_period by state"",""metric_name"":""new_applications_submitted"",""metric_period"":""202603"",""metric_value"":""11641"",""rht_flag"":false,""signal_dimension"":""Maryland|new_applications_submitted_to_medicaid_and_chip_agencies"",""state"":""MD"",""topic_keys"":[""medicaid"",""chip"",""enrollment"",""eligibility"",""determinations""],""why_matters"":""Enrollment, applications, and eligibility determinations by state reveal eligibility-system workload and contact-center demand.""}",https://data.medicaid.gov/api/1/datastore/query/6165f45b-ca93-5bb5-9d06-db29c692a360/0,"{""aggregation"":""latest reporting_period by state"",""field"":""new_applications_submitted_to_medicaid_and_chip_agencies"",""source_row_count"":10812,""source_rows_used"":10812,""state_name"":""Maryland"",""why_matters"":""Enrollment, applications, and eligibility determinations by state reveal eligibility-system workload and contact-center demand.""}",2026-07-24T04:43:51Z
cmsmedicaid-ef30e911d5a7dbbb,medicaid_data,medicaid_datastore,6165f45b-ca93-5bb5-9d06-db29c692a360,"State Medicaid and CHIP Applications, Eligibility Determinations, and Enrollment Data",dataset_signal,MD,eligibility,medicaid; chip; enrollment; eligibility; determinations,total_medicaid_and_chip_determinations,103925,202603,2017-09-08,2026-06-26,false,72,"{""dataset_id"":""6165f45b-ca93-5bb5-9d06-db29c692a360"",""endpoint_type"":""medicaid_datastore"",""method"":""latest reporting_period by state"",""metric_name"":""total_medicaid_and_chip_determinations"",""metric_period"":""202603"",""metric_value"":""103925"",""rht_flag"":false,""signal_dimension"":""Maryland|total_medicaid_and_chip_determinations"",""state"":""MD"",""topic_keys"":[""medicaid"",""chip"",""enrollment"",""eligibility"",""determinations""],""why_matters"":""Enrollment, applications, and eligibility determinations by state reveal eligibility-system workload and contact-center demand.""}",https://data.medicaid.gov/api/1/datastore/query/6165f45b-ca93-5bb5-9d06-db29c692a360/0,"{""aggregation"":""latest reporting_period by state"",""field"":""total_medicaid_and_chip_determinations"",""source_row_count"":10812,""source_rows_used"":10812,""state_name"":""Maryland"",""why_matters"":""Enrollment, applications, and eligibility determinations by state reveal eligibility-system workload and contact-center demand.""}",2026-07-24T04:43:51Z
cmsmedicaid-cf6f2ec29208fb4c,medicaid_data,medicaid_datastore,6165f45b-ca93-5bb5-9d06-db29c692a360,"State Medicaid and CHIP Applications, Eligibility Determinations, and Enrollment Data",dataset_signal,MD,eligibility,medicaid; chip; enrollment; eligibility; determinations,total_medicaid_and_chip_enrollment,1390330,202603,2017-09-08,2026-06-26,false,72,"{""dataset_id"":""6165f45b-ca93-5bb5-9d06-db29c692a360"",""endpoint_type"":""medicaid_datastore"",""method"":""latest reporting_period by state"",""metric_name"":""total_medicaid_and_chip_enrollment"",""metric_period"":""202603"",""metric_value"":""1390330"",""rht_flag"":false,""signal_dimension"":""Maryland|total_medicaid_and_chip_enrollment"",""state"":""MD"",""topic_keys"":[""medicaid"",""chip"",""enrollment"",""eligibility"",""determinations""],""why_matters"":""Enrollment, applications, and eligibility determinations by state reveal eligibility-system workload and contact-center demand.""}",https://data.medicaid.gov/api/1/datastore/query/6165f45b-ca93-5bb5-9d06-db29c692a360/0,"{""aggregation"":""latest reporting_period by state"",""field"":""total_medicaid_and_chip_enrollment"",""source_row_count"":10812,""source_rows_used"":10812,""state_name"":""Maryland"",""why_matters"":""Enrollment, applications, and eligibility determinations by state reveal eligibility-system workload and contact-center demand.""}",2026-07-24T04:43:51Z
cmsmedicaid-7da9262d59bad637,medicaid_data,medicaid_datastore,6165f45b-ca93-5bb5-9d06-db29c692a360,"State Medicaid and CHIP Applications, Eligibility Determinations, and Enrollment Data",dataset_signal,ME,eligibility,medicaid; chip; enrollment; eligibility; determinations,new_applications_submitted,6896,202603,2017-09-08,2026-06-26,false,72,"{""dataset_id"":""6165f45b-ca93-5bb5-9d06-db29c692a360"",""endpoint_type"":""medicaid_datastore"",""method"":""latest reporting_period by state"",""metric_name"":""new_applications_submitted"",""metric_period"":""202603"",""metric_value"":""6896"",""rht_flag"":false,""signal_dimension"":""Maine|new_applications_submitted_to_medicaid_and_chip_agencies"",""state"":""ME"",""topic_keys"":[""medicaid"",""chip"",""enrollment"",""eligibility"",""determinations""],""why_matters"":""Enrollment, applications, and eligibility determinations by state reveal eligibility-system workload and contact-center demand.""}",https://data.medicaid.gov/api/1/datastore/query/6165f45b-ca93-5bb5-9d06-db29c692a360/0,"{""aggregation"":""latest reporting_period by state"",""field"":""new_applications_submitted_to_medicaid_and_chip_agencies"",""source_row_count"":10812,""source_rows_used"":10812,""state_name"":""Maine"",""why_matters"":""Enrollment, applications, and eligibility determinations by state reveal eligibility-system workload and contact-center demand.""}",2026-07-24T04:43:51Z
cmsmedicaid-83a3fdb33123de39,medicaid_data,medicaid_datastore,6165f45b-ca93-5bb5-9d06-db29c692a360,"State Medicaid and CHIP Applications, Eligibility Determinations, and Enrollment Data",dataset_signal,ME,eligibility,medicaid; chip; enrollment; eligibility; determinations,total_medicaid_and_chip_determinations,8232,202603,2017-09-08,2026-06-26,false,72,"{""dataset_id"":""6165f45b-ca93-5bb5-9d06-db29c692a360"",""endpoint_type"":""medicaid_datastore"",""method"":""latest reporting_period by state"",""metric_name"":""total_medicaid_and_chip_determinations"",""metric_period"":""202603"",""metric_value"":""8232"",""rht_flag"":false,""signal_dimension"":""Maine|total_medicaid_and_chip_determinations"",""state"":""ME"",""topic_keys"":[""medicaid"",""chip"",""enrollment"",""eligibility"",""determinations""],""why_matters"":""Enrollment, applications, and eligibility determinations by state reveal eligibility-system workload and contact-center demand.""}",https://data.medicaid.gov/api/1/datastore/query/6165f45b-ca93-5bb5-9d06-db29c692a360/0,"{""aggregation"":""latest reporting_period by state"",""field"":""total_medicaid_and_chip_determinations"",""source_row_count"":10812,""source_rows_used"":10812,""state_name"":""Maine"",""why_matters"":""Enrollment, applications, and eligibility determinations by state reveal eligibility-system workload and contact-center demand.""}",2026-07-24T04:43:51Z
cmsmedicaid-c3f6fb854e9aea7b,medicaid_data,medicaid_datastore,6165f45b-ca93-5bb5-9d06-db29c692a360,"State Medicaid and CHIP Applications, Eligibility Determinations, and Enrollment Data",dataset_signal,ME,eligibility,medicaid; chip; enrollment; eligibility; determinations,total_medicaid_and_chip_enrollment,333291,202603,2017-09-08,2026-06-26,false,72,"{""dataset_id"":""6165f45b-ca93-5bb5-9d06-db29c692a360"",""endpoint_type"":""medicaid_datastore"",""method"":""latest reporting_period by state"",""metric_name"":""total_medicaid_and_chip_enrollment"",""metric_period"":""202603"",""metric_value"":""333291"",""rht_flag"":false,""signal_dimension"":""Maine|total_medicaid_and_chip_enrollment"",""state"":""ME"",""topic_keys"":[""medicaid"",""chip"",""enrollment"",""eligibility"",""determinations""],""why_matters"":""Enrollment, applications, and eligibility determinations by state reveal eligibility-system workload and contact-center demand.""}",https://data.medicaid.gov/api/1/datastore/query/6165f45b-ca93-5bb5-9d06-db29c692a360/0,"{""aggregation"":""latest reporting_period by state"",""field"":""total_medicaid_and_chip_enrollment"",""source_row_count"":10812,""source_rows_used"":10812,""state_name"":""Maine"",""why_matters"":""Enrollment, applications, and eligibility determinations by state reveal eligibility-system workload and contact-center demand.""}",2026-07-24T04:43:51Z
cmsmedicaid-c5d004181cbe8666,medicaid_data,medicaid_datastore,6165f45b-ca93-5bb5-9d06-db29c692a360,"State Medicaid and CHIP Applications, Eligibility Determinations, and Enrollment Data",dataset_signal,MI,eligibility,medicaid; chip; enrollment; eligibility; determinations,new_applications_submitted,54169,202603,2017-09-08,2026-06-26,false,72,"{""dataset_id"":""6165f45b-ca93-5bb5-9d06-db29c692a360"",""endpoint_type"":""medicaid_datastore"",""method"":""latest reporting_period by state"",""metric_name"":""new_applications_submitted"",""metric_period"":""202603"",""metric_value"":""54169"",""rht_flag"":false,""signal_dimension"":""Michigan|new_applications_submitted_to_medicaid_and_chip_agencies"",""state"":""MI"",""topic_keys"":[""medicaid"",""chip"",""enrollment"",""eligibility"",""determinations""],""why_matters"":""Enrollment, applications, and eligibility determinations by state reveal eligibility-system workload and contact-center demand.""}",https://data.medicaid.gov/api/1/datastore/query/6165f45b-ca93-5bb5-9d06-db29c692a360/0,"{""aggregation"":""latest reporting_period by state"",""field"":""new_applications_submitted_to_medicaid_and_chip_agencies"",""source_row_count"":10812,""source_rows_used"":10812,""state_name"":""Michigan"",""why_matters"":""Enrollment, applications, and eligibility determinations by state reveal eligibility-system workload and contact-center demand.""}",2026-07-24T04:43:51Z
cmsmedicaid-76e0472127eac367,medicaid_data,medicaid_datastore,6165f45b-ca93-5bb5-9d06-db29c692a360,"State Medicaid and CHIP Applications, Eligibility Determinations, and Enrollment Data",dataset_signal,MI,eligibility,medicaid; chip; enrollment; eligibility; determinations,total_medicaid_and_chip_determinations,38808,202603,2017-09-08,2026-06-26,false,72,"{""dataset_id"":""6165f45b-ca93-5bb5-9d06-db29c692a360"",""endpoint_type"":""medicaid_datastore"",""method"":""latest reporting_period by state"",""metric_name"":""total_medicaid_and_chip_determinations"",""metric_period"":""202603"",""metric_value"":""38808"",""rht_flag"":false,""signal_dimension"":""Michigan|total_medicaid_and_chip_determinations"",""state"":""MI"",""topic_keys"":[""medicaid"",""chip"",""enrollment"",""eligibility"",""determinations""],""why_matters"":""Enrollment, applications, and eligibility determinations by state reveal eligibility-system workload and contact-center demand.""}",https://data.medicaid.gov/api/1/datastore/query/6165f45b-ca93-5bb5-9d06-db29c692a360/0,"{""aggregation"":""latest reporting_period by state"",""field"":""total_medicaid_and_chip_determinations"",""source_row_count"":10812,""source_rows_used"":10812,""state_name"":""Michigan"",""why_matters"":""Enrollment, applications, and eligibility determinations by state reveal eligibility-system workload and contact-center demand.""}",2026-07-24T04:43:51Z
cmsmedicaid-25213c7612d87a9f,medicaid_data,medicaid_datastore,6165f45b-ca93-5bb5-9d06-db29c692a360,"State Medicaid and CHIP Applications, Eligibility Determinations, and Enrollment Data",dataset_signal,MI,eligibility,medicaid; chip; enrollment; eligibility; determinations,total_medicaid_and_chip_enrollment,2197050,202603,2017-09-08,2026-06-26,false,72,"{""dataset_id"":""6165f45b-ca93-5bb5-9d06-db29c692a360"",""endpoint_type"":""medicaid_datastore"",""method"":""latest reporting_period by state"",""metric_name"":""total_medicaid_and_chip_enrollment"",""metric_period"":""202603"",""metric_value"":""2197050"",""rht_flag"":false,""signal_dimension"":""Michigan|total_medicaid_and_chip_enrollment"",""state"":""MI"",""topic_keys"":[""medicaid"",""chip"",""enrollment"",""eligibility"",""determinations""],""why_matters"":""Enrollment, applications, and eligibility determinations by state reveal eligibility-system workload and contact-center demand.""}",https://data.medicaid.gov/api/1/datastore/query/6165f45b-ca93-5bb5-9d06-db29c692a360/0,"{""aggregation"":""latest reporting_period by state"",""field"":""total_medicaid_and_chip_enrollment"",""source_row_count"":10812,""source_rows_used"":10812,""state_name"":""Michigan"",""why_matters"":""Enrollment, applications, and eligibility determinations by state reveal eligibility-system workload and contact-center demand.""}",2026-07-24T04:43:51Z
cmsmedicaid-25bdfe6ef457092d,medicaid_data,medicaid_datastore,6165f45b-ca93-5bb5-9d06-db29c692a360,"State Medicaid and CHIP Applications, Eligibility Determinations, and Enrollment Data",dataset_signal,MN,eligibility,medicaid; chip; enrollment; eligibility; determinations,new_applications_submitted,6145,202603,2017-09-08,2026-06-26,false,72,"{""dataset_id"":""6165f45b-ca93-5bb5-9d06-db29c692a360"",""endpoint_type"":""medicaid_datastore"",""method"":""latest reporting_period by state"",""metric_name"":""new_applications_submitted"",""metric_period"":""202603"",""metric_value"":""6145"",""rht_flag"":false,""signal_dimension"":""Minnesota|new_applications_submitted_to_medicaid_and_chip_agencies"",""state"":""MN"",""topic_keys"":[""medicaid"",""chip"",""enrollment"",""eligibility"",""determinations""],""why_matters"":""Enrollment, applications, and eligibility determinations by state reveal eligibility-system workload and contact-center demand.""}",https://data.medicaid.gov/api/1/datastore/query/6165f45b-ca93-5bb5-9d06-db29c692a360/0,"{""aggregation"":""latest reporting_period by state"",""field"":""new_applications_submitted_to_medicaid_and_chip_agencies"",""source_row_count"":10812,""source_rows_used"":10812,""state_name"":""Minnesota"",""why_matters"":""Enrollment, applications, and eligibility determinations by state reveal eligibility-system workload and contact-center demand.""}",2026-07-24T04:43:51Z
cmsmedicaid-a8ff0aa3c2cdf45f,medicaid_data,medicaid_datastore,6165f45b-ca93-5bb5-9d06-db29c692a360,"State Medicaid and CHIP Applications, Eligibility Determinations, and Enrollment Data",dataset_signal,MN,eligibility,medicaid; chip; enrollment; eligibility; determinations,total_medicaid_and_chip_determinations,10335,202603,2017-09-08,2026-06-26,false,72,"{""dataset_id"":""6165f45b-ca93-5bb5-9d06-db29c692a360"",""endpoint_type"":""medicaid_datastore"",""method"":""latest reporting_period by state"",""metric_name"":""total_medicaid_and_chip_determinations"",""metric_period"":""202603"",""metric_value"":""10335"",""rht_flag"":false,""signal_dimension"":""Minnesota|total_medicaid_and_chip_determinations"",""state"":""MN"",""topic_keys"":[""medicaid"",""chip"",""enrollment"",""eligibility"",""determinations""],""why_matters"":""Enrollment, applications, and eligibility determinations by state reveal eligibility-system workload and contact-center demand.""}",https://data.medicaid.gov/api/1/datastore/query/6165f45b-ca93-5bb5-9d06-db29c692a360/0,"{""aggregation"":""latest reporting_period by state"",""field"":""total_medicaid_and_chip_determinations"",""source_row_count"":10812,""source_rows_used"":10812,""state_name"":""Minnesota"",""why_matters"":""Enrollment, applications, and eligibility determinations by state reveal eligibility-system workload and contact-center demand.""}",2026-07-24T04:43:51Z
cmsmedicaid-cf0c7ba8024fee91,medicaid_data,medicaid_datastore,6165f45b-ca93-5bb5-9d06-db29c692a360,"State Medicaid and CHIP Applications, Eligibility Determinations, and Enrollment Data",dataset_signal,MN,eligibility,medicaid; chip; enrollment; eligibility; determinations,total_medicaid_and_chip_enrollment,1136089,202603,2017-09-08,2026-06-26,false,72,"{""dataset_id"":""6165f45b-ca93-5bb5-9d06-db29c692a360"",""endpoint_type"":""medicaid_datastore"",""method"":""latest reporting_period by state"",""metric_name"":""total_medicaid_and_chip_enrollment"",""metric_period"":""202603"",""metric_value"":""1136089"",""rht_flag"":false,""signal_dimension"":""Minnesota|total_medicaid_and_chip_enrollment"",""state"":""MN"",""topic_keys"":[""medicaid"",""chip"",""enrollment"",""eligibility"",""determinations""],""why_matters"":""Enrollment, applications, and eligibility determinations by state reveal eligibility-system workload and contact-center demand.""}",https://data.medicaid.gov/api/1/datastore/query/6165f45b-ca93-5bb5-9d06-db29c692a360/0,"{""aggregation"":""latest reporting_period by state"",""field"":""total_medicaid_and_chip_enrollment"",""source_row_count"":10812,""source_rows_used"":10812,""state_name"":""Minnesota"",""why_matters"":""Enrollment, applications, and eligibility determinations by state reveal eligibility-system workload and contact-center demand.""}",2026-07-24T04:43:51Z
cmsmedicaid-be4700cf5089f644,medicaid_data,medicaid_datastore,6165f45b-ca93-5bb5-9d06-db29c692a360,"State Medicaid and CHIP Applications, Eligibility Determinations, and Enrollment Data",dataset_signal,MO,eligibility,medicaid; chip; enrollment; eligibility; determinations,new_applications_submitted,29491,202603,2017-09-08,2026-06-26,false,72,"{""dataset_id"":""6165f45b-ca93-5bb5-9d06-db29c692a360"",""endpoint_type"":""medicaid_datastore"",""method"":""latest reporting_period by state"",""metric_name"":""new_applications_submitted"",""metric_period"":""202603"",""metric_value"":""29491"",""rht_flag"":false,""signal_dimension"":""Missouri|new_applications_submitted_to_medicaid_and_chip_agencies"",""state"":""MO"",""topic_keys"":[""medicaid"",""chip"",""enrollment"",""eligibility"",""determinations""],""why_matters"":""Enrollment, applications, and eligibility determinations by state reveal eligibility-system workload and contact-center demand.""}",https://data.medicaid.gov/api/1/datastore/query/6165f45b-ca93-5bb5-9d06-db29c692a360/0,"{""aggregation"":""latest reporting_period by state"",""field"":""new_applications_submitted_to_medicaid_and_chip_agencies"",""source_row_count"":10812,""source_rows_used"":10812,""state_name"":""Missouri"",""why_matters"":""Enrollment, applications, and eligibility determinations by state reveal eligibility-system workload and contact-center demand.""}",2026-07-24T04:43:51Z
cmsmedicaid-23582f4938ece026,medicaid_data,medicaid_datastore,6165f45b-ca93-5bb5-9d06-db29c692a360,"State Medicaid and CHIP Applications, Eligibility Determinations, and Enrollment Data",dataset_signal,MO,eligibility,medicaid; chip; enrollment; eligibility; determinations,total_medicaid_and_chip_determinations,30372,202603,2017-09-08,2026-06-26,false,72,"{""dataset_id"":""6165f45b-ca93-5bb5-9d06-db29c692a360"",""endpoint_type"":""medicaid_datastore"",""method"":""latest reporting_period by state"",""metric_name"":""total_medicaid_and_chip_determinations"",""metric_period"":""202603"",""metric_value"":""30372"",""rht_flag"":false,""signal_dimension"":""Missouri|total_medicaid_and_chip_determinations"",""state"":""MO"",""topic_keys"":[""medicaid"",""chip"",""enrollment"",""eligibility"",""determinations""],""why_matters"":""Enrollment, applications, and eligibility determinations by state reveal eligibility-system workload and contact-center demand.""}",https://data.medicaid.gov/api/1/datastore/query/6165f45b-ca93-5bb5-9d06-db29c692a360/0,"{""aggregation"":""latest reporting_period by state"",""field"":""total_medicaid_and_chip_determinations"",""source_row_count"":10812,""source_rows_used"":10812,""state_name"":""Missouri"",""why_matters"":""Enrollment, applications, and eligibility determinations by state reveal eligibility-system workload and contact-center demand.""}",2026-07-24T04:43:51Z
cmsmedicaid-2ff183399f66552f,medicaid_data,medicaid_datastore,6165f45b-ca93-5bb5-9d06-db29c692a360,"State Medicaid and CHIP Applications, Eligibility Determinations, and Enrollment Data",dataset_signal,MO,eligibility,medicaid; chip; enrollment; eligibility; determinations,total_medicaid_and_chip_enrollment,1248239,202603,2017-09-08,2026-06-26,false,72,"{""dataset_id"":""6165f45b-ca93-5bb5-9d06-db29c692a360"",""endpoint_type"":""medicaid_datastore"",""method"":""latest reporting_period by state"",""metric_name"":""total_medicaid_and_chip_enrollment"",""metric_period"":""202603"",""metric_value"":""1248239"",""rht_flag"":false,""signal_dimension"":""Missouri|total_medicaid_and_chip_enrollment"",""state"":""MO"",""topic_keys"":[""medicaid"",""chip"",""enrollment"",""eligibility"",""determinations""],""why_matters"":""Enrollment, applications, and eligibility determinations by state reveal eligibility-system workload and contact-center demand.""}",https://data.medicaid.gov/api/1/datastore/query/6165f45b-ca93-5bb5-9d06-db29c692a360/0,"{""aggregation"":""latest reporting_period by state"",""field"":""total_medicaid_and_chip_enrollment"",""source_row_count"":10812,""source_rows_used"":10812,""state_name"":""Missouri"",""why_matters"":""Enrollment, applications, and eligibility determinations by state reveal eligibility-system workload and contact-center demand.""}",2026-07-24T04:43:51Z
cmsmedicaid-3010ad2250f92409,medicaid_data,medicaid_datastore,6165f45b-ca93-5bb5-9d06-db29c692a360,"State Medicaid and CHIP Applications, Eligibility Determinations, and Enrollment Data",dataset_signal,MS,eligibility,medicaid; chip; enrollment; eligibility; determinations,new_applications_submitted,17754,202603,2017-09-08,2026-06-26,false,72,"{""dataset_id"":""6165f45b-ca93-5bb5-9d06-db29c692a360"",""endpoint_type"":""medicaid_datastore"",""method"":""latest reporting_period by state"",""metric_name"":""new_applications_submitted"",""metric_period"":""202603"",""metric_value"":""17754"",""rht_flag"":false,""signal_dimension"":""Mississippi|new_applications_submitted_to_medicaid_and_chip_agencies"",""state"":""MS"",""topic_keys"":[""medicaid"",""chip"",""enrollment"",""eligibility"",""determinations""],""why_matters"":""Enrollment, applications, and eligibility determinations by state reveal eligibility-system workload and contact-center demand.""}",https://data.medicaid.gov/api/1/datastore/query/6165f45b-ca93-5bb5-9d06-db29c692a360/0,"{""aggregation"":""latest reporting_period by state"",""field"":""new_applications_submitted_to_medicaid_and_chip_agencies"",""source_row_count"":10812,""source_rows_used"":10812,""state_name"":""Mississippi"",""why_matters"":""Enrollment, applications, and eligibility determinations by state reveal eligibility-system workload and contact-center demand.""}",2026-07-24T04:43:51Z
cmsmedicaid-bb06e670e1349cde,medicaid_data,medicaid_datastore,6165f45b-ca93-5bb5-9d06-db29c692a360,"State Medicaid and CHIP Applications, Eligibility Determinations, and Enrollment Data",dataset_signal,MS,eligibility,medicaid; chip; enrollment; eligibility; determinations,total_medicaid_and_chip_determinations,9199,202603,2017-09-08,2026-06-26,false,72,"{""dataset_id"":""6165f45b-ca93-5bb5-9d06-db29c692a360"",""endpoint_type"":""medicaid_datastore"",""method"":""latest reporting_period by state"",""metric_name"":""total_medicaid_and_chip_determinations"",""metric_period"":""202603"",""metric_value"":""9199"",""rht_flag"":false,""signal_dimension"":""Mississippi|total_medicaid_and_chip_determinations"",""state"":""MS"",""topic_keys"":[""medicaid"",""chip"",""enrollment"",""eligibility"",""determinations""],""why_matters"":""Enrollment, applications, and eligibility determinations by state reveal eligibility-system workload and contact-center demand.""}",https://data.medicaid.gov/api/1/datastore/query/6165f45b-ca93-5bb5-9d06-db29c692a360/0,"{""aggregation"":""latest reporting_period by state"",""field"":""total_medicaid_and_chip_determinations"",""source_row_count"":10812,""source_rows_used"":10812,""state_name"":""Mississippi"",""why_matters"":""Enrollment, applications, and eligibility determinations by state reveal eligibility-system workload and contact-center demand.""}",2026-07-24T04:43:51Z
cmsmedicaid-cadaec77389d33f9,medicaid_data,medicaid_datastore,6165f45b-ca93-5bb5-9d06-db29c692a360,"State Medicaid and CHIP Applications, Eligibility Determinations, and Enrollment Data",dataset_signal,MS,eligibility,medicaid; chip; enrollment; eligibility; determinations,total_medicaid_and_chip_enrollment,586266,202603,2017-09-08,2026-06-26,false,72,"{""dataset_id"":""6165f45b-ca93-5bb5-9d06-db29c692a360"",""endpoint_type"":""medicaid_datastore"",""method"":""latest reporting_period by state"",""metric_name"":""total_medicaid_and_chip_enrollment"",""metric_period"":""202603"",""metric_value"":""586266"",""rht_flag"":false,""signal_dimension"":""Mississippi|total_medicaid_and_chip_enrollment"",""state"":""MS"",""topic_keys"":[""medicaid"",""chip"",""enrollment"",""eligibility"",""determinations""],""why_matters"":""Enrollment, applications, and eligibility determinations by state reveal eligibility-system workload and contact-center demand.""}",https://data.medicaid.gov/api/1/datastore/query/6165f45b-ca93-5bb5-9d06-db29c692a360/0,"{""aggregation"":""latest reporting_period by state"",""field"":""total_medicaid_and_chip_enrollment"",""source_row_count"":10812,""source_rows_used"":10812,""state_name"":""Mississippi"",""why_matters"":""Enrollment, applications, and eligibility determinations by state reveal eligibility-system workload and contact-center demand.""}",2026-07-24T04:43:51Z
cmsmedicaid-d8f88deb11d693bc,medicaid_data,medicaid_datastore,6165f45b-ca93-5bb5-9d06-db29c692a360,"State Medicaid and CHIP Applications, Eligibility Determinations, and Enrollment Data",dataset_signal,MT,eligibility,medicaid; chip; enrollment; eligibility; determinations,new_applications_submitted,4338,202603,2017-09-08,2026-06-26,false,72,"{""dataset_id"":""6165f45b-ca93-5bb5-9d06-db29c692a360"",""endpoint_type"":""medicaid_datastore"",""method"":""latest reporting_period by state"",""metric_name"":""new_applications_submitted"",""metric_period"":""202603"",""metric_value"":""4338"",""rht_flag"":false,""signal_dimension"":""Montana|new_applications_submitted_to_medicaid_and_chip_agencies"",""state"":""MT"",""topic_keys"":[""medicaid"",""chip"",""enrollment"",""eligibility"",""determinations""],""why_matters"":""Enrollment, applications, and eligibility determinations by state reveal eligibility-system workload and contact-center demand.""}",https://data.medicaid.gov/api/1/datastore/query/6165f45b-ca93-5bb5-9d06-db29c692a360/0,"{""aggregation"":""latest reporting_period by state"",""field"":""new_applications_submitted_to_medicaid_and_chip_agencies"",""source_row_count"":10812,""source_rows_used"":10812,""state_name"":""Montana"",""why_matters"":""Enrollment, applications, and eligibility determinations by state reveal eligibility-system workload and contact-center demand.""}",2026-07-24T04:43:51Z
cmsmedicaid-0bb6aba602fcc501,medicaid_data,medicaid_datastore,6165f45b-ca93-5bb5-9d06-db29c692a360,"State Medicaid and CHIP Applications, Eligibility Determinations, and Enrollment Data",dataset_signal,MT,eligibility,medicaid; chip; enrollment; eligibility; determinations,total_medicaid_and_chip_determinations,3658,202603,2017-09-08,2026-06-26,false,72,"{""dataset_id"":""6165f45b-ca93-5bb5-9d06-db29c692a360"",""endpoint_type"":""medicaid_datastore"",""method"":""latest reporting_period by state"",""metric_name"":""total_medicaid_and_chip_determinations"",""metric_period"":""202603"",""metric_value"":""3658"",""rht_flag"":false,""signal_dimension"":""Montana|total_medicaid_and_chip_determinations"",""state"":""MT"",""topic_keys"":[""medicaid"",""chip"",""enrollment"",""eligibility"",""determinations""],""why_matters"":""Enrollment, applications, and eligibility determinations by state reveal eligibility-system workload and contact-center demand.""}",https://data.medicaid.gov/api/1/datastore/query/6165f45b-ca93-5bb5-9d06-db29c692a360/0,"{""aggregation"":""latest reporting_period by state"",""field"":""total_medicaid_and_chip_determinations"",""source_row_count"":10812,""source_rows_used"":10812,""state_name"":""Montana"",""why_matters"":""Enrollment, applications, and eligibility determinations by state reveal eligibility-system workload and contact-center demand.""}",2026-07-24T04:43:51Z
cmsmedicaid-75b8322d3009fa0c,medicaid_data,medicaid_datastore,6165f45b-ca93-5bb5-9d06-db29c692a360,"State Medicaid and CHIP Applications, Eligibility Determinations, and Enrollment Data",dataset_signal,MT,eligibility,medicaid; chip; enrollment; eligibility; determinations,total_medicaid_and_chip_enrollment,207647,202603,2017-09-08,2026-06-26,false,72,"{""dataset_id"":""6165f45b-ca93-5bb5-9d06-db29c692a360"",""endpoint_type"":""medicaid_datastore"",""method"":""latest reporting_period by state"",""metric_name"":""total_medicaid_and_chip_enrollment"",""metric_period"":""202603"",""metric_value"":""207647"",""rht_flag"":false,""signal_dimension"":""Montana|total_medicaid_and_chip_enrollment"",""state"":""MT"",""topic_keys"":[""medicaid"",""chip"",""enrollment"",""eligibility"",""determinations""],""why_matters"":""Enrollment, applications, and eligibility determinations by state reveal eligibility-system workload and contact-center demand.""}",https://data.medicaid.gov/api/1/datastore/query/6165f45b-ca93-5bb5-9d06-db29c692a360/0,"{""aggregation"":""latest reporting_period by state"",""field"":""total_medicaid_and_chip_enrollment"",""source_row_count"":10812,""source_rows_used"":10812,""state_name"":""Montana"",""why_matters"":""Enrollment, applications, and eligibility determinations by state reveal eligibility-system workload and contact-center demand.""}",2026-07-24T04:43:51Z
cmsmedicaid-d342875637de952a,medicaid_data,medicaid_datastore,6165f45b-ca93-5bb5-9d06-db29c692a360,"State Medicaid and CHIP Applications, Eligibility Determinations, and Enrollment Data",dataset_signal,NC,eligibility,medicaid; chip; enrollment; eligibility; determinations,new_applications_submitted,32896,202603,2017-09-08,2026-06-26,false,72,"{""dataset_id"":""6165f45b-ca93-5bb5-9d06-db29c692a360"",""endpoint_type"":""medicaid_datastore"",""method"":""latest reporting_period by state"",""metric_name"":""new_applications_submitted"",""metric_period"":""202603"",""metric_value"":""32896"",""rht_flag"":false,""signal_dimension"":""North Carolina|new_applications_submitted_to_medicaid_and_chip_agencies"",""state"":""NC"",""topic_keys"":[""medicaid"",""chip"",""enrollment"",""eligibility"",""determinations""],""why_matters"":""Enrollment, applications, and eligibility determinations by state reveal eligibility-system workload and contact-center demand.""}",https://data.medicaid.gov/api/1/datastore/query/6165f45b-ca93-5bb5-9d06-db29c692a360/0,"{""aggregation"":""latest reporting_period by state"",""field"":""new_applications_submitted_to_medicaid_and_chip_agencies"",""source_row_count"":10812,""source_rows_used"":10812,""state_name"":""North Carolina"",""why_matters"":""Enrollment, applications, and eligibility determinations by state reveal eligibility-system workload and contact-center demand.""}",2026-07-24T04:43:51Z
cmsmedicaid-90dc7e99f1a10c89,medicaid_data,medicaid_datastore,6165f45b-ca93-5bb5-9d06-db29c692a360,"State Medicaid and CHIP Applications, Eligibility Determinations, and Enrollment Data",dataset_signal,NC,eligibility,medicaid; chip; enrollment; eligibility; determinations,total_medicaid_and_chip_determinations,49439,202603,2017-09-08,2026-06-26,false,72,"{""dataset_id"":""6165f45b-ca93-5bb5-9d06-db29c692a360"",""endpoint_type"":""medicaid_datastore"",""method"":""latest reporting_period by state"",""metric_name"":""total_medicaid_and_chip_determinations"",""metric_period"":""202603"",""metric_value"":""49439"",""rht_flag"":false,""signal_dimension"":""North Carolina|total_medicaid_and_chip_determinations"",""state"":""NC"",""topic_keys"":[""medicaid"",""chip"",""enrollment"",""eligibility"",""determinations""],""why_matters"":""Enrollment, applications, and eligibility determinations by state reveal eligibility-system workload and contact-center demand.""}",https://data.medicaid.gov/api/1/datastore/query/6165f45b-ca93-5bb5-9d06-db29c692a360/0,"{""aggregation"":""latest reporting_period by state"",""field"":""total_medicaid_and_chip_determinations"",""source_row_count"":10812,""source_rows_used"":10812,""state_name"":""North Carolina"",""why_matters"":""Enrollment, applications, and eligibility determinations by state reveal eligibility-system workload and contact-center demand.""}",2026-07-24T04:43:51Z
cmsmedicaid-762a247ba446dd21,medicaid_data,medicaid_datastore,6165f45b-ca93-5bb5-9d06-db29c692a360,"State Medicaid and CHIP Applications, Eligibility Determinations, and Enrollment Data",dataset_signal,NC,eligibility,medicaid; chip; enrollment; eligibility; determinations,total_medicaid_and_chip_enrollment,2845546,202603,2017-09-08,2026-06-26,false,72,"{""dataset_id"":""6165f45b-ca93-5bb5-9d06-db29c692a360"",""endpoint_type"":""medicaid_datastore"",""method"":""latest reporting_period by state"",""metric_name"":""total_medicaid_and_chip_enrollment"",""metric_period"":""202603"",""metric_value"":""2845546"",""rht_flag"":false,""signal_dimension"":""North Carolina|total_medicaid_and_chip_enrollment"",""state"":""NC"",""topic_keys"":[""medicaid"",""chip"",""enrollment"",""eligibility"",""determinations""],""why_matters"":""Enrollment, applications, and eligibility determinations by state reveal eligibility-system workload and contact-center demand.""}",https://data.medicaid.gov/api/1/datastore/query/6165f45b-ca93-5bb5-9d06-db29c692a360/0,"{""aggregation"":""latest reporting_period by state"",""field"":""total_medicaid_and_chip_enrollment"",""source_row_count"":10812,""source_rows_used"":10812,""state_name"":""North Carolina"",""why_matters"":""Enrollment, applications, and eligibility determinations by state reveal eligibility-system workload and contact-center demand.""}",2026-07-24T04:43:51Z
cmsmedicaid-05053c1d276764d0,medicaid_data,medicaid_datastore,6165f45b-ca93-5bb5-9d06-db29c692a360,"State Medicaid and CHIP Applications, Eligibility Determinations, and Enrollment Data",dataset_signal,ND,eligibility,medicaid; chip; enrollment; eligibility; determinations,new_applications_submitted,2904,202603,2017-09-08,2026-06-26,false,72,"{""dataset_id"":""6165f45b-ca93-5bb5-9d06-db29c692a360"",""endpoint_type"":""medicaid_datastore"",""method"":""latest reporting_period by state"",""metric_name"":""new_applications_submitted"",""metric_period"":""202603"",""metric_value"":""2904"",""rht_flag"":false,""signal_dimension"":""North Dakota|new_applications_submitted_to_medicaid_and_chip_agencies"",""state"":""ND"",""topic_keys"":[""medicaid"",""chip"",""enrollment"",""eligibility"",""determinations""],""why_matters"":""Enrollment, applications, and eligibility determinations by state reveal eligibility-system workload and contact-center demand.""}",https://data.medicaid.gov/api/1/datastore/query/6165f45b-ca93-5bb5-9d06-db29c692a360/0,"{""aggregation"":""latest reporting_period by state"",""field"":""new_applications_submitted_to_medicaid_and_chip_agencies"",""source_row_count"":10812,""source_rows_used"":10812,""state_name"":""North Dakota"",""why_matters"":""Enrollment, applications, and eligibility determinations by state reveal eligibility-system workload and contact-center demand.""}",2026-07-24T04:43:51Z
cmsmedicaid-44d2dfd61ec679de,medicaid_data,medicaid_datastore,6165f45b-ca93-5bb5-9d06-db29c692a360,"State Medicaid and CHIP Applications, Eligibility Determinations, and Enrollment Data",dataset_signal,ND,eligibility,medicaid; chip; enrollment; eligibility; determinations,total_medicaid_and_chip_determinations,2718,202603,2017-09-08,2026-06-26,false,72,"{""dataset_id"":""6165f45b-ca93-5bb5-9d06-db29c692a360"",""endpoint_type"":""medicaid_datastore"",""method"":""latest reporting_period by state"",""metric_name"":""total_medicaid_and_chip_determinations"",""metric_period"":""202603"",""metric_value"":""2718"",""rht_flag"":false,""signal_dimension"":""North Dakota|total_medicaid_and_chip_determinations"",""state"":""ND"",""topic_keys"":[""medicaid"",""chip"",""enrollment"",""eligibility"",""determinations""],""why_matters"":""Enrollment, applications, and eligibility determinations by state reveal eligibility-system workload and contact-center demand.""}",https://data.medicaid.gov/api/1/datastore/query/6165f45b-ca93-5bb5-9d06-db29c692a360/0,"{""aggregation"":""latest reporting_period by state"",""field"":""total_medicaid_and_chip_determinations"",""source_row_count"":10812,""source_rows_used"":10812,""state_name"":""North Dakota"",""why_matters"":""Enrollment, applications, and eligibility determinations by state reveal eligibility-system workload and contact-center demand.""}",2026-07-24T04:43:51Z
cmsmedicaid-5b18eb0e7a818da1,medicaid_data,medicaid_datastore,6165f45b-ca93-5bb5-9d06-db29c692a360,"State Medicaid and CHIP Applications, Eligibility Determinations, and Enrollment Data",dataset_signal,ND,eligibility,medicaid; chip; enrollment; eligibility; determinations,total_medicaid_and_chip_enrollment,104097,202603,2017-09-08,2026-06-26,false,72,"{""dataset_id"":""6165f45b-ca93-5bb5-9d06-db29c692a360"",""endpoint_type"":""medicaid_datastore"",""method"":""latest reporting_period by state"",""metric_name"":""total_medicaid_and_chip_enrollment"",""metric_period"":""202603"",""metric_value"":""104097"",""rht_flag"":false,""signal_dimension"":""North Dakota|total_medicaid_and_chip_enrollment"",""state"":""ND"",""topic_keys"":[""medicaid"",""chip"",""enrollment"",""eligibility"",""determinations""],""why_matters"":""Enrollment, applications, and eligibility determinations by state reveal eligibility-system workload and contact-center demand.""}",https://data.medicaid.gov/api/1/datastore/query/6165f45b-ca93-5bb5-9d06-db29c692a360/0,"{""aggregation"":""latest reporting_period by state"",""field"":""total_medicaid_and_chip_enrollment"",""source_row_count"":10812,""source_rows_used"":10812,""state_name"":""North Dakota"",""why_matters"":""Enrollment, applications, and eligibility determinations by state reveal eligibility-system workload and contact-center demand.""}",2026-07-24T04:43:51Z
cmsmedicaid-185360ff2aac5bb5,medicaid_data,medicaid_datastore,6165f45b-ca93-5bb5-9d06-db29c692a360,"State Medicaid and CHIP Applications, Eligibility Determinations, and Enrollment Data",dataset_signal,NE,eligibility,medicaid; chip; enrollment; eligibility; determinations,new_applications_submitted,9511,202603,2017-09-08,2026-06-26,false,72,"{""dataset_id"":""6165f45b-ca93-5bb5-9d06-db29c692a360"",""endpoint_type"":""medicaid_datastore"",""method"":""latest reporting_period by state"",""metric_name"":""new_applications_submitted"",""metric_period"":""202603"",""metric_value"":""9511"",""rht_flag"":false,""signal_dimension"":""Nebraska|new_applications_submitted_to_medicaid_and_chip_agencies"",""state"":""NE"",""topic_keys"":[""medicaid"",""chip"",""enrollment"",""eligibility"",""determinations""],""why_matters"":""Enrollment, applications, and eligibility determinations by state reveal eligibility-system workload and contact-center demand.""}",https://data.medicaid.gov/api/1/datastore/query/6165f45b-ca93-5bb5-9d06-db29c692a360/0,"{""aggregation"":""latest reporting_period by state"",""field"":""new_applications_submitted_to_medicaid_and_chip_agencies"",""source_row_count"":10812,""source_rows_used"":10812,""state_name"":""Nebraska"",""why_matters"":""Enrollment, applications, and eligibility determinations by state reveal eligibility-system workload and contact-center demand.""}",2026-07-24T04:43:51Z
cmsmedicaid-ebda65b01e6b1c6f,medicaid_data,medicaid_datastore,6165f45b-ca93-5bb5-9d06-db29c692a360,"State Medicaid and CHIP Applications, Eligibility Determinations, and Enrollment Data",dataset_signal,NE,eligibility,medicaid; chip; enrollment; eligibility; determinations,total_medicaid_and_chip_determinations,6886,202603,2017-09-08,2026-06-26,false,72,"{""dataset_id"":""6165f45b-ca93-5bb5-9d06-db29c692a360"",""endpoint_type"":""medicaid_datastore"",""method"":""latest reporting_period by state"",""metric_name"":""total_medicaid_and_chip_determinations"",""metric_period"":""202603"",""metric_value"":""6886"",""rht_flag"":false,""signal_dimension"":""Nebraska|total_medicaid_and_chip_determinations"",""state"":""NE"",""topic_keys"":[""medicaid"",""chip"",""enrollment"",""eligibility"",""determinations""],""why_matters"":""Enrollment, applications, and eligibility determinations by state reveal eligibility-system workload and contact-center demand.""}",https://data.medicaid.gov/api/1/datastore/query/6165f45b-ca93-5bb5-9d06-db29c692a360/0,"{""aggregation"":""latest reporting_period by state"",""field"":""total_medicaid_and_chip_determinations"",""source_row_count"":10812,""source_rows_used"":10812,""state_name"":""Nebraska"",""why_matters"":""Enrollment, applications, and eligibility determinations by state reveal eligibility-system workload and contact-center demand.""}",2026-07-24T04:43:51Z
cmsmedicaid-60cef3872f390be9,medicaid_data,medicaid_datastore,6165f45b-ca93-5bb5-9d06-db29c692a360,"State Medicaid and CHIP Applications, Eligibility Determinations, and Enrollment Data",dataset_signal,NE,eligibility,medicaid; chip; enrollment; eligibility; determinations,total_medicaid_and_chip_enrollment,335025,202603,2017-09-08,2026-06-26,false,72,"{""dataset_id"":""6165f45b-ca93-5bb5-9d06-db29c692a360"",""endpoint_type"":""medicaid_datastore"",""method"":""latest reporting_period by state"",""metric_name"":""total_medicaid_and_chip_enrollment"",""metric_period"":""202603"",""metric_value"":""335025"",""rht_flag"":false,""signal_dimension"":""Nebraska|total_medicaid_and_chip_enrollment"",""state"":""NE"",""topic_keys"":[""medicaid"",""chip"",""enrollment"",""eligibility"",""determinations""],""why_matters"":""Enrollment, applications, and eligibility determinations by state reveal eligibility-system workload and contact-center demand.""}",https://data.medicaid.gov/api/1/datastore/query/6165f45b-ca93-5bb5-9d06-db29c692a360/0,"{""aggregation"":""latest reporting_period by state"",""field"":""total_medicaid_and_chip_enrollment"",""source_row_count"":10812,""source_rows_used"":10812,""state_name"":""Nebraska"",""why_matters"":""Enrollment, applications, and eligibility determinations by state reveal eligibility-system workload and contact-center demand.""}",2026-07-24T04:43:51Z
cmsmedicaid-8133ea5929981885,medicaid_data,medicaid_datastore,6165f45b-ca93-5bb5-9d06-db29c692a360,"State Medicaid and CHIP Applications, Eligibility Determinations, and Enrollment Data",dataset_signal,NH,eligibility,medicaid; chip; enrollment; eligibility; determinations,new_applications_submitted,5757,202603,2017-09-08,2026-06-26,false,72,"{""dataset_id"":""6165f45b-ca93-5bb5-9d06-db29c692a360"",""endpoint_type"":""medicaid_datastore"",""method"":""latest reporting_period by state"",""metric_name"":""new_applications_submitted"",""metric_period"":""202603"",""metric_value"":""5757"",""rht_flag"":false,""signal_dimension"":""New Hampshire|new_applications_submitted_to_medicaid_and_chip_agencies"",""state"":""NH"",""topic_keys"":[""medicaid"",""chip"",""enrollment"",""eligibility"",""determinations""],""why_matters"":""Enrollment, applications, and eligibility determinations by state reveal eligibility-system workload and contact-center demand.""}",https://data.medicaid.gov/api/1/datastore/query/6165f45b-ca93-5bb5-9d06-db29c692a360/0,"{""aggregation"":""latest reporting_period by state"",""field"":""new_applications_submitted_to_medicaid_and_chip_agencies"",""source_row_count"":10812,""source_rows_used"":10812,""state_name"":""New Hampshire"",""why_matters"":""Enrollment, applications, and eligibility determinations by state reveal eligibility-system workload and contact-center demand.""}",2026-07-24T04:43:51Z
cmsmedicaid-76c907001c0d3c20,medicaid_data,medicaid_datastore,6165f45b-ca93-5bb5-9d06-db29c692a360,"State Medicaid and CHIP Applications, Eligibility Determinations, and Enrollment Data",dataset_signal,NH,eligibility,medicaid; chip; enrollment; eligibility; determinations,total_medicaid_and_chip_determinations,4109,202603,2017-09-08,2026-06-26,false,72,"{""dataset_id"":""6165f45b-ca93-5bb5-9d06-db29c692a360"",""endpoint_type"":""medicaid_datastore"",""method"":""latest reporting_period by state"",""metric_name"":""total_medicaid_and_chip_determinations"",""metric_period"":""202603"",""metric_value"":""4109"",""rht_flag"":false,""signal_dimension"":""New Hampshire|total_medicaid_and_chip_determinations"",""state"":""NH"",""topic_keys"":[""medicaid"",""chip"",""enrollment"",""eligibility"",""determinations""],""why_matters"":""Enrollment, applications, and eligibility determinations by state reveal eligibility-system workload and contact-center demand.""}",https://data.medicaid.gov/api/1/datastore/query/6165f45b-ca93-5bb5-9d06-db29c692a360/0,"{""aggregation"":""latest reporting_period by state"",""field"":""total_medicaid_and_chip_determinations"",""source_row_count"":10812,""source_rows_used"":10812,""state_name"":""New Hampshire"",""why_matters"":""Enrollment, applications, and eligibility determinations by state reveal eligibility-system workload and contact-center demand.""}",2026-07-24T04:43:51Z
cmsmedicaid-a3019b8b4ce7ea6d,medicaid_data,medicaid_datastore,6165f45b-ca93-5bb5-9d06-db29c692a360,"State Medicaid and CHIP Applications, Eligibility Determinations, and Enrollment Data",dataset_signal,NH,eligibility,medicaid; chip; enrollment; eligibility; determinations,total_medicaid_and_chip_enrollment,173797,202603,2017-09-08,2026-06-26,false,72,"{""dataset_id"":""6165f45b-ca93-5bb5-9d06-db29c692a360"",""endpoint_type"":""medicaid_datastore"",""method"":""latest reporting_period by state"",""metric_name"":""total_medicaid_and_chip_enrollment"",""metric_period"":""202603"",""metric_value"":""173797"",""rht_flag"":false,""signal_dimension"":""New Hampshire|total_medicaid_and_chip_enrollment"",""state"":""NH"",""topic_keys"":[""medicaid"",""chip"",""enrollment"",""eligibility"",""determinations""],""why_matters"":""Enrollment, applications, and eligibility determinations by state reveal eligibility-system workload and contact-center demand.""}",https://data.medicaid.gov/api/1/datastore/query/6165f45b-ca93-5bb5-9d06-db29c692a360/0,"{""aggregation"":""latest reporting_period by state"",""field"":""total_medicaid_and_chip_enrollment"",""source_row_count"":10812,""source_rows_used"":10812,""state_name"":""New Hampshire"",""why_matters"":""Enrollment, applications, and eligibility determinations by state reveal eligibility-system workload and contact-center demand.""}",2026-07-24T04:43:51Z
cmsmedicaid-29cb39f9f3017a08,medicaid_data,medicaid_datastore,6165f45b-ca93-5bb5-9d06-db29c692a360,"State Medicaid and CHIP Applications, Eligibility Determinations, and Enrollment Data",dataset_signal,NJ,eligibility,medicaid; chip; enrollment; eligibility; determinations,new_applications_submitted,27014,202603,2017-09-08,2026-06-26,false,72,"{""dataset_id"":""6165f45b-ca93-5bb5-9d06-db29c692a360"",""endpoint_type"":""medicaid_datastore"",""method"":""latest reporting_period by state"",""metric_name"":""new_applications_submitted"",""metric_period"":""202603"",""metric_value"":""27014"",""rht_flag"":false,""signal_dimension"":""New Jersey|new_applications_submitted_to_medicaid_and_chip_agencies"",""state"":""NJ"",""topic_keys"":[""medicaid"",""chip"",""enrollment"",""eligibility"",""determinations""],""why_matters"":""Enrollment, applications, and eligibility determinations by state reveal eligibility-system workload and contact-center demand.""}",https://data.medicaid.gov/api/1/datastore/query/6165f45b-ca93-5bb5-9d06-db29c692a360/0,"{""aggregation"":""latest reporting_period by state"",""field"":""new_applications_submitted_to_medicaid_and_chip_agencies"",""source_row_count"":10812,""source_rows_used"":10812,""state_name"":""New Jersey"",""why_matters"":""Enrollment, applications, and eligibility determinations by state reveal eligibility-system workload and contact-center demand.""}",2026-07-24T04:43:51Z
cmsmedicaid-29a96b66796b5d81,medicaid_data,medicaid_datastore,6165f45b-ca93-5bb5-9d06-db29c692a360,"State Medicaid and CHIP Applications, Eligibility Determinations, and Enrollment Data",dataset_signal,NJ,eligibility,medicaid; chip; enrollment; eligibility; determinations,total_medicaid_and_chip_determinations,34900,202603,2017-09-08,2026-06-26,false,72,"{""dataset_id"":""6165f45b-ca93-5bb5-9d06-db29c692a360"",""endpoint_type"":""medicaid_datastore"",""method"":""latest reporting_period by state"",""metric_name"":""total_medicaid_and_chip_determinations"",""metric_period"":""202603"",""metric_value"":""34900"",""rht_flag"":false,""signal_dimension"":""New Jersey|total_medicaid_and_chip_determinations"",""state"":""NJ"",""topic_keys"":[""medicaid"",""chip"",""enrollment"",""eligibility"",""determinations""],""why_matters"":""Enrollment, applications, and eligibility determinations by state reveal eligibility-system workload and contact-center demand.""}",https://data.medicaid.gov/api/1/datastore/query/6165f45b-ca93-5bb5-9d06-db29c692a360/0,"{""aggregation"":""latest reporting_period by state"",""field"":""total_medicaid_and_chip_determinations"",""source_row_count"":10812,""source_rows_used"":10812,""state_name"":""New Jersey"",""why_matters"":""Enrollment, applications, and eligibility determinations by state reveal eligibility-system workload and contact-center demand.""}",2026-07-24T04:43:51Z
cmsmedicaid-1398e72d0b0b00ec,medicaid_data,medicaid_datastore,6165f45b-ca93-5bb5-9d06-db29c692a360,"State Medicaid and CHIP Applications, Eligibility Determinations, and Enrollment Data",dataset_signal,NJ,eligibility,medicaid; chip; enrollment; eligibility; determinations,total_medicaid_and_chip_enrollment,1742089,202603,2017-09-08,2026-06-26,false,72,"{""dataset_id"":""6165f45b-ca93-5bb5-9d06-db29c692a360"",""endpoint_type"":""medicaid_datastore"",""method"":""latest reporting_period by state"",""metric_name"":""total_medicaid_and_chip_enrollment"",""metric_period"":""202603"",""metric_value"":""1742089"",""rht_flag"":false,""signal_dimension"":""New Jersey|total_medicaid_and_chip_enrollment"",""state"":""NJ"",""topic_keys"":[""medicaid"",""chip"",""enrollment"",""eligibility"",""determinations""],""why_matters"":""Enrollment, applications, and eligibility determinations by state reveal eligibility-system workload and contact-center demand.""}",https://data.medicaid.gov/api/1/datastore/query/6165f45b-ca93-5bb5-9d06-db29c692a360/0,"{""aggregation"":""latest reporting_period by state"",""field"":""total_medicaid_and_chip_enrollment"",""source_row_count"":10812,""source_rows_used"":10812,""state_name"":""New Jersey"",""why_matters"":""Enrollment, applications, and eligibility determinations by state reveal eligibility-system workload and contact-center demand.""}",2026-07-24T04:43:51Z
cmsmedicaid-297b46329d23f987,medicaid_data,medicaid_datastore,6165f45b-ca93-5bb5-9d06-db29c692a360,"State Medicaid and CHIP Applications, Eligibility Determinations, and Enrollment Data",dataset_signal,NM,eligibility,medicaid; chip; enrollment; eligibility; determinations,new_applications_submitted,13018,202603,2017-09-08,2026-06-26,false,72,"{""dataset_id"":""6165f45b-ca93-5bb5-9d06-db29c692a360"",""endpoint_type"":""medicaid_datastore"",""method"":""latest reporting_period by state"",""metric_name"":""new_applications_submitted"",""metric_period"":""202603"",""metric_value"":""13018"",""rht_flag"":false,""signal_dimension"":""New Mexico|new_applications_submitted_to_medicaid_and_chip_agencies"",""state"":""NM"",""topic_keys"":[""medicaid"",""chip"",""enrollment"",""eligibility"",""determinations""],""why_matters"":""Enrollment, applications, and eligibility determinations by state reveal eligibility-system workload and contact-center demand.""}",https://data.medicaid.gov/api/1/datastore/query/6165f45b-ca93-5bb5-9d06-db29c692a360/0,"{""aggregation"":""latest reporting_period by state"",""field"":""new_applications_submitted_to_medicaid_and_chip_agencies"",""source_row_count"":10812,""source_rows_used"":10812,""state_name"":""New Mexico"",""why_matters"":""Enrollment, applications, and eligibility determinations by state reveal eligibility-system workload and contact-center demand.""}",2026-07-24T04:43:51Z
cmsmedicaid-061723e54159e532,medicaid_data,medicaid_datastore,6165f45b-ca93-5bb5-9d06-db29c692a360,"State Medicaid and CHIP Applications, Eligibility Determinations, and Enrollment Data",dataset_signal,NM,eligibility,medicaid; chip; enrollment; eligibility; determinations,total_medicaid_and_chip_determinations,13041,202603,2017-09-08,2026-06-26,false,72,"{""dataset_id"":""6165f45b-ca93-5bb5-9d06-db29c692a360"",""endpoint_type"":""medicaid_datastore"",""method"":""latest reporting_period by state"",""metric_name"":""total_medicaid_and_chip_determinations"",""metric_period"":""202603"",""metric_value"":""13041"",""rht_flag"":false,""signal_dimension"":""New Mexico|total_medicaid_and_chip_determinations"",""state"":""NM"",""topic_keys"":[""medicaid"",""chip"",""enrollment"",""eligibility"",""determinations""],""why_matters"":""Enrollment, applications, and eligibility determinations by state reveal eligibility-system workload and contact-center demand.""}",https://data.medicaid.gov/api/1/datastore/query/6165f45b-ca93-5bb5-9d06-db29c692a360/0,"{""aggregation"":""latest reporting_period by state"",""field"":""total_medicaid_and_chip_determinations"",""source_row_count"":10812,""source_rows_used"":10812,""state_name"":""New Mexico"",""why_matters"":""Enrollment, applications, and eligibility determinations by state reveal eligibility-system workload and contact-center demand.""}",2026-07-24T04:43:51Z
cmsmedicaid-3f6b1c25c83b7cc6,medicaid_data,medicaid_datastore,6165f45b-ca93-5bb5-9d06-db29c692a360,"State Medicaid and CHIP Applications, Eligibility Determinations, and Enrollment Data",dataset_signal,NM,eligibility,medicaid; chip; enrollment; eligibility; determinations,total_medicaid_and_chip_enrollment,679380,202603,2017-09-08,2026-06-26,false,72,"{""dataset_id"":""6165f45b-ca93-5bb5-9d06-db29c692a360"",""endpoint_type"":""medicaid_datastore"",""method"":""latest reporting_period by state"",""metric_name"":""total_medicaid_and_chip_enrollment"",""metric_period"":""202603"",""metric_value"":""679380"",""rht_flag"":false,""signal_dimension"":""New Mexico|total_medicaid_and_chip_enrollment"",""state"":""NM"",""topic_keys"":[""medicaid"",""chip"",""enrollment"",""eligibility"",""determinations""],""why_matters"":""Enrollment, applications, and eligibility determinations by state reveal eligibility-system workload and contact-center demand.""}",https://data.medicaid.gov/api/1/datastore/query/6165f45b-ca93-5bb5-9d06-db29c692a360/0,"{""aggregation"":""latest reporting_period by state"",""field"":""total_medicaid_and_chip_enrollment"",""source_row_count"":10812,""source_rows_used"":10812,""state_name"":""New Mexico"",""why_matters"":""Enrollment, applications, and eligibility determinations by state reveal eligibility-system workload and contact-center demand.""}",2026-07-24T04:43:51Z
cmsmedicaid-1c3bf01ead003ec9,medicaid_data,medicaid_datastore,6165f45b-ca93-5bb5-9d06-db29c692a360,"State Medicaid and CHIP Applications, Eligibility Determinations, and Enrollment Data",dataset_signal,NV,eligibility,medicaid; chip; enrollment; eligibility; determinations,new_applications_submitted,16826,202603,2017-09-08,2026-06-26,false,72,"{""dataset_id"":""6165f45b-ca93-5bb5-9d06-db29c692a360"",""endpoint_type"":""medicaid_datastore"",""method"":""latest reporting_period by state"",""metric_name"":""new_applications_submitted"",""metric_period"":""202603"",""metric_value"":""16826"",""rht_flag"":false,""signal_dimension"":""Nevada|new_applications_submitted_to_medicaid_and_chip_agencies"",""state"":""NV"",""topic_keys"":[""medicaid"",""chip"",""enrollment"",""eligibility"",""determinations""],""why_matters"":""Enrollment, applications, and eligibility determinations by state reveal eligibility-system workload and contact-center demand.""}",https://data.medicaid.gov/api/1/datastore/query/6165f45b-ca93-5bb5-9d06-db29c692a360/0,"{""aggregation"":""latest reporting_period by state"",""field"":""new_applications_submitted_to_medicaid_and_chip_agencies"",""source_row_count"":10812,""source_rows_used"":10812,""state_name"":""Nevada"",""why_matters"":""Enrollment, applications, and eligibility determinations by state reveal eligibility-system workload and contact-center demand.""}",2026-07-24T04:43:51Z
cmsmedicaid-0bf18064d42516e9,medicaid_data,medicaid_datastore,6165f45b-ca93-5bb5-9d06-db29c692a360,"State Medicaid and CHIP Applications, Eligibility Determinations, and Enrollment Data",dataset_signal,NV,eligibility,medicaid; chip; enrollment; eligibility; determinations,total_medicaid_and_chip_determinations,8290,202603,2017-09-08,2026-06-26,false,72,"{""dataset_id"":""6165f45b-ca93-5bb5-9d06-db29c692a360"",""endpoint_type"":""medicaid_datastore"",""method"":""latest reporting_period by state"",""metric_name"":""total_medicaid_and_chip_determinations"",""metric_period"":""202603"",""metric_value"":""8290"",""rht_flag"":false,""signal_dimension"":""Nevada|total_medicaid_and_chip_determinations"",""state"":""NV"",""topic_keys"":[""medicaid"",""chip"",""enrollment"",""eligibility"",""determinations""],""why_matters"":""Enrollment, applications, and eligibility determinations by state reveal eligibility-system workload and contact-center demand.""}",https://data.medicaid.gov/api/1/datastore/query/6165f45b-ca93-5bb5-9d06-db29c692a360/0,"{""aggregation"":""latest reporting_period by state"",""field"":""total_medicaid_and_chip_determinations"",""source_row_count"":10812,""source_rows_used"":10812,""state_name"":""Nevada"",""why_matters"":""Enrollment, applications, and eligibility determinations by state reveal eligibility-system workload and contact-center demand.""}",2026-07-24T04:43:51Z
cmsmedicaid-b21ee74e46eaa819,medicaid_data,medicaid_datastore,6165f45b-ca93-5bb5-9d06-db29c692a360,"State Medicaid and CHIP Applications, Eligibility Determinations, and Enrollment Data",dataset_signal,NV,eligibility,medicaid; chip; enrollment; eligibility; determinations,total_medicaid_and_chip_enrollment,725365,202603,2017-09-08,2026-06-26,false,72,"{""dataset_id"":""6165f45b-ca93-5bb5-9d06-db29c692a360"",""endpoint_type"":""medicaid_datastore"",""method"":""latest reporting_period by state"",""metric_name"":""total_medicaid_and_chip_enrollment"",""metric_period"":""202603"",""metric_value"":""725365"",""rht_flag"":false,""signal_dimension"":""Nevada|total_medicaid_and_chip_enrollment"",""state"":""NV"",""topic_keys"":[""medicaid"",""chip"",""enrollment"",""eligibility"",""determinations""],""why_matters"":""Enrollment, applications, and eligibility determinations by state reveal eligibility-system workload and contact-center demand.""}",https://data.medicaid.gov/api/1/datastore/query/6165f45b-ca93-5bb5-9d06-db29c692a360/0,"{""aggregation"":""latest reporting_period by state"",""field"":""total_medicaid_and_chip_enrollment"",""source_row_count"":10812,""source_rows_used"":10812,""state_name"":""Nevada"",""why_matters"":""Enrollment, applications, and eligibility determinations by state reveal eligibility-system workload and contact-center demand.""}",2026-07-24T04:43:51Z
cmsmedicaid-ed68b429af1f41a4,medicaid_data,medicaid_datastore,6165f45b-ca93-5bb5-9d06-db29c692a360,"State Medicaid and CHIP Applications, Eligibility Determinations, and Enrollment Data",dataset_signal,NY,eligibility,medicaid; chip; enrollment; eligibility; determinations,new_applications_submitted,0,202603,2017-09-08,2026-06-26,false,72,"{""dataset_id"":""6165f45b-ca93-5bb5-9d06-db29c692a360"",""endpoint_type"":""medicaid_datastore"",""method"":""latest reporting_period by state"",""metric_name"":""new_applications_submitted"",""metric_period"":""202603"",""metric_value"":""0"",""rht_flag"":false,""signal_dimension"":""New York|new_applications_submitted_to_medicaid_and_chip_agencies"",""state"":""NY"",""topic_keys"":[""medicaid"",""chip"",""enrollment"",""eligibility"",""determinations""],""why_matters"":""Enrollment, applications, and eligibility determinations by state reveal eligibility-system workload and contact-center demand.""}",https://data.medicaid.gov/api/1/datastore/query/6165f45b-ca93-5bb5-9d06-db29c692a360/0,"{""aggregation"":""latest reporting_period by state"",""field"":""new_applications_submitted_to_medicaid_and_chip_agencies"",""source_row_count"":10812,""source_rows_used"":10812,""state_name"":""New York"",""why_matters"":""Enrollment, applications, and eligibility determinations by state reveal eligibility-system workload and contact-center demand.""}",2026-07-24T04:43:51Z
cmsmedicaid-39c84f7dd98530c0,medicaid_data,medicaid_datastore,6165f45b-ca93-5bb5-9d06-db29c692a360,"State Medicaid and CHIP Applications, Eligibility Determinations, and Enrollment Data",dataset_signal,NY,eligibility,medicaid; chip; enrollment; eligibility; determinations,total_medicaid_and_chip_determinations,99707,202603,2017-09-08,2026-06-26,false,72,"{""dataset_id"":""6165f45b-ca93-5bb5-9d06-db29c692a360"",""endpoint_type"":""medicaid_datastore"",""method"":""latest reporting_period by state"",""metric_name"":""total_medicaid_and_chip_determinations"",""metric_period"":""202603"",""metric_value"":""99707"",""rht_flag"":false,""signal_dimension"":""New York|total_medicaid_and_chip_determinations"",""state"":""NY"",""topic_keys"":[""medicaid"",""chip"",""enrollment"",""eligibility"",""determinations""],""why_matters"":""Enrollment, applications, and eligibility determinations by state reveal eligibility-system workload and contact-center demand.""}",https://data.medicaid.gov/api/1/datastore/query/6165f45b-ca93-5bb5-9d06-db29c692a360/0,"{""aggregation"":""latest reporting_period by state"",""field"":""total_medicaid_and_chip_determinations"",""source_row_count"":10812,""source_rows_used"":10812,""state_name"":""New York"",""why_matters"":""Enrollment, applications, and eligibility determinations by state reveal eligibility-system workload and contact-center demand.""}",2026-07-24T04:43:51Z
cmsmedicaid-91bd0610cd13df17,medicaid_data,medicaid_datastore,6165f45b-ca93-5bb5-9d06-db29c692a360,"State Medicaid and CHIP Applications, Eligibility Determinations, and Enrollment Data",dataset_signal,NY,eligibility,medicaid; chip; enrollment; eligibility; determinations,total_medicaid_and_chip_enrollment,6418639,202603,2017-09-08,2026-06-26,false,72,"{""dataset_id"":""6165f45b-ca93-5bb5-9d06-db29c692a360"",""endpoint_type"":""medicaid_datastore"",""method"":""latest reporting_period by state"",""metric_name"":""total_medicaid_and_chip_enrollment"",""metric_period"":""202603"",""metric_value"":""6418639"",""rht_flag"":false,""signal_dimension"":""New York|total_medicaid_and_chip_enrollment"",""state"":""NY"",""topic_keys"":[""medicaid"",""chip"",""enrollment"",""eligibility"",""determinations""],""why_matters"":""Enrollment, applications, and eligibility determinations by state reveal eligibility-system workload and contact-center demand.""}",https://data.medicaid.gov/api/1/datastore/query/6165f45b-ca93-5bb5-9d06-db29c692a360/0,"{""aggregation"":""latest reporting_period by state"",""field"":""total_medicaid_and_chip_enrollment"",""source_row_count"":10812,""source_rows_used"":10812,""state_name"":""New York"",""why_matters"":""Enrollment, applications, and eligibility determinations by state reveal eligibility-system workload and contact-center demand.""}",2026-07-24T04:43:51Z
cmsmedicaid-f3e35167474b9074,medicaid_data,medicaid_datastore,6165f45b-ca93-5bb5-9d06-db29c692a360,"State Medicaid and CHIP Applications, Eligibility Determinations, and Enrollment Data",dataset_signal,OH,eligibility,medicaid; chip; enrollment; eligibility; determinations,new_applications_submitted,77063,202603,2017-09-08,2026-06-26,false,72,"{""dataset_id"":""6165f45b-ca93-5bb5-9d06-db29c692a360"",""endpoint_type"":""medicaid_datastore"",""method"":""latest reporting_period by state"",""metric_name"":""new_applications_submitted"",""metric_period"":""202603"",""metric_value"":""77063"",""rht_flag"":false,""signal_dimension"":""Ohio|new_applications_submitted_to_medicaid_and_chip_agencies"",""state"":""OH"",""topic_keys"":[""medicaid"",""chip"",""enrollment"",""eligibility"",""determinations""],""why_matters"":""Enrollment, applications, and eligibility determinations by state reveal eligibility-system workload and contact-center demand.""}",https://data.medicaid.gov/api/1/datastore/query/6165f45b-ca93-5bb5-9d06-db29c692a360/0,"{""aggregation"":""latest reporting_period by state"",""field"":""new_applications_submitted_to_medicaid_and_chip_agencies"",""source_row_count"":10812,""source_rows_used"":10812,""state_name"":""Ohio"",""why_matters"":""Enrollment, applications, and eligibility determinations by state reveal eligibility-system workload and contact-center demand.""}",2026-07-24T04:43:51Z
cmsmedicaid-a2a531efc13bd5d2,medicaid_data,medicaid_datastore,6165f45b-ca93-5bb5-9d06-db29c692a360,"State Medicaid and CHIP Applications, Eligibility Determinations, and Enrollment Data",dataset_signal,OH,eligibility,medicaid; chip; enrollment; eligibility; determinations,total_medicaid_and_chip_determinations,39570,202603,2017-09-08,2026-06-26,false,72,"{""dataset_id"":""6165f45b-ca93-5bb5-9d06-db29c692a360"",""endpoint_type"":""medicaid_datastore"",""method"":""latest reporting_period by state"",""metric_name"":""total_medicaid_and_chip_determinations"",""metric_period"":""202603"",""metric_value"":""39570"",""rht_flag"":false,""signal_dimension"":""Ohio|total_medicaid_and_chip_determinations"",""state"":""OH"",""topic_keys"":[""medicaid"",""chip"",""enrollment"",""eligibility"",""determinations""],""why_matters"":""Enrollment, applications, and eligibility determinations by state reveal eligibility-system workload and contact-center demand.""}",https://data.medicaid.gov/api/1/datastore/query/6165f45b-ca93-5bb5-9d06-db29c692a360/0,"{""aggregation"":""latest reporting_period by state"",""field"":""total_medicaid_and_chip_determinations"",""source_row_count"":10812,""source_rows_used"":10812,""state_name"":""Ohio"",""why_matters"":""Enrollment, applications, and eligibility determinations by state reveal eligibility-system workload and contact-center demand.""}",2026-07-24T04:43:51Z
cmsmedicaid-56a2797f9b932a70,medicaid_data,medicaid_datastore,6165f45b-ca93-5bb5-9d06-db29c692a360,"State Medicaid and CHIP Applications, Eligibility Determinations, and Enrollment Data",dataset_signal,OH,eligibility,medicaid; chip; enrollment; eligibility; determinations,total_medicaid_and_chip_enrollment,2666651,202603,2017-09-08,2026-06-26,false,72,"{""dataset_id"":""6165f45b-ca93-5bb5-9d06-db29c692a360"",""endpoint_type"":""medicaid_datastore"",""method"":""latest reporting_period by state"",""metric_name"":""total_medicaid_and_chip_enrollment"",""metric_period"":""202603"",""metric_value"":""2666651"",""rht_flag"":false,""signal_dimension"":""Ohio|total_medicaid_and_chip_enrollment"",""state"":""OH"",""topic_keys"":[""medicaid"",""chip"",""enrollment"",""eligibility"",""determinations""],""why_matters"":""Enrollment, applications, and eligibility determinations by state reveal eligibility-system workload and contact-center demand.""}",https://data.medicaid.gov/api/1/datastore/query/6165f45b-ca93-5bb5-9d06-db29c692a360/0,"{""aggregation"":""latest reporting_period by state"",""field"":""total_medicaid_and_chip_enrollment"",""source_row_count"":10812,""source_rows_used"":10812,""state_name"":""Ohio"",""why_matters"":""Enrollment, applications, and eligibility determinations by state reveal eligibility-system workload and contact-center demand.""}",2026-07-24T04:43:51Z
cmsmedicaid-7c30ee9ca836483a,medicaid_data,medicaid_datastore,6165f45b-ca93-5bb5-9d06-db29c692a360,"State Medicaid and CHIP Applications, Eligibility Determinations, and Enrollment Data",dataset_signal,OK,eligibility,medicaid; chip; enrollment; eligibility; determinations,new_applications_submitted,52362,202603,2017-09-08,2026-06-26,false,72,"{""dataset_id"":""6165f45b-ca93-5bb5-9d06-db29c692a360"",""endpoint_type"":""medicaid_datastore"",""method"":""latest reporting_period by state"",""metric_name"":""new_applications_submitted"",""metric_period"":""202603"",""metric_value"":""52362"",""rht_flag"":false,""signal_dimension"":""Oklahoma|new_applications_submitted_to_medicaid_and_chip_agencies"",""state"":""OK"",""topic_keys"":[""medicaid"",""chip"",""enrollment"",""eligibility"",""determinations""],""why_matters"":""Enrollment, applications, and eligibility determinations by state reveal eligibility-system workload and contact-center demand.""}",https://data.medicaid.gov/api/1/datastore/query/6165f45b-ca93-5bb5-9d06-db29c692a360/0,"{""aggregation"":""latest reporting_period by state"",""field"":""new_applications_submitted_to_medicaid_and_chip_agencies"",""source_row_count"":10812,""source_rows_used"":10812,""state_name"":""Oklahoma"",""why_matters"":""Enrollment, applications, and eligibility determinations by state reveal eligibility-system workload and contact-center demand.""}",2026-07-24T04:43:51Z
cmsmedicaid-8b9367aee3983478,medicaid_data,medicaid_datastore,6165f45b-ca93-5bb5-9d06-db29c692a360,"State Medicaid and CHIP Applications, Eligibility Determinations, and Enrollment Data",dataset_signal,OK,eligibility,medicaid; chip; enrollment; eligibility; determinations,total_medicaid_and_chip_determinations,96828,202603,2017-09-08,2026-06-26,false,72,"{""dataset_id"":""6165f45b-ca93-5bb5-9d06-db29c692a360"",""endpoint_type"":""medicaid_datastore"",""method"":""latest reporting_period by state"",""metric_name"":""total_medicaid_and_chip_determinations"",""metric_period"":""202603"",""metric_value"":""96828"",""rht_flag"":false,""signal_dimension"":""Oklahoma|total_medicaid_and_chip_determinations"",""state"":""OK"",""topic_keys"":[""medicaid"",""chip"",""enrollment"",""eligibility"",""determinations""],""why_matters"":""Enrollment, applications, and eligibility determinations by state reveal eligibility-system workload and contact-center demand.""}",https://data.medicaid.gov/api/1/datastore/query/6165f45b-ca93-5bb5-9d06-db29c692a360/0,"{""aggregation"":""latest reporting_period by state"",""field"":""total_medicaid_and_chip_determinations"",""source_row_count"":10812,""source_rows_used"":10812,""state_name"":""Oklahoma"",""why_matters"":""Enrollment, applications, and eligibility determinations by state reveal eligibility-system workload and contact-center demand.""}",2026-07-24T04:43:51Z
cmsmedicaid-96dbc8e891e6779d,medicaid_data,medicaid_datastore,6165f45b-ca93-5bb5-9d06-db29c692a360,"State Medicaid and CHIP Applications, Eligibility Determinations, and Enrollment Data",dataset_signal,OK,eligibility,medicaid; chip; enrollment; eligibility; determinations,total_medicaid_and_chip_enrollment,970323,202603,2017-09-08,2026-06-26,false,72,"{""dataset_id"":""6165f45b-ca93-5bb5-9d06-db29c692a360"",""endpoint_type"":""medicaid_datastore"",""method"":""latest reporting_period by state"",""metric_name"":""total_medicaid_and_chip_enrollment"",""metric_period"":""202603"",""metric_value"":""970323"",""rht_flag"":false,""signal_dimension"":""Oklahoma|total_medicaid_and_chip_enrollment"",""state"":""OK"",""topic_keys"":[""medicaid"",""chip"",""enrollment"",""eligibility"",""determinations""],""why_matters"":""Enrollment, applications, and eligibility determinations by state reveal eligibility-system workload and contact-center demand.""}",https://data.medicaid.gov/api/1/datastore/query/6165f45b-ca93-5bb5-9d06-db29c692a360/0,"{""aggregation"":""latest reporting_period by state"",""field"":""total_medicaid_and_chip_enrollment"",""source_row_count"":10812,""source_rows_used"":10812,""state_name"":""Oklahoma"",""why_matters"":""Enrollment, applications, and eligibility determinations by state reveal eligibility-system workload and contact-center demand.""}",2026-07-24T04:43:51Z
cmsmedicaid-4def54f38f1b801c,medicaid_data,medicaid_datastore,6165f45b-ca93-5bb5-9d06-db29c692a360,"State Medicaid and CHIP Applications, Eligibility Determinations, and Enrollment Data",dataset_signal,OR,eligibility,medicaid; chip; enrollment; eligibility; determinations,new_applications_submitted,15620,202603,2017-09-08,2026-06-26,false,72,"{""dataset_id"":""6165f45b-ca93-5bb5-9d06-db29c692a360"",""endpoint_type"":""medicaid_datastore"",""method"":""latest reporting_period by state"",""metric_name"":""new_applications_submitted"",""metric_period"":""202603"",""metric_value"":""15620"",""rht_flag"":false,""signal_dimension"":""Oregon|new_applications_submitted_to_medicaid_and_chip_agencies"",""state"":""OR"",""topic_keys"":[""medicaid"",""chip"",""enrollment"",""eligibility"",""determinations""],""why_matters"":""Enrollment, applications, and eligibility determinations by state reveal eligibility-system workload and contact-center demand.""}",https://data.medicaid.gov/api/1/datastore/query/6165f45b-ca93-5bb5-9d06-db29c692a360/0,"{""aggregation"":""latest reporting_period by state"",""field"":""new_applications_submitted_to_medicaid_and_chip_agencies"",""source_row_count"":10812,""source_rows_used"":10812,""state_name"":""Oregon"",""why_matters"":""Enrollment, applications, and eligibility determinations by state reveal eligibility-system workload and contact-center demand.""}",2026-07-24T04:43:51Z
cmsmedicaid-c50ad7ed801418ec,medicaid_data,medicaid_datastore,6165f45b-ca93-5bb5-9d06-db29c692a360,"State Medicaid and CHIP Applications, Eligibility Determinations, and Enrollment Data",dataset_signal,OR,eligibility,medicaid; chip; enrollment; eligibility; determinations,total_medicaid_and_chip_determinations,249316,202603,2017-09-08,2026-06-26,false,72,"{""dataset_id"":""6165f45b-ca93-5bb5-9d06-db29c692a360"",""endpoint_type"":""medicaid_datastore"",""method"":""latest reporting_period by state"",""metric_name"":""total_medicaid_and_chip_determinations"",""metric_period"":""202603"",""metric_value"":""249316"",""rht_flag"":false,""signal_dimension"":""Oregon|total_medicaid_and_chip_determinations"",""state"":""OR"",""topic_keys"":[""medicaid"",""chip"",""enrollment"",""eligibility"",""determinations""],""why_matters"":""Enrollment, applications, and eligibility determinations by state reveal eligibility-system workload and contact-center demand.""}",https://data.medicaid.gov/api/1/datastore/query/6165f45b-ca93-5bb5-9d06-db29c692a360/0,"{""aggregation"":""latest reporting_period by state"",""field"":""total_medicaid_and_chip_determinations"",""source_row_count"":10812,""source_rows_used"":10812,""state_name"":""Oregon"",""why_matters"":""Enrollment, applications, and eligibility determinations by state reveal eligibility-system workload and contact-center demand.""}",2026-07-24T04:43:51Z
cmsmedicaid-7b2c1dbdccf72bad,medicaid_data,medicaid_datastore,6165f45b-ca93-5bb5-9d06-db29c692a360,"State Medicaid and CHIP Applications, Eligibility Determinations, and Enrollment Data",dataset_signal,OR,eligibility,medicaid; chip; enrollment; eligibility; determinations,total_medicaid_and_chip_enrollment,1284261,202603,2017-09-08,2026-06-26,false,72,"{""dataset_id"":""6165f45b-ca93-5bb5-9d06-db29c692a360"",""endpoint_type"":""medicaid_datastore"",""method"":""latest reporting_period by state"",""metric_name"":""total_medicaid_and_chip_enrollment"",""metric_period"":""202603"",""metric_value"":""1284261"",""rht_flag"":false,""signal_dimension"":""Oregon|total_medicaid_and_chip_enrollment"",""state"":""OR"",""topic_keys"":[""medicaid"",""chip"",""enrollment"",""eligibility"",""determinations""],""why_matters"":""Enrollment, applications, and eligibility determinations by state reveal eligibility-system workload and contact-center demand.""}",https://data.medicaid.gov/api/1/datastore/query/6165f45b-ca93-5bb5-9d06-db29c692a360/0,"{""aggregation"":""latest reporting_period by state"",""field"":""total_medicaid_and_chip_enrollment"",""source_row_count"":10812,""source_rows_used"":10812,""state_name"":""Oregon"",""why_matters"":""Enrollment, applications, and eligibility determinations by state reveal eligibility-system workload and contact-center demand.""}",2026-07-24T04:43:51Z
cmsmedicaid-f5f649698fd4e79c,medicaid_data,medicaid_datastore,6165f45b-ca93-5bb5-9d06-db29c692a360,"State Medicaid and CHIP Applications, Eligibility Determinations, and Enrollment Data",dataset_signal,PA,eligibility,medicaid; chip; enrollment; eligibility; determinations,new_applications_submitted,105490,202603,2017-09-08,2026-06-26,false,72,"{""dataset_id"":""6165f45b-ca93-5bb5-9d06-db29c692a360"",""endpoint_type"":""medicaid_datastore"",""method"":""latest reporting_period by state"",""metric_name"":""new_applications_submitted"",""metric_period"":""202603"",""metric_value"":""105490"",""rht_flag"":false,""signal_dimension"":""Pennsylvania|new_applications_submitted_to_medicaid_and_chip_agencies"",""state"":""PA"",""topic_keys"":[""medicaid"",""chip"",""enrollment"",""eligibility"",""determinations""],""why_matters"":""Enrollment, applications, and eligibility determinations by state reveal eligibility-system workload and contact-center demand.""}",https://data.medicaid.gov/api/1/datastore/query/6165f45b-ca93-5bb5-9d06-db29c692a360/0,"{""aggregation"":""latest reporting_period by state"",""field"":""new_applications_submitted_to_medicaid_and_chip_agencies"",""source_row_count"":10812,""source_rows_used"":10812,""state_name"":""Pennsylvania"",""why_matters"":""Enrollment, applications, and eligibility determinations by state reveal eligibility-system workload and contact-center demand.""}",2026-07-24T04:43:51Z
cmsmedicaid-f7b55af8b12d8a9d,medicaid_data,medicaid_datastore,6165f45b-ca93-5bb5-9d06-db29c692a360,"State Medicaid and CHIP Applications, Eligibility Determinations, and Enrollment Data",dataset_signal,PA,eligibility,medicaid; chip; enrollment; eligibility; determinations,total_medicaid_and_chip_determinations,111866,202603,2017-09-08,2026-06-26,false,72,"{""dataset_id"":""6165f45b-ca93-5bb5-9d06-db29c692a360"",""endpoint_type"":""medicaid_datastore"",""method"":""latest reporting_period by state"",""metric_name"":""total_medicaid_and_chip_determinations"",""metric_period"":""202603"",""metric_value"":""111866"",""rht_flag"":false,""signal_dimension"":""Pennsylvania|total_medicaid_and_chip_determinations"",""state"":""PA"",""topic_keys"":[""medicaid"",""chip"",""enrollment"",""eligibility"",""determinations""],""why_matters"":""Enrollment, applications, and eligibility determinations by state reveal eligibility-system workload and contact-center demand.""}",https://data.medicaid.gov/api/1/datastore/query/6165f45b-ca93-5bb5-9d06-db29c692a360/0,"{""aggregation"":""latest reporting_period by state"",""field"":""total_medicaid_and_chip_determinations"",""source_row_count"":10812,""source_rows_used"":10812,""state_name"":""Pennsylvania"",""why_matters"":""Enrollment, applications, and eligibility determinations by state reveal eligibility-system workload and contact-center demand.""}",2026-07-24T04:43:51Z
cmsmedicaid-0721d0dac3eade5b,medicaid_data,medicaid_datastore,6165f45b-ca93-5bb5-9d06-db29c692a360,"State Medicaid and CHIP Applications, Eligibility Determinations, and Enrollment Data",dataset_signal,PA,eligibility,medicaid; chip; enrollment; eligibility; determinations,total_medicaid_and_chip_enrollment,2992549,202603,2017-09-08,2026-06-26,false,72,"{""dataset_id"":""6165f45b-ca93-5bb5-9d06-db29c692a360"",""endpoint_type"":""medicaid_datastore"",""method"":""latest reporting_period by state"",""metric_name"":""total_medicaid_and_chip_enrollment"",""metric_period"":""202603"",""metric_value"":""2992549"",""rht_flag"":false,""signal_dimension"":""Pennsylvania|total_medicaid_and_chip_enrollment"",""state"":""PA"",""topic_keys"":[""medicaid"",""chip"",""enrollment"",""eligibility"",""determinations""],""why_matters"":""Enrollment, applications, and eligibility determinations by state reveal eligibility-system workload and contact-center demand.""}",https://data.medicaid.gov/api/1/datastore/query/6165f45b-ca93-5bb5-9d06-db29c692a360/0,"{""aggregation"":""latest reporting_period by state"",""field"":""total_medicaid_and_chip_enrollment"",""source_row_count"":10812,""source_rows_used"":10812,""state_name"":""Pennsylvania"",""why_matters"":""Enrollment, applications, and eligibility determinations by state reveal eligibility-system workload and contact-center demand.""}",2026-07-24T04:43:51Z
cmsmedicaid-84b819f436d8b1e3,medicaid_data,medicaid_datastore,6165f45b-ca93-5bb5-9d06-db29c692a360,"State Medicaid and CHIP Applications, Eligibility Determinations, and Enrollment Data",dataset_signal,RI,eligibility,medicaid; chip; enrollment; eligibility; determinations,new_applications_submitted,1711,202603,2017-09-08,2026-06-26,false,72,"{""dataset_id"":""6165f45b-ca93-5bb5-9d06-db29c692a360"",""endpoint_type"":""medicaid_datastore"",""method"":""latest reporting_period by state"",""metric_name"":""new_applications_submitted"",""metric_period"":""202603"",""metric_value"":""1711"",""rht_flag"":false,""signal_dimension"":""Rhode Island|new_applications_submitted_to_medicaid_and_chip_agencies"",""state"":""RI"",""topic_keys"":[""medicaid"",""chip"",""enrollment"",""eligibility"",""determinations""],""why_matters"":""Enrollment, applications, and eligibility determinations by state reveal eligibility-system workload and contact-center demand.""}",https://data.medicaid.gov/api/1/datastore/query/6165f45b-ca93-5bb5-9d06-db29c692a360/0,"{""aggregation"":""latest reporting_period by state"",""field"":""new_applications_submitted_to_medicaid_and_chip_agencies"",""source_row_count"":10812,""source_rows_used"":10812,""state_name"":""Rhode Island"",""why_matters"":""Enrollment, applications, and eligibility determinations by state reveal eligibility-system workload and contact-center demand.""}",2026-07-24T04:43:51Z
cmsmedicaid-8150e012d1b409bc,medicaid_data,medicaid_datastore,6165f45b-ca93-5bb5-9d06-db29c692a360,"State Medicaid and CHIP Applications, Eligibility Determinations, and Enrollment Data",dataset_signal,RI,eligibility,medicaid; chip; enrollment; eligibility; determinations,total_medicaid_and_chip_determinations,2087,202603,2017-09-08,2026-06-26,false,72,"{""dataset_id"":""6165f45b-ca93-5bb5-9d06-db29c692a360"",""endpoint_type"":""medicaid_datastore"",""method"":""latest reporting_period by state"",""metric_name"":""total_medicaid_and_chip_determinations"",""metric_period"":""202603"",""metric_value"":""2087"",""rht_flag"":false,""signal_dimension"":""Rhode Island|total_medicaid_and_chip_determinations"",""state"":""RI"",""topic_keys"":[""medicaid"",""chip"",""enrollment"",""eligibility"",""determinations""],""why_matters"":""Enrollment, applications, and eligibility determinations by state reveal eligibility-system workload and contact-center demand.""}",https://data.medicaid.gov/api/1/datastore/query/6165f45b-ca93-5bb5-9d06-db29c692a360/0,"{""aggregation"":""latest reporting_period by state"",""field"":""total_medicaid_and_chip_determinations"",""source_row_count"":10812,""source_rows_used"":10812,""state_name"":""Rhode Island"",""why_matters"":""Enrollment, applications, and eligibility determinations by state reveal eligibility-system workload and contact-center demand.""}",2026-07-24T04:43:51Z
cmsmedicaid-b852fcf17fc91d7c,medicaid_data,medicaid_datastore,6165f45b-ca93-5bb5-9d06-db29c692a360,"State Medicaid and CHIP Applications, Eligibility Determinations, and Enrollment Data",dataset_signal,RI,eligibility,medicaid; chip; enrollment; eligibility; determinations,total_medicaid_and_chip_enrollment,290446,202603,2017-09-08,2026-06-26,false,72,"{""dataset_id"":""6165f45b-ca93-5bb5-9d06-db29c692a360"",""endpoint_type"":""medicaid_datastore"",""method"":""latest reporting_period by state"",""metric_name"":""total_medicaid_and_chip_enrollment"",""metric_period"":""202603"",""metric_value"":""290446"",""rht_flag"":false,""signal_dimension"":""Rhode Island|total_medicaid_and_chip_enrollment"",""state"":""RI"",""topic_keys"":[""medicaid"",""chip"",""enrollment"",""eligibility"",""determinations""],""why_matters"":""Enrollment, applications, and eligibility determinations by state reveal eligibility-system workload and contact-center demand.""}",https://data.medicaid.gov/api/1/datastore/query/6165f45b-ca93-5bb5-9d06-db29c692a360/0,"{""aggregation"":""latest reporting_period by state"",""field"":""total_medicaid_and_chip_enrollment"",""source_row_count"":10812,""source_rows_used"":10812,""state_name"":""Rhode Island"",""why_matters"":""Enrollment, applications, and eligibility determinations by state reveal eligibility-system workload and contact-center demand.""}",2026-07-24T04:43:51Z
cmsmedicaid-584f2af17b39750a,medicaid_data,medicaid_datastore,6165f45b-ca93-5bb5-9d06-db29c692a360,"State Medicaid and CHIP Applications, Eligibility Determinations, and Enrollment Data",dataset_signal,SC,eligibility,medicaid; chip; enrollment; eligibility; determinations,new_applications_submitted,17769,202603,2017-09-08,2026-06-26,false,72,"{""dataset_id"":""6165f45b-ca93-5bb5-9d06-db29c692a360"",""endpoint_type"":""medicaid_datastore"",""method"":""latest reporting_period by state"",""metric_name"":""new_applications_submitted"",""metric_period"":""202603"",""metric_value"":""17769"",""rht_flag"":false,""signal_dimension"":""South Carolina|new_applications_submitted_to_medicaid_and_chip_agencies"",""state"":""SC"",""topic_keys"":[""medicaid"",""chip"",""enrollment"",""eligibility"",""determinations""],""why_matters"":""Enrollment, applications, and eligibility determinations by state reveal eligibility-system workload and contact-center demand.""}",https://data.medicaid.gov/api/1/datastore/query/6165f45b-ca93-5bb5-9d06-db29c692a360/0,"{""aggregation"":""latest reporting_period by state"",""field"":""new_applications_submitted_to_medicaid_and_chip_agencies"",""source_row_count"":10812,""source_rows_used"":10812,""state_name"":""South Carolina"",""why_matters"":""Enrollment, applications, and eligibility determinations by state reveal eligibility-system workload and contact-center demand.""}",2026-07-24T04:43:51Z
cmsmedicaid-ba9f6966ea6bf753,medicaid_data,medicaid_datastore,6165f45b-ca93-5bb5-9d06-db29c692a360,"State Medicaid and CHIP Applications, Eligibility Determinations, and Enrollment Data",dataset_signal,SC,eligibility,medicaid; chip; enrollment; eligibility; determinations,total_medicaid_and_chip_determinations,4061,202603,2017-09-08,2026-06-26,false,72,"{""dataset_id"":""6165f45b-ca93-5bb5-9d06-db29c692a360"",""endpoint_type"":""medicaid_datastore"",""method"":""latest reporting_period by state"",""metric_name"":""total_medicaid_and_chip_determinations"",""metric_period"":""202603"",""metric_value"":""4061"",""rht_flag"":false,""signal_dimension"":""South Carolina|total_medicaid_and_chip_determinations"",""state"":""SC"",""topic_keys"":[""medicaid"",""chip"",""enrollment"",""eligibility"",""determinations""],""why_matters"":""Enrollment, applications, and eligibility determinations by state reveal eligibility-system workload and contact-center demand.""}",https://data.medicaid.gov/api/1/datastore/query/6165f45b-ca93-5bb5-9d06-db29c692a360/0,"{""aggregation"":""latest reporting_period by state"",""field"":""total_medicaid_and_chip_determinations"",""source_row_count"":10812,""source_rows_used"":10812,""state_name"":""South Carolina"",""why_matters"":""Enrollment, applications, and eligibility determinations by state reveal eligibility-system workload and contact-center demand.""}",2026-07-24T04:43:51Z
cmsmedicaid-596c4cebb4383b52,medicaid_data,medicaid_datastore,6165f45b-ca93-5bb5-9d06-db29c692a360,"State Medicaid and CHIP Applications, Eligibility Determinations, and Enrollment Data",dataset_signal,SC,eligibility,medicaid; chip; enrollment; eligibility; determinations,total_medicaid_and_chip_enrollment,963899,202603,2017-09-08,2026-06-26,false,72,"{""dataset_id"":""6165f45b-ca93-5bb5-9d06-db29c692a360"",""endpoint_type"":""medicaid_datastore"",""method"":""latest reporting_period by state"",""metric_name"":""total_medicaid_and_chip_enrollment"",""metric_period"":""202603"",""metric_value"":""963899"",""rht_flag"":false,""signal_dimension"":""South Carolina|total_medicaid_and_chip_enrollment"",""state"":""SC"",""topic_keys"":[""medicaid"",""chip"",""enrollment"",""eligibility"",""determinations""],""why_matters"":""Enrollment, applications, and eligibility determinations by state reveal eligibility-system workload and contact-center demand.""}",https://data.medicaid.gov/api/1/datastore/query/6165f45b-ca93-5bb5-9d06-db29c692a360/0,"{""aggregation"":""latest reporting_period by state"",""field"":""total_medicaid_and_chip_enrollment"",""source_row_count"":10812,""source_rows_used"":10812,""state_name"":""South Carolina"",""why_matters"":""Enrollment, applications, and eligibility determinations by state reveal eligibility-system workload and contact-center demand.""}",2026-07-24T04:43:51Z
cmsmedicaid-316c5d1c7e36ce8c,medicaid_data,medicaid_datastore,6165f45b-ca93-5bb5-9d06-db29c692a360,"State Medicaid and CHIP Applications, Eligibility Determinations, and Enrollment Data",dataset_signal,SD,eligibility,medicaid; chip; enrollment; eligibility; determinations,new_applications_submitted,4530,202603,2017-09-08,2026-06-26,false,72,"{""dataset_id"":""6165f45b-ca93-5bb5-9d06-db29c692a360"",""endpoint_type"":""medicaid_datastore"",""method"":""latest reporting_period by state"",""metric_name"":""new_applications_submitted"",""metric_period"":""202603"",""metric_value"":""4530"",""rht_flag"":false,""signal_dimension"":""South Dakota|new_applications_submitted_to_medicaid_and_chip_agencies"",""state"":""SD"",""topic_keys"":[""medicaid"",""chip"",""enrollment"",""eligibility"",""determinations""],""why_matters"":""Enrollment, applications, and eligibility determinations by state reveal eligibility-system workload and contact-center demand.""}",https://data.medicaid.gov/api/1/datastore/query/6165f45b-ca93-5bb5-9d06-db29c692a360/0,"{""aggregation"":""latest reporting_period by state"",""field"":""new_applications_submitted_to_medicaid_and_chip_agencies"",""source_row_count"":10812,""source_rows_used"":10812,""state_name"":""South Dakota"",""why_matters"":""Enrollment, applications, and eligibility determinations by state reveal eligibility-system workload and contact-center demand.""}",2026-07-24T04:43:51Z
cmsmedicaid-f9bbcabfd7d0115c,medicaid_data,medicaid_datastore,6165f45b-ca93-5bb5-9d06-db29c692a360,"State Medicaid and CHIP Applications, Eligibility Determinations, and Enrollment Data",dataset_signal,SD,eligibility,medicaid; chip; enrollment; eligibility; determinations,total_medicaid_and_chip_determinations,15585,202603,2017-09-08,2026-06-26,false,72,"{""dataset_id"":""6165f45b-ca93-5bb5-9d06-db29c692a360"",""endpoint_type"":""medicaid_datastore"",""method"":""latest reporting_period by state"",""metric_name"":""total_medicaid_and_chip_determinations"",""metric_period"":""202603"",""metric_value"":""15585"",""rht_flag"":false,""signal_dimension"":""South Dakota|total_medicaid_and_chip_determinations"",""state"":""SD"",""topic_keys"":[""medicaid"",""chip"",""enrollment"",""eligibility"",""determinations""],""why_matters"":""Enrollment, applications, and eligibility determinations by state reveal eligibility-system workload and contact-center demand.""}",https://data.medicaid.gov/api/1/datastore/query/6165f45b-ca93-5bb5-9d06-db29c692a360/0,"{""aggregation"":""latest reporting_period by state"",""field"":""total_medicaid_and_chip_determinations"",""source_row_count"":10812,""source_rows_used"":10812,""state_name"":""South Dakota"",""why_matters"":""Enrollment, applications, and eligibility determinations by state reveal eligibility-system workload and contact-center demand.""}",2026-07-24T04:43:51Z
cmsmedicaid-611563ed04478f81,medicaid_data,medicaid_datastore,6165f45b-ca93-5bb5-9d06-db29c692a360,"State Medicaid and CHIP Applications, Eligibility Determinations, and Enrollment Data",dataset_signal,SD,eligibility,medicaid; chip; enrollment; eligibility; determinations,total_medicaid_and_chip_enrollment,140568,202603,2017-09-08,2026-06-26,false,72,"{""dataset_id"":""6165f45b-ca93-5bb5-9d06-db29c692a360"",""endpoint_type"":""medicaid_datastore"",""method"":""latest reporting_period by state"",""metric_name"":""total_medicaid_and_chip_enrollment"",""metric_period"":""202603"",""metric_value"":""140568"",""rht_flag"":false,""signal_dimension"":""South Dakota|total_medicaid_and_chip_enrollment"",""state"":""SD"",""topic_keys"":[""medicaid"",""chip"",""enrollment"",""eligibility"",""determinations""],""why_matters"":""Enrollment, applications, and eligibility determinations by state reveal eligibility-system workload and contact-center demand.""}",https://data.medicaid.gov/api/1/datastore/query/6165f45b-ca93-5bb5-9d06-db29c692a360/0,"{""aggregation"":""latest reporting_period by state"",""field"":""total_medicaid_and_chip_enrollment"",""source_row_count"":10812,""source_rows_used"":10812,""state_name"":""South Dakota"",""why_matters"":""Enrollment, applications, and eligibility determinations by state reveal eligibility-system workload and contact-center demand.""}",2026-07-24T04:43:51Z
cmsmedicaid-916b0a151dc850a7,medicaid_data,medicaid_datastore,6165f45b-ca93-5bb5-9d06-db29c692a360,"State Medicaid and CHIP Applications, Eligibility Determinations, and Enrollment Data",dataset_signal,TN,eligibility,medicaid; chip; enrollment; eligibility; determinations,new_applications_submitted,34053,202603,2017-09-08,2026-06-26,false,72,"{""dataset_id"":""6165f45b-ca93-5bb5-9d06-db29c692a360"",""endpoint_type"":""medicaid_datastore"",""method"":""latest reporting_period by state"",""metric_name"":""new_applications_submitted"",""metric_period"":""202603"",""metric_value"":""34053"",""rht_flag"":false,""signal_dimension"":""Tennessee|new_applications_submitted_to_medicaid_and_chip_agencies"",""state"":""TN"",""topic_keys"":[""medicaid"",""chip"",""enrollment"",""eligibility"",""determinations""],""why_matters"":""Enrollment, applications, and eligibility determinations by state reveal eligibility-system workload and contact-center demand.""}",https://data.medicaid.gov/api/1/datastore/query/6165f45b-ca93-5bb5-9d06-db29c692a360/0,"{""aggregation"":""latest reporting_period by state"",""field"":""new_applications_submitted_to_medicaid_and_chip_agencies"",""source_row_count"":10812,""source_rows_used"":10812,""state_name"":""Tennessee"",""why_matters"":""Enrollment, applications, and eligibility determinations by state reveal eligibility-system workload and contact-center demand.""}",2026-07-24T04:43:51Z
cmsmedicaid-ab6cb0bebd20ede5,medicaid_data,medicaid_datastore,6165f45b-ca93-5bb5-9d06-db29c692a360,"State Medicaid and CHIP Applications, Eligibility Determinations, and Enrollment Data",dataset_signal,TN,eligibility,medicaid; chip; enrollment; eligibility; determinations,total_medicaid_and_chip_determinations,12480,202603,2017-09-08,2026-06-26,false,72,"{""dataset_id"":""6165f45b-ca93-5bb5-9d06-db29c692a360"",""endpoint_type"":""medicaid_datastore"",""method"":""latest reporting_period by state"",""metric_name"":""total_medicaid_and_chip_determinations"",""metric_period"":""202603"",""metric_value"":""12480"",""rht_flag"":false,""signal_dimension"":""Tennessee|total_medicaid_and_chip_determinations"",""state"":""TN"",""topic_keys"":[""medicaid"",""chip"",""enrollment"",""eligibility"",""determinations""],""why_matters"":""Enrollment, applications, and eligibility determinations by state reveal eligibility-system workload and contact-center demand.""}",https://data.medicaid.gov/api/1/datastore/query/6165f45b-ca93-5bb5-9d06-db29c692a360/0,"{""aggregation"":""latest reporting_period by state"",""field"":""total_medicaid_and_chip_determinations"",""source_row_count"":10812,""source_rows_used"":10812,""state_name"":""Tennessee"",""why_matters"":""Enrollment, applications, and eligibility determinations by state reveal eligibility-system workload and contact-center demand.""}",2026-07-24T04:43:51Z
cmsmedicaid-77160cada51ab3e8,medicaid_data,medicaid_datastore,6165f45b-ca93-5bb5-9d06-db29c692a360,"State Medicaid and CHIP Applications, Eligibility Determinations, and Enrollment Data",dataset_signal,TN,eligibility,medicaid; chip; enrollment; eligibility; determinations,total_medicaid_and_chip_enrollment,1391527,202603,2017-09-08,2026-06-26,false,72,"{""dataset_id"":""6165f45b-ca93-5bb5-9d06-db29c692a360"",""endpoint_type"":""medicaid_datastore"",""method"":""latest reporting_period by state"",""metric_name"":""total_medicaid_and_chip_enrollment"",""metric_period"":""202603"",""metric_value"":""1391527"",""rht_flag"":false,""signal_dimension"":""Tennessee|total_medicaid_and_chip_enrollment"",""state"":""TN"",""topic_keys"":[""medicaid"",""chip"",""enrollment"",""eligibility"",""determinations""],""why_matters"":""Enrollment, applications, and eligibility determinations by state reveal eligibility-system workload and contact-center demand.""}",https://data.medicaid.gov/api/1/datastore/query/6165f45b-ca93-5bb5-9d06-db29c692a360/0,"{""aggregation"":""latest reporting_period by state"",""field"":""total_medicaid_and_chip_enrollment"",""source_row_count"":10812,""source_rows_used"":10812,""state_name"":""Tennessee"",""why_matters"":""Enrollment, applications, and eligibility determinations by state reveal eligibility-system workload and contact-center demand.""}",2026-07-24T04:43:51Z
cmsmedicaid-d93df43e084d914e,medicaid_data,medicaid_datastore,6165f45b-ca93-5bb5-9d06-db29c692a360,"State Medicaid and CHIP Applications, Eligibility Determinations, and Enrollment Data",dataset_signal,TX,eligibility,medicaid; chip; enrollment; eligibility; determinations,new_applications_submitted,100913,202603,2017-09-08,2026-06-26,false,72,"{""dataset_id"":""6165f45b-ca93-5bb5-9d06-db29c692a360"",""endpoint_type"":""medicaid_datastore"",""method"":""latest reporting_period by state"",""metric_name"":""new_applications_submitted"",""metric_period"":""202603"",""metric_value"":""100913"",""rht_flag"":false,""signal_dimension"":""Texas|new_applications_submitted_to_medicaid_and_chip_agencies"",""state"":""TX"",""topic_keys"":[""medicaid"",""chip"",""enrollment"",""eligibility"",""determinations""],""why_matters"":""Enrollment, applications, and eligibility determinations by state reveal eligibility-system workload and contact-center demand.""}",https://data.medicaid.gov/api/1/datastore/query/6165f45b-ca93-5bb5-9d06-db29c692a360/0,"{""aggregation"":""latest reporting_period by state"",""field"":""new_applications_submitted_to_medicaid_and_chip_agencies"",""source_row_count"":10812,""source_rows_used"":10812,""state_name"":""Texas"",""why_matters"":""Enrollment, applications, and eligibility determinations by state reveal eligibility-system workload and contact-center demand.""}",2026-07-24T04:43:51Z
cmsmedicaid-abe52b8218680d34,medicaid_data,medicaid_datastore,6165f45b-ca93-5bb5-9d06-db29c692a360,"State Medicaid and CHIP Applications, Eligibility Determinations, and Enrollment Data",dataset_signal,TX,eligibility,medicaid; chip; enrollment; eligibility; determinations,total_medicaid_and_chip_determinations,61968,202603,2017-09-08,2026-06-26,false,72,"{""dataset_id"":""6165f45b-ca93-5bb5-9d06-db29c692a360"",""endpoint_type"":""medicaid_datastore"",""method"":""latest reporting_period by state"",""metric_name"":""total_medicaid_and_chip_determinations"",""metric_period"":""202603"",""metric_value"":""61968"",""rht_flag"":false,""signal_dimension"":""Texas|total_medicaid_and_chip_determinations"",""state"":""TX"",""topic_keys"":[""medicaid"",""chip"",""enrollment"",""eligibility"",""determinations""],""why_matters"":""Enrollment, applications, and eligibility determinations by state reveal eligibility-system workload and contact-center demand.""}",https://data.medicaid.gov/api/1/datastore/query/6165f45b-ca93-5bb5-9d06-db29c692a360/0,"{""aggregation"":""latest reporting_period by state"",""field"":""total_medicaid_and_chip_determinations"",""source_row_count"":10812,""source_rows_used"":10812,""state_name"":""Texas"",""why_matters"":""Enrollment, applications, and eligibility determinations by state reveal eligibility-system workload and contact-center demand.""}",2026-07-24T04:43:51Z
cmsmedicaid-45adc9e386022f32,medicaid_data,medicaid_datastore,6165f45b-ca93-5bb5-9d06-db29c692a360,"State Medicaid and CHIP Applications, Eligibility Determinations, and Enrollment Data",dataset_signal,TX,eligibility,medicaid; chip; enrollment; eligibility; determinations,total_medicaid_and_chip_enrollment,3988590,202603,2017-09-08,2026-06-26,false,72,"{""dataset_id"":""6165f45b-ca93-5bb5-9d06-db29c692a360"",""endpoint_type"":""medicaid_datastore"",""method"":""latest reporting_period by state"",""metric_name"":""total_medicaid_and_chip_enrollment"",""metric_period"":""202603"",""metric_value"":""3988590"",""rht_flag"":false,""signal_dimension"":""Texas|total_medicaid_and_chip_enrollment"",""state"":""TX"",""topic_keys"":[""medicaid"",""chip"",""enrollment"",""eligibility"",""determinations""],""why_matters"":""Enrollment, applications, and eligibility determinations by state reveal eligibility-system workload and contact-center demand.""}",https://data.medicaid.gov/api/1/datastore/query/6165f45b-ca93-5bb5-9d06-db29c692a360/0,"{""aggregation"":""latest reporting_period by state"",""field"":""total_medicaid_and_chip_enrollment"",""source_row_count"":10812,""source_rows_used"":10812,""state_name"":""Texas"",""why_matters"":""Enrollment, applications, and eligibility determinations by state reveal eligibility-system workload and contact-center demand.""}",2026-07-24T04:43:51Z
cmsmedicaid-512896b4f1014a49,medicaid_data,medicaid_datastore,6165f45b-ca93-5bb5-9d06-db29c692a360,"State Medicaid and CHIP Applications, Eligibility Determinations, and Enrollment Data",dataset_signal,UT,eligibility,medicaid; chip; enrollment; eligibility; determinations,new_applications_submitted,25852,202603,2017-09-08,2026-06-26,false,72,"{""dataset_id"":""6165f45b-ca93-5bb5-9d06-db29c692a360"",""endpoint_type"":""medicaid_datastore"",""method"":""latest reporting_period by state"",""metric_name"":""new_applications_submitted"",""metric_period"":""202603"",""metric_value"":""25852"",""rht_flag"":false,""signal_dimension"":""Utah|new_applications_submitted_to_medicaid_and_chip_agencies"",""state"":""UT"",""topic_keys"":[""medicaid"",""chip"",""enrollment"",""eligibility"",""determinations""],""why_matters"":""Enrollment, applications, and eligibility determinations by state reveal eligibility-system workload and contact-center demand.""}",https://data.medicaid.gov/api/1/datastore/query/6165f45b-ca93-5bb5-9d06-db29c692a360/0,"{""aggregation"":""latest reporting_period by state"",""field"":""new_applications_submitted_to_medicaid_and_chip_agencies"",""source_row_count"":10812,""source_rows_used"":10812,""state_name"":""Utah"",""why_matters"":""Enrollment, applications, and eligibility determinations by state reveal eligibility-system workload and contact-center demand.""}",2026-07-24T04:43:51Z
cmsmedicaid-83d491f404e78674,medicaid_data,medicaid_datastore,6165f45b-ca93-5bb5-9d06-db29c692a360,"State Medicaid and CHIP Applications, Eligibility Determinations, and Enrollment Data",dataset_signal,UT,eligibility,medicaid; chip; enrollment; eligibility; determinations,total_medicaid_and_chip_determinations,36575,202603,2017-09-08,2026-06-26,false,72,"{""dataset_id"":""6165f45b-ca93-5bb5-9d06-db29c692a360"",""endpoint_type"":""medicaid_datastore"",""method"":""latest reporting_period by state"",""metric_name"":""total_medicaid_and_chip_determinations"",""metric_period"":""202603"",""metric_value"":""36575"",""rht_flag"":false,""signal_dimension"":""Utah|total_medicaid_and_chip_determinations"",""state"":""UT"",""topic_keys"":[""medicaid"",""chip"",""enrollment"",""eligibility"",""determinations""],""why_matters"":""Enrollment, applications, and eligibility determinations by state reveal eligibility-system workload and contact-center demand.""}",https://data.medicaid.gov/api/1/datastore/query/6165f45b-ca93-5bb5-9d06-db29c692a360/0,"{""aggregation"":""latest reporting_period by state"",""field"":""total_medicaid_and_chip_determinations"",""source_row_count"":10812,""source_rows_used"":10812,""state_name"":""Utah"",""why_matters"":""Enrollment, applications, and eligibility determinations by state reveal eligibility-system workload and contact-center demand.""}",2026-07-24T04:43:51Z
cmsmedicaid-51024eef98886e1e,medicaid_data,medicaid_datastore,6165f45b-ca93-5bb5-9d06-db29c692a360,"State Medicaid and CHIP Applications, Eligibility Determinations, and Enrollment Data",dataset_signal,UT,eligibility,medicaid; chip; enrollment; eligibility; determinations,total_medicaid_and_chip_enrollment,326194,202603,2017-09-08,2026-06-26,false,72,"{""dataset_id"":""6165f45b-ca93-5bb5-9d06-db29c692a360"",""endpoint_type"":""medicaid_datastore"",""method"":""latest reporting_period by state"",""metric_name"":""total_medicaid_and_chip_enrollment"",""metric_period"":""202603"",""metric_value"":""326194"",""rht_flag"":false,""signal_dimension"":""Utah|total_medicaid_and_chip_enrollment"",""state"":""UT"",""topic_keys"":[""medicaid"",""chip"",""enrollment"",""eligibility"",""determinations""],""why_matters"":""Enrollment, applications, and eligibility determinations by state reveal eligibility-system workload and contact-center demand.""}",https://data.medicaid.gov/api/1/datastore/query/6165f45b-ca93-5bb5-9d06-db29c692a360/0,"{""aggregation"":""latest reporting_period by state"",""field"":""total_medicaid_and_chip_enrollment"",""source_row_count"":10812,""source_rows_used"":10812,""state_name"":""Utah"",""why_matters"":""Enrollment, applications, and eligibility determinations by state reveal eligibility-system workload and contact-center demand.""}",2026-07-24T04:43:51Z
cmsmedicaid-51a0758a9c5314b8,medicaid_data,medicaid_datastore,6165f45b-ca93-5bb5-9d06-db29c692a360,"State Medicaid and CHIP Applications, Eligibility Determinations, and Enrollment Data",dataset_signal,VA,eligibility,medicaid; chip; enrollment; eligibility; determinations,new_applications_submitted,34491,202603,2017-09-08,2026-06-26,false,72,"{""dataset_id"":""6165f45b-ca93-5bb5-9d06-db29c692a360"",""endpoint_type"":""medicaid_datastore"",""method"":""latest reporting_period by state"",""metric_name"":""new_applications_submitted"",""metric_period"":""202603"",""metric_value"":""34491"",""rht_flag"":false,""signal_dimension"":""Virginia|new_applications_submitted_to_medicaid_and_chip_agencies"",""state"":""VA"",""topic_keys"":[""medicaid"",""chip"",""enrollment"",""eligibility"",""determinations""],""why_matters"":""Enrollment, applications, and eligibility determinations by state reveal eligibility-system workload and contact-center demand.""}",https://data.medicaid.gov/api/1/datastore/query/6165f45b-ca93-5bb5-9d06-db29c692a360/0,"{""aggregation"":""latest reporting_period by state"",""field"":""new_applications_submitted_to_medicaid_and_chip_agencies"",""source_row_count"":10812,""source_rows_used"":10812,""state_name"":""Virginia"",""why_matters"":""Enrollment, applications, and eligibility determinations by state reveal eligibility-system workload and contact-center demand.""}",2026-07-24T04:43:51Z
cmsmedicaid-050ec76c5ffe32c8,medicaid_data,medicaid_datastore,6165f45b-ca93-5bb5-9d06-db29c692a360,"State Medicaid and CHIP Applications, Eligibility Determinations, and Enrollment Data",dataset_signal,VA,eligibility,medicaid; chip; enrollment; eligibility; determinations,total_medicaid_and_chip_determinations,25680,202603,2017-09-08,2026-06-26,false,72,"{""dataset_id"":""6165f45b-ca93-5bb5-9d06-db29c692a360"",""endpoint_type"":""medicaid_datastore"",""method"":""latest reporting_period by state"",""metric_name"":""total_medicaid_and_chip_determinations"",""metric_period"":""202603"",""metric_value"":""25680"",""rht_flag"":false,""signal_dimension"":""Virginia|total_medicaid_and_chip_determinations"",""state"":""VA"",""topic_keys"":[""medicaid"",""chip"",""enrollment"",""eligibility"",""determinations""],""why_matters"":""Enrollment, applications, and eligibility determinations by state reveal eligibility-system workload and contact-center demand.""}",https://data.medicaid.gov/api/1/datastore/query/6165f45b-ca93-5bb5-9d06-db29c692a360/0,"{""aggregation"":""latest reporting_period by state"",""field"":""total_medicaid_and_chip_determinations"",""source_row_count"":10812,""source_rows_used"":10812,""state_name"":""Virginia"",""why_matters"":""Enrollment, applications, and eligibility determinations by state reveal eligibility-system workload and contact-center demand.""}",2026-07-24T04:43:51Z
cmsmedicaid-cfbfaa45da55d77d,medicaid_data,medicaid_datastore,6165f45b-ca93-5bb5-9d06-db29c692a360,"State Medicaid and CHIP Applications, Eligibility Determinations, and Enrollment Data",dataset_signal,VA,eligibility,medicaid; chip; enrollment; eligibility; determinations,total_medicaid_and_chip_enrollment,1657743,202603,2017-09-08,2026-06-26,false,72,"{""dataset_id"":""6165f45b-ca93-5bb5-9d06-db29c692a360"",""endpoint_type"":""medicaid_datastore"",""method"":""latest reporting_period by state"",""metric_name"":""total_medicaid_and_chip_enrollment"",""metric_period"":""202603"",""metric_value"":""1657743"",""rht_flag"":false,""signal_dimension"":""Virginia|total_medicaid_and_chip_enrollment"",""state"":""VA"",""topic_keys"":[""medicaid"",""chip"",""enrollment"",""eligibility"",""determinations""],""why_matters"":""Enrollment, applications, and eligibility determinations by state reveal eligibility-system workload and contact-center demand.""}",https://data.medicaid.gov/api/1/datastore/query/6165f45b-ca93-5bb5-9d06-db29c692a360/0,"{""aggregation"":""latest reporting_period by state"",""field"":""total_medicaid_and_chip_enrollment"",""source_row_count"":10812,""source_rows_used"":10812,""state_name"":""Virginia"",""why_matters"":""Enrollment, applications, and eligibility determinations by state reveal eligibility-system workload and contact-center demand.""}",2026-07-24T04:43:51Z
cmsmedicaid-ae0cf09829d58e5b,medicaid_data,medicaid_datastore,6165f45b-ca93-5bb5-9d06-db29c692a360,"State Medicaid and CHIP Applications, Eligibility Determinations, and Enrollment Data",dataset_signal,VT,eligibility,medicaid; chip; enrollment; eligibility; determinations,new_applications_submitted,2755,202603,2017-09-08,2026-06-26,false,72,"{""dataset_id"":""6165f45b-ca93-5bb5-9d06-db29c692a360"",""endpoint_type"":""medicaid_datastore"",""method"":""latest reporting_period by state"",""metric_name"":""new_applications_submitted"",""metric_period"":""202603"",""metric_value"":""2755"",""rht_flag"":false,""signal_dimension"":""Vermont|new_applications_submitted_to_medicaid_and_chip_agencies"",""state"":""VT"",""topic_keys"":[""medicaid"",""chip"",""enrollment"",""eligibility"",""determinations""],""why_matters"":""Enrollment, applications, and eligibility determinations by state reveal eligibility-system workload and contact-center demand.""}",https://data.medicaid.gov/api/1/datastore/query/6165f45b-ca93-5bb5-9d06-db29c692a360/0,"{""aggregation"":""latest reporting_period by state"",""field"":""new_applications_submitted_to_medicaid_and_chip_agencies"",""source_row_count"":10812,""source_rows_used"":10812,""state_name"":""Vermont"",""why_matters"":""Enrollment, applications, and eligibility determinations by state reveal eligibility-system workload and contact-center demand.""}",2026-07-24T04:43:51Z
cmsmedicaid-1c84155ffbfe336e,medicaid_data,medicaid_datastore,6165f45b-ca93-5bb5-9d06-db29c692a360,"State Medicaid and CHIP Applications, Eligibility Determinations, and Enrollment Data",dataset_signal,VT,eligibility,medicaid; chip; enrollment; eligibility; determinations,total_medicaid_and_chip_determinations,2938,202603,2017-09-08,2026-06-26,false,72,"{""dataset_id"":""6165f45b-ca93-5bb5-9d06-db29c692a360"",""endpoint_type"":""medicaid_datastore"",""method"":""latest reporting_period by state"",""metric_name"":""total_medicaid_and_chip_determinations"",""metric_period"":""202603"",""metric_value"":""2938"",""rht_flag"":false,""signal_dimension"":""Vermont|total_medicaid_and_chip_determinations"",""state"":""VT"",""topic_keys"":[""medicaid"",""chip"",""enrollment"",""eligibility"",""determinations""],""why_matters"":""Enrollment, applications, and eligibility determinations by state reveal eligibility-system workload and contact-center demand.""}",https://data.medicaid.gov/api/1/datastore/query/6165f45b-ca93-5bb5-9d06-db29c692a360/0,"{""aggregation"":""latest reporting_period by state"",""field"":""total_medicaid_and_chip_determinations"",""source_row_count"":10812,""source_rows_used"":10812,""state_name"":""Vermont"",""why_matters"":""Enrollment, applications, and eligibility determinations by state reveal eligibility-system workload and contact-center demand.""}",2026-07-24T04:43:51Z
cmsmedicaid-bacd17815c83d04f,medicaid_data,medicaid_datastore,6165f45b-ca93-5bb5-9d06-db29c692a360,"State Medicaid and CHIP Applications, Eligibility Determinations, and Enrollment Data",dataset_signal,VT,eligibility,medicaid; chip; enrollment; eligibility; determinations,total_medicaid_and_chip_enrollment,148409,202603,2017-09-08,2026-06-26,false,72,"{""dataset_id"":""6165f45b-ca93-5bb5-9d06-db29c692a360"",""endpoint_type"":""medicaid_datastore"",""method"":""latest reporting_period by state"",""metric_name"":""total_medicaid_and_chip_enrollment"",""metric_period"":""202603"",""metric_value"":""148409"",""rht_flag"":false,""signal_dimension"":""Vermont|total_medicaid_and_chip_enrollment"",""state"":""VT"",""topic_keys"":[""medicaid"",""chip"",""enrollment"",""eligibility"",""determinations""],""why_matters"":""Enrollment, applications, and eligibility determinations by state reveal eligibility-system workload and contact-center demand.""}",https://data.medicaid.gov/api/1/datastore/query/6165f45b-ca93-5bb5-9d06-db29c692a360/0,"{""aggregation"":""latest reporting_period by state"",""field"":""total_medicaid_and_chip_enrollment"",""source_row_count"":10812,""source_rows_used"":10812,""state_name"":""Vermont"",""why_matters"":""Enrollment, applications, and eligibility determinations by state reveal eligibility-system workload and contact-center demand.""}",2026-07-24T04:43:51Z
cmsmedicaid-4203257e2ea8c097,medicaid_data,medicaid_datastore,6165f45b-ca93-5bb5-9d06-db29c692a360,"State Medicaid and CHIP Applications, Eligibility Determinations, and Enrollment Data",dataset_signal,WA,eligibility,medicaid; chip; enrollment; eligibility; determinations,new_applications_submitted,76599,202603,2017-09-08,2026-06-26,false,72,"{""dataset_id"":""6165f45b-ca93-5bb5-9d06-db29c692a360"",""endpoint_type"":""medicaid_datastore"",""method"":""latest reporting_period by state"",""metric_name"":""new_applications_submitted"",""metric_period"":""202603"",""metric_value"":""76599"",""rht_flag"":false,""signal_dimension"":""Washington|new_applications_submitted_to_medicaid_and_chip_agencies"",""state"":""WA"",""topic_keys"":[""medicaid"",""chip"",""enrollment"",""eligibility"",""determinations""],""why_matters"":""Enrollment, applications, and eligibility determinations by state reveal eligibility-system workload and contact-center demand.""}",https://data.medicaid.gov/api/1/datastore/query/6165f45b-ca93-5bb5-9d06-db29c692a360/0,"{""aggregation"":""latest reporting_period by state"",""field"":""new_applications_submitted_to_medicaid_and_chip_agencies"",""source_row_count"":10812,""source_rows_used"":10812,""state_name"":""Washington"",""why_matters"":""Enrollment, applications, and eligibility determinations by state reveal eligibility-system workload and contact-center demand.""}",2026-07-24T04:43:51Z
cmsmedicaid-a78d4ccca6ea7bad,medicaid_data,medicaid_datastore,6165f45b-ca93-5bb5-9d06-db29c692a360,"State Medicaid and CHIP Applications, Eligibility Determinations, and Enrollment Data",dataset_signal,WA,eligibility,medicaid; chip; enrollment; eligibility; determinations,total_medicaid_and_chip_determinations,45025,202603,2017-09-08,2026-06-26,false,72,"{""dataset_id"":""6165f45b-ca93-5bb5-9d06-db29c692a360"",""endpoint_type"":""medicaid_datastore"",""method"":""latest reporting_period by state"",""metric_name"":""total_medicaid_and_chip_determinations"",""metric_period"":""202603"",""metric_value"":""45025"",""rht_flag"":false,""signal_dimension"":""Washington|total_medicaid_and_chip_determinations"",""state"":""WA"",""topic_keys"":[""medicaid"",""chip"",""enrollment"",""eligibility"",""determinations""],""why_matters"":""Enrollment, applications, and eligibility determinations by state reveal eligibility-system workload and contact-center demand.""}",https://data.medicaid.gov/api/1/datastore/query/6165f45b-ca93-5bb5-9d06-db29c692a360/0,"{""aggregation"":""latest reporting_period by state"",""field"":""total_medicaid_and_chip_determinations"",""source_row_count"":10812,""source_rows_used"":10812,""state_name"":""Washington"",""why_matters"":""Enrollment, applications, and eligibility determinations by state reveal eligibility-system workload and contact-center demand.""}",2026-07-24T04:43:51Z
cmsmedicaid-4e134c28236fa10a,medicaid_data,medicaid_datastore,6165f45b-ca93-5bb5-9d06-db29c692a360,"State Medicaid and CHIP Applications, Eligibility Determinations, and Enrollment Data",dataset_signal,WA,eligibility,medicaid; chip; enrollment; eligibility; determinations,total_medicaid_and_chip_enrollment,1786614,202603,2017-09-08,2026-06-26,false,72,"{""dataset_id"":""6165f45b-ca93-5bb5-9d06-db29c692a360"",""endpoint_type"":""medicaid_datastore"",""method"":""latest reporting_period by state"",""metric_name"":""total_medicaid_and_chip_enrollment"",""metric_period"":""202603"",""metric_value"":""1786614"",""rht_flag"":false,""signal_dimension"":""Washington|total_medicaid_and_chip_enrollment"",""state"":""WA"",""topic_keys"":[""medicaid"",""chip"",""enrollment"",""eligibility"",""determinations""],""why_matters"":""Enrollment, applications, and eligibility determinations by state reveal eligibility-system workload and contact-center demand.""}",https://data.medicaid.gov/api/1/datastore/query/6165f45b-ca93-5bb5-9d06-db29c692a360/0,"{""aggregation"":""latest reporting_period by state"",""field"":""total_medicaid_and_chip_enrollment"",""source_row_count"":10812,""source_rows_used"":10812,""state_name"":""Washington"",""why_matters"":""Enrollment, applications, and eligibility determinations by state reveal eligibility-system workload and contact-center demand.""}",2026-07-24T04:43:51Z
cmsmedicaid-7effca6f61d90d83,medicaid_data,medicaid_datastore,6165f45b-ca93-5bb5-9d06-db29c692a360,"State Medicaid and CHIP Applications, Eligibility Determinations, and Enrollment Data",dataset_signal,WI,eligibility,medicaid; chip; enrollment; eligibility; determinations,new_applications_submitted,22419,202603,2017-09-08,2026-06-26,false,72,"{""dataset_id"":""6165f45b-ca93-5bb5-9d06-db29c692a360"",""endpoint_type"":""medicaid_datastore"",""method"":""latest reporting_period by state"",""metric_name"":""new_applications_submitted"",""metric_period"":""202603"",""metric_value"":""22419"",""rht_flag"":false,""signal_dimension"":""Wisconsin|new_applications_submitted_to_medicaid_and_chip_agencies"",""state"":""WI"",""topic_keys"":[""medicaid"",""chip"",""enrollment"",""eligibility"",""determinations""],""why_matters"":""Enrollment, applications, and eligibility determinations by state reveal eligibility-system workload and contact-center demand.""}",https://data.medicaid.gov/api/1/datastore/query/6165f45b-ca93-5bb5-9d06-db29c692a360/0,"{""aggregation"":""latest reporting_period by state"",""field"":""new_applications_submitted_to_medicaid_and_chip_agencies"",""source_row_count"":10812,""source_rows_used"":10812,""state_name"":""Wisconsin"",""why_matters"":""Enrollment, applications, and eligibility determinations by state reveal eligibility-system workload and contact-center demand.""}",2026-07-24T04:43:51Z
cmsmedicaid-3d2c8943756c05a2,medicaid_data,medicaid_datastore,6165f45b-ca93-5bb5-9d06-db29c692a360,"State Medicaid and CHIP Applications, Eligibility Determinations, and Enrollment Data",dataset_signal,WI,eligibility,medicaid; chip; enrollment; eligibility; determinations,total_medicaid_and_chip_determinations,16397,202603,2017-09-08,2026-06-26,false,72,"{""dataset_id"":""6165f45b-ca93-5bb5-9d06-db29c692a360"",""endpoint_type"":""medicaid_datastore"",""method"":""latest reporting_period by state"",""metric_name"":""total_medicaid_and_chip_determinations"",""metric_period"":""202603"",""metric_value"":""16397"",""rht_flag"":false,""signal_dimension"":""Wisconsin|total_medicaid_and_chip_determinations"",""state"":""WI"",""topic_keys"":[""medicaid"",""chip"",""enrollment"",""eligibility"",""determinations""],""why_matters"":""Enrollment, applications, and eligibility determinations by state reveal eligibility-system workload and contact-center demand.""}",https://data.medicaid.gov/api/1/datastore/query/6165f45b-ca93-5bb5-9d06-db29c692a360/0,"{""aggregation"":""latest reporting_period by state"",""field"":""total_medicaid_and_chip_determinations"",""source_row_count"":10812,""source_rows_used"":10812,""state_name"":""Wisconsin"",""why_matters"":""Enrollment, applications, and eligibility determinations by state reveal eligibility-system workload and contact-center demand.""}",2026-07-24T04:43:51Z
cmsmedicaid-bbaf09888e33ce9a,medicaid_data,medicaid_datastore,6165f45b-ca93-5bb5-9d06-db29c692a360,"State Medicaid and CHIP Applications, Eligibility Determinations, and Enrollment Data",dataset_signal,WI,eligibility,medicaid; chip; enrollment; eligibility; determinations,total_medicaid_and_chip_enrollment,1118919,202603,2017-09-08,2026-06-26,false,72,"{""dataset_id"":""6165f45b-ca93-5bb5-9d06-db29c692a360"",""endpoint_type"":""medicaid_datastore"",""method"":""latest reporting_period by state"",""metric_name"":""total_medicaid_and_chip_enrollment"",""metric_period"":""202603"",""metric_value"":""1118919"",""rht_flag"":false,""signal_dimension"":""Wisconsin|total_medicaid_and_chip_enrollment"",""state"":""WI"",""topic_keys"":[""medicaid"",""chip"",""enrollment"",""eligibility"",""determinations""],""why_matters"":""Enrollment, applications, and eligibility determinations by state reveal eligibility-system workload and contact-center demand.""}",https://data.medicaid.gov/api/1/datastore/query/6165f45b-ca93-5bb5-9d06-db29c692a360/0,"{""aggregation"":""latest reporting_period by state"",""field"":""total_medicaid_and_chip_enrollment"",""source_row_count"":10812,""source_rows_used"":10812,""state_name"":""Wisconsin"",""why_matters"":""Enrollment, applications, and eligibility determinations by state reveal eligibility-system workload and contact-center demand.""}",2026-07-24T04:43:51Z
cmsmedicaid-62c19c5c81c65a0e,medicaid_data,medicaid_datastore,6165f45b-ca93-5bb5-9d06-db29c692a360,"State Medicaid and CHIP Applications, Eligibility Determinations, and Enrollment Data",dataset_signal,WV,eligibility,medicaid; chip; enrollment; eligibility; determinations,new_applications_submitted,20995,202603,2017-09-08,2026-06-26,false,72,"{""dataset_id"":""6165f45b-ca93-5bb5-9d06-db29c692a360"",""endpoint_type"":""medicaid_datastore"",""method"":""latest reporting_period by state"",""metric_name"":""new_applications_submitted"",""metric_period"":""202603"",""metric_value"":""20995"",""rht_flag"":false,""signal_dimension"":""West Virginia|new_applications_submitted_to_medicaid_and_chip_agencies"",""state"":""WV"",""topic_keys"":[""medicaid"",""chip"",""enrollment"",""eligibility"",""determinations""],""why_matters"":""Enrollment, applications, and eligibility determinations by state reveal eligibility-system workload and contact-center demand.""}",https://data.medicaid.gov/api/1/datastore/query/6165f45b-ca93-5bb5-9d06-db29c692a360/0,"{""aggregation"":""latest reporting_period by state"",""field"":""new_applications_submitted_to_medicaid_and_chip_agencies"",""source_row_count"":10812,""source_rows_used"":10812,""state_name"":""West Virginia"",""why_matters"":""Enrollment, applications, and eligibility determinations by state reveal eligibility-system workload and contact-center demand.""}",2026-07-24T04:43:51Z
cmsmedicaid-5803552c56d39e9d,medicaid_data,medicaid_datastore,6165f45b-ca93-5bb5-9d06-db29c692a360,"State Medicaid and CHIP Applications, Eligibility Determinations, and Enrollment Data",dataset_signal,WV,eligibility,medicaid; chip; enrollment; eligibility; determinations,total_medicaid_and_chip_determinations,9491,202603,2017-09-08,2026-06-26,false,72,"{""dataset_id"":""6165f45b-ca93-5bb5-9d06-db29c692a360"",""endpoint_type"":""medicaid_datastore"",""method"":""latest reporting_period by state"",""metric_name"":""total_medicaid_and_chip_determinations"",""metric_period"":""202603"",""metric_value"":""9491"",""rht_flag"":false,""signal_dimension"":""West Virginia|total_medicaid_and_chip_determinations"",""state"":""WV"",""topic_keys"":[""medicaid"",""chip"",""enrollment"",""eligibility"",""determinations""],""why_matters"":""Enrollment, applications, and eligibility determinations by state reveal eligibility-system workload and contact-center demand.""}",https://data.medicaid.gov/api/1/datastore/query/6165f45b-ca93-5bb5-9d06-db29c692a360/0,"{""aggregation"":""latest reporting_period by state"",""field"":""total_medicaid_and_chip_determinations"",""source_row_count"":10812,""source_rows_used"":10812,""state_name"":""West Virginia"",""why_matters"":""Enrollment, applications, and eligibility determinations by state reveal eligibility-system workload and contact-center demand.""}",2026-07-24T04:43:51Z
cmsmedicaid-d3554e714ec90524,medicaid_data,medicaid_datastore,6165f45b-ca93-5bb5-9d06-db29c692a360,"State Medicaid and CHIP Applications, Eligibility Determinations, and Enrollment Data",dataset_signal,WV,eligibility,medicaid; chip; enrollment; eligibility; determinations,total_medicaid_and_chip_enrollment,487896,202603,2017-09-08,2026-06-26,false,72,"{""dataset_id"":""6165f45b-ca93-5bb5-9d06-db29c692a360"",""endpoint_type"":""medicaid_datastore"",""method"":""latest reporting_period by state"",""metric_name"":""total_medicaid_and_chip_enrollment"",""metric_period"":""202603"",""metric_value"":""487896"",""rht_flag"":false,""signal_dimension"":""West Virginia|total_medicaid_and_chip_enrollment"",""state"":""WV"",""topic_keys"":[""medicaid"",""chip"",""enrollment"",""eligibility"",""determinations""],""why_matters"":""Enrollment, applications, and eligibility determinations by state reveal eligibility-system workload and contact-center demand.""}",https://data.medicaid.gov/api/1/datastore/query/6165f45b-ca93-5bb5-9d06-db29c692a360/0,"{""aggregation"":""latest reporting_period by state"",""field"":""total_medicaid_and_chip_enrollment"",""source_row_count"":10812,""source_rows_used"":10812,""state_name"":""West Virginia"",""why_matters"":""Enrollment, applications, and eligibility determinations by state reveal eligibility-system workload and contact-center demand.""}",2026-07-24T04:43:51Z
cmsmedicaid-f8b961ddbae8caf7,medicaid_data,medicaid_datastore,6165f45b-ca93-5bb5-9d06-db29c692a360,"State Medicaid and CHIP Applications, Eligibility Determinations, and Enrollment Data",dataset_signal,WY,eligibility,medicaid; chip; enrollment; eligibility; determinations,new_applications_submitted,1503,202603,2017-09-08,2026-06-26,false,72,"{""dataset_id"":""6165f45b-ca93-5bb5-9d06-db29c692a360"",""endpoint_type"":""medicaid_datastore"",""method"":""latest reporting_period by state"",""metric_name"":""new_applications_submitted"",""metric_period"":""202603"",""metric_value"":""1503"",""rht_flag"":false,""signal_dimension"":""Wyoming|new_applications_submitted_to_medicaid_and_chip_agencies"",""state"":""WY"",""topic_keys"":[""medicaid"",""chip"",""enrollment"",""eligibility"",""determinations""],""why_matters"":""Enrollment, applications, and eligibility determinations by state reveal eligibility-system workload and contact-center demand.""}",https://data.medicaid.gov/api/1/datastore/query/6165f45b-ca93-5bb5-9d06-db29c692a360/0,"{""aggregation"":""latest reporting_period by state"",""field"":""new_applications_submitted_to_medicaid_and_chip_agencies"",""source_row_count"":10812,""source_rows_used"":10812,""state_name"":""Wyoming"",""why_matters"":""Enrollment, applications, and eligibility determinations by state reveal eligibility-system workload and contact-center demand.""}",2026-07-24T04:43:51Z
cmsmedicaid-b4f17e399d7d5946,medicaid_data,medicaid_datastore,6165f45b-ca93-5bb5-9d06-db29c692a360,"State Medicaid and CHIP Applications, Eligibility Determinations, and Enrollment Data",dataset_signal,WY,eligibility,medicaid; chip; enrollment; eligibility; determinations,total_medicaid_and_chip_determinations,1763,202603,2017-09-08,2026-06-26,false,72,"{""dataset_id"":""6165f45b-ca93-5bb5-9d06-db29c692a360"",""endpoint_type"":""medicaid_datastore"",""method"":""latest reporting_period by state"",""metric_name"":""total_medicaid_and_chip_determinations"",""metric_period"":""202603"",""metric_value"":""1763"",""rht_flag"":false,""signal_dimension"":""Wyoming|total_medicaid_and_chip_determinations"",""state"":""WY"",""topic_keys"":[""medicaid"",""chip"",""enrollment"",""eligibility"",""determinations""],""why_matters"":""Enrollment, applications, and eligibility determinations by state reveal eligibility-system workload and contact-center demand.""}",https://data.medicaid.gov/api/1/datastore/query/6165f45b-ca93-5bb5-9d06-db29c692a360/0,"{""aggregation"":""latest reporting_period by state"",""field"":""total_medicaid_and_chip_determinations"",""source_row_count"":10812,""source_rows_used"":10812,""state_name"":""Wyoming"",""why_matters"":""Enrollment, applications, and eligibility determinations by state reveal eligibility-system workload and contact-center demand.""}",2026-07-24T04:43:51Z
cmsmedicaid-40c2cb3d8d1d437a,medicaid_data,medicaid_datastore,6165f45b-ca93-5bb5-9d06-db29c692a360,"State Medicaid and CHIP Applications, Eligibility Determinations, and Enrollment Data",dataset_signal,WY,eligibility,medicaid; chip; enrollment; eligibility; determinations,total_medicaid_and_chip_enrollment,62061,202603,2017-09-08,2026-06-26,false,72,"{""dataset_id"":""6165f45b-ca93-5bb5-9d06-db29c692a360"",""endpoint_type"":""medicaid_datastore"",""method"":""latest reporting_period by state"",""metric_name"":""total_medicaid_and_chip_enrollment"",""metric_period"":""202603"",""metric_value"":""62061"",""rht_flag"":false,""signal_dimension"":""Wyoming|total_medicaid_and_chip_enrollment"",""state"":""WY"",""topic_keys"":[""medicaid"",""chip"",""enrollment"",""eligibility"",""determinations""],""why_matters"":""Enrollment, applications, and eligibility determinations by state reveal eligibility-system workload and contact-center demand.""}",https://data.medicaid.gov/api/1/datastore/query/6165f45b-ca93-5bb5-9d06-db29c692a360/0,"{""aggregation"":""latest reporting_period by state"",""field"":""total_medicaid_and_chip_enrollment"",""source_row_count"":10812,""source_rows_used"":10812,""state_name"":""Wyoming"",""why_matters"":""Enrollment, applications, and eligibility determinations by state reveal eligibility-system workload and contact-center demand.""}",2026-07-24T04:43:51Z
cmsmedicaid-f1cdb69d90cb8abf,medicaid_data,medicaid_datastore,5abea2e0-3f8e-4b49-a50d-d63d5fd9103c,State Medicaid and CHIP Eligibility Processing Data,dataset_signal,AK,eligibility,medicaid; chip; renewals; eligibility; unwinding,beneficiaries_renewed_total,7272,202603,2024-11-27,2026-06-26,false,60,"{""dataset_id"":""5abea2e0-3f8e-4b49-a50d-d63d5fd9103c"",""endpoint_type"":""medicaid_datastore"",""method"":""latest reporting_period by state"",""metric_name"":""beneficiaries_renewed_total"",""metric_period"":""202603"",""metric_value"":""7272"",""rht_flag"":false,""signal_dimension"":""Alaska|beneficiaries_whose_coverage_was_renewed_total"",""state"":""AK"",""topic_keys"":[""medicaid"",""chip"",""renewals"",""eligibility"",""unwinding""],""why_matters"":""Renewals due, pending renewals, and procedural disenrollments expose state eligibility processing pressure.""}",https://data.medicaid.gov/api/1/datastore/query/5abea2e0-3f8e-4b49-a50d-d63d5fd9103c/0,"{""aggregation"":""latest reporting_period by state"",""field"":""beneficiaries_whose_coverage_was_renewed_total"",""source_row_count"":3570,""source_rows_used"":3570,""state_name"":""Alaska"",""why_matters"":""Renewals due, pending renewals, and procedural disenrollments expose state eligibility processing pressure.""}",2026-07-24T04:43:51Z
cmsmedicaid-bfc504b22324a44d,medicaid_data,medicaid_datastore,5abea2e0-3f8e-4b49-a50d-d63d5fd9103c,State Medicaid and CHIP Eligibility Processing Data,dataset_signal,AK,eligibility,medicaid; chip; renewals; eligibility; unwinding,beneficiaries_with_renewal_due,17809,202603,2024-11-27,2026-06-26,false,60,"{""dataset_id"":""5abea2e0-3f8e-4b49-a50d-d63d5fd9103c"",""endpoint_type"":""medicaid_datastore"",""method"":""latest reporting_period by state"",""metric_name"":""beneficiaries_with_renewal_due"",""metric_period"":""202603"",""metric_value"":""17809"",""rht_flag"":false,""signal_dimension"":""Alaska|beneficiaries_with_a_renewal_due"",""state"":""AK"",""topic_keys"":[""medicaid"",""chip"",""renewals"",""eligibility"",""unwinding""],""why_matters"":""Renewals due, pending renewals, and procedural disenrollments expose state eligibility processing pressure.""}",https://data.medicaid.gov/api/1/datastore/query/5abea2e0-3f8e-4b49-a50d-d63d5fd9103c/0,"{""aggregation"":""latest reporting_period by state"",""field"":""beneficiaries_with_a_renewal_due"",""source_row_count"":3570,""source_rows_used"":3570,""state_name"":""Alaska"",""why_matters"":""Renewals due, pending renewals, and procedural disenrollments expose state eligibility processing pressure.""}",2026-07-24T04:43:51Z
cmsmedicaid-c98e9f004647560b,medicaid_data,medicaid_datastore,5abea2e0-3f8e-4b49-a50d-d63d5fd9103c,State Medicaid and CHIP Eligibility Processing Data,dataset_signal,AK,eligibility,medicaid; chip; renewals; eligibility; unwinding,pending_renewals,3966,202603,2024-11-27,2026-06-26,false,60,"{""dataset_id"":""5abea2e0-3f8e-4b49-a50d-d63d5fd9103c"",""endpoint_type"":""medicaid_datastore"",""method"":""latest reporting_period by state"",""metric_name"":""pending_renewals"",""metric_period"":""202603"",""metric_value"":""3966"",""rht_flag"":false,""signal_dimension"":""Alaska|beneficiaries_with_a_pending_renewal"",""state"":""AK"",""topic_keys"":[""medicaid"",""chip"",""renewals"",""eligibility"",""unwinding""],""why_matters"":""Renewals due, pending renewals, and procedural disenrollments expose state eligibility processing pressure.""}",https://data.medicaid.gov/api/1/datastore/query/5abea2e0-3f8e-4b49-a50d-d63d5fd9103c/0,"{""aggregation"":""latest reporting_period by state"",""field"":""beneficiaries_with_a_pending_renewal"",""source_row_count"":3570,""source_rows_used"":3570,""state_name"":""Alaska"",""why_matters"":""Renewals due, pending renewals, and procedural disenrollments expose state eligibility processing pressure.""}",2026-07-24T04:43:51Z
cmsmedicaid-ee1f3487c38ddf71,medicaid_data,medicaid_datastore,5abea2e0-3f8e-4b49-a50d-d63d5fd9103c,State Medicaid and CHIP Eligibility Processing Data,dataset_signal,AK,eligibility,medicaid; chip; renewals; eligibility; unwinding,procedural_disenrollments_at_renewal,4744,202603,2024-11-27,2026-06-26,false,72,"{""dataset_id"":""5abea2e0-3f8e-4b49-a50d-d63d5fd9103c"",""endpoint_type"":""medicaid_datastore"",""method"":""latest reporting_period by state"",""metric_name"":""procedural_disenrollments_at_renewal"",""metric_period"":""202603"",""metric_value"":""4744"",""rht_flag"":false,""signal_dimension"":""Alaska|beneficiaries_disenrolled_for_procedural_reasons_at_renewal"",""state"":""AK"",""topic_keys"":[""medicaid"",""chip"",""renewals"",""eligibility"",""unwinding""],""why_matters"":""Renewals due, pending renewals, and procedural disenrollments expose state eligibility processing pressure.""}",https://data.medicaid.gov/api/1/datastore/query/5abea2e0-3f8e-4b49-a50d-d63d5fd9103c/0,"{""aggregation"":""latest reporting_period by state"",""field"":""beneficiaries_disenrolled_for_procedural_reasons_at_renewal"",""source_row_count"":3570,""source_rows_used"":3570,""state_name"":""Alaska"",""why_matters"":""Renewals due, pending renewals, and procedural disenrollments expose state eligibility processing pressure.""}",2026-07-24T04:43:51Z
cmsmedicaid-4f994593e4eea733,medicaid_data,medicaid_datastore,5abea2e0-3f8e-4b49-a50d-d63d5fd9103c,State Medicaid and CHIP Eligibility Processing Data,dataset_signal,AL,eligibility,medicaid; chip; renewals; eligibility; unwinding,beneficiaries_renewed_total,73010,202603,2024-11-27,2026-06-26,false,60,"{""dataset_id"":""5abea2e0-3f8e-4b49-a50d-d63d5fd9103c"",""endpoint_type"":""medicaid_datastore"",""method"":""latest reporting_period by state"",""metric_name"":""beneficiaries_renewed_total"",""metric_period"":""202603"",""metric_value"":""73010"",""rht_flag"":false,""signal_dimension"":""Alabama|beneficiaries_whose_coverage_was_renewed_total"",""state"":""AL"",""topic_keys"":[""medicaid"",""chip"",""renewals"",""eligibility"",""unwinding""],""why_matters"":""Renewals due, pending renewals, and procedural disenrollments expose state eligibility processing pressure.""}",https://data.medicaid.gov/api/1/datastore/query/5abea2e0-3f8e-4b49-a50d-d63d5fd9103c/0,"{""aggregation"":""latest reporting_period by state"",""field"":""beneficiaries_whose_coverage_was_renewed_total"",""source_row_count"":3570,""source_rows_used"":3570,""state_name"":""Alabama"",""why_matters"":""Renewals due, pending renewals, and procedural disenrollments expose state eligibility processing pressure.""}",2026-07-24T04:43:51Z
cmsmedicaid-11c5f023ce4986b1,medicaid_data,medicaid_datastore,5abea2e0-3f8e-4b49-a50d-d63d5fd9103c,State Medicaid and CHIP Eligibility Processing Data,dataset_signal,AL,eligibility,medicaid; chip; renewals; eligibility; unwinding,beneficiaries_with_renewal_due,94392,202603,2024-11-27,2026-06-26,false,60,"{""dataset_id"":""5abea2e0-3f8e-4b49-a50d-d63d5fd9103c"",""endpoint_type"":""medicaid_datastore"",""method"":""latest reporting_period by state"",""metric_name"":""beneficiaries_with_renewal_due"",""metric_period"":""202603"",""metric_value"":""94392"",""rht_flag"":false,""signal_dimension"":""Alabama|beneficiaries_with_a_renewal_due"",""state"":""AL"",""topic_keys"":[""medicaid"",""chip"",""renewals"",""eligibility"",""unwinding""],""why_matters"":""Renewals due, pending renewals, and procedural disenrollments expose state eligibility processing pressure.""}",https://data.medicaid.gov/api/1/datastore/query/5abea2e0-3f8e-4b49-a50d-d63d5fd9103c/0,"{""aggregation"":""latest reporting_period by state"",""field"":""beneficiaries_with_a_renewal_due"",""source_row_count"":3570,""source_rows_used"":3570,""state_name"":""Alabama"",""why_matters"":""Renewals due, pending renewals, and procedural disenrollments expose state eligibility processing pressure.""}",2026-07-24T04:43:51Z
cmsmedicaid-ef3210b592eeaa88,medicaid_data,medicaid_datastore,5abea2e0-3f8e-4b49-a50d-d63d5fd9103c,State Medicaid and CHIP Eligibility Processing Data,dataset_signal,AL,eligibility,medicaid; chip; renewals; eligibility; unwinding,pending_renewals,986,202603,2024-11-27,2026-06-26,false,60,"{""dataset_id"":""5abea2e0-3f8e-4b49-a50d-d63d5fd9103c"",""endpoint_type"":""medicaid_datastore"",""method"":""latest reporting_period by state"",""metric_name"":""pending_renewals"",""metric_period"":""202603"",""metric_value"":""986"",""rht_flag"":false,""signal_dimension"":""Alabama|beneficiaries_with_a_pending_renewal"",""state"":""AL"",""topic_keys"":[""medicaid"",""chip"",""renewals"",""eligibility"",""unwinding""],""why_matters"":""Renewals due, pending renewals, and procedural disenrollments expose state eligibility processing pressure.""}",https://data.medicaid.gov/api/1/datastore/query/5abea2e0-3f8e-4b49-a50d-d63d5fd9103c/0,"{""aggregation"":""latest reporting_period by state"",""field"":""beneficiaries_with_a_pending_renewal"",""source_row_count"":3570,""source_rows_used"":3570,""state_name"":""Alabama"",""why_matters"":""Renewals due, pending renewals, and procedural disenrollments expose state eligibility processing pressure.""}",2026-07-24T04:43:51Z
cmsmedicaid-25e57e5bd2aa3409,medicaid_data,medicaid_datastore,5abea2e0-3f8e-4b49-a50d-d63d5fd9103c,State Medicaid and CHIP Eligibility Processing Data,dataset_signal,AL,eligibility,medicaid; chip; renewals; eligibility; unwinding,procedural_disenrollments_at_renewal,5265,202603,2024-11-27,2026-06-26,false,72,"{""dataset_id"":""5abea2e0-3f8e-4b49-a50d-d63d5fd9103c"",""endpoint_type"":""medicaid_datastore"",""method"":""latest reporting_period by state"",""metric_name"":""procedural_disenrollments_at_renewal"",""metric_period"":""202603"",""metric_value"":""5265"",""rht_flag"":false,""signal_dimension"":""Alabama|beneficiaries_disenrolled_for_procedural_reasons_at_renewal"",""state"":""AL"",""topic_keys"":[""medicaid"",""chip"",""renewals"",""eligibility"",""unwinding""],""why_matters"":""Renewals due, pending renewals, and procedural disenrollments expose state eligibility processing pressure.""}",https://data.medicaid.gov/api/1/datastore/query/5abea2e0-3f8e-4b49-a50d-d63d5fd9103c/0,"{""aggregation"":""latest reporting_period by state"",""field"":""beneficiaries_disenrolled_for_procedural_reasons_at_renewal"",""source_row_count"":3570,""source_rows_used"":3570,""state_name"":""Alabama"",""why_matters"":""Renewals due, pending renewals, and procedural disenrollments expose state eligibility processing pressure.""}",2026-07-24T04:43:51Z
cmsmedicaid-9ce4cfff3835a301,medicaid_data,medicaid_datastore,5abea2e0-3f8e-4b49-a50d-d63d5fd9103c,State Medicaid and CHIP Eligibility Processing Data,dataset_signal,AR,eligibility,medicaid; chip; renewals; eligibility; unwinding,beneficiaries_renewed_total,48045,202603,2024-11-27,2026-06-26,false,60,"{""dataset_id"":""5abea2e0-3f8e-4b49-a50d-d63d5fd9103c"",""endpoint_type"":""medicaid_datastore"",""method"":""latest reporting_period by state"",""metric_name"":""beneficiaries_renewed_total"",""metric_period"":""202603"",""metric_value"":""48045"",""rht_flag"":false,""signal_dimension"":""Arkansas|beneficiaries_whose_coverage_was_renewed_total"",""state"":""AR"",""topic_keys"":[""medicaid"",""chip"",""renewals"",""eligibility"",""unwinding""],""why_matters"":""Renewals due, pending renewals, and procedural disenrollments expose state eligibility processing pressure.""}",https://data.medicaid.gov/api/1/datastore/query/5abea2e0-3f8e-4b49-a50d-d63d5fd9103c/0,"{""aggregation"":""latest reporting_period by state"",""field"":""beneficiaries_whose_coverage_was_renewed_total"",""source_row_count"":3570,""source_rows_used"":3570,""state_name"":""Arkansas"",""why_matters"":""Renewals due, pending renewals, and procedural disenrollments expose state eligibility processing pressure.""}",2026-07-24T04:43:51Z
cmsmedicaid-b9119a9e71ae074c,medicaid_data,medicaid_datastore,5abea2e0-3f8e-4b49-a50d-d63d5fd9103c,State Medicaid and CHIP Eligibility Processing Data,dataset_signal,AR,eligibility,medicaid; chip; renewals; eligibility; unwinding,beneficiaries_with_renewal_due,57641,202603,2024-11-27,2026-06-26,false,60,"{""dataset_id"":""5abea2e0-3f8e-4b49-a50d-d63d5fd9103c"",""endpoint_type"":""medicaid_datastore"",""method"":""latest reporting_period by state"",""metric_name"":""beneficiaries_with_renewal_due"",""metric_period"":""202603"",""metric_value"":""57641"",""rht_flag"":false,""signal_dimension"":""Arkansas|beneficiaries_with_a_renewal_due"",""state"":""AR"",""topic_keys"":[""medicaid"",""chip"",""renewals"",""eligibility"",""unwinding""],""why_matters"":""Renewals due, pending renewals, and procedural disenrollments expose state eligibility processing pressure.""}",https://data.medicaid.gov/api/1/datastore/query/5abea2e0-3f8e-4b49-a50d-d63d5fd9103c/0,"{""aggregation"":""latest reporting_period by state"",""field"":""beneficiaries_with_a_renewal_due"",""source_row_count"":3570,""source_rows_used"":3570,""state_name"":""Arkansas"",""why_matters"":""Renewals due, pending renewals, and procedural disenrollments expose state eligibility processing pressure.""}",2026-07-24T04:43:51Z
cmsmedicaid-a3c38e54342b08ca,medicaid_data,medicaid_datastore,5abea2e0-3f8e-4b49-a50d-d63d5fd9103c,State Medicaid and CHIP Eligibility Processing Data,dataset_signal,AR,eligibility,medicaid; chip; renewals; eligibility; unwinding,pending_renewals,114,202603,2024-11-27,2026-06-26,false,60,"{""dataset_id"":""5abea2e0-3f8e-4b49-a50d-d63d5fd9103c"",""endpoint_type"":""medicaid_datastore"",""method"":""latest reporting_period by state"",""metric_name"":""pending_renewals"",""metric_period"":""202603"",""metric_value"":""114"",""rht_flag"":false,""signal_dimension"":""Arkansas|beneficiaries_with_a_pending_renewal"",""state"":""AR"",""topic_keys"":[""medicaid"",""chip"",""renewals"",""eligibility"",""unwinding""],""why_matters"":""Renewals due, pending renewals, and procedural disenrollments expose state eligibility processing pressure.""}",https://data.medicaid.gov/api/1/datastore/query/5abea2e0-3f8e-4b49-a50d-d63d5fd9103c/0,"{""aggregation"":""latest reporting_period by state"",""field"":""beneficiaries_with_a_pending_renewal"",""source_row_count"":3570,""source_rows_used"":3570,""state_name"":""Arkansas"",""why_matters"":""Renewals due, pending renewals, and procedural disenrollments expose state eligibility processing pressure.""}",2026-07-24T04:43:51Z
cmsmedicaid-6f1c72eccf92443f,medicaid_data,medicaid_datastore,5abea2e0-3f8e-4b49-a50d-d63d5fd9103c,State Medicaid and CHIP Eligibility Processing Data,dataset_signal,AR,eligibility,medicaid; chip; renewals; eligibility; unwinding,procedural_disenrollments_at_renewal,7944,202603,2024-11-27,2026-06-26,false,72,"{""dataset_id"":""5abea2e0-3f8e-4b49-a50d-d63d5fd9103c"",""endpoint_type"":""medicaid_datastore"",""method"":""latest reporting_period by state"",""metric_name"":""procedural_disenrollments_at_renewal"",""metric_period"":""202603"",""metric_value"":""7944"",""rht_flag"":false,""signal_dimension"":""Arkansas|beneficiaries_disenrolled_for_procedural_reasons_at_renewal"",""state"":""AR"",""topic_keys"":[""medicaid"",""chip"",""renewals"",""eligibility"",""unwinding""],""why_matters"":""Renewals due, pending renewals, and procedural disenrollments expose state eligibility processing pressure.""}",https://data.medicaid.gov/api/1/datastore/query/5abea2e0-3f8e-4b49-a50d-d63d5fd9103c/0,"{""aggregation"":""latest reporting_period by state"",""field"":""beneficiaries_disenrolled_for_procedural_reasons_at_renewal"",""source_row_count"":3570,""source_rows_used"":3570,""state_name"":""Arkansas"",""why_matters"":""Renewals due, pending renewals, and procedural disenrollments expose state eligibility processing pressure.""}",2026-07-24T04:43:51Z
cmsmedicaid-1e550cac42115d4c,medicaid_data,medicaid_datastore,5abea2e0-3f8e-4b49-a50d-d63d5fd9103c,State Medicaid and CHIP Eligibility Processing Data,dataset_signal,AZ,eligibility,medicaid; chip; renewals; eligibility; unwinding,beneficiaries_renewed_total,137154,202603,2024-11-27,2026-06-26,false,60,"{""dataset_id"":""5abea2e0-3f8e-4b49-a50d-d63d5fd9103c"",""endpoint_type"":""medicaid_datastore"",""method"":""latest reporting_period by state"",""metric_name"":""beneficiaries_renewed_total"",""metric_period"":""202603"",""metric_value"":""137154"",""rht_flag"":false,""signal_dimension"":""Arizona|beneficiaries_whose_coverage_was_renewed_total"",""state"":""AZ"",""topic_keys"":[""medicaid"",""chip"",""renewals"",""eligibility"",""unwinding""],""why_matters"":""Renewals due, pending renewals, and procedural disenrollments expose state eligibility processing pressure.""}",https://data.medicaid.gov/api/1/datastore/query/5abea2e0-3f8e-4b49-a50d-d63d5fd9103c/0,"{""aggregation"":""latest reporting_period by state"",""field"":""beneficiaries_whose_coverage_was_renewed_total"",""source_row_count"":3570,""source_rows_used"":3570,""state_name"":""Arizona"",""why_matters"":""Renewals due, pending renewals, and procedural disenrollments expose state eligibility processing pressure.""}",2026-07-24T04:43:51Z
cmsmedicaid-f8ff1e60bc89d472,medicaid_data,medicaid_datastore,5abea2e0-3f8e-4b49-a50d-d63d5fd9103c,State Medicaid and CHIP Eligibility Processing Data,dataset_signal,AZ,eligibility,medicaid; chip; renewals; eligibility; unwinding,beneficiaries_with_renewal_due,180456,202603,2024-11-27,2026-06-26,false,60,"{""dataset_id"":""5abea2e0-3f8e-4b49-a50d-d63d5fd9103c"",""endpoint_type"":""medicaid_datastore"",""method"":""latest reporting_period by state"",""metric_name"":""beneficiaries_with_renewal_due"",""metric_period"":""202603"",""metric_value"":""180456"",""rht_flag"":false,""signal_dimension"":""Arizona|beneficiaries_with_a_renewal_due"",""state"":""AZ"",""topic_keys"":[""medicaid"",""chip"",""renewals"",""eligibility"",""unwinding""],""why_matters"":""Renewals due, pending renewals, and procedural disenrollments expose state eligibility processing pressure.""}",https://data.medicaid.gov/api/1/datastore/query/5abea2e0-3f8e-4b49-a50d-d63d5fd9103c/0,"{""aggregation"":""latest reporting_period by state"",""field"":""beneficiaries_with_a_renewal_due"",""source_row_count"":3570,""source_rows_used"":3570,""state_name"":""Arizona"",""why_matters"":""Renewals due, pending renewals, and procedural disenrollments expose state eligibility processing pressure.""}",2026-07-24T04:43:51Z
cmsmedicaid-893b3dca61efd6ec,medicaid_data,medicaid_datastore,5abea2e0-3f8e-4b49-a50d-d63d5fd9103c,State Medicaid and CHIP Eligibility Processing Data,dataset_signal,AZ,eligibility,medicaid; chip; renewals; eligibility; unwinding,pending_renewals,12130,202603,2024-11-27,2026-06-26,false,60,"{""dataset_id"":""5abea2e0-3f8e-4b49-a50d-d63d5fd9103c"",""endpoint_type"":""medicaid_datastore"",""method"":""latest reporting_period by state"",""metric_name"":""pending_renewals"",""metric_period"":""202603"",""metric_value"":""12130"",""rht_flag"":false,""signal_dimension"":""Arizona|beneficiaries_with_a_pending_renewal"",""state"":""AZ"",""topic_keys"":[""medicaid"",""chip"",""renewals"",""eligibility"",""unwinding""],""why_matters"":""Renewals due, pending renewals, and procedural disenrollments expose state eligibility processing pressure.""}",https://data.medicaid.gov/api/1/datastore/query/5abea2e0-3f8e-4b49-a50d-d63d5fd9103c/0,"{""aggregation"":""latest reporting_period by state"",""field"":""beneficiaries_with_a_pending_renewal"",""source_row_count"":3570,""source_rows_used"":3570,""state_name"":""Arizona"",""why_matters"":""Renewals due, pending renewals, and procedural disenrollments expose state eligibility processing pressure.""}",2026-07-24T04:43:51Z
cmsmedicaid-4c1b9b336ada4703,medicaid_data,medicaid_datastore,5abea2e0-3f8e-4b49-a50d-d63d5fd9103c,State Medicaid and CHIP Eligibility Processing Data,dataset_signal,AZ,eligibility,medicaid; chip; renewals; eligibility; unwinding,procedural_disenrollments_at_renewal,23217,202603,2024-11-27,2026-06-26,false,72,"{""dataset_id"":""5abea2e0-3f8e-4b49-a50d-d63d5fd9103c"",""endpoint_type"":""medicaid_datastore"",""method"":""latest reporting_period by state"",""metric_name"":""procedural_disenrollments_at_renewal"",""metric_period"":""202603"",""metric_value"":""23217"",""rht_flag"":false,""signal_dimension"":""Arizona|beneficiaries_disenrolled_for_procedural_reasons_at_renewal"",""state"":""AZ"",""topic_keys"":[""medicaid"",""chip"",""renewals"",""eligibility"",""unwinding""],""why_matters"":""Renewals due, pending renewals, and procedural disenrollments expose state eligibility processing pressure.""}",https://data.medicaid.gov/api/1/datastore/query/5abea2e0-3f8e-4b49-a50d-d63d5fd9103c/0,"{""aggregation"":""latest reporting_period by state"",""field"":""beneficiaries_disenrolled_for_procedural_reasons_at_renewal"",""source_row_count"":3570,""source_rows_used"":3570,""state_name"":""Arizona"",""why_matters"":""Renewals due, pending renewals, and procedural disenrollments expose state eligibility processing pressure.""}",2026-07-24T04:43:51Z
cmsmedicaid-bf4a8effd15a11e2,medicaid_data,medicaid_datastore,5abea2e0-3f8e-4b49-a50d-d63d5fd9103c,State Medicaid and CHIP Eligibility Processing Data,dataset_signal,CA,eligibility,medicaid; chip; renewals; eligibility; unwinding,beneficiaries_renewed_total,603754,202603,2024-11-27,2026-06-26,false,60,"{""dataset_id"":""5abea2e0-3f8e-4b49-a50d-d63d5fd9103c"",""endpoint_type"":""medicaid_datastore"",""method"":""latest reporting_period by state"",""metric_name"":""beneficiaries_renewed_total"",""metric_period"":""202603"",""metric_value"":""603754"",""rht_flag"":false,""signal_dimension"":""California|beneficiaries_whose_coverage_was_renewed_total"",""state"":""CA"",""topic_keys"":[""medicaid"",""chip"",""renewals"",""eligibility"",""unwinding""],""why_matters"":""Renewals due, pending renewals, and procedural disenrollments expose state eligibility processing pressure.""}",https://data.medicaid.gov/api/1/datastore/query/5abea2e0-3f8e-4b49-a50d-d63d5fd9103c/0,"{""aggregation"":""latest reporting_period by state"",""field"":""beneficiaries_whose_coverage_was_renewed_total"",""source_row_count"":3570,""source_rows_used"":3570,""state_name"":""California"",""why_matters"":""Renewals due, pending renewals, and procedural disenrollments expose state eligibility processing pressure.""}",2026-07-24T04:43:51Z
cmsmedicaid-c63dc7a26fa1496d,medicaid_data,medicaid_datastore,5abea2e0-3f8e-4b49-a50d-d63d5fd9103c,State Medicaid and CHIP Eligibility Processing Data,dataset_signal,CA,eligibility,medicaid; chip; renewals; eligibility; unwinding,beneficiaries_with_renewal_due,1053563,202603,2024-11-27,2026-06-26,false,60,"{""dataset_id"":""5abea2e0-3f8e-4b49-a50d-d63d5fd9103c"",""endpoint_type"":""medicaid_datastore"",""method"":""latest reporting_period by state"",""metric_name"":""beneficiaries_with_renewal_due"",""metric_period"":""202603"",""metric_value"":""1053563"",""rht_flag"":false,""signal_dimension"":""California|beneficiaries_with_a_renewal_due"",""state"":""CA"",""topic_keys"":[""medicaid"",""chip"",""renewals"",""eligibility"",""unwinding""],""why_matters"":""Renewals due, pending renewals, and procedural disenrollments expose state eligibility processing pressure.""}",https://data.medicaid.gov/api/1/datastore/query/5abea2e0-3f8e-4b49-a50d-d63d5fd9103c/0,"{""aggregation"":""latest reporting_period by state"",""field"":""beneficiaries_with_a_renewal_due"",""source_row_count"":3570,""source_rows_used"":3570,""state_name"":""California"",""why_matters"":""Renewals due, pending renewals, and procedural disenrollments expose state eligibility processing pressure.""}",2026-07-24T04:43:51Z
cmsmedicaid-b595324c35db4011,medicaid_data,medicaid_datastore,5abea2e0-3f8e-4b49-a50d-d63d5fd9103c,State Medicaid and CHIP Eligibility Processing Data,dataset_signal,CA,eligibility,medicaid; chip; renewals; eligibility; unwinding,pending_renewals,229831,202603,2024-11-27,2026-06-26,false,60,"{""dataset_id"":""5abea2e0-3f8e-4b49-a50d-d63d5fd9103c"",""endpoint_type"":""medicaid_datastore"",""method"":""latest reporting_period by state"",""metric_name"":""pending_renewals"",""metric_period"":""202603"",""metric_value"":""229831"",""rht_flag"":false,""signal_dimension"":""California|beneficiaries_with_a_pending_renewal"",""state"":""CA"",""topic_keys"":[""medicaid"",""chip"",""renewals"",""eligibility"",""unwinding""],""why_matters"":""Renewals due, pending renewals, and procedural disenrollments expose state eligibility processing pressure.""}",https://data.medicaid.gov/api/1/datastore/query/5abea2e0-3f8e-4b49-a50d-d63d5fd9103c/0,"{""aggregation"":""latest reporting_period by state"",""field"":""beneficiaries_with_a_pending_renewal"",""source_row_count"":3570,""source_rows_used"":3570,""state_name"":""California"",""why_matters"":""Renewals due, pending renewals, and procedural disenrollments expose state eligibility processing pressure.""}",2026-07-24T04:43:51Z
cmsmedicaid-bdbf5612258744ea,medicaid_data,medicaid_datastore,5abea2e0-3f8e-4b49-a50d-d63d5fd9103c,State Medicaid and CHIP Eligibility Processing Data,dataset_signal,CA,eligibility,medicaid; chip; renewals; eligibility; unwinding,procedural_disenrollments_at_renewal,200989,202603,2024-11-27,2026-06-26,false,72,"{""dataset_id"":""5abea2e0-3f8e-4b49-a50d-d63d5fd9103c"",""endpoint_type"":""medicaid_datastore"",""method"":""latest reporting_period by state"",""metric_name"":""procedural_disenrollments_at_renewal"",""metric_period"":""202603"",""metric_value"":""200989"",""rht_flag"":false,""signal_dimension"":""California|beneficiaries_disenrolled_for_procedural_reasons_at_renewal"",""state"":""CA"",""topic_keys"":[""medicaid"",""chip"",""renewals"",""eligibility"",""unwinding""],""why_matters"":""Renewals due, pending renewals, and procedural disenrollments expose state eligibility processing pressure.""}",https://data.medicaid.gov/api/1/datastore/query/5abea2e0-3f8e-4b49-a50d-d63d5fd9103c/0,"{""aggregation"":""latest reporting_period by state"",""field"":""beneficiaries_disenrolled_for_procedural_reasons_at_renewal"",""source_row_count"":3570,""source_rows_used"":3570,""state_name"":""California"",""why_matters"":""Renewals due, pending renewals, and procedural disenrollments expose state eligibility processing pressure.""}",2026-07-24T04:43:51Z
cmsmedicaid-9318dddcfd44fd02,medicaid_data,medicaid_datastore,5abea2e0-3f8e-4b49-a50d-d63d5fd9103c,State Medicaid and CHIP Eligibility Processing Data,dataset_signal,CO,eligibility,medicaid; chip; renewals; eligibility; unwinding,beneficiaries_renewed_total,74370,202603,2024-11-27,2026-06-26,false,60,"{""dataset_id"":""5abea2e0-3f8e-4b49-a50d-d63d5fd9103c"",""endpoint_type"":""medicaid_datastore"",""method"":""latest reporting_period by state"",""metric_name"":""beneficiaries_renewed_total"",""metric_period"":""202603"",""metric_value"":""74370"",""rht_flag"":false,""signal_dimension"":""Colorado|beneficiaries_whose_coverage_was_renewed_total"",""state"":""CO"",""topic_keys"":[""medicaid"",""chip"",""renewals"",""eligibility"",""unwinding""],""why_matters"":""Renewals due, pending renewals, and procedural disenrollments expose state eligibility processing pressure.""}",https://data.medicaid.gov/api/1/datastore/query/5abea2e0-3f8e-4b49-a50d-d63d5fd9103c/0,"{""aggregation"":""latest reporting_period by state"",""field"":""beneficiaries_whose_coverage_was_renewed_total"",""source_row_count"":3570,""source_rows_used"":3570,""state_name"":""Colorado"",""why_matters"":""Renewals due, pending renewals, and procedural disenrollments expose state eligibility processing pressure.""}",2026-07-24T04:43:51Z
cmsmedicaid-40f238257ac92e1e,medicaid_data,medicaid_datastore,5abea2e0-3f8e-4b49-a50d-d63d5fd9103c,State Medicaid and CHIP Eligibility Processing Data,dataset_signal,CO,eligibility,medicaid; chip; renewals; eligibility; unwinding,beneficiaries_with_renewal_due,97700,202603,2024-11-27,2026-06-26,false,60,"{""dataset_id"":""5abea2e0-3f8e-4b49-a50d-d63d5fd9103c"",""endpoint_type"":""medicaid_datastore"",""method"":""latest reporting_period by state"",""metric_name"":""beneficiaries_with_renewal_due"",""metric_period"":""202603"",""metric_value"":""97700"",""rht_flag"":false,""signal_dimension"":""Colorado|beneficiaries_with_a_renewal_due"",""state"":""CO"",""topic_keys"":[""medicaid"",""chip"",""renewals"",""eligibility"",""unwinding""],""why_matters"":""Renewals due, pending renewals, and procedural disenrollments expose state eligibility processing pressure.""}",https://data.medicaid.gov/api/1/datastore/query/5abea2e0-3f8e-4b49-a50d-d63d5fd9103c/0,"{""aggregation"":""latest reporting_period by state"",""field"":""beneficiaries_with_a_renewal_due"",""source_row_count"":3570,""source_rows_used"":3570,""state_name"":""Colorado"",""why_matters"":""Renewals due, pending renewals, and procedural disenrollments expose state eligibility processing pressure.""}",2026-07-24T04:43:51Z
cmsmedicaid-184e70bc0de6883a,medicaid_data,medicaid_datastore,5abea2e0-3f8e-4b49-a50d-d63d5fd9103c,State Medicaid and CHIP Eligibility Processing Data,dataset_signal,CO,eligibility,medicaid; chip; renewals; eligibility; unwinding,pending_renewals,2178,202603,2024-11-27,2026-06-26,false,60,"{""dataset_id"":""5abea2e0-3f8e-4b49-a50d-d63d5fd9103c"",""endpoint_type"":""medicaid_datastore"",""method"":""latest reporting_period by state"",""metric_name"":""pending_renewals"",""metric_period"":""202603"",""metric_value"":""2178"",""rht_flag"":false,""signal_dimension"":""Colorado|beneficiaries_with_a_pending_renewal"",""state"":""CO"",""topic_keys"":[""medicaid"",""chip"",""renewals"",""eligibility"",""unwinding""],""why_matters"":""Renewals due, pending renewals, and procedural disenrollments expose state eligibility processing pressure.""}",https://data.medicaid.gov/api/1/datastore/query/5abea2e0-3f8e-4b49-a50d-d63d5fd9103c/0,"{""aggregation"":""latest reporting_period by state"",""field"":""beneficiaries_with_a_pending_renewal"",""source_row_count"":3570,""source_rows_used"":3570,""state_name"":""Colorado"",""why_matters"":""Renewals due, pending renewals, and procedural disenrollments expose state eligibility processing pressure.""}",2026-07-24T04:43:51Z
cmsmedicaid-626db0cb5957c55e,medicaid_data,medicaid_datastore,5abea2e0-3f8e-4b49-a50d-d63d5fd9103c,State Medicaid and CHIP Eligibility Processing Data,dataset_signal,CO,eligibility,medicaid; chip; renewals; eligibility; unwinding,procedural_disenrollments_at_renewal,13230,202603,2024-11-27,2026-06-26,false,72,"{""dataset_id"":""5abea2e0-3f8e-4b49-a50d-d63d5fd9103c"",""endpoint_type"":""medicaid_datastore"",""method"":""latest reporting_period by state"",""metric_name"":""procedural_disenrollments_at_renewal"",""metric_period"":""202603"",""metric_value"":""13230"",""rht_flag"":false,""signal_dimension"":""Colorado|beneficiaries_disenrolled_for_procedural_reasons_at_renewal"",""state"":""CO"",""topic_keys"":[""medicaid"",""chip"",""renewals"",""eligibility"",""unwinding""],""why_matters"":""Renewals due, pending renewals, and procedural disenrollments expose state eligibility processing pressure.""}",https://data.medicaid.gov/api/1/datastore/query/5abea2e0-3f8e-4b49-a50d-d63d5fd9103c/0,"{""aggregation"":""latest reporting_period by state"",""field"":""beneficiaries_disenrolled_for_procedural_reasons_at_renewal"",""source_row_count"":3570,""source_rows_used"":3570,""state_name"":""Colorado"",""why_matters"":""Renewals due, pending renewals, and procedural disenrollments expose state eligibility processing pressure.""}",2026-07-24T04:43:51Z
cmsmedicaid-ea60fb96a1ea095f,medicaid_data,medicaid_datastore,5abea2e0-3f8e-4b49-a50d-d63d5fd9103c,State Medicaid and CHIP Eligibility Processing Data,dataset_signal,CT,eligibility,medicaid; chip; renewals; eligibility; unwinding,beneficiaries_renewed_total,90108,202603,2024-11-27,2026-06-26,false,60,"{""dataset_id"":""5abea2e0-3f8e-4b49-a50d-d63d5fd9103c"",""endpoint_type"":""medicaid_datastore"",""method"":""latest reporting_period by state"",""metric_name"":""beneficiaries_renewed_total"",""metric_period"":""202603"",""metric_value"":""90108"",""rht_flag"":false,""signal_dimension"":""Connecticut|beneficiaries_whose_coverage_was_renewed_total"",""state"":""CT"",""topic_keys"":[""medicaid"",""chip"",""renewals"",""eligibility"",""unwinding""],""why_matters"":""Renewals due, pending renewals, and procedural disenrollments expose state eligibility processing pressure.""}",https://data.medicaid.gov/api/1/datastore/query/5abea2e0-3f8e-4b49-a50d-d63d5fd9103c/0,"{""aggregation"":""latest reporting_period by state"",""field"":""beneficiaries_whose_coverage_was_renewed_total"",""source_row_count"":3570,""source_rows_used"":3570,""state_name"":""Connecticut"",""why_matters"":""Renewals due, pending renewals, and procedural disenrollments expose state eligibility processing pressure.""}",2026-07-24T04:43:51Z
cmsmedicaid-986441d2c5d53d6d,medicaid_data,medicaid_datastore,5abea2e0-3f8e-4b49-a50d-d63d5fd9103c,State Medicaid and CHIP Eligibility Processing Data,dataset_signal,CT,eligibility,medicaid; chip; renewals; eligibility; unwinding,beneficiaries_with_renewal_due,101908,202603,2024-11-27,2026-06-26,false,60,"{""dataset_id"":""5abea2e0-3f8e-4b49-a50d-d63d5fd9103c"",""endpoint_type"":""medicaid_datastore"",""method"":""latest reporting_period by state"",""metric_name"":""beneficiaries_with_renewal_due"",""metric_period"":""202603"",""metric_value"":""101908"",""rht_flag"":false,""signal_dimension"":""Connecticut|beneficiaries_with_a_renewal_due"",""state"":""CT"",""topic_keys"":[""medicaid"",""chip"",""renewals"",""eligibility"",""unwinding""],""why_matters"":""Renewals due, pending renewals, and procedural disenrollments expose state eligibility processing pressure.""}",https://data.medicaid.gov/api/1/datastore/query/5abea2e0-3f8e-4b49-a50d-d63d5fd9103c/0,"{""aggregation"":""latest reporting_period by state"",""field"":""beneficiaries_with_a_renewal_due"",""source_row_count"":3570,""source_rows_used"":3570,""state_name"":""Connecticut"",""why_matters"":""Renewals due, pending renewals, and procedural disenrollments expose state eligibility processing pressure.""}",2026-07-24T04:43:51Z
cmsmedicaid-1d77a6a20b7977b9,medicaid_data,medicaid_datastore,5abea2e0-3f8e-4b49-a50d-d63d5fd9103c,State Medicaid and CHIP Eligibility Processing Data,dataset_signal,CT,eligibility,medicaid; chip; renewals; eligibility; unwinding,pending_renewals,3497,202603,2024-11-27,2026-06-26,false,60,"{""dataset_id"":""5abea2e0-3f8e-4b49-a50d-d63d5fd9103c"",""endpoint_type"":""medicaid_datastore"",""method"":""latest reporting_period by state"",""metric_name"":""pending_renewals"",""metric_period"":""202603"",""metric_value"":""3497"",""rht_flag"":false,""signal_dimension"":""Connecticut|beneficiaries_with_a_pending_renewal"",""state"":""CT"",""topic_keys"":[""medicaid"",""chip"",""renewals"",""eligibility"",""unwinding""],""why_matters"":""Renewals due, pending renewals, and procedural disenrollments expose state eligibility processing pressure.""}",https://data.medicaid.gov/api/1/datastore/query/5abea2e0-3f8e-4b49-a50d-d63d5fd9103c/0,"{""aggregation"":""latest reporting_period by state"",""field"":""beneficiaries_with_a_pending_renewal"",""source_row_count"":3570,""source_rows_used"":3570,""state_name"":""Connecticut"",""why_matters"":""Renewals due, pending renewals, and procedural disenrollments expose state eligibility processing pressure.""}",2026-07-24T04:43:51Z
cmsmedicaid-4fd553c6512a7dce,medicaid_data,medicaid_datastore,5abea2e0-3f8e-4b49-a50d-d63d5fd9103c,State Medicaid and CHIP Eligibility Processing Data,dataset_signal,CT,eligibility,medicaid; chip; renewals; eligibility; unwinding,procedural_disenrollments_at_renewal,3568,202603,2024-11-27,2026-06-26,false,72,"{""dataset_id"":""5abea2e0-3f8e-4b49-a50d-d63d5fd9103c"",""endpoint_type"":""medicaid_datastore"",""method"":""latest reporting_period by state"",""metric_name"":""procedural_disenrollments_at_renewal"",""metric_period"":""202603"",""metric_value"":""3568"",""rht_flag"":false,""signal_dimension"":""Connecticut|beneficiaries_disenrolled_for_procedural_reasons_at_renewal"",""state"":""CT"",""topic_keys"":[""medicaid"",""chip"",""renewals"",""eligibility"",""unwinding""],""why_matters"":""Renewals due, pending renewals, and procedural disenrollments expose state eligibility processing pressure.""}",https://data.medicaid.gov/api/1/datastore/query/5abea2e0-3f8e-4b49-a50d-d63d5fd9103c/0,"{""aggregation"":""latest reporting_period by state"",""field"":""beneficiaries_disenrolled_for_procedural_reasons_at_renewal"",""source_row_count"":3570,""source_rows_used"":3570,""state_name"":""Connecticut"",""why_matters"":""Renewals due, pending renewals, and procedural disenrollments expose state eligibility processing pressure.""}",2026-07-24T04:43:51Z
cmsmedicaid-ec8568b330f98725,medicaid_data,medicaid_datastore,5abea2e0-3f8e-4b49-a50d-d63d5fd9103c,State Medicaid and CHIP Eligibility Processing Data,dataset_signal,DC,eligibility,medicaid; chip; renewals; eligibility; unwinding,beneficiaries_renewed_total,13137,202603,2024-11-27,2026-06-26,false,60,"{""dataset_id"":""5abea2e0-3f8e-4b49-a50d-d63d5fd9103c"",""endpoint_type"":""medicaid_datastore"",""method"":""latest reporting_period by state"",""metric_name"":""beneficiaries_renewed_total"",""metric_period"":""202603"",""metric_value"":""13137"",""rht_flag"":false,""signal_dimension"":""District of Columbia|beneficiaries_whose_coverage_was_renewed_total"",""state"":""DC"",""topic_keys"":[""medicaid"",""chip"",""renewals"",""eligibility"",""unwinding""],""why_matters"":""Renewals due, pending renewals, and procedural disenrollments expose state eligibility processing pressure.""}",https://data.medicaid.gov/api/1/datastore/query/5abea2e0-3f8e-4b49-a50d-d63d5fd9103c/0,"{""aggregation"":""latest reporting_period by state"",""field"":""beneficiaries_whose_coverage_was_renewed_total"",""source_row_count"":3570,""source_rows_used"":3570,""state_name"":""District of Columbia"",""why_matters"":""Renewals due, pending renewals, and procedural disenrollments expose state eligibility processing pressure.""}",2026-07-24T04:43:51Z
cmsmedicaid-e3a54d01cf881a93,medicaid_data,medicaid_datastore,5abea2e0-3f8e-4b49-a50d-d63d5fd9103c,State Medicaid and CHIP Eligibility Processing Data,dataset_signal,DC,eligibility,medicaid; chip; renewals; eligibility; unwinding,beneficiaries_with_renewal_due,18078,202603,2024-11-27,2026-06-26,false,60,"{""dataset_id"":""5abea2e0-3f8e-4b49-a50d-d63d5fd9103c"",""endpoint_type"":""medicaid_datastore"",""method"":""latest reporting_period by state"",""metric_name"":""beneficiaries_with_renewal_due"",""metric_period"":""202603"",""metric_value"":""18078"",""rht_flag"":false,""signal_dimension"":""District of Columbia|beneficiaries_with_a_renewal_due"",""state"":""DC"",""topic_keys"":[""medicaid"",""chip"",""renewals"",""eligibility"",""unwinding""],""why_matters"":""Renewals due, pending renewals, and procedural disenrollments expose state eligibility processing pressure.""}",https://data.medicaid.gov/api/1/datastore/query/5abea2e0-3f8e-4b49-a50d-d63d5fd9103c/0,"{""aggregation"":""latest reporting_period by state"",""field"":""beneficiaries_with_a_renewal_due"",""source_row_count"":3570,""source_rows_used"":3570,""state_name"":""District of Columbia"",""why_matters"":""Renewals due, pending renewals, and procedural disenrollments expose state eligibility processing pressure.""}",2026-07-24T04:43:51Z
cmsmedicaid-90b5bfa53c2b08f6,medicaid_data,medicaid_datastore,5abea2e0-3f8e-4b49-a50d-d63d5fd9103c,State Medicaid and CHIP Eligibility Processing Data,dataset_signal,DC,eligibility,medicaid; chip; renewals; eligibility; unwinding,pending_renewals,1875,202603,2024-11-27,2026-06-26,false,60,"{""dataset_id"":""5abea2e0-3f8e-4b49-a50d-d63d5fd9103c"",""endpoint_type"":""medicaid_datastore"",""method"":""latest reporting_period by state"",""metric_name"":""pending_renewals"",""metric_period"":""202603"",""metric_value"":""1875"",""rht_flag"":false,""signal_dimension"":""District of Columbia|beneficiaries_with_a_pending_renewal"",""state"":""DC"",""topic_keys"":[""medicaid"",""chip"",""renewals"",""eligibility"",""unwinding""],""why_matters"":""Renewals due, pending renewals, and procedural disenrollments expose state eligibility processing pressure.""}",https://data.medicaid.gov/api/1/datastore/query/5abea2e0-3f8e-4b49-a50d-d63d5fd9103c/0,"{""aggregation"":""latest reporting_period by state"",""field"":""beneficiaries_with_a_pending_renewal"",""source_row_count"":3570,""source_rows_used"":3570,""state_name"":""District of Columbia"",""why_matters"":""Renewals due, pending renewals, and procedural disenrollments expose state eligibility processing pressure.""}",2026-07-24T04:43:51Z
cmsmedicaid-213882f61613168b,medicaid_data,medicaid_datastore,5abea2e0-3f8e-4b49-a50d-d63d5fd9103c,State Medicaid and CHIP Eligibility Processing Data,dataset_signal,DC,eligibility,medicaid; chip; renewals; eligibility; unwinding,procedural_disenrollments_at_renewal,2890,202603,2024-11-27,2026-06-26,false,72,"{""dataset_id"":""5abea2e0-3f8e-4b49-a50d-d63d5fd9103c"",""endpoint_type"":""medicaid_datastore"",""method"":""latest reporting_period by state"",""metric_name"":""procedural_disenrollments_at_renewal"",""metric_period"":""202603"",""metric_value"":""2890"",""rht_flag"":false,""signal_dimension"":""District of Columbia|beneficiaries_disenrolled_for_procedural_reasons_at_renewal"",""state"":""DC"",""topic_keys"":[""medicaid"",""chip"",""renewals"",""eligibility"",""unwinding""],""why_matters"":""Renewals due, pending renewals, and procedural disenrollments expose state eligibility processing pressure.""}",https://data.medicaid.gov/api/1/datastore/query/5abea2e0-3f8e-4b49-a50d-d63d5fd9103c/0,"{""aggregation"":""latest reporting_period by state"",""field"":""beneficiaries_disenrolled_for_procedural_reasons_at_renewal"",""source_row_count"":3570,""source_rows_used"":3570,""state_name"":""District of Columbia"",""why_matters"":""Renewals due, pending renewals, and procedural disenrollments expose state eligibility processing pressure.""}",2026-07-24T04:43:51Z
cmsmedicaid-8b47455263835504,medicaid_data,medicaid_datastore,5abea2e0-3f8e-4b49-a50d-d63d5fd9103c,State Medicaid and CHIP Eligibility Processing Data,dataset_signal,DE,eligibility,medicaid; chip; renewals; eligibility; unwinding,beneficiaries_renewed_total,13463,202603,2024-11-27,2026-06-26,false,60,"{""dataset_id"":""5abea2e0-3f8e-4b49-a50d-d63d5fd9103c"",""endpoint_type"":""medicaid_datastore"",""method"":""latest reporting_period by state"",""metric_name"":""beneficiaries_renewed_total"",""metric_period"":""202603"",""metric_value"":""13463"",""rht_flag"":false,""signal_dimension"":""Delaware|beneficiaries_whose_coverage_was_renewed_total"",""state"":""DE"",""topic_keys"":[""medicaid"",""chip"",""renewals"",""eligibility"",""unwinding""],""why_matters"":""Renewals due, pending renewals, and procedural disenrollments expose state eligibility processing pressure.""}",https://data.medicaid.gov/api/1/datastore/query/5abea2e0-3f8e-4b49-a50d-d63d5fd9103c/0,"{""aggregation"":""latest reporting_period by state"",""field"":""beneficiaries_whose_coverage_was_renewed_total"",""source_row_count"":3570,""source_rows_used"":3570,""state_name"":""Delaware"",""why_matters"":""Renewals due, pending renewals, and procedural disenrollments expose state eligibility processing pressure.""}",2026-07-24T04:43:51Z
cmsmedicaid-cc6d373a364c8db3,medicaid_data,medicaid_datastore,5abea2e0-3f8e-4b49-a50d-d63d5fd9103c,State Medicaid and CHIP Eligibility Processing Data,dataset_signal,DE,eligibility,medicaid; chip; renewals; eligibility; unwinding,beneficiaries_with_renewal_due,19890,202603,2024-11-27,2026-06-26,false,60,"{""dataset_id"":""5abea2e0-3f8e-4b49-a50d-d63d5fd9103c"",""endpoint_type"":""medicaid_datastore"",""method"":""latest reporting_period by state"",""metric_name"":""beneficiaries_with_renewal_due"",""metric_period"":""202603"",""metric_value"":""19890"",""rht_flag"":false,""signal_dimension"":""Delaware|beneficiaries_with_a_renewal_due"",""state"":""DE"",""topic_keys"":[""medicaid"",""chip"",""renewals"",""eligibility"",""unwinding""],""why_matters"":""Renewals due, pending renewals, and procedural disenrollments expose state eligibility processing pressure.""}",https://data.medicaid.gov/api/1/datastore/query/5abea2e0-3f8e-4b49-a50d-d63d5fd9103c/0,"{""aggregation"":""latest reporting_period by state"",""field"":""beneficiaries_with_a_renewal_due"",""source_row_count"":3570,""source_rows_used"":3570,""state_name"":""Delaware"",""why_matters"":""Renewals due, pending renewals, and procedural disenrollments expose state eligibility processing pressure.""}",2026-07-24T04:43:51Z
cmsmedicaid-f10c373a4b28c4b2,medicaid_data,medicaid_datastore,5abea2e0-3f8e-4b49-a50d-d63d5fd9103c,State Medicaid and CHIP Eligibility Processing Data,dataset_signal,DE,eligibility,medicaid; chip; renewals; eligibility; unwinding,pending_renewals,247,202603,2024-11-27,2026-06-26,false,60,"{""dataset_id"":""5abea2e0-3f8e-4b49-a50d-d63d5fd9103c"",""endpoint_type"":""medicaid_datastore"",""method"":""latest reporting_period by state"",""metric_name"":""pending_renewals"",""metric_period"":""202603"",""metric_value"":""247"",""rht_flag"":false,""signal_dimension"":""Delaware|beneficiaries_with_a_pending_renewal"",""state"":""DE"",""topic_keys"":[""medicaid"",""chip"",""renewals"",""eligibility"",""unwinding""],""why_matters"":""Renewals due, pending renewals, and procedural disenrollments expose state eligibility processing pressure.""}",https://data.medicaid.gov/api/1/datastore/query/5abea2e0-3f8e-4b49-a50d-d63d5fd9103c/0,"{""aggregation"":""latest reporting_period by state"",""field"":""beneficiaries_with_a_pending_renewal"",""source_row_count"":3570,""source_rows_used"":3570,""state_name"":""Delaware"",""why_matters"":""Renewals due, pending renewals, and procedural disenrollments expose state eligibility processing pressure.""}",2026-07-24T04:43:51Z
cmsmedicaid-314b64bdb49a0846,medicaid_data,medicaid_datastore,5abea2e0-3f8e-4b49-a50d-d63d5fd9103c,State Medicaid and CHIP Eligibility Processing Data,dataset_signal,DE,eligibility,medicaid; chip; renewals; eligibility; unwinding,procedural_disenrollments_at_renewal,4458,202603,2024-11-27,2026-06-26,false,72,"{""dataset_id"":""5abea2e0-3f8e-4b49-a50d-d63d5fd9103c"",""endpoint_type"":""medicaid_datastore"",""method"":""latest reporting_period by state"",""metric_name"":""procedural_disenrollments_at_renewal"",""metric_period"":""202603"",""metric_value"":""4458"",""rht_flag"":false,""signal_dimension"":""Delaware|beneficiaries_disenrolled_for_procedural_reasons_at_renewal"",""state"":""DE"",""topic_keys"":[""medicaid"",""chip"",""renewals"",""eligibility"",""unwinding""],""why_matters"":""Renewals due, pending renewals, and procedural disenrollments expose state eligibility processing pressure.""}",https://data.medicaid.gov/api/1/datastore/query/5abea2e0-3f8e-4b49-a50d-d63d5fd9103c/0,"{""aggregation"":""latest reporting_period by state"",""field"":""beneficiaries_disenrolled_for_procedural_reasons_at_renewal"",""source_row_count"":3570,""source_rows_used"":3570,""state_name"":""Delaware"",""why_matters"":""Renewals due, pending renewals, and procedural disenrollments expose state eligibility processing pressure.""}",2026-07-24T04:43:51Z
cmsmedicaid-f55ba6b8ebbb9bb5,medicaid_data,medicaid_datastore,5abea2e0-3f8e-4b49-a50d-d63d5fd9103c,State Medicaid and CHIP Eligibility Processing Data,dataset_signal,FL,eligibility,medicaid; chip; renewals; eligibility; unwinding,beneficiaries_renewed_total,116800,202603,2024-11-27,2026-06-26,false,60,"{""dataset_id"":""5abea2e0-3f8e-4b49-a50d-d63d5fd9103c"",""endpoint_type"":""medicaid_datastore"",""method"":""latest reporting_period by state"",""metric_name"":""beneficiaries_renewed_total"",""metric_period"":""202603"",""metric_value"":""116800"",""rht_flag"":false,""signal_dimension"":""Florida|beneficiaries_whose_coverage_was_renewed_total"",""state"":""FL"",""topic_keys"":[""medicaid"",""chip"",""renewals"",""eligibility"",""unwinding""],""why_matters"":""Renewals due, pending renewals, and procedural disenrollments expose state eligibility processing pressure.""}",https://data.medicaid.gov/api/1/datastore/query/5abea2e0-3f8e-4b49-a50d-d63d5fd9103c/0,"{""aggregation"":""latest reporting_period by state"",""field"":""beneficiaries_whose_coverage_was_renewed_total"",""source_row_count"":3570,""source_rows_used"":3570,""state_name"":""Florida"",""why_matters"":""Renewals due, pending renewals, and procedural disenrollments expose state eligibility processing pressure.""}",2026-07-24T04:43:51Z
cmsmedicaid-879b99f3d0d021f9,medicaid_data,medicaid_datastore,5abea2e0-3f8e-4b49-a50d-d63d5fd9103c,State Medicaid and CHIP Eligibility Processing Data,dataset_signal,FL,eligibility,medicaid; chip; renewals; eligibility; unwinding,beneficiaries_with_renewal_due,190674,202603,2024-11-27,2026-06-26,false,60,"{""dataset_id"":""5abea2e0-3f8e-4b49-a50d-d63d5fd9103c"",""endpoint_type"":""medicaid_datastore"",""method"":""latest reporting_period by state"",""metric_name"":""beneficiaries_with_renewal_due"",""metric_period"":""202603"",""metric_value"":""190674"",""rht_flag"":false,""signal_dimension"":""Florida|beneficiaries_with_a_renewal_due"",""state"":""FL"",""topic_keys"":[""medicaid"",""chip"",""renewals"",""eligibility"",""unwinding""],""why_matters"":""Renewals due, pending renewals, and procedural disenrollments expose state eligibility processing pressure.""}",https://data.medicaid.gov/api/1/datastore/query/5abea2e0-3f8e-4b49-a50d-d63d5fd9103c/0,"{""aggregation"":""latest reporting_period by state"",""field"":""beneficiaries_with_a_renewal_due"",""source_row_count"":3570,""source_rows_used"":3570,""state_name"":""Florida"",""why_matters"":""Renewals due, pending renewals, and procedural disenrollments expose state eligibility processing pressure.""}",2026-07-24T04:43:51Z
cmsmedicaid-8333fa3a9049bdb4,medicaid_data,medicaid_datastore,5abea2e0-3f8e-4b49-a50d-d63d5fd9103c,State Medicaid and CHIP Eligibility Processing Data,dataset_signal,FL,eligibility,medicaid; chip; renewals; eligibility; unwinding,pending_renewals,37401,202603,2024-11-27,2026-06-26,false,60,"{""dataset_id"":""5abea2e0-3f8e-4b49-a50d-d63d5fd9103c"",""endpoint_type"":""medicaid_datastore"",""method"":""latest reporting_period by state"",""metric_name"":""pending_renewals"",""metric_period"":""202603"",""metric_value"":""37401"",""rht_flag"":false,""signal_dimension"":""Florida|beneficiaries_with_a_pending_renewal"",""state"":""FL"",""topic_keys"":[""medicaid"",""chip"",""renewals"",""eligibility"",""unwinding""],""why_matters"":""Renewals due, pending renewals, and procedural disenrollments expose state eligibility processing pressure.""}",https://data.medicaid.gov/api/1/datastore/query/5abea2e0-3f8e-4b49-a50d-d63d5fd9103c/0,"{""aggregation"":""latest reporting_period by state"",""field"":""beneficiaries_with_a_pending_renewal"",""source_row_count"":3570,""source_rows_used"":3570,""state_name"":""Florida"",""why_matters"":""Renewals due, pending renewals, and procedural disenrollments expose state eligibility processing pressure.""}",2026-07-24T04:43:51Z
cmsmedicaid-87643771f3d28da8,medicaid_data,medicaid_datastore,5abea2e0-3f8e-4b49-a50d-d63d5fd9103c,State Medicaid and CHIP Eligibility Processing Data,dataset_signal,FL,eligibility,medicaid; chip; renewals; eligibility; unwinding,procedural_disenrollments_at_renewal,21930,202603,2024-11-27,2026-06-26,false,72,"{""dataset_id"":""5abea2e0-3f8e-4b49-a50d-d63d5fd9103c"",""endpoint_type"":""medicaid_datastore"",""method"":""latest reporting_period by state"",""metric_name"":""procedural_disenrollments_at_renewal"",""metric_period"":""202603"",""metric_value"":""21930"",""rht_flag"":false,""signal_dimension"":""Florida|beneficiaries_disenrolled_for_procedural_reasons_at_renewal"",""state"":""FL"",""topic_keys"":[""medicaid"",""chip"",""renewals"",""eligibility"",""unwinding""],""why_matters"":""Renewals due, pending renewals, and procedural disenrollments expose state eligibility processing pressure.""}",https://data.medicaid.gov/api/1/datastore/query/5abea2e0-3f8e-4b49-a50d-d63d5fd9103c/0,"{""aggregation"":""latest reporting_period by state"",""field"":""beneficiaries_disenrolled_for_procedural_reasons_at_renewal"",""source_row_count"":3570,""source_rows_used"":3570,""state_name"":""Florida"",""why_matters"":""Renewals due, pending renewals, and procedural disenrollments expose state eligibility processing pressure.""}",2026-07-24T04:43:51Z
cmsmedicaid-7de32231c3abcfb3,medicaid_data,medicaid_datastore,5abea2e0-3f8e-4b49-a50d-d63d5fd9103c,State Medicaid and CHIP Eligibility Processing Data,dataset_signal,GA,eligibility,medicaid; chip; renewals; eligibility; unwinding,beneficiaries_renewed_total,144833,202603,2024-11-27,2026-06-26,false,60,"{""dataset_id"":""5abea2e0-3f8e-4b49-a50d-d63d5fd9103c"",""endpoint_type"":""medicaid_datastore"",""method"":""latest reporting_period by state"",""metric_name"":""beneficiaries_renewed_total"",""metric_period"":""202603"",""metric_value"":""144833"",""rht_flag"":false,""signal_dimension"":""Georgia|beneficiaries_whose_coverage_was_renewed_total"",""state"":""GA"",""topic_keys"":[""medicaid"",""chip"",""renewals"",""eligibility"",""unwinding""],""why_matters"":""Renewals due, pending renewals, and procedural disenrollments expose state eligibility processing pressure.""}",https://data.medicaid.gov/api/1/datastore/query/5abea2e0-3f8e-4b49-a50d-d63d5fd9103c/0,"{""aggregation"":""latest reporting_period by state"",""field"":""beneficiaries_whose_coverage_was_renewed_total"",""source_row_count"":3570,""source_rows_used"":3570,""state_name"":""Georgia"",""why_matters"":""Renewals due, pending renewals, and procedural disenrollments expose state eligibility processing pressure.""}",2026-07-24T04:43:51Z
cmsmedicaid-407a8427e85c7b41,medicaid_data,medicaid_datastore,5abea2e0-3f8e-4b49-a50d-d63d5fd9103c,State Medicaid and CHIP Eligibility Processing Data,dataset_signal,GA,eligibility,medicaid; chip; renewals; eligibility; unwinding,beneficiaries_with_renewal_due,226863,202603,2024-11-27,2026-06-26,false,60,"{""dataset_id"":""5abea2e0-3f8e-4b49-a50d-d63d5fd9103c"",""endpoint_type"":""medicaid_datastore"",""method"":""latest reporting_period by state"",""metric_name"":""beneficiaries_with_renewal_due"",""metric_period"":""202603"",""metric_value"":""226863"",""rht_flag"":false,""signal_dimension"":""Georgia|beneficiaries_with_a_renewal_due"",""state"":""GA"",""topic_keys"":[""medicaid"",""chip"",""renewals"",""eligibility"",""unwinding""],""why_matters"":""Renewals due, pending renewals, and procedural disenrollments expose state eligibility processing pressure.""}",https://data.medicaid.gov/api/1/datastore/query/5abea2e0-3f8e-4b49-a50d-d63d5fd9103c/0,"{""aggregation"":""latest reporting_period by state"",""field"":""beneficiaries_with_a_renewal_due"",""source_row_count"":3570,""source_rows_used"":3570,""state_name"":""Georgia"",""why_matters"":""Renewals due, pending renewals, and procedural disenrollments expose state eligibility processing pressure.""}",2026-07-24T04:43:51Z
cmsmedicaid-b31c20c556f95260,medicaid_data,medicaid_datastore,5abea2e0-3f8e-4b49-a50d-d63d5fd9103c,State Medicaid and CHIP Eligibility Processing Data,dataset_signal,GA,eligibility,medicaid; chip; renewals; eligibility; unwinding,pending_renewals,17591,202603,2024-11-27,2026-06-26,false,60,"{""dataset_id"":""5abea2e0-3f8e-4b49-a50d-d63d5fd9103c"",""endpoint_type"":""medicaid_datastore"",""method"":""latest reporting_period by state"",""metric_name"":""pending_renewals"",""metric_period"":""202603"",""metric_value"":""17591"",""rht_flag"":false,""signal_dimension"":""Georgia|beneficiaries_with_a_pending_renewal"",""state"":""GA"",""topic_keys"":[""medicaid"",""chip"",""renewals"",""eligibility"",""unwinding""],""why_matters"":""Renewals due, pending renewals, and procedural disenrollments expose state eligibility processing pressure.""}",https://data.medicaid.gov/api/1/datastore/query/5abea2e0-3f8e-4b49-a50d-d63d5fd9103c/0,"{""aggregation"":""latest reporting_period by state"",""field"":""beneficiaries_with_a_pending_renewal"",""source_row_count"":3570,""source_rows_used"":3570,""state_name"":""Georgia"",""why_matters"":""Renewals due, pending renewals, and procedural disenrollments expose state eligibility processing pressure.""}",2026-07-24T04:43:51Z
cmsmedicaid-dd3b424cb1a745e8,medicaid_data,medicaid_datastore,5abea2e0-3f8e-4b49-a50d-d63d5fd9103c,State Medicaid and CHIP Eligibility Processing Data,dataset_signal,GA,eligibility,medicaid; chip; renewals; eligibility; unwinding,procedural_disenrollments_at_renewal,33103,202603,2024-11-27,2026-06-26,false,72,"{""dataset_id"":""5abea2e0-3f8e-4b49-a50d-d63d5fd9103c"",""endpoint_type"":""medicaid_datastore"",""method"":""latest reporting_period by state"",""metric_name"":""procedural_disenrollments_at_renewal"",""metric_period"":""202603"",""metric_value"":""33103"",""rht_flag"":false,""signal_dimension"":""Georgia|beneficiaries_disenrolled_for_procedural_reasons_at_renewal"",""state"":""GA"",""topic_keys"":[""medicaid"",""chip"",""renewals"",""eligibility"",""unwinding""],""why_matters"":""Renewals due, pending renewals, and procedural disenrollments expose state eligibility processing pressure.""}",https://data.medicaid.gov/api/1/datastore/query/5abea2e0-3f8e-4b49-a50d-d63d5fd9103c/0,"{""aggregation"":""latest reporting_period by state"",""field"":""beneficiaries_disenrolled_for_procedural_reasons_at_renewal"",""source_row_count"":3570,""source_rows_used"":3570,""state_name"":""Georgia"",""why_matters"":""Renewals due, pending renewals, and procedural disenrollments expose state eligibility processing pressure.""}",2026-07-24T04:43:51Z
cmsmedicaid-16b5321783950156,medicaid_data,medicaid_datastore,5abea2e0-3f8e-4b49-a50d-d63d5fd9103c,State Medicaid and CHIP Eligibility Processing Data,dataset_signal,HI,eligibility,medicaid; chip; renewals; eligibility; unwinding,beneficiaries_renewed_total,19693,202603,2024-11-27,2026-06-26,false,60,"{""dataset_id"":""5abea2e0-3f8e-4b49-a50d-d63d5fd9103c"",""endpoint_type"":""medicaid_datastore"",""method"":""latest reporting_period by state"",""metric_name"":""beneficiaries_renewed_total"",""metric_period"":""202603"",""metric_value"":""19693"",""rht_flag"":false,""signal_dimension"":""Hawaii|beneficiaries_whose_coverage_was_renewed_total"",""state"":""HI"",""topic_keys"":[""medicaid"",""chip"",""renewals"",""eligibility"",""unwinding""],""why_matters"":""Renewals due, pending renewals, and procedural disenrollments expose state eligibility processing pressure.""}",https://data.medicaid.gov/api/1/datastore/query/5abea2e0-3f8e-4b49-a50d-d63d5fd9103c/0,"{""aggregation"":""latest reporting_period by state"",""field"":""beneficiaries_whose_coverage_was_renewed_total"",""source_row_count"":3570,""source_rows_used"":3570,""state_name"":""Hawaii"",""why_matters"":""Renewals due, pending renewals, and procedural disenrollments expose state eligibility processing pressure.""}",2026-07-24T04:43:51Z
cmsmedicaid-50aef6e06adf4811,medicaid_data,medicaid_datastore,5abea2e0-3f8e-4b49-a50d-d63d5fd9103c,State Medicaid and CHIP Eligibility Processing Data,dataset_signal,HI,eligibility,medicaid; chip; renewals; eligibility; unwinding,beneficiaries_with_renewal_due,23602,202603,2024-11-27,2026-06-26,false,60,"{""dataset_id"":""5abea2e0-3f8e-4b49-a50d-d63d5fd9103c"",""endpoint_type"":""medicaid_datastore"",""method"":""latest reporting_period by state"",""metric_name"":""beneficiaries_with_renewal_due"",""metric_period"":""202603"",""metric_value"":""23602"",""rht_flag"":false,""signal_dimension"":""Hawaii|beneficiaries_with_a_renewal_due"",""state"":""HI"",""topic_keys"":[""medicaid"",""chip"",""renewals"",""eligibility"",""unwinding""],""why_matters"":""Renewals due, pending renewals, and procedural disenrollments expose state eligibility processing pressure.""}",https://data.medicaid.gov/api/1/datastore/query/5abea2e0-3f8e-4b49-a50d-d63d5fd9103c/0,"{""aggregation"":""latest reporting_period by state"",""field"":""beneficiaries_with_a_renewal_due"",""source_row_count"":3570,""source_rows_used"":3570,""state_name"":""Hawaii"",""why_matters"":""Renewals due, pending renewals, and procedural disenrollments expose state eligibility processing pressure.""}",2026-07-24T04:43:51Z
cmsmedicaid-39c2da05e42eb853,medicaid_data,medicaid_datastore,5abea2e0-3f8e-4b49-a50d-d63d5fd9103c,State Medicaid and CHIP Eligibility Processing Data,dataset_signal,HI,eligibility,medicaid; chip; renewals; eligibility; unwinding,pending_renewals,1018,202603,2024-11-27,2026-06-26,false,60,"{""dataset_id"":""5abea2e0-3f8e-4b49-a50d-d63d5fd9103c"",""endpoint_type"":""medicaid_datastore"",""method"":""latest reporting_period by state"",""metric_name"":""pending_renewals"",""metric_period"":""202603"",""metric_value"":""1018"",""rht_flag"":false,""signal_dimension"":""Hawaii|beneficiaries_with_a_pending_renewal"",""state"":""HI"",""topic_keys"":[""medicaid"",""chip"",""renewals"",""eligibility"",""unwinding""],""why_matters"":""Renewals due, pending renewals, and procedural disenrollments expose state eligibility processing pressure.""}",https://data.medicaid.gov/api/1/datastore/query/5abea2e0-3f8e-4b49-a50d-d63d5fd9103c/0,"{""aggregation"":""latest reporting_period by state"",""field"":""beneficiaries_with_a_pending_renewal"",""source_row_count"":3570,""source_rows_used"":3570,""state_name"":""Hawaii"",""why_matters"":""Renewals due, pending renewals, and procedural disenrollments expose state eligibility processing pressure.""}",2026-07-24T04:43:51Z
cmsmedicaid-fb08f28507f5303a,medicaid_data,medicaid_datastore,5abea2e0-3f8e-4b49-a50d-d63d5fd9103c,State Medicaid and CHIP Eligibility Processing Data,dataset_signal,HI,eligibility,medicaid; chip; renewals; eligibility; unwinding,procedural_disenrollments_at_renewal,2291,202603,2024-11-27,2026-06-26,false,72,"{""dataset_id"":""5abea2e0-3f8e-4b49-a50d-d63d5fd9103c"",""endpoint_type"":""medicaid_datastore"",""method"":""latest reporting_period by state"",""metric_name"":""procedural_disenrollments_at_renewal"",""metric_period"":""202603"",""metric_value"":""2291"",""rht_flag"":false,""signal_dimension"":""Hawaii|beneficiaries_disenrolled_for_procedural_reasons_at_renewal"",""state"":""HI"",""topic_keys"":[""medicaid"",""chip"",""renewals"",""eligibility"",""unwinding""],""why_matters"":""Renewals due, pending renewals, and procedural disenrollments expose state eligibility processing pressure.""}",https://data.medicaid.gov/api/1/datastore/query/5abea2e0-3f8e-4b49-a50d-d63d5fd9103c/0,"{""aggregation"":""latest reporting_period by state"",""field"":""beneficiaries_disenrolled_for_procedural_reasons_at_renewal"",""source_row_count"":3570,""source_rows_used"":3570,""state_name"":""Hawaii"",""why_matters"":""Renewals due, pending renewals, and procedural disenrollments expose state eligibility processing pressure.""}",2026-07-24T04:43:51Z
cmsmedicaid-ab291fdbb85293f5,medicaid_data,medicaid_datastore,5abea2e0-3f8e-4b49-a50d-d63d5fd9103c,State Medicaid and CHIP Eligibility Processing Data,dataset_signal,IA,eligibility,medicaid; chip; renewals; eligibility; unwinding,beneficiaries_renewed_total,36283,202603,2024-11-27,2026-06-26,false,60,"{""dataset_id"":""5abea2e0-3f8e-4b49-a50d-d63d5fd9103c"",""endpoint_type"":""medicaid_datastore"",""method"":""latest reporting_period by state"",""metric_name"":""beneficiaries_renewed_total"",""metric_period"":""202603"",""metric_value"":""36283"",""rht_flag"":false,""signal_dimension"":""Iowa|beneficiaries_whose_coverage_was_renewed_total"",""state"":""IA"",""topic_keys"":[""medicaid"",""chip"",""renewals"",""eligibility"",""unwinding""],""why_matters"":""Renewals due, pending renewals, and procedural disenrollments expose state eligibility processing pressure.""}",https://data.medicaid.gov/api/1/datastore/query/5abea2e0-3f8e-4b49-a50d-d63d5fd9103c/0,"{""aggregation"":""latest reporting_period by state"",""field"":""beneficiaries_whose_coverage_was_renewed_total"",""source_row_count"":3570,""source_rows_used"":3570,""state_name"":""Iowa"",""why_matters"":""Renewals due, pending renewals, and procedural disenrollments expose state eligibility processing pressure.""}",2026-07-24T04:43:51Z
cmsmedicaid-5db0f1ea2cbb651d,medicaid_data,medicaid_datastore,5abea2e0-3f8e-4b49-a50d-d63d5fd9103c,State Medicaid and CHIP Eligibility Processing Data,dataset_signal,IA,eligibility,medicaid; chip; renewals; eligibility; unwinding,beneficiaries_with_renewal_due,44726,202603,2024-11-27,2026-06-26,false,60,"{""dataset_id"":""5abea2e0-3f8e-4b49-a50d-d63d5fd9103c"",""endpoint_type"":""medicaid_datastore"",""method"":""latest reporting_period by state"",""metric_name"":""beneficiaries_with_renewal_due"",""metric_period"":""202603"",""metric_value"":""44726"",""rht_flag"":false,""signal_dimension"":""Iowa|beneficiaries_with_a_renewal_due"",""state"":""IA"",""topic_keys"":[""medicaid"",""chip"",""renewals"",""eligibility"",""unwinding""],""why_matters"":""Renewals due, pending renewals, and procedural disenrollments expose state eligibility processing pressure.""}",https://data.medicaid.gov/api/1/datastore/query/5abea2e0-3f8e-4b49-a50d-d63d5fd9103c/0,"{""aggregation"":""latest reporting_period by state"",""field"":""beneficiaries_with_a_renewal_due"",""source_row_count"":3570,""source_rows_used"":3570,""state_name"":""Iowa"",""why_matters"":""Renewals due, pending renewals, and procedural disenrollments expose state eligibility processing pressure.""}",2026-07-24T04:43:51Z
cmsmedicaid-4476fdf4ece7b57a,medicaid_data,medicaid_datastore,5abea2e0-3f8e-4b49-a50d-d63d5fd9103c,State Medicaid and CHIP Eligibility Processing Data,dataset_signal,IA,eligibility,medicaid; chip; renewals; eligibility; unwinding,pending_renewals,2490,202603,2024-11-27,2026-06-26,false,60,"{""dataset_id"":""5abea2e0-3f8e-4b49-a50d-d63d5fd9103c"",""endpoint_type"":""medicaid_datastore"",""method"":""latest reporting_period by state"",""metric_name"":""pending_renewals"",""metric_period"":""202603"",""metric_value"":""2490"",""rht_flag"":false,""signal_dimension"":""Iowa|beneficiaries_with_a_pending_renewal"",""state"":""IA"",""topic_keys"":[""medicaid"",""chip"",""renewals"",""eligibility"",""unwinding""],""why_matters"":""Renewals due, pending renewals, and procedural disenrollments expose state eligibility processing pressure.""}",https://data.medicaid.gov/api/1/datastore/query/5abea2e0-3f8e-4b49-a50d-d63d5fd9103c/0,"{""aggregation"":""latest reporting_period by state"",""field"":""beneficiaries_with_a_pending_renewal"",""source_row_count"":3570,""source_rows_used"":3570,""state_name"":""Iowa"",""why_matters"":""Renewals due, pending renewals, and procedural disenrollments expose state eligibility processing pressure.""}",2026-07-24T04:43:51Z
cmsmedicaid-7fa1c27a541102bf,medicaid_data,medicaid_datastore,5abea2e0-3f8e-4b49-a50d-d63d5fd9103c,State Medicaid and CHIP Eligibility Processing Data,dataset_signal,IA,eligibility,medicaid; chip; renewals; eligibility; unwinding,procedural_disenrollments_at_renewal,4772,202603,2024-11-27,2026-06-26,false,72,"{""dataset_id"":""5abea2e0-3f8e-4b49-a50d-d63d5fd9103c"",""endpoint_type"":""medicaid_datastore"",""method"":""latest reporting_period by state"",""metric_name"":""procedural_disenrollments_at_renewal"",""metric_period"":""202603"",""metric_value"":""4772"",""rht_flag"":false,""signal_dimension"":""Iowa|beneficiaries_disenrolled_for_procedural_reasons_at_renewal"",""state"":""IA"",""topic_keys"":[""medicaid"",""chip"",""renewals"",""eligibility"",""unwinding""],""why_matters"":""Renewals due, pending renewals, and procedural disenrollments expose state eligibility processing pressure.""}",https://data.medicaid.gov/api/1/datastore/query/5abea2e0-3f8e-4b49-a50d-d63d5fd9103c/0,"{""aggregation"":""latest reporting_period by state"",""field"":""beneficiaries_disenrolled_for_procedural_reasons_at_renewal"",""source_row_count"":3570,""source_rows_used"":3570,""state_name"":""Iowa"",""why_matters"":""Renewals due, pending renewals, and procedural disenrollments expose state eligibility processing pressure.""}",2026-07-24T04:43:51Z
cmsmedicaid-51dcc9cb76d8fa91,medicaid_data,medicaid_datastore,5abea2e0-3f8e-4b49-a50d-d63d5fd9103c,State Medicaid and CHIP Eligibility Processing Data,dataset_signal,ID,eligibility,medicaid; chip; renewals; eligibility; unwinding,beneficiaries_renewed_total,16263,202603,2024-11-27,2026-06-26,false,60,"{""dataset_id"":""5abea2e0-3f8e-4b49-a50d-d63d5fd9103c"",""endpoint_type"":""medicaid_datastore"",""method"":""latest reporting_period by state"",""metric_name"":""beneficiaries_renewed_total"",""metric_period"":""202603"",""metric_value"":""16263"",""rht_flag"":false,""signal_dimension"":""Idaho|beneficiaries_whose_coverage_was_renewed_total"",""state"":""ID"",""topic_keys"":[""medicaid"",""chip"",""renewals"",""eligibility"",""unwinding""],""why_matters"":""Renewals due, pending renewals, and procedural disenrollments expose state eligibility processing pressure.""}",https://data.medicaid.gov/api/1/datastore/query/5abea2e0-3f8e-4b49-a50d-d63d5fd9103c/0,"{""aggregation"":""latest reporting_period by state"",""field"":""beneficiaries_whose_coverage_was_renewed_total"",""source_row_count"":3570,""source_rows_used"":3570,""state_name"":""Idaho"",""why_matters"":""Renewals due, pending renewals, and procedural disenrollments expose state eligibility processing pressure.""}",2026-07-24T04:43:51Z
cmsmedicaid-aa1448050a3ffa11,medicaid_data,medicaid_datastore,5abea2e0-3f8e-4b49-a50d-d63d5fd9103c,State Medicaid and CHIP Eligibility Processing Data,dataset_signal,ID,eligibility,medicaid; chip; renewals; eligibility; unwinding,beneficiaries_with_renewal_due,22141,202603,2024-11-27,2026-06-26,false,60,"{""dataset_id"":""5abea2e0-3f8e-4b49-a50d-d63d5fd9103c"",""endpoint_type"":""medicaid_datastore"",""method"":""latest reporting_period by state"",""metric_name"":""beneficiaries_with_renewal_due"",""metric_period"":""202603"",""metric_value"":""22141"",""rht_flag"":false,""signal_dimension"":""Idaho|beneficiaries_with_a_renewal_due"",""state"":""ID"",""topic_keys"":[""medicaid"",""chip"",""renewals"",""eligibility"",""unwinding""],""why_matters"":""Renewals due, pending renewals, and procedural disenrollments expose state eligibility processing pressure.""}",https://data.medicaid.gov/api/1/datastore/query/5abea2e0-3f8e-4b49-a50d-d63d5fd9103c/0,"{""aggregation"":""latest reporting_period by state"",""field"":""beneficiaries_with_a_renewal_due"",""source_row_count"":3570,""source_rows_used"":3570,""state_name"":""Idaho"",""why_matters"":""Renewals due, pending renewals, and procedural disenrollments expose state eligibility processing pressure.""}",2026-07-24T04:43:51Z
cmsmedicaid-e1aa0499a75caa38,medicaid_data,medicaid_datastore,5abea2e0-3f8e-4b49-a50d-d63d5fd9103c,State Medicaid and CHIP Eligibility Processing Data,dataset_signal,ID,eligibility,medicaid; chip; renewals; eligibility; unwinding,pending_renewals,466,202603,2024-11-27,2026-06-26,false,60,"{""dataset_id"":""5abea2e0-3f8e-4b49-a50d-d63d5fd9103c"",""endpoint_type"":""medicaid_datastore"",""method"":""latest reporting_period by state"",""metric_name"":""pending_renewals"",""metric_period"":""202603"",""metric_value"":""466"",""rht_flag"":false,""signal_dimension"":""Idaho|beneficiaries_with_a_pending_renewal"",""state"":""ID"",""topic_keys"":[""medicaid"",""chip"",""renewals"",""eligibility"",""unwinding""],""why_matters"":""Renewals due, pending renewals, and procedural disenrollments expose state eligibility processing pressure.""}",https://data.medicaid.gov/api/1/datastore/query/5abea2e0-3f8e-4b49-a50d-d63d5fd9103c/0,"{""aggregation"":""latest reporting_period by state"",""field"":""beneficiaries_with_a_pending_renewal"",""source_row_count"":3570,""source_rows_used"":3570,""state_name"":""Idaho"",""why_matters"":""Renewals due, pending renewals, and procedural disenrollments expose state eligibility processing pressure.""}",2026-07-24T04:43:51Z
cmsmedicaid-16c5137021725848,medicaid_data,medicaid_datastore,5abea2e0-3f8e-4b49-a50d-d63d5fd9103c,State Medicaid and CHIP Eligibility Processing Data,dataset_signal,ID,eligibility,medicaid; chip; renewals; eligibility; unwinding,procedural_disenrollments_at_renewal,4348,202603,2024-11-27,2026-06-26,false,72,"{""dataset_id"":""5abea2e0-3f8e-4b49-a50d-d63d5fd9103c"",""endpoint_type"":""medicaid_datastore"",""method"":""latest reporting_period by state"",""metric_name"":""procedural_disenrollments_at_renewal"",""metric_period"":""202603"",""metric_value"":""4348"",""rht_flag"":false,""signal_dimension"":""Idaho|beneficiaries_disenrolled_for_procedural_reasons_at_renewal"",""state"":""ID"",""topic_keys"":[""medicaid"",""chip"",""renewals"",""eligibility"",""unwinding""],""why_matters"":""Renewals due, pending renewals, and procedural disenrollments expose state eligibility processing pressure.""}",https://data.medicaid.gov/api/1/datastore/query/5abea2e0-3f8e-4b49-a50d-d63d5fd9103c/0,"{""aggregation"":""latest reporting_period by state"",""field"":""beneficiaries_disenrolled_for_procedural_reasons_at_renewal"",""source_row_count"":3570,""source_rows_used"":3570,""state_name"":""Idaho"",""why_matters"":""Renewals due, pending renewals, and procedural disenrollments expose state eligibility processing pressure.""}",2026-07-24T04:43:51Z
cmsmedicaid-477f28c36e79fc37,medicaid_data,medicaid_datastore,5abea2e0-3f8e-4b49-a50d-d63d5fd9103c,State Medicaid and CHIP Eligibility Processing Data,dataset_signal,IL,eligibility,medicaid; chip; renewals; eligibility; unwinding,beneficiaries_renewed_total,183670,202603,2024-11-27,2026-06-26,false,60,"{""dataset_id"":""5abea2e0-3f8e-4b49-a50d-d63d5fd9103c"",""endpoint_type"":""medicaid_datastore"",""method"":""latest reporting_period by state"",""metric_name"":""beneficiaries_renewed_total"",""metric_period"":""202603"",""metric_value"":""183670"",""rht_flag"":false,""signal_dimension"":""Illinois|beneficiaries_whose_coverage_was_renewed_total"",""state"":""IL"",""topic_keys"":[""medicaid"",""chip"",""renewals"",""eligibility"",""unwinding""],""why_matters"":""Renewals due, pending renewals, and procedural disenrollments expose state eligibility processing pressure.""}",https://data.medicaid.gov/api/1/datastore/query/5abea2e0-3f8e-4b49-a50d-d63d5fd9103c/0,"{""aggregation"":""latest reporting_period by state"",""field"":""beneficiaries_whose_coverage_was_renewed_total"",""source_row_count"":3570,""source_rows_used"":3570,""state_name"":""Illinois"",""why_matters"":""Renewals due, pending renewals, and procedural disenrollments expose state eligibility processing pressure.""}",2026-07-24T04:43:51Z
cmsmedicaid-b7696478766b92a3,medicaid_data,medicaid_datastore,5abea2e0-3f8e-4b49-a50d-d63d5fd9103c,State Medicaid and CHIP Eligibility Processing Data,dataset_signal,IL,eligibility,medicaid; chip; renewals; eligibility; unwinding,beneficiaries_with_renewal_due,236409,202603,2024-11-27,2026-06-26,false,60,"{""dataset_id"":""5abea2e0-3f8e-4b49-a50d-d63d5fd9103c"",""endpoint_type"":""medicaid_datastore"",""method"":""latest reporting_period by state"",""metric_name"":""beneficiaries_with_renewal_due"",""metric_period"":""202603"",""metric_value"":""236409"",""rht_flag"":false,""signal_dimension"":""Illinois|beneficiaries_with_a_renewal_due"",""state"":""IL"",""topic_keys"":[""medicaid"",""chip"",""renewals"",""eligibility"",""unwinding""],""why_matters"":""Renewals due, pending renewals, and procedural disenrollments expose state eligibility processing pressure.""}",https://data.medicaid.gov/api/1/datastore/query/5abea2e0-3f8e-4b49-a50d-d63d5fd9103c/0,"{""aggregation"":""latest reporting_period by state"",""field"":""beneficiaries_with_a_renewal_due"",""source_row_count"":3570,""source_rows_used"":3570,""state_name"":""Illinois"",""why_matters"":""Renewals due, pending renewals, and procedural disenrollments expose state eligibility processing pressure.""}",2026-07-24T04:43:51Z
cmsmedicaid-9c6a7ed1a5f0ae10,medicaid_data,medicaid_datastore,5abea2e0-3f8e-4b49-a50d-d63d5fd9103c,State Medicaid and CHIP Eligibility Processing Data,dataset_signal,IL,eligibility,medicaid; chip; renewals; eligibility; unwinding,pending_renewals,23661,202603,2024-11-27,2026-06-26,false,60,"{""dataset_id"":""5abea2e0-3f8e-4b49-a50d-d63d5fd9103c"",""endpoint_type"":""medicaid_datastore"",""method"":""latest reporting_period by state"",""metric_name"":""pending_renewals"",""metric_period"":""202603"",""metric_value"":""23661"",""rht_flag"":false,""signal_dimension"":""Illinois|beneficiaries_with_a_pending_renewal"",""state"":""IL"",""topic_keys"":[""medicaid"",""chip"",""renewals"",""eligibility"",""unwinding""],""why_matters"":""Renewals due, pending renewals, and procedural disenrollments expose state eligibility processing pressure.""}",https://data.medicaid.gov/api/1/datastore/query/5abea2e0-3f8e-4b49-a50d-d63d5fd9103c/0,"{""aggregation"":""latest reporting_period by state"",""field"":""beneficiaries_with_a_pending_renewal"",""source_row_count"":3570,""source_rows_used"":3570,""state_name"":""Illinois"",""why_matters"":""Renewals due, pending renewals, and procedural disenrollments expose state eligibility processing pressure.""}",2026-07-24T04:43:51Z
cmsmedicaid-be2b96a2a1785e96,medicaid_data,medicaid_datastore,5abea2e0-3f8e-4b49-a50d-d63d5fd9103c,State Medicaid and CHIP Eligibility Processing Data,dataset_signal,IL,eligibility,medicaid; chip; renewals; eligibility; unwinding,procedural_disenrollments_at_renewal,20161,202603,2024-11-27,2026-06-26,false,72,"{""dataset_id"":""5abea2e0-3f8e-4b49-a50d-d63d5fd9103c"",""endpoint_type"":""medicaid_datastore"",""method"":""latest reporting_period by state"",""metric_name"":""procedural_disenrollments_at_renewal"",""metric_period"":""202603"",""metric_value"":""20161"",""rht_flag"":false,""signal_dimension"":""Illinois|beneficiaries_disenrolled_for_procedural_reasons_at_renewal"",""state"":""IL"",""topic_keys"":[""medicaid"",""chip"",""renewals"",""eligibility"",""unwinding""],""why_matters"":""Renewals due, pending renewals, and procedural disenrollments expose state eligibility processing pressure.""}",https://data.medicaid.gov/api/1/datastore/query/5abea2e0-3f8e-4b49-a50d-d63d5fd9103c/0,"{""aggregation"":""latest reporting_period by state"",""field"":""beneficiaries_disenrolled_for_procedural_reasons_at_renewal"",""source_row_count"":3570,""source_rows_used"":3570,""state_name"":""Illinois"",""why_matters"":""Renewals due, pending renewals, and procedural disenrollments expose state eligibility processing pressure.""}",2026-07-24T04:43:51Z
cmsmedicaid-a5fe90e620b97f0c,medicaid_data,medicaid_datastore,5abea2e0-3f8e-4b49-a50d-d63d5fd9103c,State Medicaid and CHIP Eligibility Processing Data,dataset_signal,IN,eligibility,medicaid; chip; renewals; eligibility; unwinding,beneficiaries_renewed_total,22441,202603,2024-11-27,2026-06-26,false,60,"{""dataset_id"":""5abea2e0-3f8e-4b49-a50d-d63d5fd9103c"",""endpoint_type"":""medicaid_datastore"",""method"":""latest reporting_period by state"",""metric_name"":""beneficiaries_renewed_total"",""metric_period"":""202603"",""metric_value"":""22441"",""rht_flag"":false,""signal_dimension"":""Indiana|beneficiaries_whose_coverage_was_renewed_total"",""state"":""IN"",""topic_keys"":[""medicaid"",""chip"",""renewals"",""eligibility"",""unwinding""],""why_matters"":""Renewals due, pending renewals, and procedural disenrollments expose state eligibility processing pressure.""}",https://data.medicaid.gov/api/1/datastore/query/5abea2e0-3f8e-4b49-a50d-d63d5fd9103c/0,"{""aggregation"":""latest reporting_period by state"",""field"":""beneficiaries_whose_coverage_was_renewed_total"",""source_row_count"":3570,""source_rows_used"":3570,""state_name"":""Indiana"",""why_matters"":""Renewals due, pending renewals, and procedural disenrollments expose state eligibility processing pressure.""}",2026-07-24T04:43:51Z
cmsmedicaid-18ebf8a3e2d7aa26,medicaid_data,medicaid_datastore,5abea2e0-3f8e-4b49-a50d-d63d5fd9103c,State Medicaid and CHIP Eligibility Processing Data,dataset_signal,IN,eligibility,medicaid; chip; renewals; eligibility; unwinding,beneficiaries_with_renewal_due,103975,202603,2024-11-27,2026-06-26,false,60,"{""dataset_id"":""5abea2e0-3f8e-4b49-a50d-d63d5fd9103c"",""endpoint_type"":""medicaid_datastore"",""method"":""latest reporting_period by state"",""metric_name"":""beneficiaries_with_renewal_due"",""metric_period"":""202603"",""metric_value"":""103975"",""rht_flag"":false,""signal_dimension"":""Indiana|beneficiaries_with_a_renewal_due"",""state"":""IN"",""topic_keys"":[""medicaid"",""chip"",""renewals"",""eligibility"",""unwinding""],""why_matters"":""Renewals due, pending renewals, and procedural disenrollments expose state eligibility processing pressure.""}",https://data.medicaid.gov/api/1/datastore/query/5abea2e0-3f8e-4b49-a50d-d63d5fd9103c/0,"{""aggregation"":""latest reporting_period by state"",""field"":""beneficiaries_with_a_renewal_due"",""source_row_count"":3570,""source_rows_used"":3570,""state_name"":""Indiana"",""why_matters"":""Renewals due, pending renewals, and procedural disenrollments expose state eligibility processing pressure.""}",2026-07-24T04:43:51Z
cmsmedicaid-bc5d65e3721fa030,medicaid_data,medicaid_datastore,5abea2e0-3f8e-4b49-a50d-d63d5fd9103c,State Medicaid and CHIP Eligibility Processing Data,dataset_signal,IN,eligibility,medicaid; chip; renewals; eligibility; unwinding,pending_renewals,35484,202603,2024-11-27,2026-06-26,false,60,"{""dataset_id"":""5abea2e0-3f8e-4b49-a50d-d63d5fd9103c"",""endpoint_type"":""medicaid_datastore"",""method"":""latest reporting_period by state"",""metric_name"":""pending_renewals"",""metric_period"":""202603"",""metric_value"":""35484"",""rht_flag"":false,""signal_dimension"":""Indiana|beneficiaries_with_a_pending_renewal"",""state"":""IN"",""topic_keys"":[""medicaid"",""chip"",""renewals"",""eligibility"",""unwinding""],""why_matters"":""Renewals due, pending renewals, and procedural disenrollments expose state eligibility processing pressure.""}",https://data.medicaid.gov/api/1/datastore/query/5abea2e0-3f8e-4b49-a50d-d63d5fd9103c/0,"{""aggregation"":""latest reporting_period by state"",""field"":""beneficiaries_with_a_pending_renewal"",""source_row_count"":3570,""source_rows_used"":3570,""state_name"":""Indiana"",""why_matters"":""Renewals due, pending renewals, and procedural disenrollments expose state eligibility processing pressure.""}",2026-07-24T04:43:51Z
cmsmedicaid-7e1e6323bb34f542,medicaid_data,medicaid_datastore,5abea2e0-3f8e-4b49-a50d-d63d5fd9103c,State Medicaid and CHIP Eligibility Processing Data,dataset_signal,IN,eligibility,medicaid; chip; renewals; eligibility; unwinding,procedural_disenrollments_at_renewal,44996,202603,2024-11-27,2026-06-26,false,72,"{""dataset_id"":""5abea2e0-3f8e-4b49-a50d-d63d5fd9103c"",""endpoint_type"":""medicaid_datastore"",""method"":""latest reporting_period by state"",""metric_name"":""procedural_disenrollments_at_renewal"",""metric_period"":""202603"",""metric_value"":""44996"",""rht_flag"":false,""signal_dimension"":""Indiana|beneficiaries_disenrolled_for_procedural_reasons_at_renewal"",""state"":""IN"",""topic_keys"":[""medicaid"",""chip"",""renewals"",""eligibility"",""unwinding""],""why_matters"":""Renewals due, pending renewals, and procedural disenrollments expose state eligibility processing pressure.""}",https://data.medicaid.gov/api/1/datastore/query/5abea2e0-3f8e-4b49-a50d-d63d5fd9103c/0,"{""aggregation"":""latest reporting_period by state"",""field"":""beneficiaries_disenrolled_for_procedural_reasons_at_renewal"",""source_row_count"":3570,""source_rows_used"":3570,""state_name"":""Indiana"",""why_matters"":""Renewals due, pending renewals, and procedural disenrollments expose state eligibility processing pressure.""}",2026-07-24T04:43:51Z
cmsmedicaid-ee6cd1da01beb50e,medicaid_data,medicaid_datastore,5abea2e0-3f8e-4b49-a50d-d63d5fd9103c,State Medicaid and CHIP Eligibility Processing Data,dataset_signal,KS,eligibility,medicaid; chip; renewals; eligibility; unwinding,beneficiaries_renewed_total,24258,202603,2024-11-27,2026-06-26,false,60,"{""dataset_id"":""5abea2e0-3f8e-4b49-a50d-d63d5fd9103c"",""endpoint_type"":""medicaid_datastore"",""method"":""latest reporting_period by state"",""metric_name"":""beneficiaries_renewed_total"",""metric_period"":""202603"",""metric_value"":""24258"",""rht_flag"":false,""signal_dimension"":""Kansas|beneficiaries_whose_coverage_was_renewed_total"",""state"":""KS"",""topic_keys"":[""medicaid"",""chip"",""renewals"",""eligibility"",""unwinding""],""why_matters"":""Renewals due, pending renewals, and procedural disenrollments expose state eligibility processing pressure.""}",https://data.medicaid.gov/api/1/datastore/query/5abea2e0-3f8e-4b49-a50d-d63d5fd9103c/0,"{""aggregation"":""latest reporting_period by state"",""field"":""beneficiaries_whose_coverage_was_renewed_total"",""source_row_count"":3570,""source_rows_used"":3570,""state_name"":""Kansas"",""why_matters"":""Renewals due, pending renewals, and procedural disenrollments expose state eligibility processing pressure.""}",2026-07-24T04:43:51Z
cmsmedicaid-88defbda03a23d77,medicaid_data,medicaid_datastore,5abea2e0-3f8e-4b49-a50d-d63d5fd9103c,State Medicaid and CHIP Eligibility Processing Data,dataset_signal,KS,eligibility,medicaid; chip; renewals; eligibility; unwinding,beneficiaries_with_renewal_due,30165,202603,2024-11-27,2026-06-26,false,60,"{""dataset_id"":""5abea2e0-3f8e-4b49-a50d-d63d5fd9103c"",""endpoint_type"":""medicaid_datastore"",""method"":""latest reporting_period by state"",""metric_name"":""beneficiaries_with_renewal_due"",""metric_period"":""202603"",""metric_value"":""30165"",""rht_flag"":false,""signal_dimension"":""Kansas|beneficiaries_with_a_renewal_due"",""state"":""KS"",""topic_keys"":[""medicaid"",""chip"",""renewals"",""eligibility"",""unwinding""],""why_matters"":""Renewals due, pending renewals, and procedural disenrollments expose state eligibility processing pressure.""}",https://data.medicaid.gov/api/1/datastore/query/5abea2e0-3f8e-4b49-a50d-d63d5fd9103c/0,"{""aggregation"":""latest reporting_period by state"",""field"":""beneficiaries_with_a_renewal_due"",""source_row_count"":3570,""source_rows_used"":3570,""state_name"":""Kansas"",""why_matters"":""Renewals due, pending renewals, and procedural disenrollments expose state eligibility processing pressure.""}",2026-07-24T04:43:51Z
cmsmedicaid-ee964c6013b57539,medicaid_data,medicaid_datastore,5abea2e0-3f8e-4b49-a50d-d63d5fd9103c,State Medicaid and CHIP Eligibility Processing Data,dataset_signal,KS,eligibility,medicaid; chip; renewals; eligibility; unwinding,pending_renewals,1394,202603,2024-11-27,2026-06-26,false,60,"{""dataset_id"":""5abea2e0-3f8e-4b49-a50d-d63d5fd9103c"",""endpoint_type"":""medicaid_datastore"",""method"":""latest reporting_period by state"",""metric_name"":""pending_renewals"",""metric_period"":""202603"",""metric_value"":""1394"",""rht_flag"":false,""signal_dimension"":""Kansas|beneficiaries_with_a_pending_renewal"",""state"":""KS"",""topic_keys"":[""medicaid"",""chip"",""renewals"",""eligibility"",""unwinding""],""why_matters"":""Renewals due, pending renewals, and procedural disenrollments expose state eligibility processing pressure.""}",https://data.medicaid.gov/api/1/datastore/query/5abea2e0-3f8e-4b49-a50d-d63d5fd9103c/0,"{""aggregation"":""latest reporting_period by state"",""field"":""beneficiaries_with_a_pending_renewal"",""source_row_count"":3570,""source_rows_used"":3570,""state_name"":""Kansas"",""why_matters"":""Renewals due, pending renewals, and procedural disenrollments expose state eligibility processing pressure.""}",2026-07-24T04:43:51Z
cmsmedicaid-e5ebe57fe857f9a6,medicaid_data,medicaid_datastore,5abea2e0-3f8e-4b49-a50d-d63d5fd9103c,State Medicaid and CHIP Eligibility Processing Data,dataset_signal,KS,eligibility,medicaid; chip; renewals; eligibility; unwinding,procedural_disenrollments_at_renewal,1943,202603,2024-11-27,2026-06-26,false,72,"{""dataset_id"":""5abea2e0-3f8e-4b49-a50d-d63d5fd9103c"",""endpoint_type"":""medicaid_datastore"",""method"":""latest reporting_period by state"",""metric_name"":""procedural_disenrollments_at_renewal"",""metric_period"":""202603"",""metric_value"":""1943"",""rht_flag"":false,""signal_dimension"":""Kansas|beneficiaries_disenrolled_for_procedural_reasons_at_renewal"",""state"":""KS"",""topic_keys"":[""medicaid"",""chip"",""renewals"",""eligibility"",""unwinding""],""why_matters"":""Renewals due, pending renewals, and procedural disenrollments expose state eligibility processing pressure.""}",https://data.medicaid.gov/api/1/datastore/query/5abea2e0-3f8e-4b49-a50d-d63d5fd9103c/0,"{""aggregation"":""latest reporting_period by state"",""field"":""beneficiaries_disenrolled_for_procedural_reasons_at_renewal"",""source_row_count"":3570,""source_rows_used"":3570,""state_name"":""Kansas"",""why_matters"":""Renewals due, pending renewals, and procedural disenrollments expose state eligibility processing pressure.""}",2026-07-24T04:43:51Z
cmsmedicaid-276ca62a55f59f62,medicaid_data,medicaid_datastore,5abea2e0-3f8e-4b49-a50d-d63d5fd9103c,State Medicaid and CHIP Eligibility Processing Data,dataset_signal,KY,eligibility,medicaid; chip; renewals; eligibility; unwinding,beneficiaries_renewed_total,136787,202603,2024-11-27,2026-06-26,false,60,"{""dataset_id"":""5abea2e0-3f8e-4b49-a50d-d63d5fd9103c"",""endpoint_type"":""medicaid_datastore"",""method"":""latest reporting_period by state"",""metric_name"":""beneficiaries_renewed_total"",""metric_period"":""202603"",""metric_value"":""136787"",""rht_flag"":false,""signal_dimension"":""Kentucky|beneficiaries_whose_coverage_was_renewed_total"",""state"":""KY"",""topic_keys"":[""medicaid"",""chip"",""renewals"",""eligibility"",""unwinding""],""why_matters"":""Renewals due, pending renewals, and procedural disenrollments expose state eligibility processing pressure.""}",https://data.medicaid.gov/api/1/datastore/query/5abea2e0-3f8e-4b49-a50d-d63d5fd9103c/0,"{""aggregation"":""latest reporting_period by state"",""field"":""beneficiaries_whose_coverage_was_renewed_total"",""source_row_count"":3570,""source_rows_used"":3570,""state_name"":""Kentucky"",""why_matters"":""Renewals due, pending renewals, and procedural disenrollments expose state eligibility processing pressure.""}",2026-07-24T04:43:51Z
cmsmedicaid-d7377de4eb81c660,medicaid_data,medicaid_datastore,5abea2e0-3f8e-4b49-a50d-d63d5fd9103c,State Medicaid and CHIP Eligibility Processing Data,dataset_signal,KY,eligibility,medicaid; chip; renewals; eligibility; unwinding,beneficiaries_with_renewal_due,158568,202603,2024-11-27,2026-06-26,false,60,"{""dataset_id"":""5abea2e0-3f8e-4b49-a50d-d63d5fd9103c"",""endpoint_type"":""medicaid_datastore"",""method"":""latest reporting_period by state"",""metric_name"":""beneficiaries_with_renewal_due"",""metric_period"":""202603"",""metric_value"":""158568"",""rht_flag"":false,""signal_dimension"":""Kentucky|beneficiaries_with_a_renewal_due"",""state"":""KY"",""topic_keys"":[""medicaid"",""chip"",""renewals"",""eligibility"",""unwinding""],""why_matters"":""Renewals due, pending renewals, and procedural disenrollments expose state eligibility processing pressure.""}",https://data.medicaid.gov/api/1/datastore/query/5abea2e0-3f8e-4b49-a50d-d63d5fd9103c/0,"{""aggregation"":""latest reporting_period by state"",""field"":""beneficiaries_with_a_renewal_due"",""source_row_count"":3570,""source_rows_used"":3570,""state_name"":""Kentucky"",""why_matters"":""Renewals due, pending renewals, and procedural disenrollments expose state eligibility processing pressure.""}",2026-07-24T04:43:51Z
cmsmedicaid-2863ce055d532ca8,medicaid_data,medicaid_datastore,5abea2e0-3f8e-4b49-a50d-d63d5fd9103c,State Medicaid and CHIP Eligibility Processing Data,dataset_signal,KY,eligibility,medicaid; chip; renewals; eligibility; unwinding,pending_renewals,1068,202603,2024-11-27,2026-06-26,false,60,"{""dataset_id"":""5abea2e0-3f8e-4b49-a50d-d63d5fd9103c"",""endpoint_type"":""medicaid_datastore"",""method"":""latest reporting_period by state"",""metric_name"":""pending_renewals"",""metric_period"":""202603"",""metric_value"":""1068"",""rht_flag"":false,""signal_dimension"":""Kentucky|beneficiaries_with_a_pending_renewal"",""state"":""KY"",""topic_keys"":[""medicaid"",""chip"",""renewals"",""eligibility"",""unwinding""],""why_matters"":""Renewals due, pending renewals, and procedural disenrollments expose state eligibility processing pressure.""}",https://data.medicaid.gov/api/1/datastore/query/5abea2e0-3f8e-4b49-a50d-d63d5fd9103c/0,"{""aggregation"":""latest reporting_period by state"",""field"":""beneficiaries_with_a_pending_renewal"",""source_row_count"":3570,""source_rows_used"":3570,""state_name"":""Kentucky"",""why_matters"":""Renewals due, pending renewals, and procedural disenrollments expose state eligibility processing pressure.""}",2026-07-24T04:43:51Z
cmsmedicaid-baa28c714c3da781,medicaid_data,medicaid_datastore,5abea2e0-3f8e-4b49-a50d-d63d5fd9103c,State Medicaid and CHIP Eligibility Processing Data,dataset_signal,KY,eligibility,medicaid; chip; renewals; eligibility; unwinding,procedural_disenrollments_at_renewal,14758,202603,2024-11-27,2026-06-26,false,72,"{""dataset_id"":""5abea2e0-3f8e-4b49-a50d-d63d5fd9103c"",""endpoint_type"":""medicaid_datastore"",""method"":""latest reporting_period by state"",""metric_name"":""procedural_disenrollments_at_renewal"",""metric_period"":""202603"",""metric_value"":""14758"",""rht_flag"":false,""signal_dimension"":""Kentucky|beneficiaries_disenrolled_for_procedural_reasons_at_renewal"",""state"":""KY"",""topic_keys"":[""medicaid"",""chip"",""renewals"",""eligibility"",""unwinding""],""why_matters"":""Renewals due, pending renewals, and procedural disenrollments expose state eligibility processing pressure.""}",https://data.medicaid.gov/api/1/datastore/query/5abea2e0-3f8e-4b49-a50d-d63d5fd9103c/0,"{""aggregation"":""latest reporting_period by state"",""field"":""beneficiaries_disenrolled_for_procedural_reasons_at_renewal"",""source_row_count"":3570,""source_rows_used"":3570,""state_name"":""Kentucky"",""why_matters"":""Renewals due, pending renewals, and procedural disenrollments expose state eligibility processing pressure.""}",2026-07-24T04:43:51Z
cmsmedicaid-77d741fa38ac9c89,medicaid_data,medicaid_datastore,5abea2e0-3f8e-4b49-a50d-d63d5fd9103c,State Medicaid and CHIP Eligibility Processing Data,dataset_signal,LA,eligibility,medicaid; chip; renewals; eligibility; unwinding,beneficiaries_renewed_total,64572,202603,2024-11-27,2026-06-26,false,60,"{""dataset_id"":""5abea2e0-3f8e-4b49-a50d-d63d5fd9103c"",""endpoint_type"":""medicaid_datastore"",""method"":""latest reporting_period by state"",""metric_name"":""beneficiaries_renewed_total"",""metric_period"":""202603"",""metric_value"":""64572"",""rht_flag"":false,""signal_dimension"":""Louisiana|beneficiaries_whose_coverage_was_renewed_total"",""state"":""LA"",""topic_keys"":[""medicaid"",""chip"",""renewals"",""eligibility"",""unwinding""],""why_matters"":""Renewals due, pending renewals, and procedural disenrollments expose state eligibility processing pressure.""}",https://data.medicaid.gov/api/1/datastore/query/5abea2e0-3f8e-4b49-a50d-d63d5fd9103c/0,"{""aggregation"":""latest reporting_period by state"",""field"":""beneficiaries_whose_coverage_was_renewed_total"",""source_row_count"":3570,""source_rows_used"":3570,""state_name"":""Louisiana"",""why_matters"":""Renewals due, pending renewals, and procedural disenrollments expose state eligibility processing pressure.""}",2026-07-24T04:43:51Z
cmsmedicaid-c316c2dfd64e594c,medicaid_data,medicaid_datastore,5abea2e0-3f8e-4b49-a50d-d63d5fd9103c,State Medicaid and CHIP Eligibility Processing Data,dataset_signal,LA,eligibility,medicaid; chip; renewals; eligibility; unwinding,beneficiaries_with_renewal_due,108555,202603,2024-11-27,2026-06-26,false,60,"{""dataset_id"":""5abea2e0-3f8e-4b49-a50d-d63d5fd9103c"",""endpoint_type"":""medicaid_datastore"",""method"":""latest reporting_period by state"",""metric_name"":""beneficiaries_with_renewal_due"",""metric_period"":""202603"",""metric_value"":""108555"",""rht_flag"":false,""signal_dimension"":""Louisiana|beneficiaries_with_a_renewal_due"",""state"":""LA"",""topic_keys"":[""medicaid"",""chip"",""renewals"",""eligibility"",""unwinding""],""why_matters"":""Renewals due, pending renewals, and procedural disenrollments expose state eligibility processing pressure.""}",https://data.medicaid.gov/api/1/datastore/query/5abea2e0-3f8e-4b49-a50d-d63d5fd9103c/0,"{""aggregation"":""latest reporting_period by state"",""field"":""beneficiaries_with_a_renewal_due"",""source_row_count"":3570,""source_rows_used"":3570,""state_name"":""Louisiana"",""why_matters"":""Renewals due, pending renewals, and procedural disenrollments expose state eligibility processing pressure.""}",2026-07-24T04:43:51Z
cmsmedicaid-9ea2b053e1ccc286,medicaid_data,medicaid_datastore,5abea2e0-3f8e-4b49-a50d-d63d5fd9103c,State Medicaid and CHIP Eligibility Processing Data,dataset_signal,LA,eligibility,medicaid; chip; renewals; eligibility; unwinding,pending_renewals,16545,202603,2024-11-27,2026-06-26,false,60,"{""dataset_id"":""5abea2e0-3f8e-4b49-a50d-d63d5fd9103c"",""endpoint_type"":""medicaid_datastore"",""method"":""latest reporting_period by state"",""metric_name"":""pending_renewals"",""metric_period"":""202603"",""metric_value"":""16545"",""rht_flag"":false,""signal_dimension"":""Louisiana|beneficiaries_with_a_pending_renewal"",""state"":""LA"",""topic_keys"":[""medicaid"",""chip"",""renewals"",""eligibility"",""unwinding""],""why_matters"":""Renewals due, pending renewals, and procedural disenrollments expose state eligibility processing pressure.""}",https://data.medicaid.gov/api/1/datastore/query/5abea2e0-3f8e-4b49-a50d-d63d5fd9103c/0,"{""aggregation"":""latest reporting_period by state"",""field"":""beneficiaries_with_a_pending_renewal"",""source_row_count"":3570,""source_rows_used"":3570,""state_name"":""Louisiana"",""why_matters"":""Renewals due, pending renewals, and procedural disenrollments expose state eligibility processing pressure.""}",2026-07-24T04:43:51Z
cmsmedicaid-55e6edd791072fad,medicaid_data,medicaid_datastore,5abea2e0-3f8e-4b49-a50d-d63d5fd9103c,State Medicaid and CHIP Eligibility Processing Data,dataset_signal,LA,eligibility,medicaid; chip; renewals; eligibility; unwinding,procedural_disenrollments_at_renewal,23644,202603,2024-11-27,2026-06-26,false,72,"{""dataset_id"":""5abea2e0-3f8e-4b49-a50d-d63d5fd9103c"",""endpoint_type"":""medicaid_datastore"",""method"":""latest reporting_period by state"",""metric_name"":""procedural_disenrollments_at_renewal"",""metric_period"":""202603"",""metric_value"":""23644"",""rht_flag"":false,""signal_dimension"":""Louisiana|beneficiaries_disenrolled_for_procedural_reasons_at_renewal"",""state"":""LA"",""topic_keys"":[""medicaid"",""chip"",""renewals"",""eligibility"",""unwinding""],""why_matters"":""Renewals due, pending renewals, and procedural disenrollments expose state eligibility processing pressure.""}",https://data.medicaid.gov/api/1/datastore/query/5abea2e0-3f8e-4b49-a50d-d63d5fd9103c/0,"{""aggregation"":""latest reporting_period by state"",""field"":""beneficiaries_disenrolled_for_procedural_reasons_at_renewal"",""source_row_count"":3570,""source_rows_used"":3570,""state_name"":""Louisiana"",""why_matters"":""Renewals due, pending renewals, and procedural disenrollments expose state eligibility processing pressure.""}",2026-07-24T04:43:51Z
cmsmedicaid-4e71263cfce33866,medicaid_data,medicaid_datastore,5abea2e0-3f8e-4b49-a50d-d63d5fd9103c,State Medicaid and CHIP Eligibility Processing Data,dataset_signal,MA,eligibility,medicaid; chip; renewals; eligibility; unwinding,beneficiaries_renewed_total,197077,202603,2024-11-27,2026-06-26,false,60,"{""dataset_id"":""5abea2e0-3f8e-4b49-a50d-d63d5fd9103c"",""endpoint_type"":""medicaid_datastore"",""method"":""latest reporting_period by state"",""metric_name"":""beneficiaries_renewed_total"",""metric_period"":""202603"",""metric_value"":""197077"",""rht_flag"":false,""signal_dimension"":""Massachusetts|beneficiaries_whose_coverage_was_renewed_total"",""state"":""MA"",""topic_keys"":[""medicaid"",""chip"",""renewals"",""eligibility"",""unwinding""],""why_matters"":""Renewals due, pending renewals, and procedural disenrollments expose state eligibility processing pressure.""}",https://data.medicaid.gov/api/1/datastore/query/5abea2e0-3f8e-4b49-a50d-d63d5fd9103c/0,"{""aggregation"":""latest reporting_period by state"",""field"":""beneficiaries_whose_coverage_was_renewed_total"",""source_row_count"":3570,""source_rows_used"":3570,""state_name"":""Massachusetts"",""why_matters"":""Renewals due, pending renewals, and procedural disenrollments expose state eligibility processing pressure.""}",2026-07-24T04:43:51Z
cmsmedicaid-6fafce752fe529b1,medicaid_data,medicaid_datastore,5abea2e0-3f8e-4b49-a50d-d63d5fd9103c,State Medicaid and CHIP Eligibility Processing Data,dataset_signal,MA,eligibility,medicaid; chip; renewals; eligibility; unwinding,beneficiaries_with_renewal_due,248454,202603,2024-11-27,2026-06-26,false,60,"{""dataset_id"":""5abea2e0-3f8e-4b49-a50d-d63d5fd9103c"",""endpoint_type"":""medicaid_datastore"",""method"":""latest reporting_period by state"",""metric_name"":""beneficiaries_with_renewal_due"",""metric_period"":""202603"",""metric_value"":""248454"",""rht_flag"":false,""signal_dimension"":""Massachusetts|beneficiaries_with_a_renewal_due"",""state"":""MA"",""topic_keys"":[""medicaid"",""chip"",""renewals"",""eligibility"",""unwinding""],""why_matters"":""Renewals due, pending renewals, and procedural disenrollments expose state eligibility processing pressure.""}",https://data.medicaid.gov/api/1/datastore/query/5abea2e0-3f8e-4b49-a50d-d63d5fd9103c/0,"{""aggregation"":""latest reporting_period by state"",""field"":""beneficiaries_with_a_renewal_due"",""source_row_count"":3570,""source_rows_used"":3570,""state_name"":""Massachusetts"",""why_matters"":""Renewals due, pending renewals, and procedural disenrollments expose state eligibility processing pressure.""}",2026-07-24T04:43:51Z
cmsmedicaid-cb4d3103216903cb,medicaid_data,medicaid_datastore,5abea2e0-3f8e-4b49-a50d-d63d5fd9103c,State Medicaid and CHIP Eligibility Processing Data,dataset_signal,MA,eligibility,medicaid; chip; renewals; eligibility; unwinding,pending_renewals,1510,202603,2024-11-27,2026-06-26,false,60,"{""dataset_id"":""5abea2e0-3f8e-4b49-a50d-d63d5fd9103c"",""endpoint_type"":""medicaid_datastore"",""method"":""latest reporting_period by state"",""metric_name"":""pending_renewals"",""metric_period"":""202603"",""metric_value"":""1510"",""rht_flag"":false,""signal_dimension"":""Massachusetts|beneficiaries_with_a_pending_renewal"",""state"":""MA"",""topic_keys"":[""medicaid"",""chip"",""renewals"",""eligibility"",""unwinding""],""why_matters"":""Renewals due, pending renewals, and procedural disenrollments expose state eligibility processing pressure.""}",https://data.medicaid.gov/api/1/datastore/query/5abea2e0-3f8e-4b49-a50d-d63d5fd9103c/0,"{""aggregation"":""latest reporting_period by state"",""field"":""beneficiaries_with_a_pending_renewal"",""source_row_count"":3570,""source_rows_used"":3570,""state_name"":""Massachusetts"",""why_matters"":""Renewals due, pending renewals, and procedural disenrollments expose state eligibility processing pressure.""}",2026-07-24T04:43:51Z
cmsmedicaid-bb573bbf0dbf3fd2,medicaid_data,medicaid_datastore,5abea2e0-3f8e-4b49-a50d-d63d5fd9103c,State Medicaid and CHIP Eligibility Processing Data,dataset_signal,MA,eligibility,medicaid; chip; renewals; eligibility; unwinding,procedural_disenrollments_at_renewal,35625,202603,2024-11-27,2026-06-26,false,72,"{""dataset_id"":""5abea2e0-3f8e-4b49-a50d-d63d5fd9103c"",""endpoint_type"":""medicaid_datastore"",""method"":""latest reporting_period by state"",""metric_name"":""procedural_disenrollments_at_renewal"",""metric_period"":""202603"",""metric_value"":""35625"",""rht_flag"":false,""signal_dimension"":""Massachusetts|beneficiaries_disenrolled_for_procedural_reasons_at_renewal"",""state"":""MA"",""topic_keys"":[""medicaid"",""chip"",""renewals"",""eligibility"",""unwinding""],""why_matters"":""Renewals due, pending renewals, and procedural disenrollments expose state eligibility processing pressure.""}",https://data.medicaid.gov/api/1/datastore/query/5abea2e0-3f8e-4b49-a50d-d63d5fd9103c/0,"{""aggregation"":""latest reporting_period by state"",""field"":""beneficiaries_disenrolled_for_procedural_reasons_at_renewal"",""source_row_count"":3570,""source_rows_used"":3570,""state_name"":""Massachusetts"",""why_matters"":""Renewals due, pending renewals, and procedural disenrollments expose state eligibility processing pressure.""}",2026-07-24T04:43:51Z
cmsmedicaid-fd442aae3696de62,medicaid_data,medicaid_datastore,5abea2e0-3f8e-4b49-a50d-d63d5fd9103c,State Medicaid and CHIP Eligibility Processing Data,dataset_signal,MD,eligibility,medicaid; chip; renewals; eligibility; unwinding,beneficiaries_renewed_total,62165,202603,2024-11-27,2026-06-26,false,60,"{""dataset_id"":""5abea2e0-3f8e-4b49-a50d-d63d5fd9103c"",""endpoint_type"":""medicaid_datastore"",""method"":""latest reporting_period by state"",""metric_name"":""beneficiaries_renewed_total"",""metric_period"":""202603"",""metric_value"":""62165"",""rht_flag"":false,""signal_dimension"":""Maryland|beneficiaries_whose_coverage_was_renewed_total"",""state"":""MD"",""topic_keys"":[""medicaid"",""chip"",""renewals"",""eligibility"",""unwinding""],""why_matters"":""Renewals due, pending renewals, and procedural disenrollments expose state eligibility processing pressure.""}",https://data.medicaid.gov/api/1/datastore/query/5abea2e0-3f8e-4b49-a50d-d63d5fd9103c/0,"{""aggregation"":""latest reporting_period by state"",""field"":""beneficiaries_whose_coverage_was_renewed_total"",""source_row_count"":3570,""source_rows_used"":3570,""state_name"":""Maryland"",""why_matters"":""Renewals due, pending renewals, and procedural disenrollments expose state eligibility processing pressure.""}",2026-07-24T04:43:51Z
cmsmedicaid-b87a65d223a6ef24,medicaid_data,medicaid_datastore,5abea2e0-3f8e-4b49-a50d-d63d5fd9103c,State Medicaid and CHIP Eligibility Processing Data,dataset_signal,MD,eligibility,medicaid; chip; renewals; eligibility; unwinding,beneficiaries_with_renewal_due,90024,202603,2024-11-27,2026-06-26,false,60,"{""dataset_id"":""5abea2e0-3f8e-4b49-a50d-d63d5fd9103c"",""endpoint_type"":""medicaid_datastore"",""method"":""latest reporting_period by state"",""metric_name"":""beneficiaries_with_renewal_due"",""metric_period"":""202603"",""metric_value"":""90024"",""rht_flag"":false,""signal_dimension"":""Maryland|beneficiaries_with_a_renewal_due"",""state"":""MD"",""topic_keys"":[""medicaid"",""chip"",""renewals"",""eligibility"",""unwinding""],""why_matters"":""Renewals due, pending renewals, and procedural disenrollments expose state eligibility processing pressure.""}",https://data.medicaid.gov/api/1/datastore/query/5abea2e0-3f8e-4b49-a50d-d63d5fd9103c/0,"{""aggregation"":""latest reporting_period by state"",""field"":""beneficiaries_with_a_renewal_due"",""source_row_count"":3570,""source_rows_used"":3570,""state_name"":""Maryland"",""why_matters"":""Renewals due, pending renewals, and procedural disenrollments expose state eligibility processing pressure.""}",2026-07-24T04:43:51Z
cmsmedicaid-f2e592441e38e23a,medicaid_data,medicaid_datastore,5abea2e0-3f8e-4b49-a50d-d63d5fd9103c,State Medicaid and CHIP Eligibility Processing Data,dataset_signal,MD,eligibility,medicaid; chip; renewals; eligibility; unwinding,pending_renewals,3955,202603,2024-11-27,2026-06-26,false,60,"{""dataset_id"":""5abea2e0-3f8e-4b49-a50d-d63d5fd9103c"",""endpoint_type"":""medicaid_datastore"",""method"":""latest reporting_period by state"",""metric_name"":""pending_renewals"",""metric_period"":""202603"",""metric_value"":""3955"",""rht_flag"":false,""signal_dimension"":""Maryland|beneficiaries_with_a_pending_renewal"",""state"":""MD"",""topic_keys"":[""medicaid"",""chip"",""renewals"",""eligibility"",""unwinding""],""why_matters"":""Renewals due, pending renewals, and procedural disenrollments expose state eligibility processing pressure.""}",https://data.medicaid.gov/api/1/datastore/query/5abea2e0-3f8e-4b49-a50d-d63d5fd9103c/0,"{""aggregation"":""latest reporting_period by state"",""field"":""beneficiaries_with_a_pending_renewal"",""source_row_count"":3570,""source_rows_used"":3570,""state_name"":""Maryland"",""why_matters"":""Renewals due, pending renewals, and procedural disenrollments expose state eligibility processing pressure.""}",2026-07-24T04:43:51Z
cmsmedicaid-6d15a594c122fc00,medicaid_data,medicaid_datastore,5abea2e0-3f8e-4b49-a50d-d63d5fd9103c,State Medicaid and CHIP Eligibility Processing Data,dataset_signal,MD,eligibility,medicaid; chip; renewals; eligibility; unwinding,procedural_disenrollments_at_renewal,21102,202603,2024-11-27,2026-06-26,false,72,"{""dataset_id"":""5abea2e0-3f8e-4b49-a50d-d63d5fd9103c"",""endpoint_type"":""medicaid_datastore"",""method"":""latest reporting_period by state"",""metric_name"":""procedural_disenrollments_at_renewal"",""metric_period"":""202603"",""metric_value"":""21102"",""rht_flag"":false,""signal_dimension"":""Maryland|beneficiaries_disenrolled_for_procedural_reasons_at_renewal"",""state"":""MD"",""topic_keys"":[""medicaid"",""chip"",""renewals"",""eligibility"",""unwinding""],""why_matters"":""Renewals due, pending renewals, and procedural disenrollments expose state eligibility processing pressure.""}",https://data.medicaid.gov/api/1/datastore/query/5abea2e0-3f8e-4b49-a50d-d63d5fd9103c/0,"{""aggregation"":""latest reporting_period by state"",""field"":""beneficiaries_disenrolled_for_procedural_reasons_at_renewal"",""source_row_count"":3570,""source_rows_used"":3570,""state_name"":""Maryland"",""why_matters"":""Renewals due, pending renewals, and procedural disenrollments expose state eligibility processing pressure.""}",2026-07-24T04:43:51Z
cmsmedicaid-541b8c91f17346aa,medicaid_data,medicaid_datastore,5abea2e0-3f8e-4b49-a50d-d63d5fd9103c,State Medicaid and CHIP Eligibility Processing Data,dataset_signal,ME,eligibility,medicaid; chip; renewals; eligibility; unwinding,beneficiaries_renewed_total,23999,202603,2024-11-27,2026-06-26,false,60,"{""dataset_id"":""5abea2e0-3f8e-4b49-a50d-d63d5fd9103c"",""endpoint_type"":""medicaid_datastore"",""method"":""latest reporting_period by state"",""metric_name"":""beneficiaries_renewed_total"",""metric_period"":""202603"",""metric_value"":""23999"",""rht_flag"":false,""signal_dimension"":""Maine|beneficiaries_whose_coverage_was_renewed_total"",""state"":""ME"",""topic_keys"":[""medicaid"",""chip"",""renewals"",""eligibility"",""unwinding""],""why_matters"":""Renewals due, pending renewals, and procedural disenrollments expose state eligibility processing pressure.""}",https://data.medicaid.gov/api/1/datastore/query/5abea2e0-3f8e-4b49-a50d-d63d5fd9103c/0,"{""aggregation"":""latest reporting_period by state"",""field"":""beneficiaries_whose_coverage_was_renewed_total"",""source_row_count"":3570,""source_rows_used"":3570,""state_name"":""Maine"",""why_matters"":""Renewals due, pending renewals, and procedural disenrollments expose state eligibility processing pressure.""}",2026-07-24T04:43:51Z
cmsmedicaid-355d18eeb2817c77,medicaid_data,medicaid_datastore,5abea2e0-3f8e-4b49-a50d-d63d5fd9103c,State Medicaid and CHIP Eligibility Processing Data,dataset_signal,ME,eligibility,medicaid; chip; renewals; eligibility; unwinding,beneficiaries_with_renewal_due,30741,202603,2024-11-27,2026-06-26,false,60,"{""dataset_id"":""5abea2e0-3f8e-4b49-a50d-d63d5fd9103c"",""endpoint_type"":""medicaid_datastore"",""method"":""latest reporting_period by state"",""metric_name"":""beneficiaries_with_renewal_due"",""metric_period"":""202603"",""metric_value"":""30741"",""rht_flag"":false,""signal_dimension"":""Maine|beneficiaries_with_a_renewal_due"",""state"":""ME"",""topic_keys"":[""medicaid"",""chip"",""renewals"",""eligibility"",""unwinding""],""why_matters"":""Renewals due, pending renewals, and procedural disenrollments expose state eligibility processing pressure.""}",https://data.medicaid.gov/api/1/datastore/query/5abea2e0-3f8e-4b49-a50d-d63d5fd9103c/0,"{""aggregation"":""latest reporting_period by state"",""field"":""beneficiaries_with_a_renewal_due"",""source_row_count"":3570,""source_rows_used"":3570,""state_name"":""Maine"",""why_matters"":""Renewals due, pending renewals, and procedural disenrollments expose state eligibility processing pressure.""}",2026-07-24T04:43:51Z
cmsmedicaid-c933a42851da0ec4,medicaid_data,medicaid_datastore,5abea2e0-3f8e-4b49-a50d-d63d5fd9103c,State Medicaid and CHIP Eligibility Processing Data,dataset_signal,ME,eligibility,medicaid; chip; renewals; eligibility; unwinding,pending_renewals,2988,202603,2024-11-27,2026-06-26,false,60,"{""dataset_id"":""5abea2e0-3f8e-4b49-a50d-d63d5fd9103c"",""endpoint_type"":""medicaid_datastore"",""method"":""latest reporting_period by state"",""metric_name"":""pending_renewals"",""metric_period"":""202603"",""metric_value"":""2988"",""rht_flag"":false,""signal_dimension"":""Maine|beneficiaries_with_a_pending_renewal"",""state"":""ME"",""topic_keys"":[""medicaid"",""chip"",""renewals"",""eligibility"",""unwinding""],""why_matters"":""Renewals due, pending renewals, and procedural disenrollments expose state eligibility processing pressure.""}",https://data.medicaid.gov/api/1/datastore/query/5abea2e0-3f8e-4b49-a50d-d63d5fd9103c/0,"{""aggregation"":""latest reporting_period by state"",""field"":""beneficiaries_with_a_pending_renewal"",""source_row_count"":3570,""source_rows_used"":3570,""state_name"":""Maine"",""why_matters"":""Renewals due, pending renewals, and procedural disenrollments expose state eligibility processing pressure.""}",2026-07-24T04:43:51Z
cmsmedicaid-88519d87469d7d61,medicaid_data,medicaid_datastore,5abea2e0-3f8e-4b49-a50d-d63d5fd9103c,State Medicaid and CHIP Eligibility Processing Data,dataset_signal,ME,eligibility,medicaid; chip; renewals; eligibility; unwinding,procedural_disenrollments_at_renewal,3469,202603,2024-11-27,2026-06-26,false,72,"{""dataset_id"":""5abea2e0-3f8e-4b49-a50d-d63d5fd9103c"",""endpoint_type"":""medicaid_datastore"",""method"":""latest reporting_period by state"",""metric_name"":""procedural_disenrollments_at_renewal"",""metric_period"":""202603"",""metric_value"":""3469"",""rht_flag"":false,""signal_dimension"":""Maine|beneficiaries_disenrolled_for_procedural_reasons_at_renewal"",""state"":""ME"",""topic_keys"":[""medicaid"",""chip"",""renewals"",""eligibility"",""unwinding""],""why_matters"":""Renewals due, pending renewals, and procedural disenrollments expose state eligibility processing pressure.""}",https://data.medicaid.gov/api/1/datastore/query/5abea2e0-3f8e-4b49-a50d-d63d5fd9103c/0,"{""aggregation"":""latest reporting_period by state"",""field"":""beneficiaries_disenrolled_for_procedural_reasons_at_renewal"",""source_row_count"":3570,""source_rows_used"":3570,""state_name"":""Maine"",""why_matters"":""Renewals due, pending renewals, and procedural disenrollments expose state eligibility processing pressure.""}",2026-07-24T04:43:51Z
cmsmedicaid-301a4b95ae370192,medicaid_data,medicaid_datastore,5abea2e0-3f8e-4b49-a50d-d63d5fd9103c,State Medicaid and CHIP Eligibility Processing Data,dataset_signal,MI,eligibility,medicaid; chip; renewals; eligibility; unwinding,beneficiaries_renewed_total,151317,202603,2024-11-27,2026-06-26,false,60,"{""dataset_id"":""5abea2e0-3f8e-4b49-a50d-d63d5fd9103c"",""endpoint_type"":""medicaid_datastore"",""method"":""latest reporting_period by state"",""metric_name"":""beneficiaries_renewed_total"",""metric_period"":""202603"",""metric_value"":""151317"",""rht_flag"":false,""signal_dimension"":""Michigan|beneficiaries_whose_coverage_was_renewed_total"",""state"":""MI"",""topic_keys"":[""medicaid"",""chip"",""renewals"",""eligibility"",""unwinding""],""why_matters"":""Renewals due, pending renewals, and procedural disenrollments expose state eligibility processing pressure.""}",https://data.medicaid.gov/api/1/datastore/query/5abea2e0-3f8e-4b49-a50d-d63d5fd9103c/0,"{""aggregation"":""latest reporting_period by state"",""field"":""beneficiaries_whose_coverage_was_renewed_total"",""source_row_count"":3570,""source_rows_used"":3570,""state_name"":""Michigan"",""why_matters"":""Renewals due, pending renewals, and procedural disenrollments expose state eligibility processing pressure.""}",2026-07-24T04:43:51Z
cmsmedicaid-941f48e370265648,medicaid_data,medicaid_datastore,5abea2e0-3f8e-4b49-a50d-d63d5fd9103c,State Medicaid and CHIP Eligibility Processing Data,dataset_signal,MI,eligibility,medicaid; chip; renewals; eligibility; unwinding,beneficiaries_with_renewal_due,198401,202603,2024-11-27,2026-06-26,false,60,"{""dataset_id"":""5abea2e0-3f8e-4b49-a50d-d63d5fd9103c"",""endpoint_type"":""medicaid_datastore"",""method"":""latest reporting_period by state"",""metric_name"":""beneficiaries_with_renewal_due"",""metric_period"":""202603"",""metric_value"":""198401"",""rht_flag"":false,""signal_dimension"":""Michigan|beneficiaries_with_a_renewal_due"",""state"":""MI"",""topic_keys"":[""medicaid"",""chip"",""renewals"",""eligibility"",""unwinding""],""why_matters"":""Renewals due, pending renewals, and procedural disenrollments expose state eligibility processing pressure.""}",https://data.medicaid.gov/api/1/datastore/query/5abea2e0-3f8e-4b49-a50d-d63d5fd9103c/0,"{""aggregation"":""latest reporting_period by state"",""field"":""beneficiaries_with_a_renewal_due"",""source_row_count"":3570,""source_rows_used"":3570,""state_name"":""Michigan"",""why_matters"":""Renewals due, pending renewals, and procedural disenrollments expose state eligibility processing pressure.""}",2026-07-24T04:43:51Z
cmsmedicaid-f66b4eef9ad46c6e,medicaid_data,medicaid_datastore,5abea2e0-3f8e-4b49-a50d-d63d5fd9103c,State Medicaid and CHIP Eligibility Processing Data,dataset_signal,MI,eligibility,medicaid; chip; renewals; eligibility; unwinding,pending_renewals,13068,202603,2024-11-27,2026-06-26,false,60,"{""dataset_id"":""5abea2e0-3f8e-4b49-a50d-d63d5fd9103c"",""endpoint_type"":""medicaid_datastore"",""method"":""latest reporting_period by state"",""metric_name"":""pending_renewals"",""metric_period"":""202603"",""metric_value"":""13068"",""rht_flag"":false,""signal_dimension"":""Michigan|beneficiaries_with_a_pending_renewal"",""state"":""MI"",""topic_keys"":[""medicaid"",""chip"",""renewals"",""eligibility"",""unwinding""],""why_matters"":""Renewals due, pending renewals, and procedural disenrollments expose state eligibility processing pressure.""}",https://data.medicaid.gov/api/1/datastore/query/5abea2e0-3f8e-4b49-a50d-d63d5fd9103c/0,"{""aggregation"":""latest reporting_period by state"",""field"":""beneficiaries_with_a_pending_renewal"",""source_row_count"":3570,""source_rows_used"":3570,""state_name"":""Michigan"",""why_matters"":""Renewals due, pending renewals, and procedural disenrollments expose state eligibility processing pressure.""}",2026-07-24T04:43:51Z
cmsmedicaid-6a5e7676b231049c,medicaid_data,medicaid_datastore,5abea2e0-3f8e-4b49-a50d-d63d5fd9103c,State Medicaid and CHIP Eligibility Processing Data,dataset_signal,MI,eligibility,medicaid; chip; renewals; eligibility; unwinding,procedural_disenrollments_at_renewal,27937,202603,2024-11-27,2026-06-26,false,72,"{""dataset_id"":""5abea2e0-3f8e-4b49-a50d-d63d5fd9103c"",""endpoint_type"":""medicaid_datastore"",""method"":""latest reporting_period by state"",""metric_name"":""procedural_disenrollments_at_renewal"",""metric_period"":""202603"",""metric_value"":""27937"",""rht_flag"":false,""signal_dimension"":""Michigan|beneficiaries_disenrolled_for_procedural_reasons_at_renewal"",""state"":""MI"",""topic_keys"":[""medicaid"",""chip"",""renewals"",""eligibility"",""unwinding""],""why_matters"":""Renewals due, pending renewals, and procedural disenrollments expose state eligibility processing pressure.""}",https://data.medicaid.gov/api/1/datastore/query/5abea2e0-3f8e-4b49-a50d-d63d5fd9103c/0,"{""aggregation"":""latest reporting_period by state"",""field"":""beneficiaries_disenrolled_for_procedural_reasons_at_renewal"",""source_row_count"":3570,""source_rows_used"":3570,""state_name"":""Michigan"",""why_matters"":""Renewals due, pending renewals, and procedural disenrollments expose state eligibility processing pressure.""}",2026-07-24T04:43:51Z
cmsmedicaid-a319edfdb25c00ec,medicaid_data,medicaid_datastore,5abea2e0-3f8e-4b49-a50d-d63d5fd9103c,State Medicaid and CHIP Eligibility Processing Data,dataset_signal,MN,eligibility,medicaid; chip; renewals; eligibility; unwinding,beneficiaries_renewed_total,78207,202603,2024-11-27,2026-06-26,false,60,"{""dataset_id"":""5abea2e0-3f8e-4b49-a50d-d63d5fd9103c"",""endpoint_type"":""medicaid_datastore"",""method"":""latest reporting_period by state"",""metric_name"":""beneficiaries_renewed_total"",""metric_period"":""202603"",""metric_value"":""78207"",""rht_flag"":false,""signal_dimension"":""Minnesota|beneficiaries_whose_coverage_was_renewed_total"",""state"":""MN"",""topic_keys"":[""medicaid"",""chip"",""renewals"",""eligibility"",""unwinding""],""why_matters"":""Renewals due, pending renewals, and procedural disenrollments expose state eligibility processing pressure.""}",https://data.medicaid.gov/api/1/datastore/query/5abea2e0-3f8e-4b49-a50d-d63d5fd9103c/0,"{""aggregation"":""latest reporting_period by state"",""field"":""beneficiaries_whose_coverage_was_renewed_total"",""source_row_count"":3570,""source_rows_used"":3570,""state_name"":""Minnesota"",""why_matters"":""Renewals due, pending renewals, and procedural disenrollments expose state eligibility processing pressure.""}",2026-07-24T04:43:51Z
cmsmedicaid-a853e20ef0a32061,medicaid_data,medicaid_datastore,5abea2e0-3f8e-4b49-a50d-d63d5fd9103c,State Medicaid and CHIP Eligibility Processing Data,dataset_signal,MN,eligibility,medicaid; chip; renewals; eligibility; unwinding,beneficiaries_with_renewal_due,95055,202603,2024-11-27,2026-06-26,false,60,"{""dataset_id"":""5abea2e0-3f8e-4b49-a50d-d63d5fd9103c"",""endpoint_type"":""medicaid_datastore"",""method"":""latest reporting_period by state"",""metric_name"":""beneficiaries_with_renewal_due"",""metric_period"":""202603"",""metric_value"":""95055"",""rht_flag"":false,""signal_dimension"":""Minnesota|beneficiaries_with_a_renewal_due"",""state"":""MN"",""topic_keys"":[""medicaid"",""chip"",""renewals"",""eligibility"",""unwinding""],""why_matters"":""Renewals due, pending renewals, and procedural disenrollments expose state eligibility processing pressure.""}",https://data.medicaid.gov/api/1/datastore/query/5abea2e0-3f8e-4b49-a50d-d63d5fd9103c/0,"{""aggregation"":""latest reporting_period by state"",""field"":""beneficiaries_with_a_renewal_due"",""source_row_count"":3570,""source_rows_used"":3570,""state_name"":""Minnesota"",""why_matters"":""Renewals due, pending renewals, and procedural disenrollments expose state eligibility processing pressure.""}",2026-07-24T04:43:51Z
cmsmedicaid-239c65b56caca155,medicaid_data,medicaid_datastore,5abea2e0-3f8e-4b49-a50d-d63d5fd9103c,State Medicaid and CHIP Eligibility Processing Data,dataset_signal,MN,eligibility,medicaid; chip; renewals; eligibility; unwinding,pending_renewals,0,202603,2024-11-27,2026-06-26,false,60,"{""dataset_id"":""5abea2e0-3f8e-4b49-a50d-d63d5fd9103c"",""endpoint_type"":""medicaid_datastore"",""method"":""latest reporting_period by state"",""metric_name"":""pending_renewals"",""metric_period"":""202603"",""metric_value"":""0"",""rht_flag"":false,""signal_dimension"":""Minnesota|beneficiaries_with_a_pending_renewal"",""state"":""MN"",""topic_keys"":[""medicaid"",""chip"",""renewals"",""eligibility"",""unwinding""],""why_matters"":""Renewals due, pending renewals, and procedural disenrollments expose state eligibility processing pressure.""}",https://data.medicaid.gov/api/1/datastore/query/5abea2e0-3f8e-4b49-a50d-d63d5fd9103c/0,"{""aggregation"":""latest reporting_period by state"",""field"":""beneficiaries_with_a_pending_renewal"",""source_row_count"":3570,""source_rows_used"":3570,""state_name"":""Minnesota"",""why_matters"":""Renewals due, pending renewals, and procedural disenrollments expose state eligibility processing pressure.""}",2026-07-24T04:43:51Z
cmsmedicaid-441d79bbbf8b1f6a,medicaid_data,medicaid_datastore,5abea2e0-3f8e-4b49-a50d-d63d5fd9103c,State Medicaid and CHIP Eligibility Processing Data,dataset_signal,MN,eligibility,medicaid; chip; renewals; eligibility; unwinding,procedural_disenrollments_at_renewal,14243,202603,2024-11-27,2026-06-26,false,72,"{""dataset_id"":""5abea2e0-3f8e-4b49-a50d-d63d5fd9103c"",""endpoint_type"":""medicaid_datastore"",""method"":""latest reporting_period by state"",""metric_name"":""procedural_disenrollments_at_renewal"",""metric_period"":""202603"",""metric_value"":""14243"",""rht_flag"":false,""signal_dimension"":""Minnesota|beneficiaries_disenrolled_for_procedural_reasons_at_renewal"",""state"":""MN"",""topic_keys"":[""medicaid"",""chip"",""renewals"",""eligibility"",""unwinding""],""why_matters"":""Renewals due, pending renewals, and procedural disenrollments expose state eligibility processing pressure.""}",https://data.medicaid.gov/api/1/datastore/query/5abea2e0-3f8e-4b49-a50d-d63d5fd9103c/0,"{""aggregation"":""latest reporting_period by state"",""field"":""beneficiaries_disenrolled_for_procedural_reasons_at_renewal"",""source_row_count"":3570,""source_rows_used"":3570,""state_name"":""Minnesota"",""why_matters"":""Renewals due, pending renewals, and procedural disenrollments expose state eligibility processing pressure.""}",2026-07-24T04:43:51Z
cmsmedicaid-d7e5f5fc437eef09,medicaid_data,medicaid_datastore,5abea2e0-3f8e-4b49-a50d-d63d5fd9103c,State Medicaid and CHIP Eligibility Processing Data,dataset_signal,MO,eligibility,medicaid; chip; renewals; eligibility; unwinding,beneficiaries_renewed_total,79724,202603,2024-11-27,2026-06-26,false,60,"{""dataset_id"":""5abea2e0-3f8e-4b49-a50d-d63d5fd9103c"",""endpoint_type"":""medicaid_datastore"",""method"":""latest reporting_period by state"",""metric_name"":""beneficiaries_renewed_total"",""metric_period"":""202603"",""metric_value"":""79724"",""rht_flag"":false,""signal_dimension"":""Missouri|beneficiaries_whose_coverage_was_renewed_total"",""state"":""MO"",""topic_keys"":[""medicaid"",""chip"",""renewals"",""eligibility"",""unwinding""],""why_matters"":""Renewals due, pending renewals, and procedural disenrollments expose state eligibility processing pressure.""}",https://data.medicaid.gov/api/1/datastore/query/5abea2e0-3f8e-4b49-a50d-d63d5fd9103c/0,"{""aggregation"":""latest reporting_period by state"",""field"":""beneficiaries_whose_coverage_was_renewed_total"",""source_row_count"":3570,""source_rows_used"":3570,""state_name"":""Missouri"",""why_matters"":""Renewals due, pending renewals, and procedural disenrollments expose state eligibility processing pressure.""}",2026-07-24T04:43:51Z
cmsmedicaid-5d6c2cad3a3c51dd,medicaid_data,medicaid_datastore,5abea2e0-3f8e-4b49-a50d-d63d5fd9103c,State Medicaid and CHIP Eligibility Processing Data,dataset_signal,MO,eligibility,medicaid; chip; renewals; eligibility; unwinding,beneficiaries_with_renewal_due,135791,202603,2024-11-27,2026-06-26,false,60,"{""dataset_id"":""5abea2e0-3f8e-4b49-a50d-d63d5fd9103c"",""endpoint_type"":""medicaid_datastore"",""method"":""latest reporting_period by state"",""metric_name"":""beneficiaries_with_renewal_due"",""metric_period"":""202603"",""metric_value"":""135791"",""rht_flag"":false,""signal_dimension"":""Missouri|beneficiaries_with_a_renewal_due"",""state"":""MO"",""topic_keys"":[""medicaid"",""chip"",""renewals"",""eligibility"",""unwinding""],""why_matters"":""Renewals due, pending renewals, and procedural disenrollments expose state eligibility processing pressure.""}",https://data.medicaid.gov/api/1/datastore/query/5abea2e0-3f8e-4b49-a50d-d63d5fd9103c/0,"{""aggregation"":""latest reporting_period by state"",""field"":""beneficiaries_with_a_renewal_due"",""source_row_count"":3570,""source_rows_used"":3570,""state_name"":""Missouri"",""why_matters"":""Renewals due, pending renewals, and procedural disenrollments expose state eligibility processing pressure.""}",2026-07-24T04:43:51Z
cmsmedicaid-252cc7ccb1c36060,medicaid_data,medicaid_datastore,5abea2e0-3f8e-4b49-a50d-d63d5fd9103c,State Medicaid and CHIP Eligibility Processing Data,dataset_signal,MO,eligibility,medicaid; chip; renewals; eligibility; unwinding,pending_renewals,27723,202603,2024-11-27,2026-06-26,false,60,"{""dataset_id"":""5abea2e0-3f8e-4b49-a50d-d63d5fd9103c"",""endpoint_type"":""medicaid_datastore"",""method"":""latest reporting_period by state"",""metric_name"":""pending_renewals"",""metric_period"":""202603"",""metric_value"":""27723"",""rht_flag"":false,""signal_dimension"":""Missouri|beneficiaries_with_a_pending_renewal"",""state"":""MO"",""topic_keys"":[""medicaid"",""chip"",""renewals"",""eligibility"",""unwinding""],""why_matters"":""Renewals due, pending renewals, and procedural disenrollments expose state eligibility processing pressure.""}",https://data.medicaid.gov/api/1/datastore/query/5abea2e0-3f8e-4b49-a50d-d63d5fd9103c/0,"{""aggregation"":""latest reporting_period by state"",""field"":""beneficiaries_with_a_pending_renewal"",""source_row_count"":3570,""source_rows_used"":3570,""state_name"":""Missouri"",""why_matters"":""Renewals due, pending renewals, and procedural disenrollments expose state eligibility processing pressure.""}",2026-07-24T04:43:51Z
cmsmedicaid-bc3798fbb0d73405,medicaid_data,medicaid_datastore,5abea2e0-3f8e-4b49-a50d-d63d5fd9103c,State Medicaid and CHIP Eligibility Processing Data,dataset_signal,MO,eligibility,medicaid; chip; renewals; eligibility; unwinding,procedural_disenrollments_at_renewal,25948,202603,2024-11-27,2026-06-26,false,72,"{""dataset_id"":""5abea2e0-3f8e-4b49-a50d-d63d5fd9103c"",""endpoint_type"":""medicaid_datastore"",""method"":""latest reporting_period by state"",""metric_name"":""procedural_disenrollments_at_renewal"",""metric_period"":""202603"",""metric_value"":""25948"",""rht_flag"":false,""signal_dimension"":""Missouri|beneficiaries_disenrolled_for_procedural_reasons_at_renewal"",""state"":""MO"",""topic_keys"":[""medicaid"",""chip"",""renewals"",""eligibility"",""unwinding""],""why_matters"":""Renewals due, pending renewals, and procedural disenrollments expose state eligibility processing pressure.""}",https://data.medicaid.gov/api/1/datastore/query/5abea2e0-3f8e-4b49-a50d-d63d5fd9103c/0,"{""aggregation"":""latest reporting_period by state"",""field"":""beneficiaries_disenrolled_for_procedural_reasons_at_renewal"",""source_row_count"":3570,""source_rows_used"":3570,""state_name"":""Missouri"",""why_matters"":""Renewals due, pending renewals, and procedural disenrollments expose state eligibility processing pressure.""}",2026-07-24T04:43:51Z
cmsmedicaid-fd15d52e06f9603f,medicaid_data,medicaid_datastore,5abea2e0-3f8e-4b49-a50d-d63d5fd9103c,State Medicaid and CHIP Eligibility Processing Data,dataset_signal,MS,eligibility,medicaid; chip; renewals; eligibility; unwinding,beneficiaries_renewed_total,38812,202603,2024-11-27,2026-06-26,false,60,"{""dataset_id"":""5abea2e0-3f8e-4b49-a50d-d63d5fd9103c"",""endpoint_type"":""medicaid_datastore"",""method"":""latest reporting_period by state"",""metric_name"":""beneficiaries_renewed_total"",""metric_period"":""202603"",""metric_value"":""38812"",""rht_flag"":false,""signal_dimension"":""Mississippi|beneficiaries_whose_coverage_was_renewed_total"",""state"":""MS"",""topic_keys"":[""medicaid"",""chip"",""renewals"",""eligibility"",""unwinding""],""why_matters"":""Renewals due, pending renewals, and procedural disenrollments expose state eligibility processing pressure.""}",https://data.medicaid.gov/api/1/datastore/query/5abea2e0-3f8e-4b49-a50d-d63d5fd9103c/0,"{""aggregation"":""latest reporting_period by state"",""field"":""beneficiaries_whose_coverage_was_renewed_total"",""source_row_count"":3570,""source_rows_used"":3570,""state_name"":""Mississippi"",""why_matters"":""Renewals due, pending renewals, and procedural disenrollments expose state eligibility processing pressure.""}",2026-07-24T04:43:51Z
cmsmedicaid-101741d6363d3baa,medicaid_data,medicaid_datastore,5abea2e0-3f8e-4b49-a50d-d63d5fd9103c,State Medicaid and CHIP Eligibility Processing Data,dataset_signal,MS,eligibility,medicaid; chip; renewals; eligibility; unwinding,beneficiaries_with_renewal_due,45546,202603,2024-11-27,2026-06-26,false,60,"{""dataset_id"":""5abea2e0-3f8e-4b49-a50d-d63d5fd9103c"",""endpoint_type"":""medicaid_datastore"",""method"":""latest reporting_period by state"",""metric_name"":""beneficiaries_with_renewal_due"",""metric_period"":""202603"",""metric_value"":""45546"",""rht_flag"":false,""signal_dimension"":""Mississippi|beneficiaries_with_a_renewal_due"",""state"":""MS"",""topic_keys"":[""medicaid"",""chip"",""renewals"",""eligibility"",""unwinding""],""why_matters"":""Renewals due, pending renewals, and procedural disenrollments expose state eligibility processing pressure.""}",https://data.medicaid.gov/api/1/datastore/query/5abea2e0-3f8e-4b49-a50d-d63d5fd9103c/0,"{""aggregation"":""latest reporting_period by state"",""field"":""beneficiaries_with_a_renewal_due"",""source_row_count"":3570,""source_rows_used"":3570,""state_name"":""Mississippi"",""why_matters"":""Renewals due, pending renewals, and procedural disenrollments expose state eligibility processing pressure.""}",2026-07-24T04:43:51Z
cmsmedicaid-e7aab84ccdd08043,medicaid_data,medicaid_datastore,5abea2e0-3f8e-4b49-a50d-d63d5fd9103c,State Medicaid and CHIP Eligibility Processing Data,dataset_signal,MS,eligibility,medicaid; chip; renewals; eligibility; unwinding,pending_renewals,24,202603,2024-11-27,2026-06-26,false,60,"{""dataset_id"":""5abea2e0-3f8e-4b49-a50d-d63d5fd9103c"",""endpoint_type"":""medicaid_datastore"",""method"":""latest reporting_period by state"",""metric_name"":""pending_renewals"",""metric_period"":""202603"",""metric_value"":""24"",""rht_flag"":false,""signal_dimension"":""Mississippi|beneficiaries_with_a_pending_renewal"",""state"":""MS"",""topic_keys"":[""medicaid"",""chip"",""renewals"",""eligibility"",""unwinding""],""why_matters"":""Renewals due, pending renewals, and procedural disenrollments expose state eligibility processing pressure.""}",https://data.medicaid.gov/api/1/datastore/query/5abea2e0-3f8e-4b49-a50d-d63d5fd9103c/0,"{""aggregation"":""latest reporting_period by state"",""field"":""beneficiaries_with_a_pending_renewal"",""source_row_count"":3570,""source_rows_used"":3570,""state_name"":""Mississippi"",""why_matters"":""Renewals due, pending renewals, and procedural disenrollments expose state eligibility processing pressure.""}",2026-07-24T04:43:51Z
cmsmedicaid-909817e03ef5d5b0,medicaid_data,medicaid_datastore,5abea2e0-3f8e-4b49-a50d-d63d5fd9103c,State Medicaid and CHIP Eligibility Processing Data,dataset_signal,MS,eligibility,medicaid; chip; renewals; eligibility; unwinding,procedural_disenrollments_at_renewal,5425,202603,2024-11-27,2026-06-26,false,72,"{""dataset_id"":""5abea2e0-3f8e-4b49-a50d-d63d5fd9103c"",""endpoint_type"":""medicaid_datastore"",""method"":""latest reporting_period by state"",""metric_name"":""procedural_disenrollments_at_renewal"",""metric_period"":""202603"",""metric_value"":""5425"",""rht_flag"":false,""signal_dimension"":""Mississippi|beneficiaries_disenrolled_for_procedural_reasons_at_renewal"",""state"":""MS"",""topic_keys"":[""medicaid"",""chip"",""renewals"",""eligibility"",""unwinding""],""why_matters"":""Renewals due, pending renewals, and procedural disenrollments expose state eligibility processing pressure.""}",https://data.medicaid.gov/api/1/datastore/query/5abea2e0-3f8e-4b49-a50d-d63d5fd9103c/0,"{""aggregation"":""latest reporting_period by state"",""field"":""beneficiaries_disenrolled_for_procedural_reasons_at_renewal"",""source_row_count"":3570,""source_rows_used"":3570,""state_name"":""Mississippi"",""why_matters"":""Renewals due, pending renewals, and procedural disenrollments expose state eligibility processing pressure.""}",2026-07-24T04:43:51Z
cmsmedicaid-944c04f91aa535e4,medicaid_data,medicaid_datastore,5abea2e0-3f8e-4b49-a50d-d63d5fd9103c,State Medicaid and CHIP Eligibility Processing Data,dataset_signal,MT,eligibility,medicaid; chip; renewals; eligibility; unwinding,beneficiaries_renewed_total,10145,202603,2024-11-27,2026-06-26,false,60,"{""dataset_id"":""5abea2e0-3f8e-4b49-a50d-d63d5fd9103c"",""endpoint_type"":""medicaid_datastore"",""method"":""latest reporting_period by state"",""metric_name"":""beneficiaries_renewed_total"",""metric_period"":""202603"",""metric_value"":""10145"",""rht_flag"":false,""signal_dimension"":""Montana|beneficiaries_whose_coverage_was_renewed_total"",""state"":""MT"",""topic_keys"":[""medicaid"",""chip"",""renewals"",""eligibility"",""unwinding""],""why_matters"":""Renewals due, pending renewals, and procedural disenrollments expose state eligibility processing pressure.""}",https://data.medicaid.gov/api/1/datastore/query/5abea2e0-3f8e-4b49-a50d-d63d5fd9103c/0,"{""aggregation"":""latest reporting_period by state"",""field"":""beneficiaries_whose_coverage_was_renewed_total"",""source_row_count"":3570,""source_rows_used"":3570,""state_name"":""Montana"",""why_matters"":""Renewals due, pending renewals, and procedural disenrollments expose state eligibility processing pressure.""}",2026-07-24T04:43:51Z
cmsmedicaid-b041a3d63eb94f26,medicaid_data,medicaid_datastore,5abea2e0-3f8e-4b49-a50d-d63d5fd9103c,State Medicaid and CHIP Eligibility Processing Data,dataset_signal,MT,eligibility,medicaid; chip; renewals; eligibility; unwinding,beneficiaries_with_renewal_due,17846,202603,2024-11-27,2026-06-26,false,60,"{""dataset_id"":""5abea2e0-3f8e-4b49-a50d-d63d5fd9103c"",""endpoint_type"":""medicaid_datastore"",""method"":""latest reporting_period by state"",""metric_name"":""beneficiaries_with_renewal_due"",""metric_period"":""202603"",""metric_value"":""17846"",""rht_flag"":false,""signal_dimension"":""Montana|beneficiaries_with_a_renewal_due"",""state"":""MT"",""topic_keys"":[""medicaid"",""chip"",""renewals"",""eligibility"",""unwinding""],""why_matters"":""Renewals due, pending renewals, and procedural disenrollments expose state eligibility processing pressure.""}",https://data.medicaid.gov/api/1/datastore/query/5abea2e0-3f8e-4b49-a50d-d63d5fd9103c/0,"{""aggregation"":""latest reporting_period by state"",""field"":""beneficiaries_with_a_renewal_due"",""source_row_count"":3570,""source_rows_used"":3570,""state_name"":""Montana"",""why_matters"":""Renewals due, pending renewals, and procedural disenrollments expose state eligibility processing pressure.""}",2026-07-24T04:43:51Z
cmsmedicaid-d475c488e4d51fb9,medicaid_data,medicaid_datastore,5abea2e0-3f8e-4b49-a50d-d63d5fd9103c,State Medicaid and CHIP Eligibility Processing Data,dataset_signal,MT,eligibility,medicaid; chip; renewals; eligibility; unwinding,pending_renewals,4224,202603,2024-11-27,2026-06-26,false,60,"{""dataset_id"":""5abea2e0-3f8e-4b49-a50d-d63d5fd9103c"",""endpoint_type"":""medicaid_datastore"",""method"":""latest reporting_period by state"",""metric_name"":""pending_renewals"",""metric_period"":""202603"",""metric_value"":""4224"",""rht_flag"":false,""signal_dimension"":""Montana|beneficiaries_with_a_pending_renewal"",""state"":""MT"",""topic_keys"":[""medicaid"",""chip"",""renewals"",""eligibility"",""unwinding""],""why_matters"":""Renewals due, pending renewals, and procedural disenrollments expose state eligibility processing pressure.""}",https://data.medicaid.gov/api/1/datastore/query/5abea2e0-3f8e-4b49-a50d-d63d5fd9103c/0,"{""aggregation"":""latest reporting_period by state"",""field"":""beneficiaries_with_a_pending_renewal"",""source_row_count"":3570,""source_rows_used"":3570,""state_name"":""Montana"",""why_matters"":""Renewals due, pending renewals, and procedural disenrollments expose state eligibility processing pressure.""}",2026-07-24T04:43:51Z
cmsmedicaid-b4421661711e13b5,medicaid_data,medicaid_datastore,5abea2e0-3f8e-4b49-a50d-d63d5fd9103c,State Medicaid and CHIP Eligibility Processing Data,dataset_signal,MT,eligibility,medicaid; chip; renewals; eligibility; unwinding,procedural_disenrollments_at_renewal,2663,202603,2024-11-27,2026-06-26,false,72,"{""dataset_id"":""5abea2e0-3f8e-4b49-a50d-d63d5fd9103c"",""endpoint_type"":""medicaid_datastore"",""method"":""latest reporting_period by state"",""metric_name"":""procedural_disenrollments_at_renewal"",""metric_period"":""202603"",""metric_value"":""2663"",""rht_flag"":false,""signal_dimension"":""Montana|beneficiaries_disenrolled_for_procedural_reasons_at_renewal"",""state"":""MT"",""topic_keys"":[""medicaid"",""chip"",""renewals"",""eligibility"",""unwinding""],""why_matters"":""Renewals due, pending renewals, and procedural disenrollments expose state eligibility processing pressure.""}",https://data.medicaid.gov/api/1/datastore/query/5abea2e0-3f8e-4b49-a50d-d63d5fd9103c/0,"{""aggregation"":""latest reporting_period by state"",""field"":""beneficiaries_disenrolled_for_procedural_reasons_at_renewal"",""source_row_count"":3570,""source_rows_used"":3570,""state_name"":""Montana"",""why_matters"":""Renewals due, pending renewals, and procedural disenrollments expose state eligibility processing pressure.""}",2026-07-24T04:43:51Z
cmsmedicaid-f5f1fe4273b48d6f,medicaid_data,medicaid_datastore,5abea2e0-3f8e-4b49-a50d-d63d5fd9103c,State Medicaid and CHIP Eligibility Processing Data,dataset_signal,NC,eligibility,medicaid; chip; renewals; eligibility; unwinding,beneficiaries_renewed_total,171963,202603,2024-11-27,2026-06-26,false,60,"{""dataset_id"":""5abea2e0-3f8e-4b49-a50d-d63d5fd9103c"",""endpoint_type"":""medicaid_datastore"",""method"":""latest reporting_period by state"",""metric_name"":""beneficiaries_renewed_total"",""metric_period"":""202603"",""metric_value"":""171963"",""rht_flag"":false,""signal_dimension"":""North Carolina|beneficiaries_whose_coverage_was_renewed_total"",""state"":""NC"",""topic_keys"":[""medicaid"",""chip"",""renewals"",""eligibility"",""unwinding""],""why_matters"":""Renewals due, pending renewals, and procedural disenrollments expose state eligibility processing pressure.""}",https://data.medicaid.gov/api/1/datastore/query/5abea2e0-3f8e-4b49-a50d-d63d5fd9103c/0,"{""aggregation"":""latest reporting_period by state"",""field"":""beneficiaries_whose_coverage_was_renewed_total"",""source_row_count"":3570,""source_rows_used"":3570,""state_name"":""North Carolina"",""why_matters"":""Renewals due, pending renewals, and procedural disenrollments expose state eligibility processing pressure.""}",2026-07-24T04:43:51Z
cmsmedicaid-52ff478fe9bee5b4,medicaid_data,medicaid_datastore,5abea2e0-3f8e-4b49-a50d-d63d5fd9103c,State Medicaid and CHIP Eligibility Processing Data,dataset_signal,NC,eligibility,medicaid; chip; renewals; eligibility; unwinding,beneficiaries_with_renewal_due,289715,202603,2024-11-27,2026-06-26,false,60,"{""dataset_id"":""5abea2e0-3f8e-4b49-a50d-d63d5fd9103c"",""endpoint_type"":""medicaid_datastore"",""method"":""latest reporting_period by state"",""metric_name"":""beneficiaries_with_renewal_due"",""metric_period"":""202603"",""metric_value"":""289715"",""rht_flag"":false,""signal_dimension"":""North Carolina|beneficiaries_with_a_renewal_due"",""state"":""NC"",""topic_keys"":[""medicaid"",""chip"",""renewals"",""eligibility"",""unwinding""],""why_matters"":""Renewals due, pending renewals, and procedural disenrollments expose state eligibility processing pressure.""}",https://data.medicaid.gov/api/1/datastore/query/5abea2e0-3f8e-4b49-a50d-d63d5fd9103c/0,"{""aggregation"":""latest reporting_period by state"",""field"":""beneficiaries_with_a_renewal_due"",""source_row_count"":3570,""source_rows_used"":3570,""state_name"":""North Carolina"",""why_matters"":""Renewals due, pending renewals, and procedural disenrollments expose state eligibility processing pressure.""}",2026-07-24T04:43:51Z
cmsmedicaid-6c2ebc9b0c7211e3,medicaid_data,medicaid_datastore,5abea2e0-3f8e-4b49-a50d-d63d5fd9103c,State Medicaid and CHIP Eligibility Processing Data,dataset_signal,NC,eligibility,medicaid; chip; renewals; eligibility; unwinding,pending_renewals,98044,202603,2024-11-27,2026-06-26,false,60,"{""dataset_id"":""5abea2e0-3f8e-4b49-a50d-d63d5fd9103c"",""endpoint_type"":""medicaid_datastore"",""method"":""latest reporting_period by state"",""metric_name"":""pending_renewals"",""metric_period"":""202603"",""metric_value"":""98044"",""rht_flag"":false,""signal_dimension"":""North Carolina|beneficiaries_with_a_pending_renewal"",""state"":""NC"",""topic_keys"":[""medicaid"",""chip"",""renewals"",""eligibility"",""unwinding""],""why_matters"":""Renewals due, pending renewals, and procedural disenrollments expose state eligibility processing pressure.""}",https://data.medicaid.gov/api/1/datastore/query/5abea2e0-3f8e-4b49-a50d-d63d5fd9103c/0,"{""aggregation"":""latest reporting_period by state"",""field"":""beneficiaries_with_a_pending_renewal"",""source_row_count"":3570,""source_rows_used"":3570,""state_name"":""North Carolina"",""why_matters"":""Renewals due, pending renewals, and procedural disenrollments expose state eligibility processing pressure.""}",2026-07-24T04:43:51Z
cmsmedicaid-78867f3173780c6a,medicaid_data,medicaid_datastore,5abea2e0-3f8e-4b49-a50d-d63d5fd9103c,State Medicaid and CHIP Eligibility Processing Data,dataset_signal,NC,eligibility,medicaid; chip; renewals; eligibility; unwinding,procedural_disenrollments_at_renewal,11754,202603,2024-11-27,2026-06-26,false,72,"{""dataset_id"":""5abea2e0-3f8e-4b49-a50d-d63d5fd9103c"",""endpoint_type"":""medicaid_datastore"",""method"":""latest reporting_period by state"",""metric_name"":""procedural_disenrollments_at_renewal"",""metric_period"":""202603"",""metric_value"":""11754"",""rht_flag"":false,""signal_dimension"":""North Carolina|beneficiaries_disenrolled_for_procedural_reasons_at_renewal"",""state"":""NC"",""topic_keys"":[""medicaid"",""chip"",""renewals"",""eligibility"",""unwinding""],""why_matters"":""Renewals due, pending renewals, and procedural disenrollments expose state eligibility processing pressure.""}",https://data.medicaid.gov/api/1/datastore/query/5abea2e0-3f8e-4b49-a50d-d63d5fd9103c/0,"{""aggregation"":""latest reporting_period by state"",""field"":""beneficiaries_disenrolled_for_procedural_reasons_at_renewal"",""source_row_count"":3570,""source_rows_used"":3570,""state_name"":""North Carolina"",""why_matters"":""Renewals due, pending renewals, and procedural disenrollments expose state eligibility processing pressure.""}",2026-07-24T04:43:51Z
cmsmedicaid-f5e70819edaa19bf,medicaid_data,medicaid_datastore,5abea2e0-3f8e-4b49-a50d-d63d5fd9103c,State Medicaid and CHIP Eligibility Processing Data,dataset_signal,ND,eligibility,medicaid; chip; renewals; eligibility; unwinding,beneficiaries_renewed_total,5568,202603,2024-11-27,2026-06-26,false,60,"{""dataset_id"":""5abea2e0-3f8e-4b49-a50d-d63d5fd9103c"",""endpoint_type"":""medicaid_datastore"",""method"":""latest reporting_period by state"",""metric_name"":""beneficiaries_renewed_total"",""metric_period"":""202603"",""metric_value"":""5568"",""rht_flag"":false,""signal_dimension"":""North Dakota|beneficiaries_whose_coverage_was_renewed_total"",""state"":""ND"",""topic_keys"":[""medicaid"",""chip"",""renewals"",""eligibility"",""unwinding""],""why_matters"":""Renewals due, pending renewals, and procedural disenrollments expose state eligibility processing pressure.""}",https://data.medicaid.gov/api/1/datastore/query/5abea2e0-3f8e-4b49-a50d-d63d5fd9103c/0,"{""aggregation"":""latest reporting_period by state"",""field"":""beneficiaries_whose_coverage_was_renewed_total"",""source_row_count"":3570,""source_rows_used"":3570,""state_name"":""North Dakota"",""why_matters"":""Renewals due, pending renewals, and procedural disenrollments expose state eligibility processing pressure.""}",2026-07-24T04:43:51Z
cmsmedicaid-8dcf4300d28a6d6f,medicaid_data,medicaid_datastore,5abea2e0-3f8e-4b49-a50d-d63d5fd9103c,State Medicaid and CHIP Eligibility Processing Data,dataset_signal,ND,eligibility,medicaid; chip; renewals; eligibility; unwinding,beneficiaries_with_renewal_due,9676,202603,2024-11-27,2026-06-26,false,60,"{""dataset_id"":""5abea2e0-3f8e-4b49-a50d-d63d5fd9103c"",""endpoint_type"":""medicaid_datastore"",""method"":""latest reporting_period by state"",""metric_name"":""beneficiaries_with_renewal_due"",""metric_period"":""202603"",""metric_value"":""9676"",""rht_flag"":false,""signal_dimension"":""North Dakota|beneficiaries_with_a_renewal_due"",""state"":""ND"",""topic_keys"":[""medicaid"",""chip"",""renewals"",""eligibility"",""unwinding""],""why_matters"":""Renewals due, pending renewals, and procedural disenrollments expose state eligibility processing pressure.""}",https://data.medicaid.gov/api/1/datastore/query/5abea2e0-3f8e-4b49-a50d-d63d5fd9103c/0,"{""aggregation"":""latest reporting_period by state"",""field"":""beneficiaries_with_a_renewal_due"",""source_row_count"":3570,""source_rows_used"":3570,""state_name"":""North Dakota"",""why_matters"":""Renewals due, pending renewals, and procedural disenrollments expose state eligibility processing pressure.""}",2026-07-24T04:43:51Z
cmsmedicaid-8f796d1256bef321,medicaid_data,medicaid_datastore,5abea2e0-3f8e-4b49-a50d-d63d5fd9103c,State Medicaid and CHIP Eligibility Processing Data,dataset_signal,ND,eligibility,medicaid; chip; renewals; eligibility; unwinding,pending_renewals,2294,202603,2024-11-27,2026-06-26,false,60,"{""dataset_id"":""5abea2e0-3f8e-4b49-a50d-d63d5fd9103c"",""endpoint_type"":""medicaid_datastore"",""method"":""latest reporting_period by state"",""metric_name"":""pending_renewals"",""metric_period"":""202603"",""metric_value"":""2294"",""rht_flag"":false,""signal_dimension"":""North Dakota|beneficiaries_with_a_pending_renewal"",""state"":""ND"",""topic_keys"":[""medicaid"",""chip"",""renewals"",""eligibility"",""unwinding""],""why_matters"":""Renewals due, pending renewals, and procedural disenrollments expose state eligibility processing pressure.""}",https://data.medicaid.gov/api/1/datastore/query/5abea2e0-3f8e-4b49-a50d-d63d5fd9103c/0,"{""aggregation"":""latest reporting_period by state"",""field"":""beneficiaries_with_a_pending_renewal"",""source_row_count"":3570,""source_rows_used"":3570,""state_name"":""North Dakota"",""why_matters"":""Renewals due, pending renewals, and procedural disenrollments expose state eligibility processing pressure.""}",2026-07-24T04:43:51Z
cmsmedicaid-867bee0459289c64,medicaid_data,medicaid_datastore,5abea2e0-3f8e-4b49-a50d-d63d5fd9103c,State Medicaid and CHIP Eligibility Processing Data,dataset_signal,ND,eligibility,medicaid; chip; renewals; eligibility; unwinding,procedural_disenrollments_at_renewal,1361,202603,2024-11-27,2026-06-26,false,72,"{""dataset_id"":""5abea2e0-3f8e-4b49-a50d-d63d5fd9103c"",""endpoint_type"":""medicaid_datastore"",""method"":""latest reporting_period by state"",""metric_name"":""procedural_disenrollments_at_renewal"",""metric_period"":""202603"",""metric_value"":""1361"",""rht_flag"":false,""signal_dimension"":""North Dakota|beneficiaries_disenrolled_for_procedural_reasons_at_renewal"",""state"":""ND"",""topic_keys"":[""medicaid"",""chip"",""renewals"",""eligibility"",""unwinding""],""why_matters"":""Renewals due, pending renewals, and procedural disenrollments expose state eligibility processing pressure.""}",https://data.medicaid.gov/api/1/datastore/query/5abea2e0-3f8e-4b49-a50d-d63d5fd9103c/0,"{""aggregation"":""latest reporting_period by state"",""field"":""beneficiaries_disenrolled_for_procedural_reasons_at_renewal"",""source_row_count"":3570,""source_rows_used"":3570,""state_name"":""North Dakota"",""why_matters"":""Renewals due, pending renewals, and procedural disenrollments expose state eligibility processing pressure.""}",2026-07-24T04:43:51Z
cmsmedicaid-ff268deb8c22771c,medicaid_data,medicaid_datastore,5abea2e0-3f8e-4b49-a50d-d63d5fd9103c,State Medicaid and CHIP Eligibility Processing Data,dataset_signal,NE,eligibility,medicaid; chip; renewals; eligibility; unwinding,beneficiaries_renewed_total,18364,202603,2024-11-27,2026-06-26,false,60,"{""dataset_id"":""5abea2e0-3f8e-4b49-a50d-d63d5fd9103c"",""endpoint_type"":""medicaid_datastore"",""method"":""latest reporting_period by state"",""metric_name"":""beneficiaries_renewed_total"",""metric_period"":""202603"",""metric_value"":""18364"",""rht_flag"":false,""signal_dimension"":""Nebraska|beneficiaries_whose_coverage_was_renewed_total"",""state"":""NE"",""topic_keys"":[""medicaid"",""chip"",""renewals"",""eligibility"",""unwinding""],""why_matters"":""Renewals due, pending renewals, and procedural disenrollments expose state eligibility processing pressure.""}",https://data.medicaid.gov/api/1/datastore/query/5abea2e0-3f8e-4b49-a50d-d63d5fd9103c/0,"{""aggregation"":""latest reporting_period by state"",""field"":""beneficiaries_whose_coverage_was_renewed_total"",""source_row_count"":3570,""source_rows_used"":3570,""state_name"":""Nebraska"",""why_matters"":""Renewals due, pending renewals, and procedural disenrollments expose state eligibility processing pressure.""}",2026-07-24T04:43:51Z
cmsmedicaid-8822c68850bd91b6,medicaid_data,medicaid_datastore,5abea2e0-3f8e-4b49-a50d-d63d5fd9103c,State Medicaid and CHIP Eligibility Processing Data,dataset_signal,NE,eligibility,medicaid; chip; renewals; eligibility; unwinding,beneficiaries_with_renewal_due,25614,202603,2024-11-27,2026-06-26,false,60,"{""dataset_id"":""5abea2e0-3f8e-4b49-a50d-d63d5fd9103c"",""endpoint_type"":""medicaid_datastore"",""method"":""latest reporting_period by state"",""metric_name"":""beneficiaries_with_renewal_due"",""metric_period"":""202603"",""metric_value"":""25614"",""rht_flag"":false,""signal_dimension"":""Nebraska|beneficiaries_with_a_renewal_due"",""state"":""NE"",""topic_keys"":[""medicaid"",""chip"",""renewals"",""eligibility"",""unwinding""],""why_matters"":""Renewals due, pending renewals, and procedural disenrollments expose state eligibility processing pressure.""}",https://data.medicaid.gov/api/1/datastore/query/5abea2e0-3f8e-4b49-a50d-d63d5fd9103c/0,"{""aggregation"":""latest reporting_period by state"",""field"":""beneficiaries_with_a_renewal_due"",""source_row_count"":3570,""source_rows_used"":3570,""state_name"":""Nebraska"",""why_matters"":""Renewals due, pending renewals, and procedural disenrollments expose state eligibility processing pressure.""}",2026-07-24T04:43:51Z
cmsmedicaid-919cafac17b9ae75,medicaid_data,medicaid_datastore,5abea2e0-3f8e-4b49-a50d-d63d5fd9103c,State Medicaid and CHIP Eligibility Processing Data,dataset_signal,NE,eligibility,medicaid; chip; renewals; eligibility; unwinding,pending_renewals,2770,202603,2024-11-27,2026-06-26,false,60,"{""dataset_id"":""5abea2e0-3f8e-4b49-a50d-d63d5fd9103c"",""endpoint_type"":""medicaid_datastore"",""method"":""latest reporting_period by state"",""metric_name"":""pending_renewals"",""metric_period"":""202603"",""metric_value"":""2770"",""rht_flag"":false,""signal_dimension"":""Nebraska|beneficiaries_with_a_pending_renewal"",""state"":""NE"",""topic_keys"":[""medicaid"",""chip"",""renewals"",""eligibility"",""unwinding""],""why_matters"":""Renewals due, pending renewals, and procedural disenrollments expose state eligibility processing pressure.""}",https://data.medicaid.gov/api/1/datastore/query/5abea2e0-3f8e-4b49-a50d-d63d5fd9103c/0,"{""aggregation"":""latest reporting_period by state"",""field"":""beneficiaries_with_a_pending_renewal"",""source_row_count"":3570,""source_rows_used"":3570,""state_name"":""Nebraska"",""why_matters"":""Renewals due, pending renewals, and procedural disenrollments expose state eligibility processing pressure.""}",2026-07-24T04:43:51Z
cmsmedicaid-b96fa6e9e88ee28e,medicaid_data,medicaid_datastore,5abea2e0-3f8e-4b49-a50d-d63d5fd9103c,State Medicaid and CHIP Eligibility Processing Data,dataset_signal,NE,eligibility,medicaid; chip; renewals; eligibility; unwinding,procedural_disenrollments_at_renewal,2085,202603,2024-11-27,2026-06-26,false,72,"{""dataset_id"":""5abea2e0-3f8e-4b49-a50d-d63d5fd9103c"",""endpoint_type"":""medicaid_datastore"",""method"":""latest reporting_period by state"",""metric_name"":""procedural_disenrollments_at_renewal"",""metric_period"":""202603"",""metric_value"":""2085"",""rht_flag"":false,""signal_dimension"":""Nebraska|beneficiaries_disenrolled_for_procedural_reasons_at_renewal"",""state"":""NE"",""topic_keys"":[""medicaid"",""chip"",""renewals"",""eligibility"",""unwinding""],""why_matters"":""Renewals due, pending renewals, and procedural disenrollments expose state eligibility processing pressure.""}",https://data.medicaid.gov/api/1/datastore/query/5abea2e0-3f8e-4b49-a50d-d63d5fd9103c/0,"{""aggregation"":""latest reporting_period by state"",""field"":""beneficiaries_disenrolled_for_procedural_reasons_at_renewal"",""source_row_count"":3570,""source_rows_used"":3570,""state_name"":""Nebraska"",""why_matters"":""Renewals due, pending renewals, and procedural disenrollments expose state eligibility processing pressure.""}",2026-07-24T04:43:51Z
cmsmedicaid-3a847a75156029f0,medicaid_data,medicaid_datastore,5abea2e0-3f8e-4b49-a50d-d63d5fd9103c,State Medicaid and CHIP Eligibility Processing Data,dataset_signal,NH,eligibility,medicaid; chip; renewals; eligibility; unwinding,beneficiaries_renewed_total,7784,202603,2024-11-27,2026-06-26,false,60,"{""dataset_id"":""5abea2e0-3f8e-4b49-a50d-d63d5fd9103c"",""endpoint_type"":""medicaid_datastore"",""method"":""latest reporting_period by state"",""metric_name"":""beneficiaries_renewed_total"",""metric_period"":""202603"",""metric_value"":""7784"",""rht_flag"":false,""signal_dimension"":""New Hampshire|beneficiaries_whose_coverage_was_renewed_total"",""state"":""NH"",""topic_keys"":[""medicaid"",""chip"",""renewals"",""eligibility"",""unwinding""],""why_matters"":""Renewals due, pending renewals, and procedural disenrollments expose state eligibility processing pressure.""}",https://data.medicaid.gov/api/1/datastore/query/5abea2e0-3f8e-4b49-a50d-d63d5fd9103c/0,"{""aggregation"":""latest reporting_period by state"",""field"":""beneficiaries_whose_coverage_was_renewed_total"",""source_row_count"":3570,""source_rows_used"":3570,""state_name"":""New Hampshire"",""why_matters"":""Renewals due, pending renewals, and procedural disenrollments expose state eligibility processing pressure.""}",2026-07-24T04:43:51Z
cmsmedicaid-43c7485ec3d90223,medicaid_data,medicaid_datastore,5abea2e0-3f8e-4b49-a50d-d63d5fd9103c,State Medicaid and CHIP Eligibility Processing Data,dataset_signal,NH,eligibility,medicaid; chip; renewals; eligibility; unwinding,beneficiaries_with_renewal_due,11424,202603,2024-11-27,2026-06-26,false,60,"{""dataset_id"":""5abea2e0-3f8e-4b49-a50d-d63d5fd9103c"",""endpoint_type"":""medicaid_datastore"",""method"":""latest reporting_period by state"",""metric_name"":""beneficiaries_with_renewal_due"",""metric_period"":""202603"",""metric_value"":""11424"",""rht_flag"":false,""signal_dimension"":""New Hampshire|beneficiaries_with_a_renewal_due"",""state"":""NH"",""topic_keys"":[""medicaid"",""chip"",""renewals"",""eligibility"",""unwinding""],""why_matters"":""Renewals due, pending renewals, and procedural disenrollments expose state eligibility processing pressure.""}",https://data.medicaid.gov/api/1/datastore/query/5abea2e0-3f8e-4b49-a50d-d63d5fd9103c/0,"{""aggregation"":""latest reporting_period by state"",""field"":""beneficiaries_with_a_renewal_due"",""source_row_count"":3570,""source_rows_used"":3570,""state_name"":""New Hampshire"",""why_matters"":""Renewals due, pending renewals, and procedural disenrollments expose state eligibility processing pressure.""}",2026-07-24T04:43:51Z
cmsmedicaid-f31985e0ae95313c,medicaid_data,medicaid_datastore,5abea2e0-3f8e-4b49-a50d-d63d5fd9103c,State Medicaid and CHIP Eligibility Processing Data,dataset_signal,NH,eligibility,medicaid; chip; renewals; eligibility; unwinding,pending_renewals,610,202603,2024-11-27,2026-06-26,false,60,"{""dataset_id"":""5abea2e0-3f8e-4b49-a50d-d63d5fd9103c"",""endpoint_type"":""medicaid_datastore"",""method"":""latest reporting_period by state"",""metric_name"":""pending_renewals"",""metric_period"":""202603"",""metric_value"":""610"",""rht_flag"":false,""signal_dimension"":""New Hampshire|beneficiaries_with_a_pending_renewal"",""state"":""NH"",""topic_keys"":[""medicaid"",""chip"",""renewals"",""eligibility"",""unwinding""],""why_matters"":""Renewals due, pending renewals, and procedural disenrollments expose state eligibility processing pressure.""}",https://data.medicaid.gov/api/1/datastore/query/5abea2e0-3f8e-4b49-a50d-d63d5fd9103c/0,"{""aggregation"":""latest reporting_period by state"",""field"":""beneficiaries_with_a_pending_renewal"",""source_row_count"":3570,""source_rows_used"":3570,""state_name"":""New Hampshire"",""why_matters"":""Renewals due, pending renewals, and procedural disenrollments expose state eligibility processing pressure.""}",2026-07-24T04:43:51Z
cmsmedicaid-cc21713ef865763d,medicaid_data,medicaid_datastore,5abea2e0-3f8e-4b49-a50d-d63d5fd9103c,State Medicaid and CHIP Eligibility Processing Data,dataset_signal,NH,eligibility,medicaid; chip; renewals; eligibility; unwinding,procedural_disenrollments_at_renewal,2570,202603,2024-11-27,2026-06-26,false,72,"{""dataset_id"":""5abea2e0-3f8e-4b49-a50d-d63d5fd9103c"",""endpoint_type"":""medicaid_datastore"",""method"":""latest reporting_period by state"",""metric_name"":""procedural_disenrollments_at_renewal"",""metric_period"":""202603"",""metric_value"":""2570"",""rht_flag"":false,""signal_dimension"":""New Hampshire|beneficiaries_disenrolled_for_procedural_reasons_at_renewal"",""state"":""NH"",""topic_keys"":[""medicaid"",""chip"",""renewals"",""eligibility"",""unwinding""],""why_matters"":""Renewals due, pending renewals, and procedural disenrollments expose state eligibility processing pressure.""}",https://data.medicaid.gov/api/1/datastore/query/5abea2e0-3f8e-4b49-a50d-d63d5fd9103c/0,"{""aggregation"":""latest reporting_period by state"",""field"":""beneficiaries_disenrolled_for_procedural_reasons_at_renewal"",""source_row_count"":3570,""source_rows_used"":3570,""state_name"":""New Hampshire"",""why_matters"":""Renewals due, pending renewals, and procedural disenrollments expose state eligibility processing pressure.""}",2026-07-24T04:43:51Z
cmsmedicaid-c769d552de47418e,medicaid_data,medicaid_datastore,5abea2e0-3f8e-4b49-a50d-d63d5fd9103c,State Medicaid and CHIP Eligibility Processing Data,dataset_signal,NJ,eligibility,medicaid; chip; renewals; eligibility; unwinding,beneficiaries_renewed_total,65541,202603,2024-11-27,2026-06-26,false,60,"{""dataset_id"":""5abea2e0-3f8e-4b49-a50d-d63d5fd9103c"",""endpoint_type"":""medicaid_datastore"",""method"":""latest reporting_period by state"",""metric_name"":""beneficiaries_renewed_total"",""metric_period"":""202603"",""metric_value"":""65541"",""rht_flag"":false,""signal_dimension"":""New Jersey|beneficiaries_whose_coverage_was_renewed_total"",""state"":""NJ"",""topic_keys"":[""medicaid"",""chip"",""renewals"",""eligibility"",""unwinding""],""why_matters"":""Renewals due, pending renewals, and procedural disenrollments expose state eligibility processing pressure.""}",https://data.medicaid.gov/api/1/datastore/query/5abea2e0-3f8e-4b49-a50d-d63d5fd9103c/0,"{""aggregation"":""latest reporting_period by state"",""field"":""beneficiaries_whose_coverage_was_renewed_total"",""source_row_count"":3570,""source_rows_used"":3570,""state_name"":""New Jersey"",""why_matters"":""Renewals due, pending renewals, and procedural disenrollments expose state eligibility processing pressure.""}",2026-07-24T04:43:51Z
cmsmedicaid-485eeca2675cbebc,medicaid_data,medicaid_datastore,5abea2e0-3f8e-4b49-a50d-d63d5fd9103c,State Medicaid and CHIP Eligibility Processing Data,dataset_signal,NJ,eligibility,medicaid; chip; renewals; eligibility; unwinding,beneficiaries_with_renewal_due,129936,202603,2024-11-27,2026-06-26,false,60,"{""dataset_id"":""5abea2e0-3f8e-4b49-a50d-d63d5fd9103c"",""endpoint_type"":""medicaid_datastore"",""method"":""latest reporting_period by state"",""metric_name"":""beneficiaries_with_renewal_due"",""metric_period"":""202603"",""metric_value"":""129936"",""rht_flag"":false,""signal_dimension"":""New Jersey|beneficiaries_with_a_renewal_due"",""state"":""NJ"",""topic_keys"":[""medicaid"",""chip"",""renewals"",""eligibility"",""unwinding""],""why_matters"":""Renewals due, pending renewals, and procedural disenrollments expose state eligibility processing pressure.""}",https://data.medicaid.gov/api/1/datastore/query/5abea2e0-3f8e-4b49-a50d-d63d5fd9103c/0,"{""aggregation"":""latest reporting_period by state"",""field"":""beneficiaries_with_a_renewal_due"",""source_row_count"":3570,""source_rows_used"":3570,""state_name"":""New Jersey"",""why_matters"":""Renewals due, pending renewals, and procedural disenrollments expose state eligibility processing pressure.""}",2026-07-24T04:43:51Z
cmsmedicaid-518a9485167c285c,medicaid_data,medicaid_datastore,5abea2e0-3f8e-4b49-a50d-d63d5fd9103c,State Medicaid and CHIP Eligibility Processing Data,dataset_signal,NJ,eligibility,medicaid; chip; renewals; eligibility; unwinding,pending_renewals,43962,202603,2024-11-27,2026-06-26,false,60,"{""dataset_id"":""5abea2e0-3f8e-4b49-a50d-d63d5fd9103c"",""endpoint_type"":""medicaid_datastore"",""method"":""latest reporting_period by state"",""metric_name"":""pending_renewals"",""metric_period"":""202603"",""metric_value"":""43962"",""rht_flag"":false,""signal_dimension"":""New Jersey|beneficiaries_with_a_pending_renewal"",""state"":""NJ"",""topic_keys"":[""medicaid"",""chip"",""renewals"",""eligibility"",""unwinding""],""why_matters"":""Renewals due, pending renewals, and procedural disenrollments expose state eligibility processing pressure.""}",https://data.medicaid.gov/api/1/datastore/query/5abea2e0-3f8e-4b49-a50d-d63d5fd9103c/0,"{""aggregation"":""latest reporting_period by state"",""field"":""beneficiaries_with_a_pending_renewal"",""source_row_count"":3570,""source_rows_used"":3570,""state_name"":""New Jersey"",""why_matters"":""Renewals due, pending renewals, and procedural disenrollments expose state eligibility processing pressure.""}",2026-07-24T04:43:51Z
cmsmedicaid-06392f19b9a3ffe5,medicaid_data,medicaid_datastore,5abea2e0-3f8e-4b49-a50d-d63d5fd9103c,State Medicaid and CHIP Eligibility Processing Data,dataset_signal,NJ,eligibility,medicaid; chip; renewals; eligibility; unwinding,procedural_disenrollments_at_renewal,14480,202603,2024-11-27,2026-06-26,false,72,"{""dataset_id"":""5abea2e0-3f8e-4b49-a50d-d63d5fd9103c"",""endpoint_type"":""medicaid_datastore"",""method"":""latest reporting_period by state"",""metric_name"":""procedural_disenrollments_at_renewal"",""metric_period"":""202603"",""metric_value"":""14480"",""rht_flag"":false,""signal_dimension"":""New Jersey|beneficiaries_disenrolled_for_procedural_reasons_at_renewal"",""state"":""NJ"",""topic_keys"":[""medicaid"",""chip"",""renewals"",""eligibility"",""unwinding""],""why_matters"":""Renewals due, pending renewals, and procedural disenrollments expose state eligibility processing pressure.""}",https://data.medicaid.gov/api/1/datastore/query/5abea2e0-3f8e-4b49-a50d-d63d5fd9103c/0,"{""aggregation"":""latest reporting_period by state"",""field"":""beneficiaries_disenrolled_for_procedural_reasons_at_renewal"",""source_row_count"":3570,""source_rows_used"":3570,""state_name"":""New Jersey"",""why_matters"":""Renewals due, pending renewals, and procedural disenrollments expose state eligibility processing pressure.""}",2026-07-24T04:43:51Z
cmsmedicaid-47f0cd425669dcf8,medicaid_data,medicaid_datastore,5abea2e0-3f8e-4b49-a50d-d63d5fd9103c,State Medicaid and CHIP Eligibility Processing Data,dataset_signal,NM,eligibility,medicaid; chip; renewals; eligibility; unwinding,beneficiaries_renewed_total,29826,202603,2024-11-27,2026-06-26,false,60,"{""dataset_id"":""5abea2e0-3f8e-4b49-a50d-d63d5fd9103c"",""endpoint_type"":""medicaid_datastore"",""method"":""latest reporting_period by state"",""metric_name"":""beneficiaries_renewed_total"",""metric_period"":""202603"",""metric_value"":""29826"",""rht_flag"":false,""signal_dimension"":""New Mexico|beneficiaries_whose_coverage_was_renewed_total"",""state"":""NM"",""topic_keys"":[""medicaid"",""chip"",""renewals"",""eligibility"",""unwinding""],""why_matters"":""Renewals due, pending renewals, and procedural disenrollments expose state eligibility processing pressure.""}",https://data.medicaid.gov/api/1/datastore/query/5abea2e0-3f8e-4b49-a50d-d63d5fd9103c/0,"{""aggregation"":""latest reporting_period by state"",""field"":""beneficiaries_whose_coverage_was_renewed_total"",""source_row_count"":3570,""source_rows_used"":3570,""state_name"":""New Mexico"",""why_matters"":""Renewals due, pending renewals, and procedural disenrollments expose state eligibility processing pressure.""}",2026-07-24T04:43:51Z
cmsmedicaid-84d47b206d100c23,medicaid_data,medicaid_datastore,5abea2e0-3f8e-4b49-a50d-d63d5fd9103c,State Medicaid and CHIP Eligibility Processing Data,dataset_signal,NM,eligibility,medicaid; chip; renewals; eligibility; unwinding,beneficiaries_with_renewal_due,39749,202603,2024-11-27,2026-06-26,false,60,"{""dataset_id"":""5abea2e0-3f8e-4b49-a50d-d63d5fd9103c"",""endpoint_type"":""medicaid_datastore"",""method"":""latest reporting_period by state"",""metric_name"":""beneficiaries_with_renewal_due"",""metric_period"":""202603"",""metric_value"":""39749"",""rht_flag"":false,""signal_dimension"":""New Mexico|beneficiaries_with_a_renewal_due"",""state"":""NM"",""topic_keys"":[""medicaid"",""chip"",""renewals"",""eligibility"",""unwinding""],""why_matters"":""Renewals due, pending renewals, and procedural disenrollments expose state eligibility processing pressure.""}",https://data.medicaid.gov/api/1/datastore/query/5abea2e0-3f8e-4b49-a50d-d63d5fd9103c/0,"{""aggregation"":""latest reporting_period by state"",""field"":""beneficiaries_with_a_renewal_due"",""source_row_count"":3570,""source_rows_used"":3570,""state_name"":""New Mexico"",""why_matters"":""Renewals due, pending renewals, and procedural disenrollments expose state eligibility processing pressure.""}",2026-07-24T04:43:51Z
cmsmedicaid-851b208dabc33b5a,medicaid_data,medicaid_datastore,5abea2e0-3f8e-4b49-a50d-d63d5fd9103c,State Medicaid and CHIP Eligibility Processing Data,dataset_signal,NM,eligibility,medicaid; chip; renewals; eligibility; unwinding,pending_renewals,768,202603,2024-11-27,2026-06-26,false,60,"{""dataset_id"":""5abea2e0-3f8e-4b49-a50d-d63d5fd9103c"",""endpoint_type"":""medicaid_datastore"",""method"":""latest reporting_period by state"",""metric_name"":""pending_renewals"",""metric_period"":""202603"",""metric_value"":""768"",""rht_flag"":false,""signal_dimension"":""New Mexico|beneficiaries_with_a_pending_renewal"",""state"":""NM"",""topic_keys"":[""medicaid"",""chip"",""renewals"",""eligibility"",""unwinding""],""why_matters"":""Renewals due, pending renewals, and procedural disenrollments expose state eligibility processing pressure.""}",https://data.medicaid.gov/api/1/datastore/query/5abea2e0-3f8e-4b49-a50d-d63d5fd9103c/0,"{""aggregation"":""latest reporting_period by state"",""field"":""beneficiaries_with_a_pending_renewal"",""source_row_count"":3570,""source_rows_used"":3570,""state_name"":""New Mexico"",""why_matters"":""Renewals due, pending renewals, and procedural disenrollments expose state eligibility processing pressure.""}",2026-07-24T04:43:51Z
cmsmedicaid-d0ba24064b338dfa,medicaid_data,medicaid_datastore,5abea2e0-3f8e-4b49-a50d-d63d5fd9103c,State Medicaid and CHIP Eligibility Processing Data,dataset_signal,NM,eligibility,medicaid; chip; renewals; eligibility; unwinding,procedural_disenrollments_at_renewal,8123,202603,2024-11-27,2026-06-26,false,72,"{""dataset_id"":""5abea2e0-3f8e-4b49-a50d-d63d5fd9103c"",""endpoint_type"":""medicaid_datastore"",""method"":""latest reporting_period by state"",""metric_name"":""procedural_disenrollments_at_renewal"",""metric_period"":""202603"",""metric_value"":""8123"",""rht_flag"":false,""signal_dimension"":""New Mexico|beneficiaries_disenrolled_for_procedural_reasons_at_renewal"",""state"":""NM"",""topic_keys"":[""medicaid"",""chip"",""renewals"",""eligibility"",""unwinding""],""why_matters"":""Renewals due, pending renewals, and procedural disenrollments expose state eligibility processing pressure.""}",https://data.medicaid.gov/api/1/datastore/query/5abea2e0-3f8e-4b49-a50d-d63d5fd9103c/0,"{""aggregation"":""latest reporting_period by state"",""field"":""beneficiaries_disenrolled_for_procedural_reasons_at_renewal"",""source_row_count"":3570,""source_rows_used"":3570,""state_name"":""New Mexico"",""why_matters"":""Renewals due, pending renewals, and procedural disenrollments expose state eligibility processing pressure.""}",2026-07-24T04:43:51Z
cmsmedicaid-601900d3d8e01cae,medicaid_data,medicaid_datastore,5abea2e0-3f8e-4b49-a50d-d63d5fd9103c,State Medicaid and CHIP Eligibility Processing Data,dataset_signal,NV,eligibility,medicaid; chip; renewals; eligibility; unwinding,beneficiaries_renewed_total,72527,202603,2024-11-27,2026-06-26,false,60,"{""dataset_id"":""5abea2e0-3f8e-4b49-a50d-d63d5fd9103c"",""endpoint_type"":""medicaid_datastore"",""method"":""latest reporting_period by state"",""metric_name"":""beneficiaries_renewed_total"",""metric_period"":""202603"",""metric_value"":""72527"",""rht_flag"":false,""signal_dimension"":""Nevada|beneficiaries_whose_coverage_was_renewed_total"",""state"":""NV"",""topic_keys"":[""medicaid"",""chip"",""renewals"",""eligibility"",""unwinding""],""why_matters"":""Renewals due, pending renewals, and procedural disenrollments expose state eligibility processing pressure.""}",https://data.medicaid.gov/api/1/datastore/query/5abea2e0-3f8e-4b49-a50d-d63d5fd9103c/0,"{""aggregation"":""latest reporting_period by state"",""field"":""beneficiaries_whose_coverage_was_renewed_total"",""source_row_count"":3570,""source_rows_used"":3570,""state_name"":""Nevada"",""why_matters"":""Renewals due, pending renewals, and procedural disenrollments expose state eligibility processing pressure.""}",2026-07-24T04:43:51Z
cmsmedicaid-d71310d4acbbd392,medicaid_data,medicaid_datastore,5abea2e0-3f8e-4b49-a50d-d63d5fd9103c,State Medicaid and CHIP Eligibility Processing Data,dataset_signal,NV,eligibility,medicaid; chip; renewals; eligibility; unwinding,beneficiaries_with_renewal_due,88903,202603,2024-11-27,2026-06-26,false,60,"{""dataset_id"":""5abea2e0-3f8e-4b49-a50d-d63d5fd9103c"",""endpoint_type"":""medicaid_datastore"",""method"":""latest reporting_period by state"",""metric_name"":""beneficiaries_with_renewal_due"",""metric_period"":""202603"",""metric_value"":""88903"",""rht_flag"":false,""signal_dimension"":""Nevada|beneficiaries_with_a_renewal_due"",""state"":""NV"",""topic_keys"":[""medicaid"",""chip"",""renewals"",""eligibility"",""unwinding""],""why_matters"":""Renewals due, pending renewals, and procedural disenrollments expose state eligibility processing pressure.""}",https://data.medicaid.gov/api/1/datastore/query/5abea2e0-3f8e-4b49-a50d-d63d5fd9103c/0,"{""aggregation"":""latest reporting_period by state"",""field"":""beneficiaries_with_a_renewal_due"",""source_row_count"":3570,""source_rows_used"":3570,""state_name"":""Nevada"",""why_matters"":""Renewals due, pending renewals, and procedural disenrollments expose state eligibility processing pressure.""}",2026-07-24T04:43:51Z
cmsmedicaid-889d8334ed1c169d,medicaid_data,medicaid_datastore,5abea2e0-3f8e-4b49-a50d-d63d5fd9103c,State Medicaid and CHIP Eligibility Processing Data,dataset_signal,NV,eligibility,medicaid; chip; renewals; eligibility; unwinding,pending_renewals,3563,202603,2024-11-27,2026-06-26,false,60,"{""dataset_id"":""5abea2e0-3f8e-4b49-a50d-d63d5fd9103c"",""endpoint_type"":""medicaid_datastore"",""method"":""latest reporting_period by state"",""metric_name"":""pending_renewals"",""metric_period"":""202603"",""metric_value"":""3563"",""rht_flag"":false,""signal_dimension"":""Nevada|beneficiaries_with_a_pending_renewal"",""state"":""NV"",""topic_keys"":[""medicaid"",""chip"",""renewals"",""eligibility"",""unwinding""],""why_matters"":""Renewals due, pending renewals, and procedural disenrollments expose state eligibility processing pressure.""}",https://data.medicaid.gov/api/1/datastore/query/5abea2e0-3f8e-4b49-a50d-d63d5fd9103c/0,"{""aggregation"":""latest reporting_period by state"",""field"":""beneficiaries_with_a_pending_renewal"",""source_row_count"":3570,""source_rows_used"":3570,""state_name"":""Nevada"",""why_matters"":""Renewals due, pending renewals, and procedural disenrollments expose state eligibility processing pressure.""}",2026-07-24T04:43:51Z
cmsmedicaid-7eb742ceb4bccfd2,medicaid_data,medicaid_datastore,5abea2e0-3f8e-4b49-a50d-d63d5fd9103c,State Medicaid and CHIP Eligibility Processing Data,dataset_signal,NV,eligibility,medicaid; chip; renewals; eligibility; unwinding,procedural_disenrollments_at_renewal,11289,202603,2024-11-27,2026-06-26,false,72,"{""dataset_id"":""5abea2e0-3f8e-4b49-a50d-d63d5fd9103c"",""endpoint_type"":""medicaid_datastore"",""method"":""latest reporting_period by state"",""metric_name"":""procedural_disenrollments_at_renewal"",""metric_period"":""202603"",""metric_value"":""11289"",""rht_flag"":false,""signal_dimension"":""Nevada|beneficiaries_disenrolled_for_procedural_reasons_at_renewal"",""state"":""NV"",""topic_keys"":[""medicaid"",""chip"",""renewals"",""eligibility"",""unwinding""],""why_matters"":""Renewals due, pending renewals, and procedural disenrollments expose state eligibility processing pressure.""}",https://data.medicaid.gov/api/1/datastore/query/5abea2e0-3f8e-4b49-a50d-d63d5fd9103c/0,"{""aggregation"":""latest reporting_period by state"",""field"":""beneficiaries_disenrolled_for_procedural_reasons_at_renewal"",""source_row_count"":3570,""source_rows_used"":3570,""state_name"":""Nevada"",""why_matters"":""Renewals due, pending renewals, and procedural disenrollments expose state eligibility processing pressure.""}",2026-07-24T04:43:51Z
cmsmedicaid-644ebb22ccb80f7f,medicaid_data,medicaid_datastore,5abea2e0-3f8e-4b49-a50d-d63d5fd9103c,State Medicaid and CHIP Eligibility Processing Data,dataset_signal,NY,eligibility,medicaid; chip; renewals; eligibility; unwinding,beneficiaries_renewed_total,279053,202603,2024-11-27,2026-06-26,false,60,"{""dataset_id"":""5abea2e0-3f8e-4b49-a50d-d63d5fd9103c"",""endpoint_type"":""medicaid_datastore"",""method"":""latest reporting_period by state"",""metric_name"":""beneficiaries_renewed_total"",""metric_period"":""202603"",""metric_value"":""279053"",""rht_flag"":false,""signal_dimension"":""New York|beneficiaries_whose_coverage_was_renewed_total"",""state"":""NY"",""topic_keys"":[""medicaid"",""chip"",""renewals"",""eligibility"",""unwinding""],""why_matters"":""Renewals due, pending renewals, and procedural disenrollments expose state eligibility processing pressure.""}",https://data.medicaid.gov/api/1/datastore/query/5abea2e0-3f8e-4b49-a50d-d63d5fd9103c/0,"{""aggregation"":""latest reporting_period by state"",""field"":""beneficiaries_whose_coverage_was_renewed_total"",""source_row_count"":3570,""source_rows_used"":3570,""state_name"":""New York"",""why_matters"":""Renewals due, pending renewals, and procedural disenrollments expose state eligibility processing pressure.""}",2026-07-24T04:43:51Z
cmsmedicaid-0cb9d9d609bb3480,medicaid_data,medicaid_datastore,5abea2e0-3f8e-4b49-a50d-d63d5fd9103c,State Medicaid and CHIP Eligibility Processing Data,dataset_signal,NY,eligibility,medicaid; chip; renewals; eligibility; unwinding,beneficiaries_with_renewal_due,384606,202603,2024-11-27,2026-06-26,false,60,"{""dataset_id"":""5abea2e0-3f8e-4b49-a50d-d63d5fd9103c"",""endpoint_type"":""medicaid_datastore"",""method"":""latest reporting_period by state"",""metric_name"":""beneficiaries_with_renewal_due"",""metric_period"":""202603"",""metric_value"":""384606"",""rht_flag"":false,""signal_dimension"":""New York|beneficiaries_with_a_renewal_due"",""state"":""NY"",""topic_keys"":[""medicaid"",""chip"",""renewals"",""eligibility"",""unwinding""],""why_matters"":""Renewals due, pending renewals, and procedural disenrollments expose state eligibility processing pressure.""}",https://data.medicaid.gov/api/1/datastore/query/5abea2e0-3f8e-4b49-a50d-d63d5fd9103c/0,"{""aggregation"":""latest reporting_period by state"",""field"":""beneficiaries_with_a_renewal_due"",""source_row_count"":3570,""source_rows_used"":3570,""state_name"":""New York"",""why_matters"":""Renewals due, pending renewals, and procedural disenrollments expose state eligibility processing pressure.""}",2026-07-24T04:43:51Z
cmsmedicaid-099ceea716bbd39b,medicaid_data,medicaid_datastore,5abea2e0-3f8e-4b49-a50d-d63d5fd9103c,State Medicaid and CHIP Eligibility Processing Data,dataset_signal,NY,eligibility,medicaid; chip; renewals; eligibility; unwinding,pending_renewals,6066,202603,2024-11-27,2026-06-26,false,60,"{""dataset_id"":""5abea2e0-3f8e-4b49-a50d-d63d5fd9103c"",""endpoint_type"":""medicaid_datastore"",""method"":""latest reporting_period by state"",""metric_name"":""pending_renewals"",""metric_period"":""202603"",""metric_value"":""6066"",""rht_flag"":false,""signal_dimension"":""New York|beneficiaries_with_a_pending_renewal"",""state"":""NY"",""topic_keys"":[""medicaid"",""chip"",""renewals"",""eligibility"",""unwinding""],""why_matters"":""Renewals due, pending renewals, and procedural disenrollments expose state eligibility processing pressure.""}",https://data.medicaid.gov/api/1/datastore/query/5abea2e0-3f8e-4b49-a50d-d63d5fd9103c/0,"{""aggregation"":""latest reporting_period by state"",""field"":""beneficiaries_with_a_pending_renewal"",""source_row_count"":3570,""source_rows_used"":3570,""state_name"":""New York"",""why_matters"":""Renewals due, pending renewals, and procedural disenrollments expose state eligibility processing pressure.""}",2026-07-24T04:43:51Z
cmsmedicaid-1e3a4a9c01a2c7a0,medicaid_data,medicaid_datastore,5abea2e0-3f8e-4b49-a50d-d63d5fd9103c,State Medicaid and CHIP Eligibility Processing Data,dataset_signal,NY,eligibility,medicaid; chip; renewals; eligibility; unwinding,procedural_disenrollments_at_renewal,59335,202603,2024-11-27,2026-06-26,false,72,"{""dataset_id"":""5abea2e0-3f8e-4b49-a50d-d63d5fd9103c"",""endpoint_type"":""medicaid_datastore"",""method"":""latest reporting_period by state"",""metric_name"":""procedural_disenrollments_at_renewal"",""metric_period"":""202603"",""metric_value"":""59335"",""rht_flag"":false,""signal_dimension"":""New York|beneficiaries_disenrolled_for_procedural_reasons_at_renewal"",""state"":""NY"",""topic_keys"":[""medicaid"",""chip"",""renewals"",""eligibility"",""unwinding""],""why_matters"":""Renewals due, pending renewals, and procedural disenrollments expose state eligibility processing pressure.""}",https://data.medicaid.gov/api/1/datastore/query/5abea2e0-3f8e-4b49-a50d-d63d5fd9103c/0,"{""aggregation"":""latest reporting_period by state"",""field"":""beneficiaries_disenrolled_for_procedural_reasons_at_renewal"",""source_row_count"":3570,""source_rows_used"":3570,""state_name"":""New York"",""why_matters"":""Renewals due, pending renewals, and procedural disenrollments expose state eligibility processing pressure.""}",2026-07-24T04:43:51Z
cmsmedicaid-2c962bd7997a94b8,medicaid_data,medicaid_datastore,5abea2e0-3f8e-4b49-a50d-d63d5fd9103c,State Medicaid and CHIP Eligibility Processing Data,dataset_signal,OH,eligibility,medicaid; chip; renewals; eligibility; unwinding,beneficiaries_renewed_total,178433,202603,2024-11-27,2026-06-26,false,60,"{""dataset_id"":""5abea2e0-3f8e-4b49-a50d-d63d5fd9103c"",""endpoint_type"":""medicaid_datastore"",""method"":""latest reporting_period by state"",""metric_name"":""beneficiaries_renewed_total"",""metric_period"":""202603"",""metric_value"":""178433"",""rht_flag"":false,""signal_dimension"":""Ohio|beneficiaries_whose_coverage_was_renewed_total"",""state"":""OH"",""topic_keys"":[""medicaid"",""chip"",""renewals"",""eligibility"",""unwinding""],""why_matters"":""Renewals due, pending renewals, and procedural disenrollments expose state eligibility processing pressure.""}",https://data.medicaid.gov/api/1/datastore/query/5abea2e0-3f8e-4b49-a50d-d63d5fd9103c/0,"{""aggregation"":""latest reporting_period by state"",""field"":""beneficiaries_whose_coverage_was_renewed_total"",""source_row_count"":3570,""source_rows_used"":3570,""state_name"":""Ohio"",""why_matters"":""Renewals due, pending renewals, and procedural disenrollments expose state eligibility processing pressure.""}",2026-07-24T04:43:51Z
cmsmedicaid-5f7ab9630d80ed84,medicaid_data,medicaid_datastore,5abea2e0-3f8e-4b49-a50d-d63d5fd9103c,State Medicaid and CHIP Eligibility Processing Data,dataset_signal,OH,eligibility,medicaid; chip; renewals; eligibility; unwinding,beneficiaries_with_renewal_due,267513,202603,2024-11-27,2026-06-26,false,60,"{""dataset_id"":""5abea2e0-3f8e-4b49-a50d-d63d5fd9103c"",""endpoint_type"":""medicaid_datastore"",""method"":""latest reporting_period by state"",""metric_name"":""beneficiaries_with_renewal_due"",""metric_period"":""202603"",""metric_value"":""267513"",""rht_flag"":false,""signal_dimension"":""Ohio|beneficiaries_with_a_renewal_due"",""state"":""OH"",""topic_keys"":[""medicaid"",""chip"",""renewals"",""eligibility"",""unwinding""],""why_matters"":""Renewals due, pending renewals, and procedural disenrollments expose state eligibility processing pressure.""}",https://data.medicaid.gov/api/1/datastore/query/5abea2e0-3f8e-4b49-a50d-d63d5fd9103c/0,"{""aggregation"":""latest reporting_period by state"",""field"":""beneficiaries_with_a_renewal_due"",""source_row_count"":3570,""source_rows_used"":3570,""state_name"":""Ohio"",""why_matters"":""Renewals due, pending renewals, and procedural disenrollments expose state eligibility processing pressure.""}",2026-07-24T04:43:51Z
cmsmedicaid-f2a564fc129e55c6,medicaid_data,medicaid_datastore,5abea2e0-3f8e-4b49-a50d-d63d5fd9103c,State Medicaid and CHIP Eligibility Processing Data,dataset_signal,OH,eligibility,medicaid; chip; renewals; eligibility; unwinding,pending_renewals,32909,202603,2024-11-27,2026-06-26,false,60,"{""dataset_id"":""5abea2e0-3f8e-4b49-a50d-d63d5fd9103c"",""endpoint_type"":""medicaid_datastore"",""method"":""latest reporting_period by state"",""metric_name"":""pending_renewals"",""metric_period"":""202603"",""metric_value"":""32909"",""rht_flag"":false,""signal_dimension"":""Ohio|beneficiaries_with_a_pending_renewal"",""state"":""OH"",""topic_keys"":[""medicaid"",""chip"",""renewals"",""eligibility"",""unwinding""],""why_matters"":""Renewals due, pending renewals, and procedural disenrollments expose state eligibility processing pressure.""}",https://data.medicaid.gov/api/1/datastore/query/5abea2e0-3f8e-4b49-a50d-d63d5fd9103c/0,"{""aggregation"":""latest reporting_period by state"",""field"":""beneficiaries_with_a_pending_renewal"",""source_row_count"":3570,""source_rows_used"":3570,""state_name"":""Ohio"",""why_matters"":""Renewals due, pending renewals, and procedural disenrollments expose state eligibility processing pressure.""}",2026-07-24T04:43:51Z
cmsmedicaid-ea057d6a9297cd94,medicaid_data,medicaid_datastore,5abea2e0-3f8e-4b49-a50d-d63d5fd9103c,State Medicaid and CHIP Eligibility Processing Data,dataset_signal,OH,eligibility,medicaid; chip; renewals; eligibility; unwinding,procedural_disenrollments_at_renewal,50534,202603,2024-11-27,2026-06-26,false,72,"{""dataset_id"":""5abea2e0-3f8e-4b49-a50d-d63d5fd9103c"",""endpoint_type"":""medicaid_datastore"",""method"":""latest reporting_period by state"",""metric_name"":""procedural_disenrollments_at_renewal"",""metric_period"":""202603"",""metric_value"":""50534"",""rht_flag"":false,""signal_dimension"":""Ohio|beneficiaries_disenrolled_for_procedural_reasons_at_renewal"",""state"":""OH"",""topic_keys"":[""medicaid"",""chip"",""renewals"",""eligibility"",""unwinding""],""why_matters"":""Renewals due, pending renewals, and procedural disenrollments expose state eligibility processing pressure.""}",https://data.medicaid.gov/api/1/datastore/query/5abea2e0-3f8e-4b49-a50d-d63d5fd9103c/0,"{""aggregation"":""latest reporting_period by state"",""field"":""beneficiaries_disenrolled_for_procedural_reasons_at_renewal"",""source_row_count"":3570,""source_rows_used"":3570,""state_name"":""Ohio"",""why_matters"":""Renewals due, pending renewals, and procedural disenrollments expose state eligibility processing pressure.""}",2026-07-24T04:43:51Z
cmsmedicaid-9e131e33c56097e2,medicaid_data,medicaid_datastore,5abea2e0-3f8e-4b49-a50d-d63d5fd9103c,State Medicaid and CHIP Eligibility Processing Data,dataset_signal,OK,eligibility,medicaid; chip; renewals; eligibility; unwinding,beneficiaries_renewed_total,37007,202603,2024-11-27,2026-06-26,false,60,"{""dataset_id"":""5abea2e0-3f8e-4b49-a50d-d63d5fd9103c"",""endpoint_type"":""medicaid_datastore"",""method"":""latest reporting_period by state"",""metric_name"":""beneficiaries_renewed_total"",""metric_period"":""202603"",""metric_value"":""37007"",""rht_flag"":false,""signal_dimension"":""Oklahoma|beneficiaries_whose_coverage_was_renewed_total"",""state"":""OK"",""topic_keys"":[""medicaid"",""chip"",""renewals"",""eligibility"",""unwinding""],""why_matters"":""Renewals due, pending renewals, and procedural disenrollments expose state eligibility processing pressure.""}",https://data.medicaid.gov/api/1/datastore/query/5abea2e0-3f8e-4b49-a50d-d63d5fd9103c/0,"{""aggregation"":""latest reporting_period by state"",""field"":""beneficiaries_whose_coverage_was_renewed_total"",""source_row_count"":3570,""source_rows_used"":3570,""state_name"":""Oklahoma"",""why_matters"":""Renewals due, pending renewals, and procedural disenrollments expose state eligibility processing pressure.""}",2026-07-24T04:43:51Z
cmsmedicaid-cb965d2f1ffd4294,medicaid_data,medicaid_datastore,5abea2e0-3f8e-4b49-a50d-d63d5fd9103c,State Medicaid and CHIP Eligibility Processing Data,dataset_signal,OK,eligibility,medicaid; chip; renewals; eligibility; unwinding,beneficiaries_with_renewal_due,65790,202603,2024-11-27,2026-06-26,false,60,"{""dataset_id"":""5abea2e0-3f8e-4b49-a50d-d63d5fd9103c"",""endpoint_type"":""medicaid_datastore"",""method"":""latest reporting_period by state"",""metric_name"":""beneficiaries_with_renewal_due"",""metric_period"":""202603"",""metric_value"":""65790"",""rht_flag"":false,""signal_dimension"":""Oklahoma|beneficiaries_with_a_renewal_due"",""state"":""OK"",""topic_keys"":[""medicaid"",""chip"",""renewals"",""eligibility"",""unwinding""],""why_matters"":""Renewals due, pending renewals, and procedural disenrollments expose state eligibility processing pressure.""}",https://data.medicaid.gov/api/1/datastore/query/5abea2e0-3f8e-4b49-a50d-d63d5fd9103c/0,"{""aggregation"":""latest reporting_period by state"",""field"":""beneficiaries_with_a_renewal_due"",""source_row_count"":3570,""source_rows_used"":3570,""state_name"":""Oklahoma"",""why_matters"":""Renewals due, pending renewals, and procedural disenrollments expose state eligibility processing pressure.""}",2026-07-24T04:43:51Z
cmsmedicaid-a2572e379fbede8e,medicaid_data,medicaid_datastore,5abea2e0-3f8e-4b49-a50d-d63d5fd9103c,State Medicaid and CHIP Eligibility Processing Data,dataset_signal,OK,eligibility,medicaid; chip; renewals; eligibility; unwinding,pending_renewals,3895,202603,2024-11-27,2026-06-26,false,60,"{""dataset_id"":""5abea2e0-3f8e-4b49-a50d-d63d5fd9103c"",""endpoint_type"":""medicaid_datastore"",""method"":""latest reporting_period by state"",""metric_name"":""pending_renewals"",""metric_period"":""202603"",""metric_value"":""3895"",""rht_flag"":false,""signal_dimension"":""Oklahoma|beneficiaries_with_a_pending_renewal"",""state"":""OK"",""topic_keys"":[""medicaid"",""chip"",""renewals"",""eligibility"",""unwinding""],""why_matters"":""Renewals due, pending renewals, and procedural disenrollments expose state eligibility processing pressure.""}",https://data.medicaid.gov/api/1/datastore/query/5abea2e0-3f8e-4b49-a50d-d63d5fd9103c/0,"{""aggregation"":""latest reporting_period by state"",""field"":""beneficiaries_with_a_pending_renewal"",""source_row_count"":3570,""source_rows_used"":3570,""state_name"":""Oklahoma"",""why_matters"":""Renewals due, pending renewals, and procedural disenrollments expose state eligibility processing pressure.""}",2026-07-24T04:43:51Z
cmsmedicaid-0f5ea9a3678932d4,medicaid_data,medicaid_datastore,5abea2e0-3f8e-4b49-a50d-d63d5fd9103c,State Medicaid and CHIP Eligibility Processing Data,dataset_signal,OK,eligibility,medicaid; chip; renewals; eligibility; unwinding,procedural_disenrollments_at_renewal,20799,202603,2024-11-27,2026-06-26,false,72,"{""dataset_id"":""5abea2e0-3f8e-4b49-a50d-d63d5fd9103c"",""endpoint_type"":""medicaid_datastore"",""method"":""latest reporting_period by state"",""metric_name"":""procedural_disenrollments_at_renewal"",""metric_period"":""202603"",""metric_value"":""20799"",""rht_flag"":false,""signal_dimension"":""Oklahoma|beneficiaries_disenrolled_for_procedural_reasons_at_renewal"",""state"":""OK"",""topic_keys"":[""medicaid"",""chip"",""renewals"",""eligibility"",""unwinding""],""why_matters"":""Renewals due, pending renewals, and procedural disenrollments expose state eligibility processing pressure.""}",https://data.medicaid.gov/api/1/datastore/query/5abea2e0-3f8e-4b49-a50d-d63d5fd9103c/0,"{""aggregation"":""latest reporting_period by state"",""field"":""beneficiaries_disenrolled_for_procedural_reasons_at_renewal"",""source_row_count"":3570,""source_rows_used"":3570,""state_name"":""Oklahoma"",""why_matters"":""Renewals due, pending renewals, and procedural disenrollments expose state eligibility processing pressure.""}",2026-07-24T04:43:51Z
cmsmedicaid-225faa57f8355d38,medicaid_data,medicaid_datastore,5abea2e0-3f8e-4b49-a50d-d63d5fd9103c,State Medicaid and CHIP Eligibility Processing Data,dataset_signal,OR,eligibility,medicaid; chip; renewals; eligibility; unwinding,beneficiaries_renewed_total,77297,202603,2024-11-27,2026-06-26,false,60,"{""dataset_id"":""5abea2e0-3f8e-4b49-a50d-d63d5fd9103c"",""endpoint_type"":""medicaid_datastore"",""method"":""latest reporting_period by state"",""metric_name"":""beneficiaries_renewed_total"",""metric_period"":""202603"",""metric_value"":""77297"",""rht_flag"":false,""signal_dimension"":""Oregon|beneficiaries_whose_coverage_was_renewed_total"",""state"":""OR"",""topic_keys"":[""medicaid"",""chip"",""renewals"",""eligibility"",""unwinding""],""why_matters"":""Renewals due, pending renewals, and procedural disenrollments expose state eligibility processing pressure.""}",https://data.medicaid.gov/api/1/datastore/query/5abea2e0-3f8e-4b49-a50d-d63d5fd9103c/0,"{""aggregation"":""latest reporting_period by state"",""field"":""beneficiaries_whose_coverage_was_renewed_total"",""source_row_count"":3570,""source_rows_used"":3570,""state_name"":""Oregon"",""why_matters"":""Renewals due, pending renewals, and procedural disenrollments expose state eligibility processing pressure.""}",2026-07-24T04:43:51Z
cmsmedicaid-6d38b1d343f0a7e1,medicaid_data,medicaid_datastore,5abea2e0-3f8e-4b49-a50d-d63d5fd9103c,State Medicaid and CHIP Eligibility Processing Data,dataset_signal,OR,eligibility,medicaid; chip; renewals; eligibility; unwinding,beneficiaries_with_renewal_due,95936,202603,2024-11-27,2026-06-26,false,60,"{""dataset_id"":""5abea2e0-3f8e-4b49-a50d-d63d5fd9103c"",""endpoint_type"":""medicaid_datastore"",""method"":""latest reporting_period by state"",""metric_name"":""beneficiaries_with_renewal_due"",""metric_period"":""202603"",""metric_value"":""95936"",""rht_flag"":false,""signal_dimension"":""Oregon|beneficiaries_with_a_renewal_due"",""state"":""OR"",""topic_keys"":[""medicaid"",""chip"",""renewals"",""eligibility"",""unwinding""],""why_matters"":""Renewals due, pending renewals, and procedural disenrollments expose state eligibility processing pressure.""}",https://data.medicaid.gov/api/1/datastore/query/5abea2e0-3f8e-4b49-a50d-d63d5fd9103c/0,"{""aggregation"":""latest reporting_period by state"",""field"":""beneficiaries_with_a_renewal_due"",""source_row_count"":3570,""source_rows_used"":3570,""state_name"":""Oregon"",""why_matters"":""Renewals due, pending renewals, and procedural disenrollments expose state eligibility processing pressure.""}",2026-07-24T04:43:51Z
cmsmedicaid-6bc668bf9b05abe2,medicaid_data,medicaid_datastore,5abea2e0-3f8e-4b49-a50d-d63d5fd9103c,State Medicaid and CHIP Eligibility Processing Data,dataset_signal,OR,eligibility,medicaid; chip; renewals; eligibility; unwinding,pending_renewals,230,202603,2024-11-27,2026-06-26,false,60,"{""dataset_id"":""5abea2e0-3f8e-4b49-a50d-d63d5fd9103c"",""endpoint_type"":""medicaid_datastore"",""method"":""latest reporting_period by state"",""metric_name"":""pending_renewals"",""metric_period"":""202603"",""metric_value"":""230"",""rht_flag"":false,""signal_dimension"":""Oregon|beneficiaries_with_a_pending_renewal"",""state"":""OR"",""topic_keys"":[""medicaid"",""chip"",""renewals"",""eligibility"",""unwinding""],""why_matters"":""Renewals due, pending renewals, and procedural disenrollments expose state eligibility processing pressure.""}",https://data.medicaid.gov/api/1/datastore/query/5abea2e0-3f8e-4b49-a50d-d63d5fd9103c/0,"{""aggregation"":""latest reporting_period by state"",""field"":""beneficiaries_with_a_pending_renewal"",""source_row_count"":3570,""source_rows_used"":3570,""state_name"":""Oregon"",""why_matters"":""Renewals due, pending renewals, and procedural disenrollments expose state eligibility processing pressure.""}",2026-07-24T04:43:51Z
cmsmedicaid-0734ba15b73fc522,medicaid_data,medicaid_datastore,5abea2e0-3f8e-4b49-a50d-d63d5fd9103c,State Medicaid and CHIP Eligibility Processing Data,dataset_signal,OR,eligibility,medicaid; chip; renewals; eligibility; unwinding,procedural_disenrollments_at_renewal,12538,202603,2024-11-27,2026-06-26,false,72,"{""dataset_id"":""5abea2e0-3f8e-4b49-a50d-d63d5fd9103c"",""endpoint_type"":""medicaid_datastore"",""method"":""latest reporting_period by state"",""metric_name"":""procedural_disenrollments_at_renewal"",""metric_period"":""202603"",""metric_value"":""12538"",""rht_flag"":false,""signal_dimension"":""Oregon|beneficiaries_disenrolled_for_procedural_reasons_at_renewal"",""state"":""OR"",""topic_keys"":[""medicaid"",""chip"",""renewals"",""eligibility"",""unwinding""],""why_matters"":""Renewals due, pending renewals, and procedural disenrollments expose state eligibility processing pressure.""}",https://data.medicaid.gov/api/1/datastore/query/5abea2e0-3f8e-4b49-a50d-d63d5fd9103c/0,"{""aggregation"":""latest reporting_period by state"",""field"":""beneficiaries_disenrolled_for_procedural_reasons_at_renewal"",""source_row_count"":3570,""source_rows_used"":3570,""state_name"":""Oregon"",""why_matters"":""Renewals due, pending renewals, and procedural disenrollments expose state eligibility processing pressure.""}",2026-07-24T04:43:51Z
cmsmedicaid-269701f6e8abccc6,medicaid_data,medicaid_datastore,5abea2e0-3f8e-4b49-a50d-d63d5fd9103c,State Medicaid and CHIP Eligibility Processing Data,dataset_signal,PA,eligibility,medicaid; chip; renewals; eligibility; unwinding,beneficiaries_renewed_total,133706,202603,2024-11-27,2026-06-26,false,60,"{""dataset_id"":""5abea2e0-3f8e-4b49-a50d-d63d5fd9103c"",""endpoint_type"":""medicaid_datastore"",""method"":""latest reporting_period by state"",""metric_name"":""beneficiaries_renewed_total"",""metric_period"":""202603"",""metric_value"":""133706"",""rht_flag"":false,""signal_dimension"":""Pennsylvania|beneficiaries_whose_coverage_was_renewed_total"",""state"":""PA"",""topic_keys"":[""medicaid"",""chip"",""renewals"",""eligibility"",""unwinding""],""why_matters"":""Renewals due, pending renewals, and procedural disenrollments expose state eligibility processing pressure.""}",https://data.medicaid.gov/api/1/datastore/query/5abea2e0-3f8e-4b49-a50d-d63d5fd9103c/0,"{""aggregation"":""latest reporting_period by state"",""field"":""beneficiaries_whose_coverage_was_renewed_total"",""source_row_count"":3570,""source_rows_used"":3570,""state_name"":""Pennsylvania"",""why_matters"":""Renewals due, pending renewals, and procedural disenrollments expose state eligibility processing pressure.""}",2026-07-24T04:43:51Z
cmsmedicaid-650f15a9a1b74216,medicaid_data,medicaid_datastore,5abea2e0-3f8e-4b49-a50d-d63d5fd9103c,State Medicaid and CHIP Eligibility Processing Data,dataset_signal,PA,eligibility,medicaid; chip; renewals; eligibility; unwinding,beneficiaries_with_renewal_due,234269,202603,2024-11-27,2026-06-26,false,60,"{""dataset_id"":""5abea2e0-3f8e-4b49-a50d-d63d5fd9103c"",""endpoint_type"":""medicaid_datastore"",""method"":""latest reporting_period by state"",""metric_name"":""beneficiaries_with_renewal_due"",""metric_period"":""202603"",""metric_value"":""234269"",""rht_flag"":false,""signal_dimension"":""Pennsylvania|beneficiaries_with_a_renewal_due"",""state"":""PA"",""topic_keys"":[""medicaid"",""chip"",""renewals"",""eligibility"",""unwinding""],""why_matters"":""Renewals due, pending renewals, and procedural disenrollments expose state eligibility processing pressure.""}",https://data.medicaid.gov/api/1/datastore/query/5abea2e0-3f8e-4b49-a50d-d63d5fd9103c/0,"{""aggregation"":""latest reporting_period by state"",""field"":""beneficiaries_with_a_renewal_due"",""source_row_count"":3570,""source_rows_used"":3570,""state_name"":""Pennsylvania"",""why_matters"":""Renewals due, pending renewals, and procedural disenrollments expose state eligibility processing pressure.""}",2026-07-24T04:43:51Z
cmsmedicaid-fc3128c9d955454b,medicaid_data,medicaid_datastore,5abea2e0-3f8e-4b49-a50d-d63d5fd9103c,State Medicaid and CHIP Eligibility Processing Data,dataset_signal,PA,eligibility,medicaid; chip; renewals; eligibility; unwinding,pending_renewals,69126,202603,2024-11-27,2026-06-26,false,60,"{""dataset_id"":""5abea2e0-3f8e-4b49-a50d-d63d5fd9103c"",""endpoint_type"":""medicaid_datastore"",""method"":""latest reporting_period by state"",""metric_name"":""pending_renewals"",""metric_period"":""202603"",""metric_value"":""69126"",""rht_flag"":false,""signal_dimension"":""Pennsylvania|beneficiaries_with_a_pending_renewal"",""state"":""PA"",""topic_keys"":[""medicaid"",""chip"",""renewals"",""eligibility"",""unwinding""],""why_matters"":""Renewals due, pending renewals, and procedural disenrollments expose state eligibility processing pressure.""}",https://data.medicaid.gov/api/1/datastore/query/5abea2e0-3f8e-4b49-a50d-d63d5fd9103c/0,"{""aggregation"":""latest reporting_period by state"",""field"":""beneficiaries_with_a_pending_renewal"",""source_row_count"":3570,""source_rows_used"":3570,""state_name"":""Pennsylvania"",""why_matters"":""Renewals due, pending renewals, and procedural disenrollments expose state eligibility processing pressure.""}",2026-07-24T04:43:51Z
cmsmedicaid-5d5559c0bbf344a0,medicaid_data,medicaid_datastore,5abea2e0-3f8e-4b49-a50d-d63d5fd9103c,State Medicaid and CHIP Eligibility Processing Data,dataset_signal,PA,eligibility,medicaid; chip; renewals; eligibility; unwinding,procedural_disenrollments_at_renewal,13716,202603,2024-11-27,2026-06-26,false,72,"{""dataset_id"":""5abea2e0-3f8e-4b49-a50d-d63d5fd9103c"",""endpoint_type"":""medicaid_datastore"",""method"":""latest reporting_period by state"",""metric_name"":""procedural_disenrollments_at_renewal"",""metric_period"":""202603"",""metric_value"":""13716"",""rht_flag"":false,""signal_dimension"":""Pennsylvania|beneficiaries_disenrolled_for_procedural_reasons_at_renewal"",""state"":""PA"",""topic_keys"":[""medicaid"",""chip"",""renewals"",""eligibility"",""unwinding""],""why_matters"":""Renewals due, pending renewals, and procedural disenrollments expose state eligibility processing pressure.""}",https://data.medicaid.gov/api/1/datastore/query/5abea2e0-3f8e-4b49-a50d-d63d5fd9103c/0,"{""aggregation"":""latest reporting_period by state"",""field"":""beneficiaries_disenrolled_for_procedural_reasons_at_renewal"",""source_row_count"":3570,""source_rows_used"":3570,""state_name"":""Pennsylvania"",""why_matters"":""Renewals due, pending renewals, and procedural disenrollments expose state eligibility processing pressure.""}",2026-07-24T04:43:51Z
cmsmedicaid-af2923b1307b5a1f,medicaid_data,medicaid_datastore,5abea2e0-3f8e-4b49-a50d-d63d5fd9103c,State Medicaid and CHIP Eligibility Processing Data,dataset_signal,RI,eligibility,medicaid; chip; renewals; eligibility; unwinding,beneficiaries_renewed_total,10619,202603,2024-11-27,2026-06-26,false,60,"{""dataset_id"":""5abea2e0-3f8e-4b49-a50d-d63d5fd9103c"",""endpoint_type"":""medicaid_datastore"",""method"":""latest reporting_period by state"",""metric_name"":""beneficiaries_renewed_total"",""metric_period"":""202603"",""metric_value"":""10619"",""rht_flag"":false,""signal_dimension"":""Rhode Island|beneficiaries_whose_coverage_was_renewed_total"",""state"":""RI"",""topic_keys"":[""medicaid"",""chip"",""renewals"",""eligibility"",""unwinding""],""why_matters"":""Renewals due, pending renewals, and procedural disenrollments expose state eligibility processing pressure.""}",https://data.medicaid.gov/api/1/datastore/query/5abea2e0-3f8e-4b49-a50d-d63d5fd9103c/0,"{""aggregation"":""latest reporting_period by state"",""field"":""beneficiaries_whose_coverage_was_renewed_total"",""source_row_count"":3570,""source_rows_used"":3570,""state_name"":""Rhode Island"",""why_matters"":""Renewals due, pending renewals, and procedural disenrollments expose state eligibility processing pressure.""}",2026-07-24T04:43:51Z
cmsmedicaid-c66804fdd2255818,medicaid_data,medicaid_datastore,5abea2e0-3f8e-4b49-a50d-d63d5fd9103c,State Medicaid and CHIP Eligibility Processing Data,dataset_signal,RI,eligibility,medicaid; chip; renewals; eligibility; unwinding,beneficiaries_with_renewal_due,12902,202603,2024-11-27,2026-06-26,false,60,"{""dataset_id"":""5abea2e0-3f8e-4b49-a50d-d63d5fd9103c"",""endpoint_type"":""medicaid_datastore"",""method"":""latest reporting_period by state"",""metric_name"":""beneficiaries_with_renewal_due"",""metric_period"":""202603"",""metric_value"":""12902"",""rht_flag"":false,""signal_dimension"":""Rhode Island|beneficiaries_with_a_renewal_due"",""state"":""RI"",""topic_keys"":[""medicaid"",""chip"",""renewals"",""eligibility"",""unwinding""],""why_matters"":""Renewals due, pending renewals, and procedural disenrollments expose state eligibility processing pressure.""}",https://data.medicaid.gov/api/1/datastore/query/5abea2e0-3f8e-4b49-a50d-d63d5fd9103c/0,"{""aggregation"":""latest reporting_period by state"",""field"":""beneficiaries_with_a_renewal_due"",""source_row_count"":3570,""source_rows_used"":3570,""state_name"":""Rhode Island"",""why_matters"":""Renewals due, pending renewals, and procedural disenrollments expose state eligibility processing pressure.""}",2026-07-24T04:43:51Z
cmsmedicaid-c0988ffd014062c8,medicaid_data,medicaid_datastore,5abea2e0-3f8e-4b49-a50d-d63d5fd9103c,State Medicaid and CHIP Eligibility Processing Data,dataset_signal,RI,eligibility,medicaid; chip; renewals; eligibility; unwinding,pending_renewals,72,202603,2024-11-27,2026-06-26,false,60,"{""dataset_id"":""5abea2e0-3f8e-4b49-a50d-d63d5fd9103c"",""endpoint_type"":""medicaid_datastore"",""method"":""latest reporting_period by state"",""metric_name"":""pending_renewals"",""metric_period"":""202603"",""metric_value"":""72"",""rht_flag"":false,""signal_dimension"":""Rhode Island|beneficiaries_with_a_pending_renewal"",""state"":""RI"",""topic_keys"":[""medicaid"",""chip"",""renewals"",""eligibility"",""unwinding""],""why_matters"":""Renewals due, pending renewals, and procedural disenrollments expose state eligibility processing pressure.""}",https://data.medicaid.gov/api/1/datastore/query/5abea2e0-3f8e-4b49-a50d-d63d5fd9103c/0,"{""aggregation"":""latest reporting_period by state"",""field"":""beneficiaries_with_a_pending_renewal"",""source_row_count"":3570,""source_rows_used"":3570,""state_name"":""Rhode Island"",""why_matters"":""Renewals due, pending renewals, and procedural disenrollments expose state eligibility processing pressure.""}",2026-07-24T04:43:51Z
cmsmedicaid-cedf85be6788650d,medicaid_data,medicaid_datastore,5abea2e0-3f8e-4b49-a50d-d63d5fd9103c,State Medicaid and CHIP Eligibility Processing Data,dataset_signal,RI,eligibility,medicaid; chip; renewals; eligibility; unwinding,procedural_disenrollments_at_renewal,1531,202603,2024-11-27,2026-06-26,false,72,"{""dataset_id"":""5abea2e0-3f8e-4b49-a50d-d63d5fd9103c"",""endpoint_type"":""medicaid_datastore"",""method"":""latest reporting_period by state"",""metric_name"":""procedural_disenrollments_at_renewal"",""metric_period"":""202603"",""metric_value"":""1531"",""rht_flag"":false,""signal_dimension"":""Rhode Island|beneficiaries_disenrolled_for_procedural_reasons_at_renewal"",""state"":""RI"",""topic_keys"":[""medicaid"",""chip"",""renewals"",""eligibility"",""unwinding""],""why_matters"":""Renewals due, pending renewals, and procedural disenrollments expose state eligibility processing pressure.""}",https://data.medicaid.gov/api/1/datastore/query/5abea2e0-3f8e-4b49-a50d-d63d5fd9103c/0,"{""aggregation"":""latest reporting_period by state"",""field"":""beneficiaries_disenrolled_for_procedural_reasons_at_renewal"",""source_row_count"":3570,""source_rows_used"":3570,""state_name"":""Rhode Island"",""why_matters"":""Renewals due, pending renewals, and procedural disenrollments expose state eligibility processing pressure.""}",2026-07-24T04:43:51Z
cmsmedicaid-2d5bc23d53c77932,medicaid_data,medicaid_datastore,5abea2e0-3f8e-4b49-a50d-d63d5fd9103c,State Medicaid and CHIP Eligibility Processing Data,dataset_signal,SC,eligibility,medicaid; chip; renewals; eligibility; unwinding,beneficiaries_renewed_total,56737,202603,2024-11-27,2026-06-26,false,60,"{""dataset_id"":""5abea2e0-3f8e-4b49-a50d-d63d5fd9103c"",""endpoint_type"":""medicaid_datastore"",""method"":""latest reporting_period by state"",""metric_name"":""beneficiaries_renewed_total"",""metric_period"":""202603"",""metric_value"":""56737"",""rht_flag"":false,""signal_dimension"":""South Carolina|beneficiaries_whose_coverage_was_renewed_total"",""state"":""SC"",""topic_keys"":[""medicaid"",""chip"",""renewals"",""eligibility"",""unwinding""],""why_matters"":""Renewals due, pending renewals, and procedural disenrollments expose state eligibility processing pressure.""}",https://data.medicaid.gov/api/1/datastore/query/5abea2e0-3f8e-4b49-a50d-d63d5fd9103c/0,"{""aggregation"":""latest reporting_period by state"",""field"":""beneficiaries_whose_coverage_was_renewed_total"",""source_row_count"":3570,""source_rows_used"":3570,""state_name"":""South Carolina"",""why_matters"":""Renewals due, pending renewals, and procedural disenrollments expose state eligibility processing pressure.""}",2026-07-24T04:43:51Z
cmsmedicaid-63270ee8a29976ec,medicaid_data,medicaid_datastore,5abea2e0-3f8e-4b49-a50d-d63d5fd9103c,State Medicaid and CHIP Eligibility Processing Data,dataset_signal,SC,eligibility,medicaid; chip; renewals; eligibility; unwinding,beneficiaries_with_renewal_due,74934,202603,2024-11-27,2026-06-26,false,60,"{""dataset_id"":""5abea2e0-3f8e-4b49-a50d-d63d5fd9103c"",""endpoint_type"":""medicaid_datastore"",""method"":""latest reporting_period by state"",""metric_name"":""beneficiaries_with_renewal_due"",""metric_period"":""202603"",""metric_value"":""74934"",""rht_flag"":false,""signal_dimension"":""South Carolina|beneficiaries_with_a_renewal_due"",""state"":""SC"",""topic_keys"":[""medicaid"",""chip"",""renewals"",""eligibility"",""unwinding""],""why_matters"":""Renewals due, pending renewals, and procedural disenrollments expose state eligibility processing pressure.""}",https://data.medicaid.gov/api/1/datastore/query/5abea2e0-3f8e-4b49-a50d-d63d5fd9103c/0,"{""aggregation"":""latest reporting_period by state"",""field"":""beneficiaries_with_a_renewal_due"",""source_row_count"":3570,""source_rows_used"":3570,""state_name"":""South Carolina"",""why_matters"":""Renewals due, pending renewals, and procedural disenrollments expose state eligibility processing pressure.""}",2026-07-24T04:43:51Z
cmsmedicaid-b0612b63bf73d4b2,medicaid_data,medicaid_datastore,5abea2e0-3f8e-4b49-a50d-d63d5fd9103c,State Medicaid and CHIP Eligibility Processing Data,dataset_signal,SC,eligibility,medicaid; chip; renewals; eligibility; unwinding,pending_renewals,1096,202603,2024-11-27,2026-06-26,false,60,"{""dataset_id"":""5abea2e0-3f8e-4b49-a50d-d63d5fd9103c"",""endpoint_type"":""medicaid_datastore"",""method"":""latest reporting_period by state"",""metric_name"":""pending_renewals"",""metric_period"":""202603"",""metric_value"":""1096"",""rht_flag"":false,""signal_dimension"":""South Carolina|beneficiaries_with_a_pending_renewal"",""state"":""SC"",""topic_keys"":[""medicaid"",""chip"",""renewals"",""eligibility"",""unwinding""],""why_matters"":""Renewals due, pending renewals, and procedural disenrollments expose state eligibility processing pressure.""}",https://data.medicaid.gov/api/1/datastore/query/5abea2e0-3f8e-4b49-a50d-d63d5fd9103c/0,"{""aggregation"":""latest reporting_period by state"",""field"":""beneficiaries_with_a_pending_renewal"",""source_row_count"":3570,""source_rows_used"":3570,""state_name"":""South Carolina"",""why_matters"":""Renewals due, pending renewals, and procedural disenrollments expose state eligibility processing pressure.""}",2026-07-24T04:43:51Z
cmsmedicaid-c648d21efc508f26,medicaid_data,medicaid_datastore,5abea2e0-3f8e-4b49-a50d-d63d5fd9103c,State Medicaid and CHIP Eligibility Processing Data,dataset_signal,SC,eligibility,medicaid; chip; renewals; eligibility; unwinding,procedural_disenrollments_at_renewal,2862,202603,2024-11-27,2026-06-26,false,72,"{""dataset_id"":""5abea2e0-3f8e-4b49-a50d-d63d5fd9103c"",""endpoint_type"":""medicaid_datastore"",""method"":""latest reporting_period by state"",""metric_name"":""procedural_disenrollments_at_renewal"",""metric_period"":""202603"",""metric_value"":""2862"",""rht_flag"":false,""signal_dimension"":""South Carolina|beneficiaries_disenrolled_for_procedural_reasons_at_renewal"",""state"":""SC"",""topic_keys"":[""medicaid"",""chip"",""renewals"",""eligibility"",""unwinding""],""why_matters"":""Renewals due, pending renewals, and procedural disenrollments expose state eligibility processing pressure.""}",https://data.medicaid.gov/api/1/datastore/query/5abea2e0-3f8e-4b49-a50d-d63d5fd9103c/0,"{""aggregation"":""latest reporting_period by state"",""field"":""beneficiaries_disenrolled_for_procedural_reasons_at_renewal"",""source_row_count"":3570,""source_rows_used"":3570,""state_name"":""South Carolina"",""why_matters"":""Renewals due, pending renewals, and procedural disenrollments expose state eligibility processing pressure.""}",2026-07-24T04:43:51Z
cmsmedicaid-f2be6c8501d133a0,medicaid_data,medicaid_datastore,5abea2e0-3f8e-4b49-a50d-d63d5fd9103c,State Medicaid and CHIP Eligibility Processing Data,dataset_signal,SD,eligibility,medicaid; chip; renewals; eligibility; unwinding,beneficiaries_renewed_total,10179,202603,2024-11-27,2026-06-26,false,60,"{""dataset_id"":""5abea2e0-3f8e-4b49-a50d-d63d5fd9103c"",""endpoint_type"":""medicaid_datastore"",""method"":""latest reporting_period by state"",""metric_name"":""beneficiaries_renewed_total"",""metric_period"":""202603"",""metric_value"":""10179"",""rht_flag"":false,""signal_dimension"":""South Dakota|beneficiaries_whose_coverage_was_renewed_total"",""state"":""SD"",""topic_keys"":[""medicaid"",""chip"",""renewals"",""eligibility"",""unwinding""],""why_matters"":""Renewals due, pending renewals, and procedural disenrollments expose state eligibility processing pressure.""}",https://data.medicaid.gov/api/1/datastore/query/5abea2e0-3f8e-4b49-a50d-d63d5fd9103c/0,"{""aggregation"":""latest reporting_period by state"",""field"":""beneficiaries_whose_coverage_was_renewed_total"",""source_row_count"":3570,""source_rows_used"":3570,""state_name"":""South Dakota"",""why_matters"":""Renewals due, pending renewals, and procedural disenrollments expose state eligibility processing pressure.""}",2026-07-24T04:43:51Z
cmsmedicaid-3e2987d83adba14c,medicaid_data,medicaid_datastore,5abea2e0-3f8e-4b49-a50d-d63d5fd9103c,State Medicaid and CHIP Eligibility Processing Data,dataset_signal,SD,eligibility,medicaid; chip; renewals; eligibility; unwinding,beneficiaries_with_renewal_due,12543,202603,2024-11-27,2026-06-26,false,60,"{""dataset_id"":""5abea2e0-3f8e-4b49-a50d-d63d5fd9103c"",""endpoint_type"":""medicaid_datastore"",""method"":""latest reporting_period by state"",""metric_name"":""beneficiaries_with_renewal_due"",""metric_period"":""202603"",""metric_value"":""12543"",""rht_flag"":false,""signal_dimension"":""South Dakota|beneficiaries_with_a_renewal_due"",""state"":""SD"",""topic_keys"":[""medicaid"",""chip"",""renewals"",""eligibility"",""unwinding""],""why_matters"":""Renewals due, pending renewals, and procedural disenrollments expose state eligibility processing pressure.""}",https://data.medicaid.gov/api/1/datastore/query/5abea2e0-3f8e-4b49-a50d-d63d5fd9103c/0,"{""aggregation"":""latest reporting_period by state"",""field"":""beneficiaries_with_a_renewal_due"",""source_row_count"":3570,""source_rows_used"":3570,""state_name"":""South Dakota"",""why_matters"":""Renewals due, pending renewals, and procedural disenrollments expose state eligibility processing pressure.""}",2026-07-24T04:43:51Z
cmsmedicaid-ee29ab07797660c8,medicaid_data,medicaid_datastore,5abea2e0-3f8e-4b49-a50d-d63d5fd9103c,State Medicaid and CHIP Eligibility Processing Data,dataset_signal,SD,eligibility,medicaid; chip; renewals; eligibility; unwinding,pending_renewals,174,202603,2024-11-27,2026-06-26,false,60,"{""dataset_id"":""5abea2e0-3f8e-4b49-a50d-d63d5fd9103c"",""endpoint_type"":""medicaid_datastore"",""method"":""latest reporting_period by state"",""metric_name"":""pending_renewals"",""metric_period"":""202603"",""metric_value"":""174"",""rht_flag"":false,""signal_dimension"":""South Dakota|beneficiaries_with_a_pending_renewal"",""state"":""SD"",""topic_keys"":[""medicaid"",""chip"",""renewals"",""eligibility"",""unwinding""],""why_matters"":""Renewals due, pending renewals, and procedural disenrollments expose state eligibility processing pressure.""}",https://data.medicaid.gov/api/1/datastore/query/5abea2e0-3f8e-4b49-a50d-d63d5fd9103c/0,"{""aggregation"":""latest reporting_period by state"",""field"":""beneficiaries_with_a_pending_renewal"",""source_row_count"":3570,""source_rows_used"":3570,""state_name"":""South Dakota"",""why_matters"":""Renewals due, pending renewals, and procedural disenrollments expose state eligibility processing pressure.""}",2026-07-24T04:43:51Z
cmsmedicaid-473f5061d4e8ed24,medicaid_data,medicaid_datastore,5abea2e0-3f8e-4b49-a50d-d63d5fd9103c,State Medicaid and CHIP Eligibility Processing Data,dataset_signal,SD,eligibility,medicaid; chip; renewals; eligibility; unwinding,procedural_disenrollments_at_renewal,1780,202603,2024-11-27,2026-06-26,false,72,"{""dataset_id"":""5abea2e0-3f8e-4b49-a50d-d63d5fd9103c"",""endpoint_type"":""medicaid_datastore"",""method"":""latest reporting_period by state"",""metric_name"":""procedural_disenrollments_at_renewal"",""metric_period"":""202603"",""metric_value"":""1780"",""rht_flag"":false,""signal_dimension"":""South Dakota|beneficiaries_disenrolled_for_procedural_reasons_at_renewal"",""state"":""SD"",""topic_keys"":[""medicaid"",""chip"",""renewals"",""eligibility"",""unwinding""],""why_matters"":""Renewals due, pending renewals, and procedural disenrollments expose state eligibility processing pressure.""}",https://data.medicaid.gov/api/1/datastore/query/5abea2e0-3f8e-4b49-a50d-d63d5fd9103c/0,"{""aggregation"":""latest reporting_period by state"",""field"":""beneficiaries_disenrolled_for_procedural_reasons_at_renewal"",""source_row_count"":3570,""source_rows_used"":3570,""state_name"":""South Dakota"",""why_matters"":""Renewals due, pending renewals, and procedural disenrollments expose state eligibility processing pressure.""}",2026-07-24T04:43:51Z
cmsmedicaid-35aa2e0ba612a42f,medicaid_data,medicaid_datastore,5abea2e0-3f8e-4b49-a50d-d63d5fd9103c,State Medicaid and CHIP Eligibility Processing Data,dataset_signal,TN,eligibility,medicaid; chip; renewals; eligibility; unwinding,beneficiaries_renewed_total,93705,202603,2024-11-27,2026-06-26,false,60,"{""dataset_id"":""5abea2e0-3f8e-4b49-a50d-d63d5fd9103c"",""endpoint_type"":""medicaid_datastore"",""method"":""latest reporting_period by state"",""metric_name"":""beneficiaries_renewed_total"",""metric_period"":""202603"",""metric_value"":""93705"",""rht_flag"":false,""signal_dimension"":""Tennessee|beneficiaries_whose_coverage_was_renewed_total"",""state"":""TN"",""topic_keys"":[""medicaid"",""chip"",""renewals"",""eligibility"",""unwinding""],""why_matters"":""Renewals due, pending renewals, and procedural disenrollments expose state eligibility processing pressure.""}",https://data.medicaid.gov/api/1/datastore/query/5abea2e0-3f8e-4b49-a50d-d63d5fd9103c/0,"{""aggregation"":""latest reporting_period by state"",""field"":""beneficiaries_whose_coverage_was_renewed_total"",""source_row_count"":3570,""source_rows_used"":3570,""state_name"":""Tennessee"",""why_matters"":""Renewals due, pending renewals, and procedural disenrollments expose state eligibility processing pressure.""}",2026-07-24T04:43:51Z
cmsmedicaid-2dbb13ddd4434d91,medicaid_data,medicaid_datastore,5abea2e0-3f8e-4b49-a50d-d63d5fd9103c,State Medicaid and CHIP Eligibility Processing Data,dataset_signal,TN,eligibility,medicaid; chip; renewals; eligibility; unwinding,beneficiaries_with_renewal_due,104983,202603,2024-11-27,2026-06-26,false,60,"{""dataset_id"":""5abea2e0-3f8e-4b49-a50d-d63d5fd9103c"",""endpoint_type"":""medicaid_datastore"",""method"":""latest reporting_period by state"",""metric_name"":""beneficiaries_with_renewal_due"",""metric_period"":""202603"",""metric_value"":""104983"",""rht_flag"":false,""signal_dimension"":""Tennessee|beneficiaries_with_a_renewal_due"",""state"":""TN"",""topic_keys"":[""medicaid"",""chip"",""renewals"",""eligibility"",""unwinding""],""why_matters"":""Renewals due, pending renewals, and procedural disenrollments expose state eligibility processing pressure.""}",https://data.medicaid.gov/api/1/datastore/query/5abea2e0-3f8e-4b49-a50d-d63d5fd9103c/0,"{""aggregation"":""latest reporting_period by state"",""field"":""beneficiaries_with_a_renewal_due"",""source_row_count"":3570,""source_rows_used"":3570,""state_name"":""Tennessee"",""why_matters"":""Renewals due, pending renewals, and procedural disenrollments expose state eligibility processing pressure.""}",2026-07-24T04:43:51Z
cmsmedicaid-e805defabdcd18e4,medicaid_data,medicaid_datastore,5abea2e0-3f8e-4b49-a50d-d63d5fd9103c,State Medicaid and CHIP Eligibility Processing Data,dataset_signal,TN,eligibility,medicaid; chip; renewals; eligibility; unwinding,pending_renewals,315,202603,2024-11-27,2026-06-26,false,60,"{""dataset_id"":""5abea2e0-3f8e-4b49-a50d-d63d5fd9103c"",""endpoint_type"":""medicaid_datastore"",""method"":""latest reporting_period by state"",""metric_name"":""pending_renewals"",""metric_period"":""202603"",""metric_value"":""315"",""rht_flag"":false,""signal_dimension"":""Tennessee|beneficiaries_with_a_pending_renewal"",""state"":""TN"",""topic_keys"":[""medicaid"",""chip"",""renewals"",""eligibility"",""unwinding""],""why_matters"":""Renewals due, pending renewals, and procedural disenrollments expose state eligibility processing pressure.""}",https://data.medicaid.gov/api/1/datastore/query/5abea2e0-3f8e-4b49-a50d-d63d5fd9103c/0,"{""aggregation"":""latest reporting_period by state"",""field"":""beneficiaries_with_a_pending_renewal"",""source_row_count"":3570,""source_rows_used"":3570,""state_name"":""Tennessee"",""why_matters"":""Renewals due, pending renewals, and procedural disenrollments expose state eligibility processing pressure.""}",2026-07-24T04:43:51Z
cmsmedicaid-0eaed32238e8c4e6,medicaid_data,medicaid_datastore,5abea2e0-3f8e-4b49-a50d-d63d5fd9103c,State Medicaid and CHIP Eligibility Processing Data,dataset_signal,TN,eligibility,medicaid; chip; renewals; eligibility; unwinding,procedural_disenrollments_at_renewal,7792,202603,2024-11-27,2026-06-26,false,72,"{""dataset_id"":""5abea2e0-3f8e-4b49-a50d-d63d5fd9103c"",""endpoint_type"":""medicaid_datastore"",""method"":""latest reporting_period by state"",""metric_name"":""procedural_disenrollments_at_renewal"",""metric_period"":""202603"",""metric_value"":""7792"",""rht_flag"":false,""signal_dimension"":""Tennessee|beneficiaries_disenrolled_for_procedural_reasons_at_renewal"",""state"":""TN"",""topic_keys"":[""medicaid"",""chip"",""renewals"",""eligibility"",""unwinding""],""why_matters"":""Renewals due, pending renewals, and procedural disenrollments expose state eligibility processing pressure.""}",https://data.medicaid.gov/api/1/datastore/query/5abea2e0-3f8e-4b49-a50d-d63d5fd9103c/0,"{""aggregation"":""latest reporting_period by state"",""field"":""beneficiaries_disenrolled_for_procedural_reasons_at_renewal"",""source_row_count"":3570,""source_rows_used"":3570,""state_name"":""Tennessee"",""why_matters"":""Renewals due, pending renewals, and procedural disenrollments expose state eligibility processing pressure.""}",2026-07-24T04:43:51Z
cmsmedicaid-f56ee33844139cd5,medicaid_data,medicaid_datastore,5abea2e0-3f8e-4b49-a50d-d63d5fd9103c,State Medicaid and CHIP Eligibility Processing Data,dataset_signal,TX,eligibility,medicaid; chip; renewals; eligibility; unwinding,beneficiaries_renewed_total,163446,202603,2024-11-27,2026-06-26,false,60,"{""dataset_id"":""5abea2e0-3f8e-4b49-a50d-d63d5fd9103c"",""endpoint_type"":""medicaid_datastore"",""method"":""latest reporting_period by state"",""metric_name"":""beneficiaries_renewed_total"",""metric_period"":""202603"",""metric_value"":""163446"",""rht_flag"":false,""signal_dimension"":""Texas|beneficiaries_whose_coverage_was_renewed_total"",""state"":""TX"",""topic_keys"":[""medicaid"",""chip"",""renewals"",""eligibility"",""unwinding""],""why_matters"":""Renewals due, pending renewals, and procedural disenrollments expose state eligibility processing pressure.""}",https://data.medicaid.gov/api/1/datastore/query/5abea2e0-3f8e-4b49-a50d-d63d5fd9103c/0,"{""aggregation"":""latest reporting_period by state"",""field"":""beneficiaries_whose_coverage_was_renewed_total"",""source_row_count"":3570,""source_rows_used"":3570,""state_name"":""Texas"",""why_matters"":""Renewals due, pending renewals, and procedural disenrollments expose state eligibility processing pressure.""}",2026-07-24T04:43:51Z
cmsmedicaid-97f19ee0469174e8,medicaid_data,medicaid_datastore,5abea2e0-3f8e-4b49-a50d-d63d5fd9103c,State Medicaid and CHIP Eligibility Processing Data,dataset_signal,TX,eligibility,medicaid; chip; renewals; eligibility; unwinding,beneficiaries_with_renewal_due,263874,202603,2024-11-27,2026-06-26,false,60,"{""dataset_id"":""5abea2e0-3f8e-4b49-a50d-d63d5fd9103c"",""endpoint_type"":""medicaid_datastore"",""method"":""latest reporting_period by state"",""metric_name"":""beneficiaries_with_renewal_due"",""metric_period"":""202603"",""metric_value"":""263874"",""rht_flag"":false,""signal_dimension"":""Texas|beneficiaries_with_a_renewal_due"",""state"":""TX"",""topic_keys"":[""medicaid"",""chip"",""renewals"",""eligibility"",""unwinding""],""why_matters"":""Renewals due, pending renewals, and procedural disenrollments expose state eligibility processing pressure.""}",https://data.medicaid.gov/api/1/datastore/query/5abea2e0-3f8e-4b49-a50d-d63d5fd9103c/0,"{""aggregation"":""latest reporting_period by state"",""field"":""beneficiaries_with_a_renewal_due"",""source_row_count"":3570,""source_rows_used"":3570,""state_name"":""Texas"",""why_matters"":""Renewals due, pending renewals, and procedural disenrollments expose state eligibility processing pressure.""}",2026-07-24T04:43:51Z
cmsmedicaid-f2fb4370ceec7179,medicaid_data,medicaid_datastore,5abea2e0-3f8e-4b49-a50d-d63d5fd9103c,State Medicaid and CHIP Eligibility Processing Data,dataset_signal,TX,eligibility,medicaid; chip; renewals; eligibility; unwinding,pending_renewals,16538,202603,2024-11-27,2026-06-26,false,60,"{""dataset_id"":""5abea2e0-3f8e-4b49-a50d-d63d5fd9103c"",""endpoint_type"":""medicaid_datastore"",""method"":""latest reporting_period by state"",""metric_name"":""pending_renewals"",""metric_period"":""202603"",""metric_value"":""16538"",""rht_flag"":false,""signal_dimension"":""Texas|beneficiaries_with_a_pending_renewal"",""state"":""TX"",""topic_keys"":[""medicaid"",""chip"",""renewals"",""eligibility"",""unwinding""],""why_matters"":""Renewals due, pending renewals, and procedural disenrollments expose state eligibility processing pressure.""}",https://data.medicaid.gov/api/1/datastore/query/5abea2e0-3f8e-4b49-a50d-d63d5fd9103c/0,"{""aggregation"":""latest reporting_period by state"",""field"":""beneficiaries_with_a_pending_renewal"",""source_row_count"":3570,""source_rows_used"":3570,""state_name"":""Texas"",""why_matters"":""Renewals due, pending renewals, and procedural disenrollments expose state eligibility processing pressure.""}",2026-07-24T04:43:51Z
cmsmedicaid-39383e1d85e9b59e,medicaid_data,medicaid_datastore,5abea2e0-3f8e-4b49-a50d-d63d5fd9103c,State Medicaid and CHIP Eligibility Processing Data,dataset_signal,TX,eligibility,medicaid; chip; renewals; eligibility; unwinding,procedural_disenrollments_at_renewal,55208,202603,2024-11-27,2026-06-26,false,72,"{""dataset_id"":""5abea2e0-3f8e-4b49-a50d-d63d5fd9103c"",""endpoint_type"":""medicaid_datastore"",""method"":""latest reporting_period by state"",""metric_name"":""procedural_disenrollments_at_renewal"",""metric_period"":""202603"",""metric_value"":""55208"",""rht_flag"":false,""signal_dimension"":""Texas|beneficiaries_disenrolled_for_procedural_reasons_at_renewal"",""state"":""TX"",""topic_keys"":[""medicaid"",""chip"",""renewals"",""eligibility"",""unwinding""],""why_matters"":""Renewals due, pending renewals, and procedural disenrollments expose state eligibility processing pressure.""}",https://data.medicaid.gov/api/1/datastore/query/5abea2e0-3f8e-4b49-a50d-d63d5fd9103c/0,"{""aggregation"":""latest reporting_period by state"",""field"":""beneficiaries_disenrolled_for_procedural_reasons_at_renewal"",""source_row_count"":3570,""source_rows_used"":3570,""state_name"":""Texas"",""why_matters"":""Renewals due, pending renewals, and procedural disenrollments expose state eligibility processing pressure.""}",2026-07-24T04:43:51Z
cmsmedicaid-e94f6dbfcb7ded28,medicaid_data,medicaid_datastore,5abea2e0-3f8e-4b49-a50d-d63d5fd9103c,State Medicaid and CHIP Eligibility Processing Data,dataset_signal,UT,eligibility,medicaid; chip; renewals; eligibility; unwinding,beneficiaries_renewed_total,16264,202603,2024-11-27,2026-06-26,false,60,"{""dataset_id"":""5abea2e0-3f8e-4b49-a50d-d63d5fd9103c"",""endpoint_type"":""medicaid_datastore"",""method"":""latest reporting_period by state"",""metric_name"":""beneficiaries_renewed_total"",""metric_period"":""202603"",""metric_value"":""16264"",""rht_flag"":false,""signal_dimension"":""Utah|beneficiaries_whose_coverage_was_renewed_total"",""state"":""UT"",""topic_keys"":[""medicaid"",""chip"",""renewals"",""eligibility"",""unwinding""],""why_matters"":""Renewals due, pending renewals, and procedural disenrollments expose state eligibility processing pressure.""}",https://data.medicaid.gov/api/1/datastore/query/5abea2e0-3f8e-4b49-a50d-d63d5fd9103c/0,"{""aggregation"":""latest reporting_period by state"",""field"":""beneficiaries_whose_coverage_was_renewed_total"",""source_row_count"":3570,""source_rows_used"":3570,""state_name"":""Utah"",""why_matters"":""Renewals due, pending renewals, and procedural disenrollments expose state eligibility processing pressure.""}",2026-07-24T04:43:51Z
cmsmedicaid-7cec16645bcd85ac,medicaid_data,medicaid_datastore,5abea2e0-3f8e-4b49-a50d-d63d5fd9103c,State Medicaid and CHIP Eligibility Processing Data,dataset_signal,UT,eligibility,medicaid; chip; renewals; eligibility; unwinding,beneficiaries_with_renewal_due,30255,202603,2024-11-27,2026-06-26,false,60,"{""dataset_id"":""5abea2e0-3f8e-4b49-a50d-d63d5fd9103c"",""endpoint_type"":""medicaid_datastore"",""method"":""latest reporting_period by state"",""metric_name"":""beneficiaries_with_renewal_due"",""metric_period"":""202603"",""metric_value"":""30255"",""rht_flag"":false,""signal_dimension"":""Utah|beneficiaries_with_a_renewal_due"",""state"":""UT"",""topic_keys"":[""medicaid"",""chip"",""renewals"",""eligibility"",""unwinding""],""why_matters"":""Renewals due, pending renewals, and procedural disenrollments expose state eligibility processing pressure.""}",https://data.medicaid.gov/api/1/datastore/query/5abea2e0-3f8e-4b49-a50d-d63d5fd9103c/0,"{""aggregation"":""latest reporting_period by state"",""field"":""beneficiaries_with_a_renewal_due"",""source_row_count"":3570,""source_rows_used"":3570,""state_name"":""Utah"",""why_matters"":""Renewals due, pending renewals, and procedural disenrollments expose state eligibility processing pressure.""}",2026-07-24T04:43:51Z
cmsmedicaid-ecf50fc959f8281d,medicaid_data,medicaid_datastore,5abea2e0-3f8e-4b49-a50d-d63d5fd9103c,State Medicaid and CHIP Eligibility Processing Data,dataset_signal,UT,eligibility,medicaid; chip; renewals; eligibility; unwinding,pending_renewals,5431,202603,2024-11-27,2026-06-26,false,60,"{""dataset_id"":""5abea2e0-3f8e-4b49-a50d-d63d5fd9103c"",""endpoint_type"":""medicaid_datastore"",""method"":""latest reporting_period by state"",""metric_name"":""pending_renewals"",""metric_period"":""202603"",""metric_value"":""5431"",""rht_flag"":false,""signal_dimension"":""Utah|beneficiaries_with_a_pending_renewal"",""state"":""UT"",""topic_keys"":[""medicaid"",""chip"",""renewals"",""eligibility"",""unwinding""],""why_matters"":""Renewals due, pending renewals, and procedural disenrollments expose state eligibility processing pressure.""}",https://data.medicaid.gov/api/1/datastore/query/5abea2e0-3f8e-4b49-a50d-d63d5fd9103c/0,"{""aggregation"":""latest reporting_period by state"",""field"":""beneficiaries_with_a_pending_renewal"",""source_row_count"":3570,""source_rows_used"":3570,""state_name"":""Utah"",""why_matters"":""Renewals due, pending renewals, and procedural disenrollments expose state eligibility processing pressure.""}",2026-07-24T04:43:51Z
cmsmedicaid-572fd8fceef90046,medicaid_data,medicaid_datastore,5abea2e0-3f8e-4b49-a50d-d63d5fd9103c,State Medicaid and CHIP Eligibility Processing Data,dataset_signal,UT,eligibility,medicaid; chip; renewals; eligibility; unwinding,procedural_disenrollments_at_renewal,7711,202603,2024-11-27,2026-06-26,false,72,"{""dataset_id"":""5abea2e0-3f8e-4b49-a50d-d63d5fd9103c"",""endpoint_type"":""medicaid_datastore"",""method"":""latest reporting_period by state"",""metric_name"":""procedural_disenrollments_at_renewal"",""metric_period"":""202603"",""metric_value"":""7711"",""rht_flag"":false,""signal_dimension"":""Utah|beneficiaries_disenrolled_for_procedural_reasons_at_renewal"",""state"":""UT"",""topic_keys"":[""medicaid"",""chip"",""renewals"",""eligibility"",""unwinding""],""why_matters"":""Renewals due, pending renewals, and procedural disenrollments expose state eligibility processing pressure.""}",https://data.medicaid.gov/api/1/datastore/query/5abea2e0-3f8e-4b49-a50d-d63d5fd9103c/0,"{""aggregation"":""latest reporting_period by state"",""field"":""beneficiaries_disenrolled_for_procedural_reasons_at_renewal"",""source_row_count"":3570,""source_rows_used"":3570,""state_name"":""Utah"",""why_matters"":""Renewals due, pending renewals, and procedural disenrollments expose state eligibility processing pressure.""}",2026-07-24T04:43:51Z
cmsmedicaid-4f20533385af639b,medicaid_data,medicaid_datastore,5abea2e0-3f8e-4b49-a50d-d63d5fd9103c,State Medicaid and CHIP Eligibility Processing Data,dataset_signal,VA,eligibility,medicaid; chip; renewals; eligibility; unwinding,beneficiaries_renewed_total,115939,202603,2024-11-27,2026-06-26,false,60,"{""dataset_id"":""5abea2e0-3f8e-4b49-a50d-d63d5fd9103c"",""endpoint_type"":""medicaid_datastore"",""method"":""latest reporting_period by state"",""metric_name"":""beneficiaries_renewed_total"",""metric_period"":""202603"",""metric_value"":""115939"",""rht_flag"":false,""signal_dimension"":""Virginia|beneficiaries_whose_coverage_was_renewed_total"",""state"":""VA"",""topic_keys"":[""medicaid"",""chip"",""renewals"",""eligibility"",""unwinding""],""why_matters"":""Renewals due, pending renewals, and procedural disenrollments expose state eligibility processing pressure.""}",https://data.medicaid.gov/api/1/datastore/query/5abea2e0-3f8e-4b49-a50d-d63d5fd9103c/0,"{""aggregation"":""latest reporting_period by state"",""field"":""beneficiaries_whose_coverage_was_renewed_total"",""source_row_count"":3570,""source_rows_used"":3570,""state_name"":""Virginia"",""why_matters"":""Renewals due, pending renewals, and procedural disenrollments expose state eligibility processing pressure.""}",2026-07-24T04:43:51Z
cmsmedicaid-1702024c54ed482f,medicaid_data,medicaid_datastore,5abea2e0-3f8e-4b49-a50d-d63d5fd9103c,State Medicaid and CHIP Eligibility Processing Data,dataset_signal,VA,eligibility,medicaid; chip; renewals; eligibility; unwinding,beneficiaries_with_renewal_due,129742,202603,2024-11-27,2026-06-26,false,60,"{""dataset_id"":""5abea2e0-3f8e-4b49-a50d-d63d5fd9103c"",""endpoint_type"":""medicaid_datastore"",""method"":""latest reporting_period by state"",""metric_name"":""beneficiaries_with_renewal_due"",""metric_period"":""202603"",""metric_value"":""129742"",""rht_flag"":false,""signal_dimension"":""Virginia|beneficiaries_with_a_renewal_due"",""state"":""VA"",""topic_keys"":[""medicaid"",""chip"",""renewals"",""eligibility"",""unwinding""],""why_matters"":""Renewals due, pending renewals, and procedural disenrollments expose state eligibility processing pressure.""}",https://data.medicaid.gov/api/1/datastore/query/5abea2e0-3f8e-4b49-a50d-d63d5fd9103c/0,"{""aggregation"":""latest reporting_period by state"",""field"":""beneficiaries_with_a_renewal_due"",""source_row_count"":3570,""source_rows_used"":3570,""state_name"":""Virginia"",""why_matters"":""Renewals due, pending renewals, and procedural disenrollments expose state eligibility processing pressure.""}",2026-07-24T04:43:51Z
cmsmedicaid-865850a2f269053b,medicaid_data,medicaid_datastore,5abea2e0-3f8e-4b49-a50d-d63d5fd9103c,State Medicaid and CHIP Eligibility Processing Data,dataset_signal,VA,eligibility,medicaid; chip; renewals; eligibility; unwinding,pending_renewals,3581,202603,2024-11-27,2026-06-26,false,60,"{""dataset_id"":""5abea2e0-3f8e-4b49-a50d-d63d5fd9103c"",""endpoint_type"":""medicaid_datastore"",""method"":""latest reporting_period by state"",""metric_name"":""pending_renewals"",""metric_period"":""202603"",""metric_value"":""3581"",""rht_flag"":false,""signal_dimension"":""Virginia|beneficiaries_with_a_pending_renewal"",""state"":""VA"",""topic_keys"":[""medicaid"",""chip"",""renewals"",""eligibility"",""unwinding""],""why_matters"":""Renewals due, pending renewals, and procedural disenrollments expose state eligibility processing pressure.""}",https://data.medicaid.gov/api/1/datastore/query/5abea2e0-3f8e-4b49-a50d-d63d5fd9103c/0,"{""aggregation"":""latest reporting_period by state"",""field"":""beneficiaries_with_a_pending_renewal"",""source_row_count"":3570,""source_rows_used"":3570,""state_name"":""Virginia"",""why_matters"":""Renewals due, pending renewals, and procedural disenrollments expose state eligibility processing pressure.""}",2026-07-24T04:43:51Z
cmsmedicaid-2b666b94918fdfd3,medicaid_data,medicaid_datastore,5abea2e0-3f8e-4b49-a50d-d63d5fd9103c,State Medicaid and CHIP Eligibility Processing Data,dataset_signal,VA,eligibility,medicaid; chip; renewals; eligibility; unwinding,procedural_disenrollments_at_renewal,7910,202603,2024-11-27,2026-06-26,false,72,"{""dataset_id"":""5abea2e0-3f8e-4b49-a50d-d63d5fd9103c"",""endpoint_type"":""medicaid_datastore"",""method"":""latest reporting_period by state"",""metric_name"":""procedural_disenrollments_at_renewal"",""metric_period"":""202603"",""metric_value"":""7910"",""rht_flag"":false,""signal_dimension"":""Virginia|beneficiaries_disenrolled_for_procedural_reasons_at_renewal"",""state"":""VA"",""topic_keys"":[""medicaid"",""chip"",""renewals"",""eligibility"",""unwinding""],""why_matters"":""Renewals due, pending renewals, and procedural disenrollments expose state eligibility processing pressure.""}",https://data.medicaid.gov/api/1/datastore/query/5abea2e0-3f8e-4b49-a50d-d63d5fd9103c/0,"{""aggregation"":""latest reporting_period by state"",""field"":""beneficiaries_disenrolled_for_procedural_reasons_at_renewal"",""source_row_count"":3570,""source_rows_used"":3570,""state_name"":""Virginia"",""why_matters"":""Renewals due, pending renewals, and procedural disenrollments expose state eligibility processing pressure.""}",2026-07-24T04:43:51Z
cmsmedicaid-06c52487327959c5,medicaid_data,medicaid_datastore,5abea2e0-3f8e-4b49-a50d-d63d5fd9103c,State Medicaid and CHIP Eligibility Processing Data,dataset_signal,VT,eligibility,medicaid; chip; renewals; eligibility; unwinding,beneficiaries_renewed_total,8891,202603,2024-11-27,2026-06-26,false,60,"{""dataset_id"":""5abea2e0-3f8e-4b49-a50d-d63d5fd9103c"",""endpoint_type"":""medicaid_datastore"",""method"":""latest reporting_period by state"",""metric_name"":""beneficiaries_renewed_total"",""metric_period"":""202603"",""metric_value"":""8891"",""rht_flag"":false,""signal_dimension"":""Vermont|beneficiaries_whose_coverage_was_renewed_total"",""state"":""VT"",""topic_keys"":[""medicaid"",""chip"",""renewals"",""eligibility"",""unwinding""],""why_matters"":""Renewals due, pending renewals, and procedural disenrollments expose state eligibility processing pressure.""}",https://data.medicaid.gov/api/1/datastore/query/5abea2e0-3f8e-4b49-a50d-d63d5fd9103c/0,"{""aggregation"":""latest reporting_period by state"",""field"":""beneficiaries_whose_coverage_was_renewed_total"",""source_row_count"":3570,""source_rows_used"":3570,""state_name"":""Vermont"",""why_matters"":""Renewals due, pending renewals, and procedural disenrollments expose state eligibility processing pressure.""}",2026-07-24T04:43:51Z
cmsmedicaid-90db270f8d6efaa4,medicaid_data,medicaid_datastore,5abea2e0-3f8e-4b49-a50d-d63d5fd9103c,State Medicaid and CHIP Eligibility Processing Data,dataset_signal,VT,eligibility,medicaid; chip; renewals; eligibility; unwinding,beneficiaries_with_renewal_due,12639,202603,2024-11-27,2026-06-26,false,60,"{""dataset_id"":""5abea2e0-3f8e-4b49-a50d-d63d5fd9103c"",""endpoint_type"":""medicaid_datastore"",""method"":""latest reporting_period by state"",""metric_name"":""beneficiaries_with_renewal_due"",""metric_period"":""202603"",""metric_value"":""12639"",""rht_flag"":false,""signal_dimension"":""Vermont|beneficiaries_with_a_renewal_due"",""state"":""VT"",""topic_keys"":[""medicaid"",""chip"",""renewals"",""eligibility"",""unwinding""],""why_matters"":""Renewals due, pending renewals, and procedural disenrollments expose state eligibility processing pressure.""}",https://data.medicaid.gov/api/1/datastore/query/5abea2e0-3f8e-4b49-a50d-d63d5fd9103c/0,"{""aggregation"":""latest reporting_period by state"",""field"":""beneficiaries_with_a_renewal_due"",""source_row_count"":3570,""source_rows_used"":3570,""state_name"":""Vermont"",""why_matters"":""Renewals due, pending renewals, and procedural disenrollments expose state eligibility processing pressure.""}",2026-07-24T04:43:51Z
cmsmedicaid-13f4ef71a19c5d10,medicaid_data,medicaid_datastore,5abea2e0-3f8e-4b49-a50d-d63d5fd9103c,State Medicaid and CHIP Eligibility Processing Data,dataset_signal,VT,eligibility,medicaid; chip; renewals; eligibility; unwinding,pending_renewals,1497,202603,2024-11-27,2026-06-26,false,60,"{""dataset_id"":""5abea2e0-3f8e-4b49-a50d-d63d5fd9103c"",""endpoint_type"":""medicaid_datastore"",""method"":""latest reporting_period by state"",""metric_name"":""pending_renewals"",""metric_period"":""202603"",""metric_value"":""1497"",""rht_flag"":false,""signal_dimension"":""Vermont|beneficiaries_with_a_pending_renewal"",""state"":""VT"",""topic_keys"":[""medicaid"",""chip"",""renewals"",""eligibility"",""unwinding""],""why_matters"":""Renewals due, pending renewals, and procedural disenrollments expose state eligibility processing pressure.""}",https://data.medicaid.gov/api/1/datastore/query/5abea2e0-3f8e-4b49-a50d-d63d5fd9103c/0,"{""aggregation"":""latest reporting_period by state"",""field"":""beneficiaries_with_a_pending_renewal"",""source_row_count"":3570,""source_rows_used"":3570,""state_name"":""Vermont"",""why_matters"":""Renewals due, pending renewals, and procedural disenrollments expose state eligibility processing pressure.""}",2026-07-24T04:43:51Z
cmsmedicaid-9986cc30de02d65f,medicaid_data,medicaid_datastore,5abea2e0-3f8e-4b49-a50d-d63d5fd9103c,State Medicaid and CHIP Eligibility Processing Data,dataset_signal,VT,eligibility,medicaid; chip; renewals; eligibility; unwinding,procedural_disenrollments_at_renewal,1929,202603,2024-11-27,2026-06-26,false,72,"{""dataset_id"":""5abea2e0-3f8e-4b49-a50d-d63d5fd9103c"",""endpoint_type"":""medicaid_datastore"",""method"":""latest reporting_period by state"",""metric_name"":""procedural_disenrollments_at_renewal"",""metric_period"":""202603"",""metric_value"":""1929"",""rht_flag"":false,""signal_dimension"":""Vermont|beneficiaries_disenrolled_for_procedural_reasons_at_renewal"",""state"":""VT"",""topic_keys"":[""medicaid"",""chip"",""renewals"",""eligibility"",""unwinding""],""why_matters"":""Renewals due, pending renewals, and procedural disenrollments expose state eligibility processing pressure.""}",https://data.medicaid.gov/api/1/datastore/query/5abea2e0-3f8e-4b49-a50d-d63d5fd9103c/0,"{""aggregation"":""latest reporting_period by state"",""field"":""beneficiaries_disenrolled_for_procedural_reasons_at_renewal"",""source_row_count"":3570,""source_rows_used"":3570,""state_name"":""Vermont"",""why_matters"":""Renewals due, pending renewals, and procedural disenrollments expose state eligibility processing pressure.""}",2026-07-24T04:43:51Z
cmsmedicaid-0895f5b221917f03,medicaid_data,medicaid_datastore,5abea2e0-3f8e-4b49-a50d-d63d5fd9103c,State Medicaid and CHIP Eligibility Processing Data,dataset_signal,WA,eligibility,medicaid; chip; renewals; eligibility; unwinding,beneficiaries_renewed_total,102370,202603,2024-11-27,2026-06-26,false,60,"{""dataset_id"":""5abea2e0-3f8e-4b49-a50d-d63d5fd9103c"",""endpoint_type"":""medicaid_datastore"",""method"":""latest reporting_period by state"",""metric_name"":""beneficiaries_renewed_total"",""metric_period"":""202603"",""metric_value"":""102370"",""rht_flag"":false,""signal_dimension"":""Washington|beneficiaries_whose_coverage_was_renewed_total"",""state"":""WA"",""topic_keys"":[""medicaid"",""chip"",""renewals"",""eligibility"",""unwinding""],""why_matters"":""Renewals due, pending renewals, and procedural disenrollments expose state eligibility processing pressure.""}",https://data.medicaid.gov/api/1/datastore/query/5abea2e0-3f8e-4b49-a50d-d63d5fd9103c/0,"{""aggregation"":""latest reporting_period by state"",""field"":""beneficiaries_whose_coverage_was_renewed_total"",""source_row_count"":3570,""source_rows_used"":3570,""state_name"":""Washington"",""why_matters"":""Renewals due, pending renewals, and procedural disenrollments expose state eligibility processing pressure.""}",2026-07-24T04:43:51Z
cmsmedicaid-797d94648de39ac6,medicaid_data,medicaid_datastore,5abea2e0-3f8e-4b49-a50d-d63d5fd9103c,State Medicaid and CHIP Eligibility Processing Data,dataset_signal,WA,eligibility,medicaid; chip; renewals; eligibility; unwinding,beneficiaries_with_renewal_due,115414,202603,2024-11-27,2026-06-26,false,60,"{""dataset_id"":""5abea2e0-3f8e-4b49-a50d-d63d5fd9103c"",""endpoint_type"":""medicaid_datastore"",""method"":""latest reporting_period by state"",""metric_name"":""beneficiaries_with_renewal_due"",""metric_period"":""202603"",""metric_value"":""115414"",""rht_flag"":false,""signal_dimension"":""Washington|beneficiaries_with_a_renewal_due"",""state"":""WA"",""topic_keys"":[""medicaid"",""chip"",""renewals"",""eligibility"",""unwinding""],""why_matters"":""Renewals due, pending renewals, and procedural disenrollments expose state eligibility processing pressure.""}",https://data.medicaid.gov/api/1/datastore/query/5abea2e0-3f8e-4b49-a50d-d63d5fd9103c/0,"{""aggregation"":""latest reporting_period by state"",""field"":""beneficiaries_with_a_renewal_due"",""source_row_count"":3570,""source_rows_used"":3570,""state_name"":""Washington"",""why_matters"":""Renewals due, pending renewals, and procedural disenrollments expose state eligibility processing pressure.""}",2026-07-24T04:43:51Z
cmsmedicaid-758a40b2e292bea6,medicaid_data,medicaid_datastore,5abea2e0-3f8e-4b49-a50d-d63d5fd9103c,State Medicaid and CHIP Eligibility Processing Data,dataset_signal,WA,eligibility,medicaid; chip; renewals; eligibility; unwinding,pending_renewals,757,202603,2024-11-27,2026-06-26,false,60,"{""dataset_id"":""5abea2e0-3f8e-4b49-a50d-d63d5fd9103c"",""endpoint_type"":""medicaid_datastore"",""method"":""latest reporting_period by state"",""metric_name"":""pending_renewals"",""metric_period"":""202603"",""metric_value"":""757"",""rht_flag"":false,""signal_dimension"":""Washington|beneficiaries_with_a_pending_renewal"",""state"":""WA"",""topic_keys"":[""medicaid"",""chip"",""renewals"",""eligibility"",""unwinding""],""why_matters"":""Renewals due, pending renewals, and procedural disenrollments expose state eligibility processing pressure.""}",https://data.medicaid.gov/api/1/datastore/query/5abea2e0-3f8e-4b49-a50d-d63d5fd9103c/0,"{""aggregation"":""latest reporting_period by state"",""field"":""beneficiaries_with_a_pending_renewal"",""source_row_count"":3570,""source_rows_used"":3570,""state_name"":""Washington"",""why_matters"":""Renewals due, pending renewals, and procedural disenrollments expose state eligibility processing pressure.""}",2026-07-24T04:43:51Z
cmsmedicaid-fa5b0fc6195b6c4c,medicaid_data,medicaid_datastore,5abea2e0-3f8e-4b49-a50d-d63d5fd9103c,State Medicaid and CHIP Eligibility Processing Data,dataset_signal,WA,eligibility,medicaid; chip; renewals; eligibility; unwinding,procedural_disenrollments_at_renewal,10119,202603,2024-11-27,2026-06-26,false,72,"{""dataset_id"":""5abea2e0-3f8e-4b49-a50d-d63d5fd9103c"",""endpoint_type"":""medicaid_datastore"",""method"":""latest reporting_period by state"",""metric_name"":""procedural_disenrollments_at_renewal"",""metric_period"":""202603"",""metric_value"":""10119"",""rht_flag"":false,""signal_dimension"":""Washington|beneficiaries_disenrolled_for_procedural_reasons_at_renewal"",""state"":""WA"",""topic_keys"":[""medicaid"",""chip"",""renewals"",""eligibility"",""unwinding""],""why_matters"":""Renewals due, pending renewals, and procedural disenrollments expose state eligibility processing pressure.""}",https://data.medicaid.gov/api/1/datastore/query/5abea2e0-3f8e-4b49-a50d-d63d5fd9103c/0,"{""aggregation"":""latest reporting_period by state"",""field"":""beneficiaries_disenrolled_for_procedural_reasons_at_renewal"",""source_row_count"":3570,""source_rows_used"":3570,""state_name"":""Washington"",""why_matters"":""Renewals due, pending renewals, and procedural disenrollments expose state eligibility processing pressure.""}",2026-07-24T04:43:51Z
cmsmedicaid-e9de5b1bfa4a6023,medicaid_data,medicaid_datastore,5abea2e0-3f8e-4b49-a50d-d63d5fd9103c,State Medicaid and CHIP Eligibility Processing Data,dataset_signal,WI,eligibility,medicaid; chip; renewals; eligibility; unwinding,beneficiaries_renewed_total,51566,202603,2024-11-27,2026-06-26,false,60,"{""dataset_id"":""5abea2e0-3f8e-4b49-a50d-d63d5fd9103c"",""endpoint_type"":""medicaid_datastore"",""method"":""latest reporting_period by state"",""metric_name"":""beneficiaries_renewed_total"",""metric_period"":""202603"",""metric_value"":""51566"",""rht_flag"":false,""signal_dimension"":""Wisconsin|beneficiaries_whose_coverage_was_renewed_total"",""state"":""WI"",""topic_keys"":[""medicaid"",""chip"",""renewals"",""eligibility"",""unwinding""],""why_matters"":""Renewals due, pending renewals, and procedural disenrollments expose state eligibility processing pressure.""}",https://data.medicaid.gov/api/1/datastore/query/5abea2e0-3f8e-4b49-a50d-d63d5fd9103c/0,"{""aggregation"":""latest reporting_period by state"",""field"":""beneficiaries_whose_coverage_was_renewed_total"",""source_row_count"":3570,""source_rows_used"":3570,""state_name"":""Wisconsin"",""why_matters"":""Renewals due, pending renewals, and procedural disenrollments expose state eligibility processing pressure.""}",2026-07-24T04:43:51Z
cmsmedicaid-a0e4c7fe5458558f,medicaid_data,medicaid_datastore,5abea2e0-3f8e-4b49-a50d-d63d5fd9103c,State Medicaid and CHIP Eligibility Processing Data,dataset_signal,WI,eligibility,medicaid; chip; renewals; eligibility; unwinding,beneficiaries_with_renewal_due,77922,202603,2024-11-27,2026-06-26,false,60,"{""dataset_id"":""5abea2e0-3f8e-4b49-a50d-d63d5fd9103c"",""endpoint_type"":""medicaid_datastore"",""method"":""latest reporting_period by state"",""metric_name"":""beneficiaries_with_renewal_due"",""metric_period"":""202603"",""metric_value"":""77922"",""rht_flag"":false,""signal_dimension"":""Wisconsin|beneficiaries_with_a_renewal_due"",""state"":""WI"",""topic_keys"":[""medicaid"",""chip"",""renewals"",""eligibility"",""unwinding""],""why_matters"":""Renewals due, pending renewals, and procedural disenrollments expose state eligibility processing pressure.""}",https://data.medicaid.gov/api/1/datastore/query/5abea2e0-3f8e-4b49-a50d-d63d5fd9103c/0,"{""aggregation"":""latest reporting_period by state"",""field"":""beneficiaries_with_a_renewal_due"",""source_row_count"":3570,""source_rows_used"":3570,""state_name"":""Wisconsin"",""why_matters"":""Renewals due, pending renewals, and procedural disenrollments expose state eligibility processing pressure.""}",2026-07-24T04:43:51Z
cmsmedicaid-6c4886b4f37486e0,medicaid_data,medicaid_datastore,5abea2e0-3f8e-4b49-a50d-d63d5fd9103c,State Medicaid and CHIP Eligibility Processing Data,dataset_signal,WI,eligibility,medicaid; chip; renewals; eligibility; unwinding,pending_renewals,6121,202603,2024-11-27,2026-06-26,false,60,"{""dataset_id"":""5abea2e0-3f8e-4b49-a50d-d63d5fd9103c"",""endpoint_type"":""medicaid_datastore"",""method"":""latest reporting_period by state"",""metric_name"":""pending_renewals"",""metric_period"":""202603"",""metric_value"":""6121"",""rht_flag"":false,""signal_dimension"":""Wisconsin|beneficiaries_with_a_pending_renewal"",""state"":""WI"",""topic_keys"":[""medicaid"",""chip"",""renewals"",""eligibility"",""unwinding""],""why_matters"":""Renewals due, pending renewals, and procedural disenrollments expose state eligibility processing pressure.""}",https://data.medicaid.gov/api/1/datastore/query/5abea2e0-3f8e-4b49-a50d-d63d5fd9103c/0,"{""aggregation"":""latest reporting_period by state"",""field"":""beneficiaries_with_a_pending_renewal"",""source_row_count"":3570,""source_rows_used"":3570,""state_name"":""Wisconsin"",""why_matters"":""Renewals due, pending renewals, and procedural disenrollments expose state eligibility processing pressure.""}",2026-07-24T04:43:51Z
cmsmedicaid-29e4cb6988965761,medicaid_data,medicaid_datastore,5abea2e0-3f8e-4b49-a50d-d63d5fd9103c,State Medicaid and CHIP Eligibility Processing Data,dataset_signal,WI,eligibility,medicaid; chip; renewals; eligibility; unwinding,procedural_disenrollments_at_renewal,10723,202603,2024-11-27,2026-06-26,false,72,"{""dataset_id"":""5abea2e0-3f8e-4b49-a50d-d63d5fd9103c"",""endpoint_type"":""medicaid_datastore"",""method"":""latest reporting_period by state"",""metric_name"":""procedural_disenrollments_at_renewal"",""metric_period"":""202603"",""metric_value"":""10723"",""rht_flag"":false,""signal_dimension"":""Wisconsin|beneficiaries_disenrolled_for_procedural_reasons_at_renewal"",""state"":""WI"",""topic_keys"":[""medicaid"",""chip"",""renewals"",""eligibility"",""unwinding""],""why_matters"":""Renewals due, pending renewals, and procedural disenrollments expose state eligibility processing pressure.""}",https://data.medicaid.gov/api/1/datastore/query/5abea2e0-3f8e-4b49-a50d-d63d5fd9103c/0,"{""aggregation"":""latest reporting_period by state"",""field"":""beneficiaries_disenrolled_for_procedural_reasons_at_renewal"",""source_row_count"":3570,""source_rows_used"":3570,""state_name"":""Wisconsin"",""why_matters"":""Renewals due, pending renewals, and procedural disenrollments expose state eligibility processing pressure.""}",2026-07-24T04:43:51Z
cmsmedicaid-40d715eb67243602,medicaid_data,medicaid_datastore,5abea2e0-3f8e-4b49-a50d-d63d5fd9103c,State Medicaid and CHIP Eligibility Processing Data,dataset_signal,WV,eligibility,medicaid; chip; renewals; eligibility; unwinding,beneficiaries_renewed_total,25378,202603,2024-11-27,2026-06-26,false,60,"{""dataset_id"":""5abea2e0-3f8e-4b49-a50d-d63d5fd9103c"",""endpoint_type"":""medicaid_datastore"",""method"":""latest reporting_period by state"",""metric_name"":""beneficiaries_renewed_total"",""metric_period"":""202603"",""metric_value"":""25378"",""rht_flag"":false,""signal_dimension"":""West Virginia|beneficiaries_whose_coverage_was_renewed_total"",""state"":""WV"",""topic_keys"":[""medicaid"",""chip"",""renewals"",""eligibility"",""unwinding""],""why_matters"":""Renewals due, pending renewals, and procedural disenrollments expose state eligibility processing pressure.""}",https://data.medicaid.gov/api/1/datastore/query/5abea2e0-3f8e-4b49-a50d-d63d5fd9103c/0,"{""aggregation"":""latest reporting_period by state"",""field"":""beneficiaries_whose_coverage_was_renewed_total"",""source_row_count"":3570,""source_rows_used"":3570,""state_name"":""West Virginia"",""why_matters"":""Renewals due, pending renewals, and procedural disenrollments expose state eligibility processing pressure.""}",2026-07-24T04:43:51Z
cmsmedicaid-2a639517bcdd847b,medicaid_data,medicaid_datastore,5abea2e0-3f8e-4b49-a50d-d63d5fd9103c,State Medicaid and CHIP Eligibility Processing Data,dataset_signal,WV,eligibility,medicaid; chip; renewals; eligibility; unwinding,beneficiaries_with_renewal_due,31021,202603,2024-11-27,2026-06-26,false,60,"{""dataset_id"":""5abea2e0-3f8e-4b49-a50d-d63d5fd9103c"",""endpoint_type"":""medicaid_datastore"",""method"":""latest reporting_period by state"",""metric_name"":""beneficiaries_with_renewal_due"",""metric_period"":""202603"",""metric_value"":""31021"",""rht_flag"":false,""signal_dimension"":""West Virginia|beneficiaries_with_a_renewal_due"",""state"":""WV"",""topic_keys"":[""medicaid"",""chip"",""renewals"",""eligibility"",""unwinding""],""why_matters"":""Renewals due, pending renewals, and procedural disenrollments expose state eligibility processing pressure.""}",https://data.medicaid.gov/api/1/datastore/query/5abea2e0-3f8e-4b49-a50d-d63d5fd9103c/0,"{""aggregation"":""latest reporting_period by state"",""field"":""beneficiaries_with_a_renewal_due"",""source_row_count"":3570,""source_rows_used"":3570,""state_name"":""West Virginia"",""why_matters"":""Renewals due, pending renewals, and procedural disenrollments expose state eligibility processing pressure.""}",2026-07-24T04:43:51Z
cmsmedicaid-dd1cdad02dd8ad53,medicaid_data,medicaid_datastore,5abea2e0-3f8e-4b49-a50d-d63d5fd9103c,State Medicaid and CHIP Eligibility Processing Data,dataset_signal,WV,eligibility,medicaid; chip; renewals; eligibility; unwinding,pending_renewals,297,202603,2024-11-27,2026-06-26,false,60,"{""dataset_id"":""5abea2e0-3f8e-4b49-a50d-d63d5fd9103c"",""endpoint_type"":""medicaid_datastore"",""method"":""latest reporting_period by state"",""metric_name"":""pending_renewals"",""metric_period"":""202603"",""metric_value"":""297"",""rht_flag"":false,""signal_dimension"":""West Virginia|beneficiaries_with_a_pending_renewal"",""state"":""WV"",""topic_keys"":[""medicaid"",""chip"",""renewals"",""eligibility"",""unwinding""],""why_matters"":""Renewals due, pending renewals, and procedural disenrollments expose state eligibility processing pressure.""}",https://data.medicaid.gov/api/1/datastore/query/5abea2e0-3f8e-4b49-a50d-d63d5fd9103c/0,"{""aggregation"":""latest reporting_period by state"",""field"":""beneficiaries_with_a_pending_renewal"",""source_row_count"":3570,""source_rows_used"":3570,""state_name"":""West Virginia"",""why_matters"":""Renewals due, pending renewals, and procedural disenrollments expose state eligibility processing pressure.""}",2026-07-24T04:43:51Z
cmsmedicaid-a9117f7b1371360a,medicaid_data,medicaid_datastore,5abea2e0-3f8e-4b49-a50d-d63d5fd9103c,State Medicaid and CHIP Eligibility Processing Data,dataset_signal,WV,eligibility,medicaid; chip; renewals; eligibility; unwinding,procedural_disenrollments_at_renewal,4172,202603,2024-11-27,2026-06-26,false,72,"{""dataset_id"":""5abea2e0-3f8e-4b49-a50d-d63d5fd9103c"",""endpoint_type"":""medicaid_datastore"",""method"":""latest reporting_period by state"",""metric_name"":""procedural_disenrollments_at_renewal"",""metric_period"":""202603"",""metric_value"":""4172"",""rht_flag"":false,""signal_dimension"":""West Virginia|beneficiaries_disenrolled_for_procedural_reasons_at_renewal"",""state"":""WV"",""topic_keys"":[""medicaid"",""chip"",""renewals"",""eligibility"",""unwinding""],""why_matters"":""Renewals due, pending renewals, and procedural disenrollments expose state eligibility processing pressure.""}",https://data.medicaid.gov/api/1/datastore/query/5abea2e0-3f8e-4b49-a50d-d63d5fd9103c/0,"{""aggregation"":""latest reporting_period by state"",""field"":""beneficiaries_disenrolled_for_procedural_reasons_at_renewal"",""source_row_count"":3570,""source_rows_used"":3570,""state_name"":""West Virginia"",""why_matters"":""Renewals due, pending renewals, and procedural disenrollments expose state eligibility processing pressure.""}",2026-07-24T04:43:51Z
cmsmedicaid-8e24a8b272d84a8d,medicaid_data,medicaid_datastore,5abea2e0-3f8e-4b49-a50d-d63d5fd9103c,State Medicaid and CHIP Eligibility Processing Data,dataset_signal,WY,eligibility,medicaid; chip; renewals; eligibility; unwinding,beneficiaries_renewed_total,3481,202603,2024-11-27,2026-06-26,false,60,"{""dataset_id"":""5abea2e0-3f8e-4b49-a50d-d63d5fd9103c"",""endpoint_type"":""medicaid_datastore"",""method"":""latest reporting_period by state"",""metric_name"":""beneficiaries_renewed_total"",""metric_period"":""202603"",""metric_value"":""3481"",""rht_flag"":false,""signal_dimension"":""Wyoming|beneficiaries_whose_coverage_was_renewed_total"",""state"":""WY"",""topic_keys"":[""medicaid"",""chip"",""renewals"",""eligibility"",""unwinding""],""why_matters"":""Renewals due, pending renewals, and procedural disenrollments expose state eligibility processing pressure.""}",https://data.medicaid.gov/api/1/datastore/query/5abea2e0-3f8e-4b49-a50d-d63d5fd9103c/0,"{""aggregation"":""latest reporting_period by state"",""field"":""beneficiaries_whose_coverage_was_renewed_total"",""source_row_count"":3570,""source_rows_used"":3570,""state_name"":""Wyoming"",""why_matters"":""Renewals due, pending renewals, and procedural disenrollments expose state eligibility processing pressure.""}",2026-07-24T04:43:51Z
cmsmedicaid-3c4f265dcc188358,medicaid_data,medicaid_datastore,5abea2e0-3f8e-4b49-a50d-d63d5fd9103c,State Medicaid and CHIP Eligibility Processing Data,dataset_signal,WY,eligibility,medicaid; chip; renewals; eligibility; unwinding,beneficiaries_with_renewal_due,4282,202603,2024-11-27,2026-06-26,false,60,"{""dataset_id"":""5abea2e0-3f8e-4b49-a50d-d63d5fd9103c"",""endpoint_type"":""medicaid_datastore"",""method"":""latest reporting_period by state"",""metric_name"":""beneficiaries_with_renewal_due"",""metric_period"":""202603"",""metric_value"":""4282"",""rht_flag"":false,""signal_dimension"":""Wyoming|beneficiaries_with_a_renewal_due"",""state"":""WY"",""topic_keys"":[""medicaid"",""chip"",""renewals"",""eligibility"",""unwinding""],""why_matters"":""Renewals due, pending renewals, and procedural disenrollments expose state eligibility processing pressure.""}",https://data.medicaid.gov/api/1/datastore/query/5abea2e0-3f8e-4b49-a50d-d63d5fd9103c/0,"{""aggregation"":""latest reporting_period by state"",""field"":""beneficiaries_with_a_renewal_due"",""source_row_count"":3570,""source_rows_used"":3570,""state_name"":""Wyoming"",""why_matters"":""Renewals due, pending renewals, and procedural disenrollments expose state eligibility processing pressure.""}",2026-07-24T04:43:51Z
cmsmedicaid-aea23d028b782e2e,medicaid_data,medicaid_datastore,5abea2e0-3f8e-4b49-a50d-d63d5fd9103c,State Medicaid and CHIP Eligibility Processing Data,dataset_signal,WY,eligibility,medicaid; chip; renewals; eligibility; unwinding,pending_renewals,526,202603,2024-11-27,2026-06-26,false,60,"{""dataset_id"":""5abea2e0-3f8e-4b49-a50d-d63d5fd9103c"",""endpoint_type"":""medicaid_datastore"",""method"":""latest reporting_period by state"",""metric_name"":""pending_renewals"",""metric_period"":""202603"",""metric_value"":""526"",""rht_flag"":false,""signal_dimension"":""Wyoming|beneficiaries_with_a_pending_renewal"",""state"":""WY"",""topic_keys"":[""medicaid"",""chip"",""renewals"",""eligibility"",""unwinding""],""why_matters"":""Renewals due, pending renewals, and procedural disenrollments expose state eligibility processing pressure.""}",https://data.medicaid.gov/api/1/datastore/query/5abea2e0-3f8e-4b49-a50d-d63d5fd9103c/0,"{""aggregation"":""latest reporting_period by state"",""field"":""beneficiaries_with_a_pending_renewal"",""source_row_count"":3570,""source_rows_used"":3570,""state_name"":""Wyoming"",""why_matters"":""Renewals due, pending renewals, and procedural disenrollments expose state eligibility processing pressure.""}",2026-07-24T04:43:51Z
cmsmedicaid-e256f44cdcf35fa4,medicaid_data,medicaid_datastore,5abea2e0-3f8e-4b49-a50d-d63d5fd9103c,State Medicaid and CHIP Eligibility Processing Data,dataset_signal,WY,eligibility,medicaid; chip; renewals; eligibility; unwinding,procedural_disenrollments_at_renewal,30,202603,2024-11-27,2026-06-26,false,72,"{""dataset_id"":""5abea2e0-3f8e-4b49-a50d-d63d5fd9103c"",""endpoint_type"":""medicaid_datastore"",""method"":""latest reporting_period by state"",""metric_name"":""procedural_disenrollments_at_renewal"",""metric_period"":""202603"",""metric_value"":""30"",""rht_flag"":false,""signal_dimension"":""Wyoming|beneficiaries_disenrolled_for_procedural_reasons_at_renewal"",""state"":""WY"",""topic_keys"":[""medicaid"",""chip"",""renewals"",""eligibility"",""unwinding""],""why_matters"":""Renewals due, pending renewals, and procedural disenrollments expose state eligibility processing pressure.""}",https://data.medicaid.gov/api/1/datastore/query/5abea2e0-3f8e-4b49-a50d-d63d5fd9103c/0,"{""aggregation"":""latest reporting_period by state"",""field"":""beneficiaries_disenrolled_for_procedural_reasons_at_renewal"",""source_row_count"":3570,""source_rows_used"":3570,""state_name"":""Wyoming"",""why_matters"":""Renewals due, pending renewals, and procedural disenrollments expose state eligibility processing pressure.""}",2026-07-24T04:43:51Z
