source_record_id,title,issued_date,released_date,modified_date,next_update_date,landing_page,download_url,publisher,keywords,description,raw_json
ct36-nrcq,Medical Equipment Suppliers,2020-12-17,2026-07-12,2026-07-12,,https://data.cms.gov/provider-data/dataset/ct36-nrcq,https://data.cms.gov/provider-data/sites/default/files/resources/3b76abb9b6f610373563b5ef08bb0d81_1783815333/Medical-Equipment-Suppliers.csv,data.medicare.gov,Medical equipment; Supplies; Supplier,A list of Suppliers that indicates the supplies carried at that location and the supplier's Medicare participation status.,"{""@type"": ""dcat:Dataset"", ""accessLevel"": ""public"", ""bureauCode"": [""009:38""], ""contactPoint"": {""@type"": ""vcard:Contact"", ""fn"": ""Supplier"", ""hasEmail"": ""mailto:PPL_datacatalog@cms.hhs.gov""}, ""description"": ""A list of Suppliers that indicates the supplies carried at that location and the supplier's Medicare participation status."", ""distribution"": [{""@type"": ""dcat:Distribution"", ""describedBy"": ""https://data.cms.gov/provider-data/sites/default/files/data_dictionaries/supplier/Supplier_Directory_Data_Dictionary.pdf"", ""describedByType"": ""application/pdf"", ""downloadURL"": ""https://data.cms.gov/provider-data/sites/default/files/resources/3b76abb9b6f610373563b5ef08bb0d81_1783815333/Medical-Equipment-Suppliers.csv"", ""mediaType"": ""text/csv""}], ""identifier"": ""ct36-nrcq"", ""issued"": ""2020-12-17"", ""keyword"": [""Medical equipment"", ""Supplies"", ""Supplier""], ""landingPage"": ""https://data.cms.gov/provider-data/dataset/ct36-nrcq"", ""modified"": ""2026-07-12"", ""programCode"": [""009:000""], ""publisher"": {""@type"": ""org:Organization"", ""name"": ""data.medicare.gov""}, ""released"": ""2026-07-12"", ""theme"": [""Supplier directory""], ""title"": ""Medical Equipment Suppliers""}"
n0yb-util,Utilization Data,2024-01-04,2026-07-09,2026-06-26,2026-08-13,https://data.cms.gov/provider-data/dataset/n0yb-util,https://data.cms.gov/provider-data/sites/default/files/resources/72eedb23fcbe1ef3666f89db01b85e1d_1782750575/Utilization.csv,Centers for Medicare & Medicaid Services (CMS),Clinicians; Utilization,The Doctors and Clinicians utilization data file reports volume information for procedures of interest on clinician profile pages and in the provider data catalog (PDC) to inform patients and caregivers about clinicians' experience.,"{""@type"": ""dcat:Dataset"", ""accessLevel"": ""public"", ""archiveExclude"": false, ""bureauCode"": [""009:38""], ""contactPoint"": {""@type"": ""vcard:Contact"", ""fn"": ""CMS"", ""hasEmail"": ""mailto:QPP@cms.hhs.gov""}, ""description"": ""The Doctors and Clinicians utilization data file reports volume information for procedures of interest on clinician profile pages and in the provider data catalog (PDC) to inform patients and caregivers about clinicians' experience."", ""distribution"": [{""@type"": ""dcat:Distribution"", ""describedBy"": ""https://data.cms.gov/provider-data/sites/default/files/data_dictionaries/physician/DOC_Data_Dictionary.pdf"", ""describedByType"": ""application/pdf"", ""downloadURL"": ""https://data.cms.gov/provider-data/sites/default/files/resources/72eedb23fcbe1ef3666f89db01b85e1d_1782750575/Utilization.csv"", ""mediaType"": ""text/csv""}], ""identifier"": ""n0yb-util"", ""issued"": ""2024-01-04"", ""keyword"": [""Clinicians"", ""Utilization""], ""landingPage"": ""https://data.cms.gov/provider-data/dataset/n0yb-util"", ""modified"": ""2026-06-26"", ""nextUpdateDate"": ""2026-08-13"", ""programCode"": [""009:000""], ""publisher"": {""@type"": ""org:Organization"", ""name"": ""Centers for Medicare & Medicaid Services (CMS)""}, ""released"": ""2026-07-09"", ""theme"": [""Doctors and clinicians""], ""title"": ""Utilization Data""}"
mj5m-pzi6,National Downloadable File,2023-08-17,2026-07-09,2026-06-26,2026-08-13,https://data.cms.gov/provider-data/dataset/mj5m-pzi6,https://data.cms.gov/provider-data/sites/default/files/resources/52c3f098d7e56028a298fd297cb0b38d_1782750575/DAC_NationalDownloadableFile.csv,Centers for Medicare & Medicaid Services (CMS),Clinicians; Quality; Location,The Doctors and Clinicians national downloadable file is organized such that each line is unique at the clinician/enrollment record/group/address level. Clinicians with multiple Medicare enrollment records and/or single enrollments linking to multiple practice locations are listed on multiple lines.,"{""@type"": ""dcat:Dataset"", ""accessLevel"": ""public"", ""archiveExclude"": false, ""bureauCode"": [""009:38""], ""contactPoint"": {""@type"": ""vcard:Contact"", ""fn"": ""CMS"", ""hasEmail"": ""mailto:QPP@cms.hhs.gov""}, ""description"": ""The Doctors and Clinicians national downloadable file is organized such that each line is unique at the clinician/enrollment record/group/address level. Clinicians with multiple Medicare enrollment records and/or single enrollments linking to multiple practice locations are listed on multiple lines."", ""distribution"": [{""@type"": ""dcat:Distribution"", ""describedBy"": ""https://data.cms.gov/provider-data/sites/default/files/data_dictionaries/physician/DOC_Data_Dictionary.pdf"", ""describedByType"": ""application/pdf"", ""downloadURL"": ""https://data.cms.gov/provider-data/sites/default/files/resources/52c3f098d7e56028a298fd297cb0b38d_1782750575/DAC_NationalDownloadableFile.csv"", ""mediaType"": ""text/csv""}], ""identifier"": ""mj5m-pzi6"", ""issued"": ""2023-08-17"", ""keyword"": [""Clinicians"", ""Quality"", ""Location""], ""landingPage"": ""https://data.cms.gov/provider-data/dataset/mj5m-pzi6"", ""modified"": ""2026-06-26"", ""nextUpdateDate"": ""2026-08-13"", ""programCode"": [""009:000""], ""publisher"": {""@type"": ""org:Organization"", ""name"": ""Centers for Medicare & Medicaid Services (CMS)""}, ""released"": ""2026-07-09"", ""theme"": [""Doctors and clinicians""], ""title"": ""National Downloadable File""}"
27ea-46a8,Facility Affiliation Data,2023-08-17,2026-07-09,2026-06-26,2026-08-13,https://data.cms.gov/provider-data/dataset/27ea-46a8,https://data.cms.gov/provider-data/sites/default/files/resources/b7c4080ae144663e43353a9c35cd3f53_1782750576/Facility_Affiliation.csv,Centers for Medicare & Medicaid Services (CMS),Clinicians,This is the facility affiliations data publicly reported in the Provider Data Catalog.,"{""@type"": ""dcat:Dataset"", ""accessLevel"": ""public"", ""archiveExclude"": false, ""bureauCode"": [""009:38""], ""contactPoint"": {""@type"": ""vcard:Contact"", ""fn"": ""CMS"", ""hasEmail"": ""mailto:QPP@cms.hhs.gov""}, ""description"": ""This is the facility affiliations data publicly reported in the Provider Data Catalog."", ""distribution"": [{""@type"": ""dcat:Distribution"", ""describedBy"": ""https://data.cms.gov/provider-data/sites/default/files/data_dictionaries/physician/DOC_Data_Dictionary.pdf"", ""describedByType"": ""application/pdf"", ""downloadURL"": ""https://data.cms.gov/provider-data/sites/default/files/resources/b7c4080ae144663e43353a9c35cd3f53_1782750576/Facility_Affiliation.csv"", ""mediaType"": ""text/csv""}], ""identifier"": ""27ea-46a8"", ""issued"": ""2023-08-17"", ""keyword"": [""Clinicians""], ""landingPage"": ""https://data.cms.gov/provider-data/dataset/27ea-46a8"", ""modified"": ""2026-06-26"", ""nextUpdateDate"": ""2026-08-13"", ""programCode"": [""009:000""], ""publisher"": {""@type"": ""org:Organization"", ""name"": ""Centers for Medicare & Medicaid Services (CMS)""}, ""released"": ""2026-07-09"", ""theme"": [""Doctors and clinicians""], ""title"": ""Facility Affiliation Data""}"
tbry-pc2d,Survey Summary,2023-06-01,2026-06-24,2026-06-01,2026-07-29,https://data.cms.gov/provider-data/dataset/tbry-pc2d,https://data.cms.gov/provider-data/sites/default/files/resources/dbad3e484bdbc52e572454ddcff02919_1781194539/NH_SurveySummary_Jun2026.csv,Centers for Medicare & Medicaid Services (CMS),Complaints; Deficiencies; Citations,"Nursing home summary information for nursing home health, fire safety, infection control, and complaint inspections in the last three years, including dates of the three most recent inspections (including those with no citations), and counts of citations, overall and within specified categories. Data are presented as one inspection per provider. Citation counts also include citations from infection control surveys and complaint inspections.","{""@type"": ""dcat:Dataset"", ""accessLevel"": ""public"", ""bureauCode"": [""009:38""], ""contactPoint"": {""@type"": ""vcard:Contact"", ""fn"": ""Nursing homes including rehab services"", ""hasEmail"": ""mailto:BetterCare@cms.hhs.gov""}, ""description"": ""Nursing home summary information for nursing home health, fire safety, infection control, and complaint inspections in the last three years, including dates of the three most recent inspections (including those with no citations), and counts of citations, overall and within specified categories. Data are presented as one inspection per provider. Citation counts also include citations from infection control surveys and complaint inspections."", ""distribution"": [{""@type"": ""dcat:Distribution"", ""describedBy"": ""https://data.cms.gov/provider-data/sites/default/files/data_dictionaries/nursing_home/NH_Data_Dictionary.pdf"", ""describedByType"": ""application/pdf"", ""downloadURL"": ""https://data.cms.gov/provider-data/sites/default/files/resources/dbad3e484bdbc52e572454ddcff02919_1781194539/NH_SurveySummary_Jun2026.csv"", ""mediaType"": ""text/csv""}], ""identifier"": ""tbry-pc2d"", ""issued"": ""2023-06-01"", ""keyword"": [""Complaints"", ""Deficiencies"", ""Citations""], ""landingPage"": ""https://data.cms.gov/provider-data/dataset/tbry-pc2d"", ""modified"": ""2026-06-01"", ""nextUpdateDate"": ""2026-07-29"", ""programCode"": [""009:000""], ""publisher"": {""@type"": ""org:Organization"", ""name"": ""Centers for Medicare & Medicaid Services (CMS)""}, ""released"": ""2026-06-24"", ""theme"": [""Nursing homes including rehab services""], ""title"": ""Survey Summary""}"
hicp-9999,State-Level Health Inspection Cut Points,2021-04-01,2026-06-24,2026-06-01,2026-07-29,https://data.cms.gov/provider-data/dataset/hicp-9999,https://data.cms.gov/provider-data/sites/default/files/resources/a7153b1e39d5a6068deb8f59cd4c74f1_1781194540/NH_HlthInspecCutpointsState_Jun2026.csv,Centers for Medicare & Medicaid Services (CMS),Deficiencies; Citations; Ratings; State,State-specific ranges for the weighted health inspection score for each health inspection star rating category.  Data are presented as one row per state or territory.,"{""@type"": ""dcat:Dataset"", ""accessLevel"": ""public"", ""bureauCode"": [""009:38""], ""contactPoint"": {""@type"": ""vcard:Contact"", ""fn"": ""Nursing homes including rehab services"", ""hasEmail"": ""mailto:BetterCare@cms.hhs.gov""}, ""description"": ""State-specific ranges for the weighted health inspection score for each health inspection star rating category.  Data are presented as one row per state or territory."", ""distribution"": [{""@type"": ""dcat:Distribution"", ""describedBy"": ""https://data.cms.gov/provider-data/sites/default/files/data_dictionaries/nursing_home/NH_Data_Dictionary.pdf"", ""describedByType"": ""application/pdf"", ""downloadURL"": ""https://data.cms.gov/provider-data/sites/default/files/resources/a7153b1e39d5a6068deb8f59cd4c74f1_1781194540/NH_HlthInspecCutpointsState_Jun2026.csv"", ""mediaType"": ""text/csv""}], ""identifier"": ""hicp-9999"", ""issued"": ""2021-04-01"", ""keyword"": [""Deficiencies"", ""Citations"", ""Ratings"", ""State""], ""landingPage"": ""https://data.cms.gov/provider-data/dataset/hicp-9999"", ""modified"": ""2026-06-01"", ""nextUpdateDate"": ""2026-07-29"", ""programCode"": [""009:000""], ""publisher"": {""@type"": ""org:Organization"", ""name"": ""Centers for Medicare & Medicaid Services (CMS)""}, ""released"": ""2026-06-24"", ""theme"": [""Nursing homes including rehab services""], ""title"": ""State-Level Health Inspection Cut Points""}"
xcdc-v8bm,State US Averages,2025-07-01,2026-06-24,2026-06-01,2026-07-29,https://data.cms.gov/provider-data/dataset/xcdc-v8bm,https://data.cms.gov/provider-data/sites/default/files/resources/fa91f5acefee5dddc6823950c30b6394_1781194539/NH_StateUSAverages_Jun2026.csv,Centers for Medicare & Medicaid Services (CMS),Average; State; National; Quality; Staffing; Penalties,"A list of a variety of averages for each state or territory as well as the national average, including each quality measure, staffing, fine amount and number of deficiencies. Each row displays a specific state or territory, the associated measure and average.","{""@type"": ""dcat:Dataset"", ""accessLevel"": ""public"", ""bureauCode"": [""009:38""], ""contactPoint"": {""@type"": ""vcard:Contact"", ""fn"": ""Nursing homes including rehab services"", ""hasEmail"": ""mailto:BetterCare@cms.hhs.gov""}, ""description"": ""A list of a variety of averages for each state or territory as well as the national average, including each quality measure, staffing, fine amount and number of deficiencies. Each row displays a specific state or territory, the associated measure and average."", ""distribution"": [{""@type"": ""dcat:Distribution"", ""describedBy"": ""https://data.cms.gov/provider-data/sites/default/files/data_dictionaries/nursing_home/NH_Data_Dictionary.pdf"", ""describedByType"": ""application/pdf"", ""downloadURL"": ""https://data.cms.gov/provider-data/sites/default/files/resources/fa91f5acefee5dddc6823950c30b6394_1781194539/NH_StateUSAverages_Jun2026.csv"", ""mediaType"": ""text/csv""}], ""identifier"": ""xcdc-v8bm"", ""issued"": ""2025-07-01"", ""keyword"": [""Average"", ""State"", ""National"", ""Quality"", ""Staffing"", ""Penalties""], ""landingPage"": ""https://data.cms.gov/provider-data/dataset/xcdc-v8bm"", ""modified"": ""2026-06-01"", ""nextUpdateDate"": ""2026-07-29"", ""programCode"": [""009:000""], ""publisher"": {""@type"": ""org:Organization"", ""name"": ""Centers for Medicare & Medicaid Services (CMS)""}, ""released"": ""2026-06-24"", ""theme"": [""Nursing homes including rehab services""], ""title"": ""State US Averages""}"
fykj-qjee,Skilled Nursing Facility Quality Reporting Program - Provider Data,2025-10-01,2026-06-24,2026-06-01,2026-07-29,https://data.cms.gov/provider-data/dataset/fykj-qjee,https://data.cms.gov/provider-data/sites/default/files/resources/d672bb70fe3ec90261fdf65855b6acbc_1781194538/Skilled_Nursing_Facility_Quality_Reporting_Program_Provider_Data_Jun2026.csv,Centers for Medicare & Medicaid Services (CMS),Skilled Nursing Facility Quality Reporting Program; Provider-level,"Skilled Nursing Facilities (SNFs) provide Medicare Part A SNF services to beneficiaries and must report data on certain measures of quality to Medicare through the Skilled Nursing Facility Quality Reporting Program (SNF QRP). This file contains a list of SNFs, as well as their results on the quality of resident care measures implemented under the IMPACT Act.","{""@type"": ""dcat:Dataset"", ""accessLevel"": ""public"", ""bureauCode"": [""009:38""], ""contactPoint"": {""@type"": ""vcard:Contact"", ""fn"": ""Nursing homes including rehab services"", ""hasEmail"": ""mailto:SNFQRPPRQuestions@cms.hhs.gov""}, ""description"": ""Skilled Nursing Facilities (SNFs) provide Medicare Part A SNF services to beneficiaries and must report data on certain measures of quality to Medicare through the Skilled Nursing Facility Quality Reporting Program (SNF QRP). This file contains a list of SNFs, as well as their results on the quality of resident care measures implemented under the IMPACT Act."", ""distribution"": [{""@type"": ""dcat:Distribution"", ""describedBy"": ""https://data.cms.gov/provider-data/sites/default/files/data_dictionaries/nursing_home/NH_Data_Dictionary.pdf"", ""describedByType"": ""application/pdf"", ""downloadURL"": ""https://data.cms.gov/provider-data/sites/default/files/resources/d672bb70fe3ec90261fdf65855b6acbc_1781194538/Skilled_Nursing_Facility_Quality_Reporting_Program_Provider_Data_Jun2026.csv"", ""mediaType"": ""text/csv""}], ""identifier"": ""fykj-qjee"", ""issued"": ""2025-10-01"", ""keyword"": [""Skilled Nursing Facility Quality Reporting Program"", ""Provider-level""], ""landingPage"": ""https://data.cms.gov/provider-data/dataset/fykj-qjee"", ""modified"": ""2026-06-01"", ""nextUpdateDate"": ""2026-07-29"", ""programCode"": [""009:000""], ""publisher"": {""@type"": ""org:Organization"", ""name"": ""Centers for Medicare & Medicaid Services (CMS)""}, ""released"": ""2026-06-24"", ""theme"": [""Nursing homes including rehab services""], ""title"": ""Skilled Nursing Facility Quality Reporting Program - Provider Data""}"
4pq5-n9py,Provider Information,2026-02-01,2026-06-24,2026-06-01,2026-07-29,https://data.cms.gov/provider-data/dataset/4pq5-n9py,https://data.cms.gov/provider-data/sites/default/files/resources/bc7015f6a981fa7e209809e021f8f0cc_1781194538/NH_ProviderInfo_Jun2026.csv,Centers for Medicare & Medicaid Services (CMS),General Information; Address; Location; Ratings; Beds; Quality; Staffing; Penalties,"General information on currently active nursing homes, including number of certified beds, quality measure scores, staffing and other information used in the Five-Star Rating System. Data are presented as one row per nursing home.","{""@type"": ""dcat:Dataset"", ""accessLevel"": ""public"", ""bureauCode"": [""009:38""], ""contactPoint"": {""@type"": ""vcard:Contact"", ""fn"": ""Nursing homes including rehab services"", ""hasEmail"": ""mailto:BetterCare@cms.hhs.gov""}, ""description"": ""General information on currently active nursing homes, including number of certified beds, quality measure scores, staffing and other information used in the Five-Star Rating System. Data are presented as one row per nursing home."", ""distribution"": [{""@type"": ""dcat:Distribution"", ""describedBy"": ""https://data.cms.gov/provider-data/sites/default/files/data_dictionaries/nursing_home/NH_Data_Dictionary.pdf"", ""describedByType"": ""application/pdf"", ""downloadURL"": ""https://data.cms.gov/provider-data/sites/default/files/resources/bc7015f6a981fa7e209809e021f8f0cc_1781194538/NH_ProviderInfo_Jun2026.csv"", ""mediaType"": ""text/csv""}], ""identifier"": ""4pq5-n9py"", ""issued"": ""2026-02-01"", ""keyword"": [""General Information"", ""Address"", ""Location"", ""Ratings"", ""Beds"", ""Quality"", ""Staffing"", ""Penalties""], ""landingPage"": ""https://data.cms.gov/provider-data/dataset/4pq5-n9py"", ""modified"": ""2026-06-01"", ""nextUpdateDate"": ""2026-07-29"", ""programCode"": [""009:000""], ""publisher"": {""@type"": ""org:Organization"", ""name"": ""Centers for Medicare & Medicaid Services (CMS)""}, ""released"": ""2026-06-24"", ""theme"": [""Nursing homes including rehab services""], ""title"": ""Provider Information""}"
g6vv-u9sr,Penalties,2026-06-01,2026-06-24,2026-06-01,2026-07-29,https://data.cms.gov/provider-data/dataset/g6vv-u9sr,https://data.cms.gov/provider-data/sites/default/files/resources/774fbb566fa65ae3d0d099efe6e41d6e_1781194537/NH_Penalties_Jun2026.csv,Centers for Medicare & Medicaid Services (CMS),Penalties,A list of the fines and payment denials received by nursing homes in the last three years.,"{""@type"": ""dcat:Dataset"", ""accessLevel"": ""public"", ""bureauCode"": [""009:38""], ""contactPoint"": {""@type"": ""vcard:Contact"", ""fn"": ""Nursing homes including rehab services"", ""hasEmail"": ""mailto:BetterCare@cms.hhs.gov""}, ""description"": ""A list of the fines and payment denials received by nursing homes in the last three years."", ""distribution"": [{""@type"": ""dcat:Distribution"", ""describedBy"": ""https://data.cms.gov/provider-data/sites/default/files/data_dictionaries/nursing_home/NH_Data_Dictionary.pdf"", ""describedByType"": ""application/pdf"", ""downloadURL"": ""https://data.cms.gov/provider-data/sites/default/files/resources/774fbb566fa65ae3d0d099efe6e41d6e_1781194537/NH_Penalties_Jun2026.csv"", ""mediaType"": ""text/csv""}], ""identifier"": ""g6vv-u9sr"", ""issued"": ""2026-06-01"", ""keyword"": [""Penalties""], ""landingPage"": ""https://data.cms.gov/provider-data/dataset/g6vv-u9sr"", ""modified"": ""2026-06-01"", ""nextUpdateDate"": ""2026-07-29"", ""programCode"": [""009:000""], ""publisher"": {""@type"": ""org:Organization"", ""name"": ""Centers for Medicare & Medicaid Services (CMS)""}, ""released"": ""2026-06-24"", ""theme"": [""Nursing homes including rehab services""], ""title"": ""Penalties""}"
y2hd-n93e,Ownership,2023-06-01,2026-06-24,2026-06-01,2026-07-29,https://data.cms.gov/provider-data/dataset/y2hd-n93e,https://data.cms.gov/provider-data/sites/default/files/resources/211fec82817d05edbce24f590f73fa9e_1781194537/NH_Ownership_Jun2026.csv,Centers for Medicare & Medicaid Services (CMS),Ownership,A list of ownership information for currently active nursing homes.,"{""@type"": ""dcat:Dataset"", ""accessLevel"": ""public"", ""bureauCode"": [""009:38""], ""contactPoint"": {""@type"": ""vcard:Contact"", ""fn"": ""Nursing homes including rehab services"", ""hasEmail"": ""mailto:BetterCare@cms.hhs.gov""}, ""description"": ""A list of ownership information for currently active nursing homes."", ""distribution"": [{""@type"": ""dcat:Distribution"", ""describedBy"": ""https://data.cms.gov/provider-data/sites/default/files/data_dictionaries/nursing_home/NH_Data_Dictionary.pdf"", ""describedByType"": ""application/pdf"", ""downloadURL"": ""https://data.cms.gov/provider-data/sites/default/files/resources/211fec82817d05edbce24f590f73fa9e_1781194537/NH_Ownership_Jun2026.csv"", ""mediaType"": ""text/csv""}], ""identifier"": ""y2hd-n93e"", ""issued"": ""2023-06-01"", ""keyword"": [""Ownership""], ""landingPage"": ""https://data.cms.gov/provider-data/dataset/y2hd-n93e"", ""modified"": ""2026-06-01"", ""nextUpdateDate"": ""2026-07-29"", ""programCode"": [""009:000""], ""publisher"": {""@type"": ""org:Organization"", ""name"": ""Centers for Medicare & Medicaid Services (CMS)""}, ""released"": ""2026-06-24"", ""theme"": [""Nursing homes including rehab services""], ""title"": ""Ownership""}"
qmdc-9999,Nursing Home Data Collection Intervals,2025-10-01,2026-06-24,2026-06-01,2026-07-29,https://data.cms.gov/provider-data/dataset/qmdc-9999,https://data.cms.gov/provider-data/sites/default/files/resources/bf7223e1e315e1cb1ea4150d62cb55d4_1781194539/NH_DataCollectionIntervals_Jun2026.csv,Centers for Medicare & Medicaid Services (CMS),Quality; Measures; Staffing; Data Collection Period; Time Periods,This table lists the data collection periods for the quality measures displayed for Nursing Homes including Rehab Services as well as the intervals for complaint citations and citations on focused infection control inspections. It also includes the data collection period for the nursing home staffing measures. The data collection periods for some short-stay measures differ slightly from the measure periods in the MDS Quality Measure file due to the look-back periods for these measures.,"{""@type"": ""dcat:Dataset"", ""accessLevel"": ""public"", ""bureauCode"": [""009:38""], ""contactPoint"": {""@type"": ""vcard:Contact"", ""fn"": ""Nursing homes including rehab services"", ""hasEmail"": ""mailto:BetterCare@cms.hhs.gov""}, ""description"": ""This table lists the data collection periods for the quality measures displayed for Nursing Homes including Rehab Services as well as the intervals for complaint citations and citations on focused infection control inspections. It also includes the data collection period for the nursing home staffing measures. The data collection periods for some short-stay measures differ slightly from the measure periods in the MDS Quality Measure file due to the look-back periods for these measures."", ""distribution"": [{""@type"": ""dcat:Distribution"", ""describedBy"": ""https://data.cms.gov/provider-data/sites/default/files/data_dictionaries/nursing_home/NH_Data_Dictionary.pdf"", ""describedByType"": ""application/pdf"", ""downloadURL"": ""https://data.cms.gov/provider-data/sites/default/files/resources/bf7223e1e315e1cb1ea4150d62cb55d4_1781194539/NH_DataCollectionIntervals_Jun2026.csv"", ""mediaType"": ""text/csv""}], ""identifier"": ""qmdc-9999"", ""issued"": ""2025-10-01"", ""keyword"": [""Quality"", ""Measures"", ""Staffing"", ""Data Collection Period"", ""Time Periods""], ""landingPage"": ""https://data.cms.gov/provider-data/dataset/qmdc-9999"", ""modified"": ""2026-06-01"", ""nextUpdateDate"": ""2026-07-29"", ""programCode"": [""009:000""], ""publisher"": {""@type"": ""org:Organization"", ""name"": ""Centers for Medicare & Medicaid Services (CMS)""}, ""released"": ""2026-06-24"", ""theme"": [""Nursing homes including rehab services""], ""title"": ""Nursing Home Data Collection Intervals""}"
ijh5-nb2v,Medicare Claims Quality Measures,2023-06-01,2026-06-24,2026-06-01,2026-07-29,https://data.cms.gov/provider-data/dataset/ijh5-nb2v,https://data.cms.gov/provider-data/sites/default/files/resources/236a07ef8100190a421a2e072b305551_1781194536/NH_QualityMsr_Claims_Jun2026.csv,Centers for Medicare & Medicaid Services (CMS),Quality; Measures; Ratings,Quality measures that are based on Medicare claims data. Each row contains a specific quality measure for a specific nursing home and includes the risk-adjusted score.,"{""@type"": ""dcat:Dataset"", ""accessLevel"": ""public"", ""bureauCode"": [""009:38""], ""contactPoint"": {""@type"": ""vcard:Contact"", ""fn"": ""Nursing homes including rehab services"", ""hasEmail"": ""mailto:BetterCare@cms.hhs.gov""}, ""description"": ""Quality measures that are based on Medicare claims data. Each row contains a specific quality measure for a specific nursing home and includes the risk-adjusted score."", ""distribution"": [{""@type"": ""dcat:Distribution"", ""describedBy"": ""https://data.cms.gov/provider-data/sites/default/files/data_dictionaries/nursing_home/NH_Data_Dictionary.pdf"", ""describedByType"": ""application/pdf"", ""downloadURL"": ""https://data.cms.gov/provider-data/sites/default/files/resources/236a07ef8100190a421a2e072b305551_1781194536/NH_QualityMsr_Claims_Jun2026.csv"", ""mediaType"": ""text/csv""}], ""identifier"": ""ijh5-nb2v"", ""issued"": ""2023-06-01"", ""keyword"": [""Quality"", ""Measures"", ""Ratings""], ""landingPage"": ""https://data.cms.gov/provider-data/dataset/ijh5-nb2v"", ""modified"": ""2026-06-01"", ""nextUpdateDate"": ""2026-07-29"", ""programCode"": [""009:000""], ""publisher"": {""@type"": ""org:Organization"", ""name"": ""Centers for Medicare & Medicaid Services (CMS)""}, ""released"": ""2026-06-24"", ""theme"": [""Nursing homes including rehab services""], ""title"": ""Medicare Claims Quality Measures""}"
djen-97ju,MDS Quality Measures,2023-06-01,2026-06-24,2026-06-01,2026-07-29,https://data.cms.gov/provider-data/dataset/djen-97ju,https://data.cms.gov/provider-data/sites/default/files/resources/954f3050edf6e207d4c7a38da9c2b8d4_1781194536/NH_QualityMsr_MDS_Jun2026.csv,Centers for Medicare & Medicaid Services (CMS),Quality; Measures; Ratings; MDS,Quality measures that are based on the resident assessments that make up the nursing home Minimum Data Set (MDS). Each row contains a specific quality measure for a specific nursing home and includes the 4-quarter score average and scores for each individual quarter.,"{""@type"": ""dcat:Dataset"", ""accessLevel"": ""public"", ""bureauCode"": [""009:38""], ""contactPoint"": {""@type"": ""vcard:Contact"", ""fn"": ""Nursing homes including rehab services"", ""hasEmail"": ""mailto:BetterCare@cms.hhs.gov""}, ""description"": ""Quality measures that are based on the resident assessments that make up the nursing home Minimum Data Set (MDS). Each row contains a specific quality measure for a specific nursing home and includes the 4-quarter score average and scores for each individual quarter."", ""distribution"": [{""@type"": ""dcat:Distribution"", ""describedBy"": ""https://data.cms.gov/provider-data/sites/default/files/data_dictionaries/nursing_home/NH_Data_Dictionary.pdf"", ""describedByType"": ""application/pdf"", ""downloadURL"": ""https://data.cms.gov/provider-data/sites/default/files/resources/954f3050edf6e207d4c7a38da9c2b8d4_1781194536/NH_QualityMsr_MDS_Jun2026.csv"", ""mediaType"": ""text/csv""}], ""identifier"": ""djen-97ju"", ""issued"": ""2023-06-01"", ""keyword"": [""Quality"", ""Measures"", ""Ratings"", ""MDS""], ""landingPage"": ""https://data.cms.gov/provider-data/dataset/djen-97ju"", ""modified"": ""2026-06-01"", ""nextUpdateDate"": ""2026-07-29"", ""programCode"": [""009:000""], ""publisher"": {""@type"": ""org:Organization"", ""name"": ""Centers for Medicare & Medicaid Services (CMS)""}, ""released"": ""2026-06-24"", ""theme"": [""Nursing homes including rehab services""], ""title"": ""MDS Quality Measures""}"
fp6g-2gsn,Long-Term Care Hospital - Provider Data,2026-05-12,2026-06-24,2026-05-12,,https://data.cms.gov/provider-data/dataset/fp6g-2gsn,https://data.cms.gov/provider-data/sites/default/files/resources/217fdde941fd3ba9e7b77277a6610b01_1781037952/Long-Term_Care_Hospital-Provider_Data_Jun2026.csv,Centers for Medicare & Medicaid Services (CMS),Quality Reporting; Quality; Measures; Provider Data; Provider-level,A list of long-term care hospitals with data on the quality of patient care measures shown on Long-Term Care Hospital Compare.,"{""@type"": ""dcat:Dataset"", ""accessLevel"": ""public"", ""bureauCode"": [""009:38""], ""contactPoint"": {""@type"": ""vcard:Contact"", ""fn"": ""Long-term care hospitals"", ""hasEmail"": ""mailto:LTCHQualityQuestions@cms.hhs.gov""}, ""description"": ""A list of long-term care hospitals with data on the quality of patient care measures shown on Long-Term Care Hospital Compare."", ""distribution"": [{""@type"": ""dcat:Distribution"", ""describedBy"": ""https://data.cms.gov/provider-data/sites/default/files/data_dictionaries/long_term_care_hospital/LTCH_Data_Dictionary.pdf"", ""describedByType"": ""application/pdf"", ""downloadURL"": ""https://data.cms.gov/provider-data/sites/default/files/resources/217fdde941fd3ba9e7b77277a6610b01_1781037952/Long-Term_Care_Hospital-Provider_Data_Jun2026.csv"", ""mediaType"": ""text/csv""}], ""identifier"": ""fp6g-2gsn"", ""issued"": ""2026-05-12"", ""keyword"": [""Quality Reporting"", ""Quality"", ""Measures"", ""Provider Data"", ""Provider-level""], ""landingPage"": ""https://data.cms.gov/provider-data/dataset/fp6g-2gsn"", ""modified"": ""2026-05-12"", ""programCode"": [""009:000""], ""publisher"": {""@type"": ""org:Organization"", ""name"": ""Centers for Medicare & Medicaid Services (CMS)""}, ""released"": ""2026-06-24"", ""theme"": [""Long-term care hospitals""], ""title"": ""Long-Term Care Hospital - Provider Data""}"
5zdx-ny2x,Long-Term Care Hospital - National Data,2026-05-12,2026-06-24,2026-05-12,,https://data.cms.gov/provider-data/dataset/5zdx-ny2x,https://data.cms.gov/provider-data/sites/default/files/resources/b3aa416484a408c3613270a9742de5be_1781037953/Long-Term_Care_Hospital-National_Data_Jun2026.csv,Centers for Medicare & Medicaid Services (CMS),National; Average; Quality; Measures; Quality Reporting,National data on the quality of patient care measures shown on Long-Term Care Hospital Compare.,"{""@type"": ""dcat:Dataset"", ""accessLevel"": ""public"", ""bureauCode"": [""009:38""], ""contactPoint"": {""@type"": ""vcard:Contact"", ""fn"": ""Long-term care hospitals"", ""hasEmail"": ""mailto:LTCHQualityQuestions@cms.hhs.gov""}, ""description"": ""National data on the quality of patient care measures shown on Long-Term Care Hospital Compare."", ""distribution"": [{""@type"": ""dcat:Distribution"", ""describedBy"": ""https://data.cms.gov/provider-data/sites/default/files/data_dictionaries/long_term_care_hospital/LTCH_Data_Dictionary.pdf"", ""describedByType"": ""application/pdf"", ""downloadURL"": ""https://data.cms.gov/provider-data/sites/default/files/resources/b3aa416484a408c3613270a9742de5be_1781037953/Long-Term_Care_Hospital-National_Data_Jun2026.csv"", ""mediaType"": ""text/csv""}], ""identifier"": ""5zdx-ny2x"", ""issued"": ""2026-05-12"", ""keyword"": [""National"", ""Average"", ""Quality"", ""Measures"", ""Quality Reporting""], ""landingPage"": ""https://data.cms.gov/provider-data/dataset/5zdx-ny2x"", ""modified"": ""2026-05-12"", ""programCode"": [""009:000""], ""publisher"": {""@type"": ""org:Organization"", ""name"": ""Centers for Medicare & Medicaid Services (CMS)""}, ""released"": ""2026-06-24"", ""theme"": [""Long-term care hospitals""], ""title"": ""Long-Term Care Hospital - National Data""}"
azum-44iv,Long-Term Care Hospital - General Information,2026-05-12,2026-06-24,2026-05-12,,https://data.cms.gov/provider-data/dataset/azum-44iv,https://data.cms.gov/provider-data/sites/default/files/resources/c3ce320ddf464b5df1bceae3f55da0d5_1781037952/Long-Term_Care_Hospital-General_Information_Jun2026.csv,Centers for Medicare & Medicaid Services (CMS),Quality Reporting; General Information; Address; Location,"A list of long-term care hospitals with information such as address, phone number, ownership data and more.","{""@type"": ""dcat:Dataset"", ""accessLevel"": ""public"", ""bureauCode"": [""009:38""], ""contactPoint"": {""@type"": ""vcard:Contact"", ""fn"": ""Long-term care hospitals"", ""hasEmail"": ""mailto:LTCHQualityQuestions@cms.hhs.gov""}, ""description"": ""A list of long-term care hospitals with information such as address, phone number, ownership data and more."", ""distribution"": [{""@type"": ""dcat:Distribution"", ""describedBy"": ""https://data.cms.gov/provider-data/sites/default/files/data_dictionaries/long_term_care_hospital/LTCH_Data_Dictionary.pdf"", ""describedByType"": ""application/pdf"", ""downloadURL"": ""https://data.cms.gov/provider-data/sites/default/files/resources/c3ce320ddf464b5df1bceae3f55da0d5_1781037952/Long-Term_Care_Hospital-General_Information_Jun2026.csv"", ""mediaType"": ""text/csv""}], ""identifier"": ""azum-44iv"", ""issued"": ""2026-05-12"", ""keyword"": [""Quality Reporting"", ""General Information"", ""Address"", ""Location""], ""landingPage"": ""https://data.cms.gov/provider-data/dataset/azum-44iv"", ""modified"": ""2026-05-12"", ""programCode"": [""009:000""], ""publisher"": {""@type"": ""org:Organization"", ""name"": ""Centers for Medicare & Medicaid Services (CMS)""}, ""released"": ""2026-06-24"", ""theme"": [""Long-term care hospitals""], ""title"": ""Long-Term Care Hospital - General Information""}"
svdt-c123,Inspection Dates,2023-06-01,2026-06-24,2026-06-01,2026-07-29,https://data.cms.gov/provider-data/dataset/svdt-c123,https://data.cms.gov/provider-data/sites/default/files/resources/2108ac6f52c67225bd79529dcf3ca8db_1781194540/NH_SurveyDates_Jun2026.csv,Centers for Medicare & Medicaid Services (CMS),Complaints; Deficiencies; Citations,"A list of nursing home inspection dates in the past three years, including health inspections, fire safety inspections, complaint inspections and infection control inspections","{""@type"": ""dcat:Dataset"", ""accessLevel"": ""public"", ""bureauCode"": [""009:38""], ""contactPoint"": {""@type"": ""vcard:Contact"", ""fn"": ""Nursing homes including rehab services"", ""hasEmail"": ""mailto:BetterCare@cms.hhs.gov""}, ""description"": ""A list of nursing home inspection dates in the past three years, including health inspections, fire safety inspections, complaint inspections and infection control inspections"", ""distribution"": [{""@type"": ""dcat:Distribution"", ""describedBy"": ""https://data.cms.gov/provider-data/sites/default/files/data_dictionaries/nursing_home/NH_Data_Dictionary.pdf"", ""describedByType"": ""application/pdf"", ""downloadURL"": ""https://data.cms.gov/provider-data/sites/default/files/resources/2108ac6f52c67225bd79529dcf3ca8db_1781194540/NH_SurveyDates_Jun2026.csv"", ""mediaType"": ""text/csv""}], ""identifier"": ""svdt-c123"", ""issued"": ""2023-06-01"", ""keyword"": [""Complaints"", ""Deficiencies"", ""Citations""], ""landingPage"": ""https://data.cms.gov/provider-data/dataset/svdt-c123"", ""modified"": ""2026-06-01"", ""nextUpdateDate"": ""2026-07-29"", ""programCode"": [""009:000""], ""publisher"": {""@type"": ""org:Organization"", ""name"": ""Centers for Medicare & Medicaid Services (CMS)""}, ""released"": ""2026-06-24"", ""theme"": [""Nursing homes including rehab services""], ""title"": ""Inspection Dates""}"
v9e4-nwhh,Inpatient Rehabilitation Facility - Provider Data,2026-05-06,2026-06-24,2026-06-16,,https://data.cms.gov/provider-data/dataset/v9e4-nwhh,https://data.cms.gov/provider-data/sites/default/files/resources/864d8ff2767c23a31e53bd5cd04e4715_1781623441/Inpatient_Rehabilitation_Facility-Provider_Data_Jun2026_b.csv,Centers for Medicare & Medicaid Services (CMS),Quality; Measures; Provider Data; Provider-level; Rehabilitation; Quality Reporting,A list of inpatient rehabilitation facilities with data on the quality of patient care measures shown on Inpatient Rehabilitation Facility Compare.,"{""@type"": ""dcat:Dataset"", ""accessLevel"": ""public"", ""bureauCode"": [""009:38""], ""contactPoint"": {""@type"": ""vcard:Contact"", ""fn"": ""Inpatient rehabilitation facilities"", ""hasEmail"": ""mailto:IRFQualityQuestions@cms.hhs.gov""}, ""description"": ""A list of inpatient rehabilitation facilities with data on the quality of patient care measures shown on Inpatient Rehabilitation Facility Compare."", ""distribution"": [{""@type"": ""dcat:Distribution"", ""describedBy"": ""https://data.cms.gov/provider-data/sites/default/files/data_dictionaries/inpatient/IRF_Data_Dictionary.pdf"", ""describedByType"": ""application/pdf"", ""downloadURL"": ""https://data.cms.gov/provider-data/sites/default/files/resources/864d8ff2767c23a31e53bd5cd04e4715_1781623441/Inpatient_Rehabilitation_Facility-Provider_Data_Jun2026_b.csv"", ""mediaType"": ""text/csv""}], ""identifier"": ""v9e4-nwhh"", ""issued"": ""2026-05-06"", ""keyword"": [""Quality"", ""Measures"", ""Provider Data"", ""Provider-level"", ""Rehabilitation"", ""Quality Reporting""], ""landingPage"": ""https://data.cms.gov/provider-data/dataset/v9e4-nwhh"", ""modified"": ""2026-06-16"", ""programCode"": [""009:000""], ""publisher"": {""@type"": ""org:Organization"", ""name"": ""Centers for Medicare & Medicaid Services (CMS)""}, ""released"": ""2026-06-24"", ""theme"": [""Inpatient rehabilitation facilities""], ""title"": ""Inpatient Rehabilitation Facility - Provider Data""}"
nasn-k89k,Inpatient Rehabilitation Facility - National Data,2026-05-06,2026-06-24,2026-06-16,,https://data.cms.gov/provider-data/dataset/nasn-k89k,https://data.cms.gov/provider-data/sites/default/files/resources/ec5717009c1e1ebde8ff59cc8a74fbcd_1781623441/Inpatient_Rehabilitation_Facility-National_Data_Jun2026_b.csv,Centers for Medicare & Medicaid Services (CMS),Rehabilitation; National; Average; Quality; Measures; Quality Reporting,National data on the quality of patient care measures shown on Inpatient Rehabilitation Facility Compare.,"{""@type"": ""dcat:Dataset"", ""accessLevel"": ""public"", ""bureauCode"": [""009:38""], ""contactPoint"": {""@type"": ""vcard:Contact"", ""fn"": ""Inpatient rehabilitation facilities"", ""hasEmail"": ""mailto:IRFQualityQuestions@cms.hhs.gov""}, ""description"": ""National data on the quality of patient care measures shown on Inpatient Rehabilitation Facility Compare."", ""distribution"": [{""@type"": ""dcat:Distribution"", ""describedBy"": ""https://data.cms.gov/provider-data/sites/default/files/data_dictionaries/inpatient/IRF_Data_Dictionary.pdf"", ""describedByType"": ""application/pdf"", ""downloadURL"": ""https://data.cms.gov/provider-data/sites/default/files/resources/ec5717009c1e1ebde8ff59cc8a74fbcd_1781623441/Inpatient_Rehabilitation_Facility-National_Data_Jun2026_b.csv"", ""mediaType"": ""text/csv""}], ""identifier"": ""nasn-k89k"", ""issued"": ""2026-05-06"", ""keyword"": [""Rehabilitation"", ""National"", ""Average"", ""Quality"", ""Measures"", ""Quality Reporting""], ""landingPage"": ""https://data.cms.gov/provider-data/dataset/nasn-k89k"", ""modified"": ""2026-06-16"", ""programCode"": [""009:000""], ""publisher"": {""@type"": ""org:Organization"", ""name"": ""Centers for Medicare & Medicaid Services (CMS)""}, ""released"": ""2026-06-24"", ""theme"": [""Inpatient rehabilitation facilities""], ""title"": ""Inpatient Rehabilitation Facility - National Data""}"
7t8x-u3ir,Inpatient Rehabilitation Facility - General Information,2026-05-06,2026-06-24,2026-06-16,,https://data.cms.gov/provider-data/dataset/7t8x-u3ir,https://data.cms.gov/provider-data/sites/default/files/resources/5ebf2040f6f206a89a6354611e7856a6_1781623440/Inpatient_Rehabilitation_Facility-General_Information_Jun2026_b.csv,Centers for Medicare & Medicaid Services (CMS),Rehabilitation; General Information; Address; Location; Quality Reporting,This dataset shows characteristics of the inpatient rehabilitation facilities that are shown on Inpatient Rehabilitation Facility Compare.,"{""@type"": ""dcat:Dataset"", ""accessLevel"": ""public"", ""bureauCode"": [""009:38""], ""contactPoint"": {""@type"": ""vcard:Contact"", ""fn"": ""Inpatient rehabilitation facilities"", ""hasEmail"": ""mailto:IRFQualityQuestions@cms.hhs.gov""}, ""description"": ""This dataset shows characteristics of the inpatient rehabilitation facilities that are shown on Inpatient Rehabilitation Facility Compare."", ""distribution"": [{""@type"": ""dcat:Distribution"", ""describedBy"": ""https://data.cms.gov/provider-data/sites/default/files/data_dictionaries/inpatient/IRF_Data_Dictionary.pdf"", ""describedByType"": ""application/pdf"", ""downloadURL"": ""https://data.cms.gov/provider-data/sites/default/files/resources/5ebf2040f6f206a89a6354611e7856a6_1781623440/Inpatient_Rehabilitation_Facility-General_Information_Jun2026_b.csv"", ""mediaType"": ""text/csv""}], ""identifier"": ""7t8x-u3ir"", ""issued"": ""2026-05-06"", ""keyword"": [""Rehabilitation"", ""General Information"", ""Address"", ""Location"", ""Quality Reporting""], ""landingPage"": ""https://data.cms.gov/provider-data/dataset/7t8x-u3ir"", ""modified"": ""2026-06-16"", ""programCode"": [""009:000""], ""publisher"": {""@type"": ""org:Organization"", ""name"": ""Centers for Medicare & Medicaid Services (CMS)""}, ""released"": ""2026-06-24"", ""theme"": [""Inpatient rehabilitation facilities""], ""title"": ""Inpatient Rehabilitation Facility - General Information""}"
ka5z-ibe3,Inpatient Rehabilitation Facility - Conditions,2026-05-06,2026-06-24,2026-06-16,,https://data.cms.gov/provider-data/dataset/ka5z-ibe3,https://data.cms.gov/provider-data/sites/default/files/resources/e8a0b419d4a239fe7660a45556569eca_1781623442/Inpatient_Rehabilitation_Facility-Conditions_Jun2026_b.csv,Centers for Medicare & Medicaid Services (CMS),Rehabilitation; Quality Reporting; Conditions,A list of inpatient rehabilitation facilities with data on the number of times people with Medicare who had certain medical conditions were treated in the last year.,"{""@type"": ""dcat:Dataset"", ""accessLevel"": ""public"", ""bureauCode"": [""009:38""], ""contactPoint"": {""@type"": ""vcard:Contact"", ""fn"": ""Inpatient rehabilitation facilities"", ""hasEmail"": ""mailto:IRFQualityQuestions@cms.hhs.gov""}, ""description"": ""A list of inpatient rehabilitation facilities with data on the number of times people with Medicare who had certain medical conditions were treated in the last year."", ""distribution"": [{""@type"": ""dcat:Distribution"", ""describedBy"": ""https://data.cms.gov/provider-data/sites/default/files/data_dictionaries/inpatient/IRF_Data_Dictionary.pdf"", ""describedByType"": ""application/pdf"", ""downloadURL"": ""https://data.cms.gov/provider-data/sites/default/files/resources/e8a0b419d4a239fe7660a45556569eca_1781623442/Inpatient_Rehabilitation_Facility-Conditions_Jun2026_b.csv"", ""mediaType"": ""text/csv""}], ""identifier"": ""ka5z-ibe3"", ""issued"": ""2026-05-06"", ""keyword"": [""Rehabilitation"", ""Quality Reporting"", ""Conditions""], ""landingPage"": ""https://data.cms.gov/provider-data/dataset/ka5z-ibe3"", ""modified"": ""2026-06-16"", ""programCode"": [""009:000""], ""publisher"": {""@type"": ""org:Organization"", ""name"": ""Centers for Medicare & Medicaid Services (CMS)""}, ""released"": ""2026-06-24"", ""theme"": [""Inpatient rehabilitation facilities""], ""title"": ""Inpatient Rehabilitation Facility - Conditions""}"
r5ix-sfxw,Health Deficiencies,2023-06-01,2026-06-24,2026-06-01,2026-07-29,https://data.cms.gov/provider-data/dataset/r5ix-sfxw,https://data.cms.gov/provider-data/sites/default/files/resources/a10af81bcb17bd0ae040383b3da50d10_1781194536/NH_HealthCitations_Jun2026.csv,Centers for Medicare & Medicaid Services (CMS),Complaints; Deficiencies; Citations,"A list of nursing home health citations in the last three years, including the nursing home that received the citation, the associated inspection date, citation tag number and description, scope and severity, the current status of the citation and the correction date. Data are presented as one citation per row.","{""@type"": ""dcat:Dataset"", ""accessLevel"": ""public"", ""bureauCode"": [""009:38""], ""contactPoint"": {""@type"": ""vcard:Contact"", ""fn"": ""Nursing homes including rehab services"", ""hasEmail"": ""mailto:BetterCare@cms.hhs.gov""}, ""description"": ""A list of nursing home health citations in the last three years, including the nursing home that received the citation, the associated inspection date, citation tag number and description, scope and severity, the current status of the citation and the correction date. Data are presented as one citation per row."", ""distribution"": [{""@type"": ""dcat:Distribution"", ""describedBy"": ""https://data.cms.gov/provider-data/sites/default/files/data_dictionaries/nursing_home/NH_Data_Dictionary.pdf"", ""describedByType"": ""application/pdf"", ""downloadURL"": ""https://data.cms.gov/provider-data/sites/default/files/resources/a10af81bcb17bd0ae040383b3da50d10_1781194536/NH_HealthCitations_Jun2026.csv"", ""mediaType"": ""text/csv""}], ""identifier"": ""r5ix-sfxw"", ""issued"": ""2023-06-01"", ""keyword"": [""Complaints"", ""Deficiencies"", ""Citations""], ""landingPage"": ""https://data.cms.gov/provider-data/dataset/r5ix-sfxw"", ""modified"": ""2026-06-01"", ""nextUpdateDate"": ""2026-07-29"", ""programCode"": [""009:000""], ""publisher"": {""@type"": ""org:Organization"", ""name"": ""Centers for Medicare & Medicaid Services (CMS)""}, ""released"": ""2026-06-24"", ""theme"": [""Nursing homes including rehab services""], ""title"": ""Health Deficiencies""}"
ifjz-ge4w,Fire Safety Deficiencies,2023-06-01,2026-06-24,2026-06-01,2026-07-29,https://data.cms.gov/provider-data/dataset/ifjz-ge4w,https://data.cms.gov/provider-data/sites/default/files/resources/052a4fd9573da7245856c043d6536910_1781194535/NH_FireSafetyCitations_Jun2026.csv,Centers for Medicare & Medicaid Services (CMS),Complaints; Deficiencies; Citations,"A list of nursing home fire safety citations in the last three years, including the nursing home that received the citation, the associated inspection date, citation tag number and description, scope and severity, the current status of the citation and the correction date. Data are presented as one citation per row.","{""@type"": ""dcat:Dataset"", ""accessLevel"": ""public"", ""bureauCode"": [""009:38""], ""contactPoint"": {""@type"": ""vcard:Contact"", ""fn"": ""Nursing homes including rehab services"", ""hasEmail"": ""mailto:BetterCare@cms.hhs.gov""}, ""description"": ""A list of nursing home fire safety citations in the last three years, including the nursing home that received the citation, the associated inspection date, citation tag number and description, scope and severity, the current status of the citation and the correction date. Data are presented as one citation per row."", ""distribution"": [{""@type"": ""dcat:Distribution"", ""describedBy"": ""https://data.cms.gov/provider-data/sites/default/files/data_dictionaries/nursing_home/NH_Data_Dictionary.pdf"", ""describedByType"": ""application/pdf"", ""downloadURL"": ""https://data.cms.gov/provider-data/sites/default/files/resources/052a4fd9573da7245856c043d6536910_1781194535/NH_FireSafetyCitations_Jun2026.csv"", ""mediaType"": ""text/csv""}], ""identifier"": ""ifjz-ge4w"", ""issued"": ""2023-06-01"", ""keyword"": [""Complaints"", ""Deficiencies"", ""Citations""], ""landingPage"": ""https://data.cms.gov/provider-data/dataset/ifjz-ge4w"", ""modified"": ""2026-06-01"", ""nextUpdateDate"": ""2026-07-29"", ""programCode"": [""009:000""], ""publisher"": {""@type"": ""org:Organization"", ""name"": ""Centers for Medicare & Medicaid Services (CMS)""}, ""released"": ""2026-06-24"", ""theme"": [""Nursing homes including rehab services""], ""title"": ""Fire Safety Deficiencies""}"
tagd-9999,Citation Code Look-up,2020-09-01,2026-06-24,2026-06-01,2026-07-29,https://data.cms.gov/provider-data/dataset/tagd-9999,https://data.cms.gov/provider-data/sites/default/files/resources/4a06750f1b5c7db8059d83da78bca293_1781194540/NH_CitationDescriptions_Jun2026.csv,Centers for Medicare & Medicaid Services (CMS),Complaints; Deficiencies; Citations,"This is a look-up table for nursing home inspection citations, providing a text description for each citation or tag code.","{""@type"": ""dcat:Dataset"", ""accessLevel"": ""public"", ""bureauCode"": [""009:38""], ""contactPoint"": {""@type"": ""vcard:Contact"", ""fn"": ""Nursing homes including rehab services"", ""hasEmail"": ""mailto:BetterCare@cms.hhs.gov""}, ""description"": ""This is a look-up table for nursing home inspection citations, providing a text description for each citation or tag code."", ""distribution"": [{""@type"": ""dcat:Distribution"", ""describedBy"": ""https://data.cms.gov/provider-data/sites/default/files/data_dictionaries/nursing_home/NH_Data_Dictionary.pdf"", ""describedByType"": ""application/pdf"", ""downloadURL"": ""https://data.cms.gov/provider-data/sites/default/files/resources/4a06750f1b5c7db8059d83da78bca293_1781194540/NH_CitationDescriptions_Jun2026.csv"", ""mediaType"": ""text/csv""}], ""identifier"": ""tagd-9999"", ""issued"": ""2020-09-01"", ""keyword"": [""Complaints"", ""Deficiencies"", ""Citations""], ""landingPage"": ""https://data.cms.gov/provider-data/dataset/tagd-9999"", ""modified"": ""2026-06-01"", ""nextUpdateDate"": ""2026-07-29"", ""programCode"": [""009:000""], ""publisher"": {""@type"": ""org:Organization"", ""name"": ""Centers for Medicare & Medicaid Services (CMS)""}, ""released"": ""2026-06-24"", ""theme"": [""Nursing homes including rehab services""], ""title"": ""Citation Code Look-up""}"
3xeb-u9wp,Hospice-National Data,2026-04-13,2026-05-20,2026-04-13,2026-08-26,https://data.cms.gov/provider-data/dataset/3xeb-u9wp,https://data.cms.gov/provider-data/sites/default/files/resources/295febbe9d3a5ae726723c62a8102585_1777658737/Hospice_National_May2026.csv,Centers for Medicare & Medicaid Services (CMS),National; Average; Quality; Measures; Quality Reporting Program,National data on the quality of patient care measures.,"{""@type"": ""dcat:Dataset"", ""accessLevel"": ""public"", ""bureauCode"": [""009:38""], ""contactPoint"": {""@type"": ""vcard:Contact"", ""fn"": ""HospicePRquestions@cms.hhs.gov"", ""hasEmail"": ""mailto:HospicePRquestions@cms.hhs.gov""}, ""description"": ""National data on the quality of patient care measures."", ""distribution"": [{""@type"": ""dcat:Distribution"", ""describedBy"": ""https://data.cms.gov/provider-data/sites/default/files/data_dictionaries/hospice/HOSPICE_Data_Dictionary.pdf"", ""describedByType"": ""application/pdf"", ""downloadURL"": ""https://data.cms.gov/provider-data/sites/default/files/resources/295febbe9d3a5ae726723c62a8102585_1777658737/Hospice_National_May2026.csv"", ""mediaType"": ""text/csv""}], ""identifier"": ""3xeb-u9wp"", ""issued"": ""2026-04-13"", ""keyword"": [""National"", ""Average"", ""Quality"", ""Measures"", ""Quality Reporting Program""], ""landingPage"": ""https://data.cms.gov/provider-data/dataset/3xeb-u9wp"", ""modified"": ""2026-04-13"", ""nextUpdateDate"": ""2026-08-26"", ""programCode"": [""009:000""], ""publisher"": {""@type"": ""org:Organization"", ""name"": ""Centers for Medicare & Medicaid Services (CMS)""}, ""released"": ""2026-05-20"", ""theme"": [""Hospice care""], ""title"": ""Hospice-National Data""}"
a55e-5b88,Hospice care - State CAHPS Hospice Survey Data,2026-04-13,2026-05-20,2026-04-13,2026-08-26,https://data.cms.gov/provider-data/dataset/a55e-5b88,https://data.cms.gov/provider-data/sites/default/files/resources/a96931caf8ed3ea5cae6c11f46391ae1_1777658744/State_CAHPS_Hospice_Survey_Data_May2026.csv,Centers for Medicare & Medicaid Services (CMS),State; Average; CAHPS; Patient Experience of Care; Patient Survey,This data set contains state average (mean) scores of Medicare-certified hospice providers on the Consumer Assessment of Healthcare Providers and Systems (CAHPS®) Hospice Survey measures.,"{""@type"": ""dcat:Dataset"", ""accessLevel"": ""public"", ""bureauCode"": [""009:38""], ""contactPoint"": {""@type"": ""vcard:Contact"", ""fn"": ""CMS"", ""hasEmail"": ""mailto:hospicecahpssurvey@hsag.com""}, ""description"": ""This data set contains state average (mean) scores of Medicare-certified hospice providers on the Consumer Assessment of Healthcare Providers and Systems (CAHPS®) Hospice Survey measures."", ""distribution"": [{""@type"": ""dcat:Distribution"", ""describedBy"": ""https://data.cms.gov/provider-data/sites/default/files/data_dictionaries/hospice/HOSPICE_Data_Dictionary.pdf"", ""describedByType"": ""application/pdf"", ""downloadURL"": ""https://data.cms.gov/provider-data/sites/default/files/resources/a96931caf8ed3ea5cae6c11f46391ae1_1777658744/State_CAHPS_Hospice_Survey_Data_May2026.csv"", ""mediaType"": ""text/csv""}], ""identifier"": ""a55e-5b88"", ""issued"": ""2026-04-13"", ""keyword"": [""State"", ""Average"", ""CAHPS"", ""Patient Experience of Care"", ""Patient Survey""], ""landingPage"": ""https://data.cms.gov/provider-data/dataset/a55e-5b88"", ""modified"": ""2026-04-13"", ""nextUpdateDate"": ""2026-08-26"", ""programCode"": [""009:000""], ""publisher"": {""@type"": ""org:Organization"", ""name"": ""Centers for Medicare & Medicaid Services (CMS)""}, ""released"": ""2026-05-20"", ""theme"": [""Hospice care""], ""title"": ""Hospice care - State CAHPS Hospice Survey Data""}"
gxki-hrr8,Hospice care - Provider CAHPS Hospice Survey Data,2026-04-13,2026-05-20,2026-04-13,2026-08-26,https://data.cms.gov/provider-data/dataset/gxki-hrr8,https://data.cms.gov/provider-data/sites/default/files/resources/bbf8607529216a6cf0a54c0ba08001c0_1777658741/Provider_CAHPS_Hospice_Survey_Data_May2026.csv,Centers for Medicare & Medicaid Services (CMS),Average; CAHPS; Patient Experience of Care; Patient Survey,This data set contains a list of hospice providers with data on their scores on the Consumer Assessment of Healthcare Providers and Systems (CAHPS®) Hospice Survey measures.,"{""@type"": ""dcat:Dataset"", ""accessLevel"": ""public"", ""bureauCode"": [""009:38""], ""contactPoint"": {""@type"": ""vcard:Contact"", ""fn"": ""CMS"", ""hasEmail"": ""mailto:hospicecahpssurvey@hsag.com""}, ""description"": ""This data set contains a list of hospice providers with data on their scores on the Consumer Assessment of Healthcare Providers and Systems (CAHPS®) Hospice Survey measures."", ""distribution"": [{""@type"": ""dcat:Distribution"", ""describedBy"": ""https://data.cms.gov/provider-data/sites/default/files/data_dictionaries/hospice/HOSPICE_Data_Dictionary.pdf"", ""describedByType"": ""application/pdf"", ""downloadURL"": ""https://data.cms.gov/provider-data/sites/default/files/resources/bbf8607529216a6cf0a54c0ba08001c0_1777658741/Provider_CAHPS_Hospice_Survey_Data_May2026.csv"", ""mediaType"": ""text/csv""}], ""identifier"": ""gxki-hrr8"", ""issued"": ""2026-04-13"", ""keyword"": [""Average"", ""CAHPS"", ""Patient Experience of Care"", ""Patient Survey""], ""landingPage"": ""https://data.cms.gov/provider-data/dataset/gxki-hrr8"", ""modified"": ""2026-04-13"", ""nextUpdateDate"": ""2026-08-26"", ""programCode"": [""009:000""], ""publisher"": {""@type"": ""org:Organization"", ""name"": ""Centers for Medicare & Medicaid Services (CMS)""}, ""released"": ""2026-05-20"", ""theme"": [""Hospice care""], ""title"": ""Hospice care - Provider CAHPS Hospice Survey Data""}"
7cv8-v37d,Hospice care - National CAHPS Hospice Survey Data,2026-04-13,2026-05-20,2026-04-13,2026-08-26,https://data.cms.gov/provider-data/dataset/7cv8-v37d,https://data.cms.gov/provider-data/sites/default/files/resources/898c059359fa5494146fc2629178421d_1777658743/National_CAHPS_Hospice_Survey_Data_May2026.csv,Centers for Medicare & Medicaid Services (CMS),National; Average; CAHPS; Patient Experience of Care; Patient Survey,This data set contains the national average (mean) scores of Medicare-certified hospice providers on the Consumer Assessment of Healthcare Providers and Systems (CAHPS®) Hospice Survey measures.,"{""@type"": ""dcat:Dataset"", ""accessLevel"": ""public"", ""bureauCode"": [""009:38""], ""contactPoint"": {""@type"": ""vcard:Contact"", ""fn"": ""CMS"", ""hasEmail"": ""mailto:hospicecahpssurvey@hsag.com""}, ""description"": ""This data set contains the national average (mean) scores of Medicare-certified hospice providers on the Consumer Assessment of Healthcare Providers and Systems (CAHPS®) Hospice Survey measures."", ""distribution"": [{""@type"": ""dcat:Distribution"", ""describedBy"": ""https://data.cms.gov/provider-data/sites/default/files/data_dictionaries/hospice/HOSPICE_Data_Dictionary.pdf"", ""describedByType"": ""application/pdf"", ""downloadURL"": ""https://data.cms.gov/provider-data/sites/default/files/resources/898c059359fa5494146fc2629178421d_1777658743/National_CAHPS_Hospice_Survey_Data_May2026.csv"", ""mediaType"": ""text/csv""}], ""identifier"": ""7cv8-v37d"", ""issued"": ""2026-04-13"", ""keyword"": [""National"", ""Average"", ""CAHPS"", ""Patient Experience of Care"", ""Patient Survey""], ""landingPage"": ""https://data.cms.gov/provider-data/dataset/7cv8-v37d"", ""modified"": ""2026-04-13"", ""nextUpdateDate"": ""2026-08-26"", ""programCode"": [""009:000""], ""publisher"": {""@type"": ""org:Organization"", ""name"": ""Centers for Medicare & Medicaid Services (CMS)""}, ""released"": ""2026-05-20"", ""theme"": [""Hospice care""], ""title"": ""Hospice care - National CAHPS Hospice Survey Data""}"
95rg-2usp,Hospice - Zip Data,2026-04-13,2026-05-20,2026-04-13,2026-08-26,https://data.cms.gov/provider-data/dataset/95rg-2usp,https://data.cms.gov/provider-data/sites/default/files/resources/e7d9cd572dedecb624776bb2f71b4ce7_1777658732/Hospice_Zip_May2026.csv,data.medicare.gov,Location; Quality Reporting Program,A list of zip codes where hospice provides services.,"{""@type"": ""dcat:Dataset"", ""accessLevel"": ""public"", ""bureauCode"": [""009:38""], ""contactPoint"": {""@type"": ""vcard:Contact"", ""fn"": ""HospicePRquestions@cms.hhs.gov"", ""hasEmail"": ""mailto:HospicePRquestions@cms.hhs.gov""}, ""description"": ""A list of zip codes where hospice provides services."", ""distribution"": [{""@type"": ""dcat:Distribution"", ""describedBy"": ""https://data.cms.gov/provider-data/sites/default/files/data_dictionaries/hospice/HOSPICE_Data_Dictionary.pdf"", ""describedByType"": ""application/pdf"", ""downloadURL"": ""https://data.cms.gov/provider-data/sites/default/files/resources/e7d9cd572dedecb624776bb2f71b4ce7_1777658732/Hospice_Zip_May2026.csv"", ""mediaType"": ""text/csv""}], ""identifier"": ""95rg-2usp"", ""issued"": ""2026-04-13"", ""keyword"": [""Location"", ""Quality Reporting Program""], ""landingPage"": ""https://data.cms.gov/provider-data/dataset/95rg-2usp"", ""modified"": ""2026-04-13"", ""nextUpdateDate"": ""2026-08-26"", ""programCode"": [""009:000""], ""publisher"": {""@type"": ""org:Organization"", ""name"": ""data.medicare.gov""}, ""released"": ""2026-05-20"", ""theme"": [""Hospice care""], ""title"": ""Hospice - Zip Data""}"
eda0-92f0,Hospice - State Data,2026-04-13,2026-05-20,2026-04-13,2026-08-26,https://data.cms.gov/provider-data/dataset/eda0-92f0,https://data.cms.gov/provider-data/sites/default/files/resources/00d70cf620d110bff9f527d891a8487e_1777658739/Hospice_State_May2026.csv,Centers for Medicare & Medicaid Services (CMS),State; Average; Quality; Measures; Quality Reporting Program,State data on the quality of patient care measures.,"{""@type"": ""dcat:Dataset"", ""accessLevel"": ""public"", ""bureauCode"": [""009:38""], ""contactPoint"": {""@type"": ""vcard:Contact"", ""fn"": ""HospicePRquestions@cms.hhs.gov"", ""hasEmail"": ""mailto:HospicePRquestions@cms.hhs.gov""}, ""description"": ""State data on the quality of patient care measures. "", ""distribution"": [{""@type"": ""dcat:Distribution"", ""describedBy"": ""https://data.cms.gov/provider-data/sites/default/files/data_dictionaries/hospice/HOSPICE_Data_Dictionary.pdf"", ""describedByType"": ""application/pdf"", ""downloadURL"": ""https://data.cms.gov/provider-data/sites/default/files/resources/00d70cf620d110bff9f527d891a8487e_1777658739/Hospice_State_May2026.csv"", ""mediaType"": ""text/csv""}], ""identifier"": ""eda0-92f0"", ""issued"": ""2026-04-13"", ""keyword"": [""State"", ""Average"", ""Quality"", ""Measures"", ""Quality Reporting Program""], ""landingPage"": ""https://data.cms.gov/provider-data/dataset/eda0-92f0"", ""modified"": ""2026-04-13"", ""nextUpdateDate"": ""2026-08-26"", ""programCode"": [""009:000""], ""publisher"": {""@type"": ""org:Organization"", ""name"": ""Centers for Medicare & Medicaid Services (CMS)""}, ""released"": ""2026-05-20"", ""theme"": [""Hospice care""], ""title"": ""Hospice - State Data""}"
252m-zfp9,Hospice - Provider Data,2026-04-13,2026-05-20,2026-05-01,2026-08-26,https://data.cms.gov/provider-data/dataset/252m-zfp9,https://data.cms.gov/provider-data/sites/default/files/resources/88c6eedfbc6f52e839092ed781f6482c_1777658736/Hospice_Provider_May2026.csv,data.medicare.gov,Measures; Quality; Provider Data; Provider-level; Quality Reporting Program,A list of hospice providers with data on the quality of patient care measures.,"{""@type"": ""dcat:Dataset"", ""accessLevel"": ""public"", ""bureauCode"": [""009:38""], ""contactPoint"": {""@type"": ""vcard:Contact"", ""fn"": ""HospicePRquestions@cms.hhs.gov"", ""hasEmail"": ""mailto:HospicePRquestions@cms.hhs.gov""}, ""description"": ""A list of hospice providers with data on the quality of patient care measures."", ""distribution"": [{""@type"": ""dcat:Distribution"", ""describedBy"": ""https://data.cms.gov/provider-data/sites/default/files/data_dictionaries/hospice/HOSPICE_Data_Dictionary.pdf"", ""describedByType"": ""application/pdf"", ""downloadURL"": ""https://data.cms.gov/provider-data/sites/default/files/resources/88c6eedfbc6f52e839092ed781f6482c_1777658736/Hospice_Provider_May2026.csv"", ""mediaType"": ""text/csv""}], ""identifier"": ""252m-zfp9"", ""issued"": ""2026-04-13"", ""keyword"": [""Measures"", ""Quality"", ""Provider Data"", ""Provider-level"", ""Quality Reporting Program""], ""landingPage"": ""https://data.cms.gov/provider-data/dataset/252m-zfp9"", ""modified"": ""2026-05-01"", ""nextUpdateDate"": ""2026-08-26"", ""programCode"": [""009:000""], ""publisher"": {""@type"": ""org:Organization"", ""name"": ""data.medicare.gov""}, ""released"": ""2026-05-20"", ""theme"": [""Hospice care""], ""title"": ""Hospice - Provider Data""}"
yc9t-dgbk,Hospice - General Information,2026-04-13,2026-05-20,2026-04-13,2026-08-26,https://data.cms.gov/provider-data/dataset/yc9t-dgbk,https://data.cms.gov/provider-data/sites/default/files/resources/1671415a6c26789acf1569fa5dd49ba0_1777658734/Hospice_General-Information_May2026.csv,data.medicare.gov,General Information; Address; Location; Quality Reporting Program,"This dataset shows characteristics of hospice providers such as address, phone number, ownership data and more.","{""@type"": ""dcat:Dataset"", ""accessLevel"": ""public"", ""bureauCode"": [""009:38""], ""contactPoint"": {""@type"": ""vcard:Contact"", ""fn"": ""HospicePRquestions@cms.hhs.gov"", ""hasEmail"": ""mailto:HospicePRquestions@cms.hhs.gov""}, ""description"": ""This dataset shows characteristics of hospice providers such as address, phone number, ownership data and more."", ""distribution"": [{""@type"": ""dcat:Distribution"", ""describedBy"": ""https://data.cms.gov/provider-data/sites/default/files/data_dictionaries/hospice/HOSPICE_Data_Dictionary.pdf"", ""describedByType"": ""application/pdf"", ""downloadURL"": ""https://data.cms.gov/provider-data/sites/default/files/resources/1671415a6c26789acf1569fa5dd49ba0_1777658734/Hospice_General-Information_May2026.csv"", ""mediaType"": ""text/csv""}], ""identifier"": ""yc9t-dgbk"", ""issued"": ""2026-04-13"", ""keyword"": [""General Information"", ""Address"", ""Location"", ""Quality Reporting Program""], ""landingPage"": ""https://data.cms.gov/provider-data/dataset/yc9t-dgbk"", ""modified"": ""2026-04-13"", ""nextUpdateDate"": ""2026-08-26"", ""programCode"": [""009:000""], ""publisher"": {""@type"": ""org:Organization"", ""name"": ""data.medicare.gov""}, ""released"": ""2026-05-20"", ""theme"": [""Hospice care""], ""title"": ""Hospice - General Information""}"
ptds-r8im,Veterans Health Administration Timely and Effective Care Data,2023-07-05,2026-05-13,2026-04-21,,https://data.cms.gov/provider-data/dataset/ptds-r8im,https://data.cms.gov/provider-data/sites/default/files/resources/07084088a9de9e44c51bef291a4e163a_1776974871/VA_TE.csv,Centers for Medicare & Medicaid Services (CMS),Veterans Health Administration; Timely and Effective Care; Emergency Department,A list of VHA hospitals with timely and effective care (process of care) measure data. VHA collects this information through a Quality Improvement Organization (External Peer Review Program) or directly from electronic medical records.,"{""@type"": ""dcat:Dataset"", ""accessLevel"": ""public"", ""bureauCode"": [""009:38""], ""contactPoint"": {""@type"": ""vcard:Contact"", ""fn"": ""Hospital Compare"", ""hasURL"": ""https://cmsqualitysupport.servicenowservices.com/qnet_qa""}, ""description"": ""A list of VHA hospitals with timely and effective care (process of care) measure data. VHA collects this information through a Quality Improvement Organization (External Peer Review Program) or directly from electronic medical records."", ""distribution"": [{""@type"": ""dcat:Distribution"", ""describedBy"": ""https://data.cms.gov/provider-data/sites/default/files/data_dictionaries/hospital/HOSPITAL_Data_Dictionary.pdf"", ""describedByType"": ""application/pdf"", ""downloadURL"": ""https://data.cms.gov/provider-data/sites/default/files/resources/07084088a9de9e44c51bef291a4e163a_1776974871/VA_TE.csv"", ""mediaType"": ""text/csv""}], ""identifier"": ""ptds-r8im"", ""issued"": ""2023-07-05"", ""keyword"": [""Veterans Health Administration"", ""Timely and Effective Care"", ""Emergency Department""], ""landingPage"": ""https://data.cms.gov/provider-data/dataset/ptds-r8im"", ""modified"": ""2026-04-21"", ""programCode"": [""009:000""], ""publisher"": {""@type"": ""org:Organization"", ""name"": ""Centers for Medicare & Medicaid Services (CMS)""}, ""released"": ""2026-05-13"", ""theme"": [""Hospitals""], ""title"": ""Veterans Health Administration Timely and Effective Care Data""}"
uyx4-5s7f,Veterans Health Administration Provider Level Data,2023-07-12,2026-05-13,2026-04-21,,https://data.cms.gov/provider-data/dataset/uyx4-5s7f,https://data.cms.gov/provider-data/sites/default/files/resources/9cea8696850b78e02559183bd6071fd6_1776974873/Veterans_Health_Administration_Provider_Level_Data.csv,Centers for Medicare & Medicaid Services (CMS),Veterans Health Administration; General Information,A list of all VHA hospitals. The list includes addresses and phone numbers.,"{""@type"": ""dcat:Dataset"", ""accessLevel"": ""public"", ""bureauCode"": [""009:38""], ""contactPoint"": {""@type"": ""vcard:Contact"", ""fn"": ""Hospital Compare"", ""hasURL"": ""https://cmsqualitysupport.servicenowservices.com/qnet_qa""}, ""description"": ""A list of all VHA hospitals. The list includes addresses and phone numbers."", ""distribution"": [{""@type"": ""dcat:Distribution"", ""describedBy"": ""https://data.cms.gov/provider-data/sites/default/files/data_dictionaries/hospital/HOSPITAL_Data_Dictionary.pdf"", ""describedByType"": ""application/pdf"", ""downloadURL"": ""https://data.cms.gov/provider-data/sites/default/files/resources/9cea8696850b78e02559183bd6071fd6_1776974873/Veterans_Health_Administration_Provider_Level_Data.csv"", ""mediaType"": ""text/csv""}], ""identifier"": ""uyx4-5s7f"", ""issued"": ""2023-07-12"", ""keyword"": [""Veterans Health Administration"", ""General Information""], ""landingPage"": ""https://data.cms.gov/provider-data/dataset/uyx4-5s7f"", ""modified"": ""2026-04-21"", ""programCode"": [""009:000""], ""publisher"": {""@type"": ""org:Organization"", ""name"": ""Centers for Medicare & Medicaid Services (CMS)""}, ""released"": ""2026-05-13"", ""theme"": [""Hospitals""], ""title"": ""Veterans Health Administration Provider Level Data""}"
6qxe-iqz8,Veterans Health Administration Behavioral Health Data,2023-07-05,2026-05-13,2026-04-21,,https://data.cms.gov/provider-data/dataset/6qxe-iqz8,https://data.cms.gov/provider-data/sites/default/files/resources/0742f326b7a19b57bc01136b2cd8b7b6_1776974869/VA_IPF.csv,Centers for Medicare & Medicaid Services (CMS),Veterans Health Administration; Behavioral; Psychiatric,"A list of VHA hospitals with behavioral health measure data. VHA reports data on a set of core performance measures for Hospital-Based Inpatient Psychiatric Services (HBIPS), Substance Use, and Tobacco Treatment.","{""@type"": ""dcat:Dataset"", ""accessLevel"": ""public"", ""bureauCode"": [""009:38""], ""contactPoint"": {""@type"": ""vcard:Contact"", ""fn"": ""Hospital Compare"", ""hasURL"": ""https://cmsqualitysupport.servicenowservices.com/qnet_qa""}, ""description"": ""A list of VHA hospitals with behavioral health measure data. VHA reports data on a set of core performance measures for Hospital-Based Inpatient Psychiatric Services (HBIPS), Substance Use, and Tobacco Treatment."", ""distribution"": [{""@type"": ""dcat:Distribution"", ""describedBy"": ""https://data.cms.gov/provider-data/sites/default/files/data_dictionaries/hospital/HOSPITAL_Data_Dictionary.pdf"", ""describedByType"": ""application/pdf"", ""downloadURL"": ""https://data.cms.gov/provider-data/sites/default/files/resources/0742f326b7a19b57bc01136b2cd8b7b6_1776974869/VA_IPF.csv"", ""mediaType"": ""text/csv""}], ""identifier"": ""6qxe-iqz8"", ""issued"": ""2023-07-05"", ""keyword"": [""Veterans Health Administration"", ""Behavioral"", ""Psychiatric""], ""landingPage"": ""https://data.cms.gov/provider-data/dataset/6qxe-iqz8"", ""modified"": ""2026-04-21"", ""programCode"": [""009:000""], ""publisher"": {""@type"": ""org:Organization"", ""name"": ""Centers for Medicare & Medicaid Services (CMS)""}, ""released"": ""2026-05-13"", ""theme"": [""Hospitals""], ""title"": ""Veterans Health Administration Behavioral Health Data""}"
4gkm-5ypv,Unplanned Hospital Visits - State,2020-12-10,2026-05-13,2026-04-21,,https://data.cms.gov/provider-data/dataset/4gkm-5ypv,https://data.cms.gov/provider-data/sites/default/files/resources/73ce05bc6ecbb5def0e859818a906f7b_1776974867/Unplanned_Hospital_Visits-State.csv,Centers for Medicare & Medicaid Services (CMS),Unplanned Hospital Visits; Readmissions; Excess Days in Acute Care; State; Outpatient Surgery; Outpatient; Pneumonia; Acute Myocardial Infarction; Heart Failure; Chronic Obstructive Pulmonary Disease; Coronary Artery Bypass Graft; Colonoscopy; Total Hip and/or Total Knee Arthroplasty,"Unplanned Hospital Visits: state data. This data set includes state-level data for the hospital return days (or excess days in acute care [EDAC]) measures, the unplanned readmissions measures, and measures of unplanned hospital visits after outpatient procedures.","{""@type"": ""dcat:Dataset"", ""accessLevel"": ""public"", ""bureauCode"": [""009:38""], ""contactPoint"": {""@type"": ""vcard:Contact"", ""fn"": ""Hospital Compare"", ""hasURL"": ""https://cmsqualitysupport.servicenowservices.com/qnet_qa""}, ""description"": ""Unplanned Hospital Visits: state data. This data set includes state-level data for the hospital return days (or excess days in acute care [EDAC]) measures, the unplanned readmissions measures, and measures of unplanned hospital visits after outpatient procedures."", ""distribution"": [{""@type"": ""dcat:Distribution"", ""describedBy"": ""https://data.cms.gov/provider-data/sites/default/files/data_dictionaries/hospital/HOSPITAL_Data_Dictionary.pdf"", ""describedByType"": ""application/pdf"", ""downloadURL"": ""https://data.cms.gov/provider-data/sites/default/files/resources/73ce05bc6ecbb5def0e859818a906f7b_1776974867/Unplanned_Hospital_Visits-State.csv"", ""mediaType"": ""text/csv""}], ""identifier"": ""4gkm-5ypv"", ""issued"": ""2020-12-10"", ""keyword"": [""Unplanned Hospital Visits"", ""Readmissions"", ""Excess Days in Acute Care"", ""State"", ""Outpatient Surgery"", ""Outpatient"", ""Pneumonia"", ""Acute Myocardial Infarction"", ""Heart Failure"", ""Chronic Obstructive Pulmonary Disease"", ""Coronary Artery Bypass Graft"", ""Colonoscopy"", ""Total Hip and/or Total Knee Arthroplasty""], ""landingPage"": ""https://data.cms.gov/provider-data/dataset/4gkm-5ypv"", ""modified"": ""2026-04-21"", ""programCode"": [""009:000""], ""publisher"": {""@type"": ""org:Organization"", ""name"": ""Centers for Medicare & Medicaid Services (CMS)""}, ""released"": ""2026-05-13"", ""theme"": [""Hospitals""], ""title"": ""Unplanned Hospital Visits - State""}"
cvcs-xecj,Unplanned Hospital Visits - National,2020-12-10,2026-05-13,2026-04-21,,https://data.cms.gov/provider-data/dataset/cvcs-xecj,https://data.cms.gov/provider-data/sites/default/files/resources/d30b0557f1d06bee1d5646d2eaede709_1776974864/Unplanned_Hospital_Visits-National.csv,Centers for Medicare & Medicaid Services (CMS),Unplanned Hospital Visits; Readmissions; Excess Days in Acute Care; National; Outpatient Surgery; Outpatient; Pneumonia; Acute Myocardial Infarction; Heart Failure; Chronic Obstructive Pulmonary Disease; Coronary Artery Bypass Graft; Colonoscopy; Total Hip and/or Total Knee Arthroplasty,"Unplanned Hospital Visits: national data. This data set includes national-level data for the hospital return days (or excess days in acute care [EDAC]) measures, the unplanned readmissions measures, and measures of unplanned hospital visits after outpatient procedures.","{""@type"": ""dcat:Dataset"", ""accessLevel"": ""public"", ""bureauCode"": [""009:38""], ""contactPoint"": {""@type"": ""vcard:Contact"", ""fn"": ""Hospital Compare"", ""hasURL"": ""https://cmsqualitysupport.servicenowservices.com/qnet_qa""}, ""description"": ""Unplanned Hospital Visits: national data. This data set includes national-level data for the hospital return days (or excess days in acute care [EDAC]) measures, the unplanned readmissions measures, and measures of unplanned hospital visits after outpatient procedures."", ""distribution"": [{""@type"": ""dcat:Distribution"", ""describedBy"": ""https://data.cms.gov/provider-data/sites/default/files/data_dictionaries/hospital/HOSPITAL_Data_Dictionary.pdf"", ""describedByType"": ""application/pdf"", ""downloadURL"": ""https://data.cms.gov/provider-data/sites/default/files/resources/d30b0557f1d06bee1d5646d2eaede709_1776974864/Unplanned_Hospital_Visits-National.csv"", ""mediaType"": ""text/csv""}], ""identifier"": ""cvcs-xecj"", ""issued"": ""2020-12-10"", ""keyword"": [""Unplanned Hospital Visits"", ""Readmissions"", ""Excess Days in Acute Care"", ""National"", ""Outpatient Surgery"", ""Outpatient"", ""Pneumonia"", ""Acute Myocardial Infarction"", ""Heart Failure"", ""Chronic Obstructive Pulmonary Disease"", ""Coronary Artery Bypass Graft"", ""Colonoscopy"", ""Total Hip and/or Total Knee Arthroplasty""], ""landingPage"": ""https://data.cms.gov/provider-data/dataset/cvcs-xecj"", ""modified"": ""2026-04-21"", ""programCode"": [""009:000""], ""publisher"": {""@type"": ""org:Organization"", ""name"": ""Centers for Medicare & Medicaid Services (CMS)""}, ""released"": ""2026-05-13"", ""theme"": [""Hospitals""], ""title"": ""Unplanned Hospital Visits - National""}"
632h-zaca,Unplanned Hospital Visits - Hospital,2023-07-05,2026-05-13,2026-04-28,,https://data.cms.gov/provider-data/dataset/632h-zaca,https://data.cms.gov/provider-data/sites/default/files/resources/30edc1d0417a34b58affcc2495a02b0a_1777413968/Unplanned_Hospital_Visits-Hospital.csv,Centers for Medicare & Medicaid Services (CMS),Unplanned Hospital Visits; Readmissions; Excess Days in Acute Care; Outpatient Surgery; Outpatient; Pneumonia; Acute Myocardial Infarction; Heart Failure; Chronic Obstructive Pulmonary Disease; Coronary Artery Bypass Graft; Colonoscopy; Total Hip and/or Total Knee Arthroplasty,"Unplanned Hospital Visits: provider data. This data set includes provider data for the hospital return days (or excess days in acute care [EDAC]) measures, the unplanned readmissions measures, and measures of unplanned hospital visits after outpatient procedures.","{""@type"": ""dcat:Dataset"", ""accessLevel"": ""public"", ""bureauCode"": [""009:38""], ""contactPoint"": {""@type"": ""vcard:Contact"", ""fn"": ""Hospital Compare"", ""hasURL"": ""https://cmsqualitysupport.servicenowservices.com/qnet_qa""}, ""description"": ""Unplanned Hospital Visits: provider data. This data set includes provider data for the hospital return days (or excess days in acute care [EDAC]) measures, the unplanned readmissions measures, and measures of unplanned hospital visits after outpatient procedures."", ""distribution"": [{""@type"": ""dcat:Distribution"", ""describedBy"": ""https://data.cms.gov/provider-data/sites/default/files/data_dictionaries/hospital/HOSPITAL_Data_Dictionary.pdf"", ""describedByType"": ""application/pdf"", ""downloadURL"": ""https://data.cms.gov/provider-data/sites/default/files/resources/30edc1d0417a34b58affcc2495a02b0a_1777413968/Unplanned_Hospital_Visits-Hospital.csv"", ""mediaType"": ""text/csv""}], ""identifier"": ""632h-zaca"", ""issued"": ""2023-07-05"", ""keyword"": [""Unplanned Hospital Visits"", ""Readmissions"", ""Excess Days in Acute Care"", ""Outpatient Surgery"", ""Outpatient"", ""Pneumonia"", ""Acute Myocardial Infarction"", ""Heart Failure"", ""Chronic Obstructive Pulmonary Disease"", ""Coronary Artery Bypass Graft"", ""Colonoscopy"", ""Total Hip and/or Total Knee Arthroplasty""], ""landingPage"": ""https://data.cms.gov/provider-data/dataset/632h-zaca"", ""modified"": ""2026-04-28"", ""programCode"": [""009:000""], ""publisher"": {""@type"": ""org:Organization"", ""name"": ""Centers for Medicare & Medicaid Services (CMS)""}, ""released"": ""2026-05-13"", ""theme"": [""Hospitals""], ""title"": ""Unplanned Hospital Visits - Hospital""}"
apyc-v239,Timely and Effective Care - State,2020-12-10,2026-05-13,2026-04-21,,https://data.cms.gov/provider-data/dataset/apyc-v239,https://data.cms.gov/provider-data/sites/default/files/resources/c4f74a440cc6ce4ed941fa3c9de2ab58_1776974859/Timely_and_Effective_Care-State.csv,Centers for Medicare & Medicaid Services (CMS),Timely and Effective Care; Emergency Department; State,"Timely and Effective Care measures - state data. This data set includes state-level data for measures of cataract surgery outcome, colonoscopy follow-up, emergency department care, preventive care, and pregnancy and delivery care.","{""@type"": ""dcat:Dataset"", ""accessLevel"": ""public"", ""bureauCode"": [""009:38""], ""contactPoint"": {""@type"": ""vcard:Contact"", ""fn"": ""Hospital Compare"", ""hasURL"": ""https://cmsqualitysupport.servicenowservices.com/qnet_qa""}, ""description"": ""Timely and Effective Care measures - state data. This data set includes state-level data for measures of cataract surgery outcome, colonoscopy follow-up, emergency department care, preventive care, and pregnancy and delivery care."", ""distribution"": [{""@type"": ""dcat:Distribution"", ""describedBy"": ""https://data.cms.gov/provider-data/sites/default/files/data_dictionaries/hospital/HOSPITAL_Data_Dictionary.pdf"", ""describedByType"": ""application/pdf"", ""downloadURL"": ""https://data.cms.gov/provider-data/sites/default/files/resources/c4f74a440cc6ce4ed941fa3c9de2ab58_1776974859/Timely_and_Effective_Care-State.csv"", ""mediaType"": ""text/csv""}], ""identifier"": ""apyc-v239"", ""issued"": ""2020-12-10"", ""keyword"": [""Timely and Effective Care"", ""Emergency Department"", ""State""], ""landingPage"": ""https://data.cms.gov/provider-data/dataset/apyc-v239"", ""modified"": ""2026-04-21"", ""programCode"": [""009:000""], ""publisher"": {""@type"": ""org:Organization"", ""name"": ""Centers for Medicare & Medicaid Services (CMS)""}, ""released"": ""2026-05-13"", ""theme"": [""Hospitals""], ""title"": ""Timely and Effective Care - State""}"
isrn-hqyy,Timely and Effective Care - National,2020-12-10,2026-05-13,2026-04-21,,https://data.cms.gov/provider-data/dataset/isrn-hqyy,https://data.cms.gov/provider-data/sites/default/files/resources/b298b4a8c05addc75d1e9c9c9b2e4706_1776974857/Timely_and_Effective_Care-National.csv,Centers for Medicare & Medicaid Services (CMS),Timely and Effective Care; Emergency Department; National,"Timely and Effective Care measures - national data. This data set includes national-level data for measures of cataract surgery outcome, colonoscopy follow-up,  emergency department care, preventive care, and pregnancy and delivery care.","{""@type"": ""dcat:Dataset"", ""accessLevel"": ""public"", ""bureauCode"": [""009:38""], ""contactPoint"": {""@type"": ""vcard:Contact"", ""fn"": ""Hospital Compare"", ""hasURL"": ""https://cmsqualitysupport.servicenowservices.com/qnet_qa""}, ""description"": ""Timely and Effective Care measures - national data. This data set includes national-level data for measures of cataract surgery outcome, colonoscopy follow-up,  emergency department care, preventive care, and pregnancy and delivery care."", ""distribution"": [{""@type"": ""dcat:Distribution"", ""describedBy"": ""https://data.cms.gov/provider-data/sites/default/files/data_dictionaries/hospital/HOSPITAL_Data_Dictionary.pdf"", ""describedByType"": ""application/pdf"", ""downloadURL"": ""https://data.cms.gov/provider-data/sites/default/files/resources/b298b4a8c05addc75d1e9c9c9b2e4706_1776974857/Timely_and_Effective_Care-National.csv"", ""mediaType"": ""text/csv""}], ""identifier"": ""isrn-hqyy"", ""issued"": ""2020-12-10"", ""keyword"": [""Timely and Effective Care"", ""Emergency Department"", ""National""], ""landingPage"": ""https://data.cms.gov/provider-data/dataset/isrn-hqyy"", ""modified"": ""2026-04-21"", ""programCode"": [""009:000""], ""publisher"": {""@type"": ""org:Organization"", ""name"": ""Centers for Medicare & Medicaid Services (CMS)""}, ""released"": ""2026-05-13"", ""theme"": [""Hospitals""], ""title"": ""Timely and Effective Care - National""}"
yv7e-xc69,Timely and Effective Care - Hospital,2023-07-05,2026-05-13,2026-04-28,,https://data.cms.gov/provider-data/dataset/yv7e-xc69,https://data.cms.gov/provider-data/sites/default/files/resources/0437b5494ac61507ad90f2af6b8085a7_1777413965/Timely_and_Effective_Care-Hospital.csv,Centers for Medicare & Medicaid Services (CMS),Timely and Effective Care; Emergency Department,"Timely and Effective Care measures - provider data. This data set includes provider-level data for measures of cataract surgery outcome, colonoscopy follow-up, emergency department care, preventive care, and pregnancy and delivery care.","{""@type"": ""dcat:Dataset"", ""accessLevel"": ""public"", ""bureauCode"": [""009:38""], ""contactPoint"": {""@type"": ""vcard:Contact"", ""fn"": ""Hospital Compare"", ""hasURL"": ""https://cmsqualitysupport.servicenowservices.com/qnet_qa""}, ""description"": ""Timely and Effective Care measures - provider data. This data set includes provider-level data for measures of cataract surgery outcome, colonoscopy follow-up, emergency department care, preventive care, and pregnancy and delivery care."", ""distribution"": [{""@type"": ""dcat:Distribution"", ""describedBy"": ""https://data.cms.gov/provider-data/sites/default/files/data_dictionaries/hospital/HOSPITAL_Data_Dictionary.pdf"", ""describedByType"": ""application/pdf"", ""downloadURL"": ""https://data.cms.gov/provider-data/sites/default/files/resources/0437b5494ac61507ad90f2af6b8085a7_1777413965/Timely_and_Effective_Care-Hospital.csv"", ""mediaType"": ""text/csv""}], ""identifier"": ""yv7e-xc69"", ""issued"": ""2023-07-05"", ""keyword"": [""Timely and Effective Care"", ""Emergency Department""], ""landingPage"": ""https://data.cms.gov/provider-data/dataset/yv7e-xc69"", ""modified"": ""2026-04-28"", ""programCode"": [""009:000""], ""publisher"": {""@type"": ""org:Organization"", ""name"": ""Centers for Medicare & Medicaid Services (CMS)""}, ""released"": ""2026-05-13"", ""theme"": [""Hospitals""], ""title"": ""Timely and Effective Care - Hospital""}"
vtqa-m4zn,Table 4: FY2024 Value-Based Incentive Payment Amount,2020-12-10,2026-05-13,2025-12-09,,https://data.cms.gov/provider-data/dataset/vtqa-m4zn,https://data.cms.gov/provider-data/sites/default/files/resources/ba15e25a73a051dbb3435458af7eb96d_1770163578/FY2024_Value_Based_Incentive_Payment_Amount.csv,Centers for Medicare & Medicaid Services (CMS),Value Based Purchasing; Linking Quality to Payment,"Value-Based Incentive Payment Amount displays the number of hospitals that received value-based incentive payment amounts in ranges of $50,000.","{""@type"": ""dcat:Dataset"", ""accessLevel"": ""public"", ""bureauCode"": [""009:38""], ""contactPoint"": {""@type"": ""vcard:Contact"", ""fn"": ""Hospital Compare"", ""hasURL"": ""https://cmsqualitysupport.servicenowservices.com/qnet_qa""}, ""description"": ""Value-Based Incentive Payment Amount displays the number of hospitals that received value-based incentive payment amounts in ranges of $50,000."", ""distribution"": [{""@type"": ""dcat:Distribution"", ""describedBy"": ""https://data.cms.gov/provider-data/sites/default/files/data_dictionaries/hospital/HOSPITAL_Data_Dictionary.pdf"", ""describedByType"": ""application/pdf"", ""downloadURL"": ""https://data.cms.gov/provider-data/sites/default/files/resources/ba15e25a73a051dbb3435458af7eb96d_1770163578/FY2024_Value_Based_Incentive_Payment_Amount.csv"", ""mediaType"": ""text/csv""}], ""identifier"": ""vtqa-m4zn"", ""issued"": ""2020-12-10"", ""keyword"": [""Value Based Purchasing"", ""Linking Quality to Payment""], ""landingPage"": ""https://data.cms.gov/provider-data/dataset/vtqa-m4zn"", ""modified"": ""2025-12-09"", ""programCode"": [""009:000""], ""publisher"": {""@type"": ""org:Organization"", ""name"": ""Centers for Medicare & Medicaid Services (CMS)""}, ""released"": ""2026-05-13"", ""theme"": [""Hospitals""], ""title"": ""Table 4: FY2024 Value-Based Incentive Payment Amount""}"
u625-zae7,Table 3: FY2024 Percent Change in Medicare Payments,2020-12-10,2026-05-13,2025-12-09,,https://data.cms.gov/provider-data/dataset/u625-zae7,https://data.cms.gov/provider-data/sites/default/files/resources/3d267e89dc34ca3a928554b9c73775ef_1770163577/FY2024_Percent_Change_in_Medicare_Payments.csv,Centers for Medicare & Medicaid Services (CMS),Value Based Purchasing; Linking Quality to Payment,Percent Change in Medicare Payments displays how hospitals' Medicare payments changed as a result of the Hospital VBP Program in percentage terms.,"{""@type"": ""dcat:Dataset"", ""accessLevel"": ""public"", ""bureauCode"": [""009:38""], ""contactPoint"": {""@type"": ""vcard:Contact"", ""fn"": ""Hospital Compare"", ""hasURL"": ""https://cmsqualitysupport.servicenowservices.com/qnet_qa""}, ""description"": ""Percent Change in Medicare Payments displays how hospitals' Medicare payments changed as a result of the Hospital VBP Program in percentage terms. "", ""distribution"": [{""@type"": ""dcat:Distribution"", ""describedBy"": ""https://data.cms.gov/provider-data/sites/default/files/data_dictionaries/hospital/HOSPITAL_Data_Dictionary.pdf"", ""describedByType"": ""application/pdf"", ""downloadURL"": ""https://data.cms.gov/provider-data/sites/default/files/resources/3d267e89dc34ca3a928554b9c73775ef_1770163577/FY2024_Percent_Change_in_Medicare_Payments.csv"", ""mediaType"": ""text/csv""}], ""identifier"": ""u625-zae7"", ""issued"": ""2020-12-10"", ""keyword"": [""Value Based Purchasing"", ""Linking Quality to Payment""], ""landingPage"": ""https://data.cms.gov/provider-data/dataset/u625-zae7"", ""modified"": ""2025-12-09"", ""programCode"": [""009:000""], ""publisher"": {""@type"": ""org:Organization"", ""name"": ""Centers for Medicare & Medicaid Services (CMS)""}, ""released"": ""2026-05-13"", ""theme"": [""Hospitals""], ""title"": ""Table 3: FY2024 Percent Change in Medicare Payments""}"
xrgf-x36b,Table 2: FY2024 Distribution of Net Change in Base Operating DRG Payment Amount,2020-12-10,2026-05-13,2025-12-09,,https://data.cms.gov/provider-data/dataset/xrgf-x36b,https://data.cms.gov/provider-data/sites/default/files/resources/c9c4b48e76ed7ca1e965bd39959d497b_1770163573/FY2024_Distribution_of_Net_Change_in_Base_Op_DRG_Payment_Amt.csv,Centers for Medicare & Medicaid Services (CMS),Value Based Purchasing; Linking Quality to Payment,Distribution of Net Change in Base Operating DRG Payment Amount  shows the distribution of hospitals' value-based incentive payment amounts after subtracting the amount of the applicable percent reduction from their Medicare payments.,"{""@type"": ""dcat:Dataset"", ""accessLevel"": ""public"", ""bureauCode"": [""009:38""], ""contactPoint"": {""@type"": ""vcard:Contact"", ""fn"": ""Hospital Compare"", ""hasURL"": ""https://cmsqualitysupport.servicenowservices.com/qnet_qa""}, ""description"": ""Distribution of Net Change in Base Operating DRG Payment Amount  shows the distribution of hospitals' value-based incentive payment amounts after subtracting the amount of the applicable percent reduction from their Medicare payments."", ""distribution"": [{""@type"": ""dcat:Distribution"", ""describedBy"": ""https://data.cms.gov/provider-data/sites/default/files/data_dictionaries/hospital/HOSPITAL_Data_Dictionary.pdf"", ""describedByType"": ""application/pdf"", ""downloadURL"": ""https://data.cms.gov/provider-data/sites/default/files/resources/c9c4b48e76ed7ca1e965bd39959d497b_1770163573/FY2024_Distribution_of_Net_Change_in_Base_Op_DRG_Payment_Amt.csv"", ""mediaType"": ""text/csv""}], ""identifier"": ""xrgf-x36b"", ""issued"": ""2020-12-10"", ""keyword"": [""Value Based Purchasing"", ""Linking Quality to Payment""], ""landingPage"": ""https://data.cms.gov/provider-data/dataset/xrgf-x36b"", ""modified"": ""2025-12-09"", ""programCode"": [""009:000""], ""publisher"": {""@type"": ""org:Organization"", ""name"": ""Centers for Medicare & Medicaid Services (CMS)""}, ""released"": ""2026-05-13"", ""theme"": [""Hospitals""], ""title"": ""Table 2: FY2024 Distribution of Net Change in Base Operating DRG Payment Amount""}"
5gv4-jwyv,Table 1: FY2024 Net Change in Base Operating DRG Payment Amount,2020-12-10,2026-05-13,2025-12-09,,https://data.cms.gov/provider-data/dataset/5gv4-jwyv,https://data.cms.gov/provider-data/sites/default/files/resources/1b4d8a2b70cd651403cf1c4f8e545088_1770163575/FY2024_Net_Change_in_Base_Op_DRG_Payment_Amt.csv,Centers for Medicare & Medicaid Services (CMS),Value Based Purchasing; Linking Quality to Payment,Net Change in Base Operating DRG Payment Amount shows number of hospitals for specified ranges of value-based incentive payment amounts after subtracting the amount by which their Medicare payments per discharge were reduced.,"{""@type"": ""dcat:Dataset"", ""accessLevel"": ""public"", ""bureauCode"": [""009:38""], ""contactPoint"": {""@type"": ""vcard:Contact"", ""fn"": ""Hospital Compare"", ""hasURL"": ""https://cmsqualitysupport.servicenowservices.com/qnet_qa""}, ""description"": ""Net Change in Base Operating DRG Payment Amount shows number of hospitals for specified ranges of value-based incentive payment amounts after subtracting the amount by which their Medicare payments per discharge were reduced."", ""distribution"": [{""@type"": ""dcat:Distribution"", ""describedBy"": ""https://data.cms.gov/provider-data/sites/default/files/data_dictionaries/hospital/HOSPITAL_Data_Dictionary.pdf"", ""describedByType"": ""application/pdf"", ""downloadURL"": ""https://data.cms.gov/provider-data/sites/default/files/resources/1b4d8a2b70cd651403cf1c4f8e545088_1770163575/FY2024_Net_Change_in_Base_Op_DRG_Payment_Amt.csv"", ""mediaType"": ""text/csv""}], ""identifier"": ""5gv4-jwyv"", ""issued"": ""2020-12-10"", ""keyword"": [""Value Based Purchasing"", ""Linking Quality to Payment""], ""landingPage"": ""https://data.cms.gov/provider-data/dataset/5gv4-jwyv"", ""modified"": ""2025-12-09"", ""programCode"": [""009:000""], ""publisher"": {""@type"": ""org:Organization"", ""name"": ""Centers for Medicare & Medicaid Services (CMS)""}, ""released"": ""2026-05-13"", ""theme"": [""Hospitals""], ""title"": ""Table 1: FY2024 Net Change in Base Operating DRG Payment Amount""}"
k653-4ka8,Safety and Healthcare-Associated Infection Measures - PPS-Exempt Cancer Hospital,2023-07-12,2026-05-13,2026-04-21,,https://data.cms.gov/provider-data/dataset/k653-4ka8,https://data.cms.gov/provider-data/sites/default/files/resources/d24fd9fa17ad5673de9cf6220c1c7a5a_1776974812/PCH_HEALTHCARE_ASSOCIATED_INFECTIONS_HOSPITAL.csv,Centers for Medicare & Medicaid Services (CMS),Cancer; Healthcare Associated Infections; Surgical Site Infections; MRSA; C.Difficile; PPS-Exempt Cancer Hospital Quality Reporting; Catheter Associated Urinary Tract Infections; Central Line Associated Blood Stream Infections,Prospective Payment System (PPS)-Exempt Cancer Hospital Quality Reporting (PCHQR) Program Healthcare Associated Infections. These measures are developed by Centers for Disease Control and Prevention (CDC) and collected through the National Healthcare Safety Network (NHSN). They provide information on infections that occur while the patient is in the hospital. These infections can be spread from patient to patient after contact with an infected person or surface. Many healthcare associated infections can be prevented when the hospitals use CDC-recommended infection control steps.,"{""@type"": ""dcat:Dataset"", ""accessLevel"": ""public"", ""bureauCode"": [""009:38""], ""contactPoint"": {""@type"": ""vcard:Contact"", ""fn"": ""Hospital Compare"", ""hasURL"": ""https://cmsqualitysupport.servicenowservices.com/qnet_qa""}, ""description"": ""Prospective Payment System (PPS)-Exempt Cancer Hospital Quality Reporting (PCHQR) Program Healthcare Associated Infections. These measures are developed by Centers for Disease Control and Prevention (CDC) and collected through the National Healthcare Safety Network (NHSN). They provide information on infections that occur while the patient is in the hospital. These infections can be spread from patient to patient after contact with an infected person or surface. Many healthcare associated infections can be prevented when the hospitals use CDC-recommended infection control steps."", ""distribution"": [{""@type"": ""dcat:Distribution"", ""describedBy"": ""https://data.cms.gov/provider-data/sites/default/files/data_dictionaries/hospital/HOSPITAL_Data_Dictionary.pdf"", ""describedByType"": ""application/pdf"", ""downloadURL"": ""https://data.cms.gov/provider-data/sites/default/files/resources/d24fd9fa17ad5673de9cf6220c1c7a5a_1776974812/PCH_HEALTHCARE_ASSOCIATED_INFECTIONS_HOSPITAL.csv"", ""mediaType"": ""text/csv""}], ""identifier"": ""k653-4ka8"", ""issued"": ""2023-07-12"", ""keyword"": [""Cancer"", ""Healthcare Associated Infections"", ""Surgical Site Infections"", ""MRSA"", ""C.Difficile"", ""PPS-Exempt Cancer Hospital Quality Reporting"", ""Catheter Associated Urinary Tract Infections"", ""Central Line Associated Blood Stream Infections""], ""landingPage"": ""https://data.cms.gov/provider-data/dataset/k653-4ka8"", ""modified"": ""2026-04-21"", ""programCode"": [""009:000""], ""publisher"": {""@type"": ""org:Organization"", ""name"": ""Centers for Medicare & Medicaid Services (CMS)""}, ""released"": ""2026-05-13"", ""theme"": [""Hospitals""], ""title"": ""Safety and Healthcare-Associated Infection Measures - PPS-Exempt Cancer Hospital""}"
uk3n-au7a,Rural Emergency Hospital Unplanned Hospital Visits - National,2026-01-26,2026-05-13,2026-04-21,,https://data.cms.gov/provider-data/dataset/uk3n-au7a,https://data.cms.gov/provider-data/sites/default/files/resources/ab50380fe5f8578c9b07e118dcdc43e4_1776974897/REH_Unplanned_Hospital_Visits-National.csv,Centers for Medicare & Medicaid Services (CMS),Rural; Emergency Hospital; Emergency Department; Unplanned Hospital Visits; National,This data set includes national-level data for unplanned hospital visits quality measures included under the Rural Emergency Hospital Quality Reporting (REHQR) Program.,"{""@type"": ""dcat:Dataset"", ""accessLevel"": ""public"", ""bureauCode"": [""009:38""], ""contactPoint"": {""@type"": ""vcard:Contact"", ""fn"": ""Hospital Compare"", ""hasURL"": ""https://cmsqualitysupport.servicenowservices.com/qnet_qa""}, ""description"": ""This data set includes national-level data for unplanned hospital visits quality measures included under the Rural Emergency Hospital Quality Reporting (REHQR) Program."", ""distribution"": [{""@type"": ""dcat:Distribution"", ""describedBy"": ""https://data.cms.gov/provider-data/sites/default/files/data_dictionaries/hospital/HOSPITAL_Data_Dictionary.pdf"", ""describedByType"": ""application/pdf"", ""downloadURL"": ""https://data.cms.gov/provider-data/sites/default/files/resources/ab50380fe5f8578c9b07e118dcdc43e4_1776974897/REH_Unplanned_Hospital_Visits-National.csv"", ""mediaType"": ""text/csv""}], ""identifier"": ""uk3n-au7a"", ""issued"": ""2026-01-26"", ""keyword"": [""Rural"", ""Emergency Hospital"", ""Emergency Department"", ""Unplanned Hospital Visits"", ""National""], ""landingPage"": ""https://data.cms.gov/provider-data/dataset/uk3n-au7a"", ""modified"": ""2026-04-21"", ""programCode"": [""009:000""], ""publisher"": {""@type"": ""org:Organization"", ""name"": ""Centers for Medicare & Medicaid Services (CMS)""}, ""released"": ""2026-05-13"", ""theme"": [""Hospitals""], ""title"": ""Rural Emergency Hospital Unplanned Hospital Visits - National""}"
zez1-ka2w,Rural Emergency Hospital Unplanned Hospital Visits - Hospital,2026-01-26,2026-05-13,2026-04-21,,https://data.cms.gov/provider-data/dataset/zez1-ka2w,https://data.cms.gov/provider-data/sites/default/files/resources/8058b83869a5ba155b84c3227e60f61c_1776974895/REH_Unplanned_Hospital_Visits-Hospital.csv,Centers for Medicare & Medicaid Services (CMS),Rural; Emergency Hospital; Emergency Department; Unplanned Hospital Visits,This data set includes provider-level data for unplanned hospital visits quality measures included under the Rural Emergency Hospital Quality Reporting (REHQR) Program.,"{""@type"": ""dcat:Dataset"", ""accessLevel"": ""public"", ""bureauCode"": [""009:38""], ""contactPoint"": {""@type"": ""vcard:Contact"", ""fn"": ""Hospital Compare"", ""hasURL"": ""https://cmsqualitysupport.servicenowservices.com/qnet_qa""}, ""description"": ""This data set includes provider-level data for unplanned hospital visits quality measures included under the Rural Emergency Hospital Quality Reporting (REHQR) Program."", ""distribution"": [{""@type"": ""dcat:Distribution"", ""describedBy"": ""https://data.cms.gov/provider-data/sites/default/files/data_dictionaries/hospital/HOSPITAL_Data_Dictionary.pdf"", ""describedByType"": ""application/pdf"", ""downloadURL"": ""https://data.cms.gov/provider-data/sites/default/files/resources/8058b83869a5ba155b84c3227e60f61c_1776974895/REH_Unplanned_Hospital_Visits-Hospital.csv"", ""mediaType"": ""text/csv""}], ""identifier"": ""zez1-ka2w"", ""issued"": ""2026-01-26"", ""keyword"": [""Rural"", ""Emergency Hospital"", ""Emergency Department"", ""Unplanned Hospital Visits""], ""landingPage"": ""https://data.cms.gov/provider-data/dataset/zez1-ka2w"", ""modified"": ""2026-04-21"", ""programCode"": [""009:000""], ""publisher"": {""@type"": ""org:Organization"", ""name"": ""Centers for Medicare & Medicaid Services (CMS)""}, ""released"": ""2026-05-13"", ""theme"": [""Hospitals""], ""title"": ""Rural Emergency Hospital Unplanned Hospital Visits - Hospital""}"
d2k3-k3ac,Rural Emergency Hospital Timely and Effective Care - National,2025-10-14,2026-05-13,2026-04-21,,https://data.cms.gov/provider-data/dataset/d2k3-k3ac,https://data.cms.gov/provider-data/sites/default/files/resources/3e7a7fe925204d9f476690ad30ffcb28_1776974888/REH_Timely_and_Effective_Care-National.csv,Centers for Medicare & Medicaid Services (CMS),Rural; Emergency Hospital; Emergency Department; Timely and Effective Care; National,This data set includes national-level data for timely and effective care (process of care) quality measures included under the Rural Emergency Hospital Quality Reporting (REHQR) Program.,"{""@type"": ""dcat:Dataset"", ""accessLevel"": ""public"", ""bureauCode"": [""009:38""], ""contactPoint"": {""@type"": ""vcard:Contact"", ""fn"": ""Hospital Compare"", ""hasURL"": ""https://cmsqualitysupport.servicenowservices.com/qnet_qa""}, ""description"": ""This data set includes national-level data for timely and effective care (process of care) quality measures included under the Rural Emergency Hospital Quality Reporting (REHQR) Program."", ""distribution"": [{""@type"": ""dcat:Distribution"", ""describedBy"": ""https://data.cms.gov/provider-data/sites/default/files/data_dictionaries/hospital/HOSPITAL_Data_Dictionary.pdf"", ""describedByType"": ""application/pdf"", ""downloadURL"": ""https://data.cms.gov/provider-data/sites/default/files/resources/3e7a7fe925204d9f476690ad30ffcb28_1776974888/REH_Timely_and_Effective_Care-National.csv"", ""mediaType"": ""text/csv""}], ""identifier"": ""d2k3-k3ac"", ""issued"": ""2025-10-14"", ""keyword"": [""Rural"", ""Emergency Hospital"", ""Emergency Department"", ""Timely and Effective Care"", ""National""], ""landingPage"": ""https://data.cms.gov/provider-data/dataset/d2k3-k3ac"", ""modified"": ""2026-04-21"", ""programCode"": [""009:000""], ""publisher"": {""@type"": ""org:Organization"", ""name"": ""Centers for Medicare & Medicaid Services (CMS)""}, ""released"": ""2026-05-13"", ""theme"": [""Hospitals""], ""title"": ""Rural Emergency Hospital Timely and Effective Care - National""}"
97xg-v3wv,Rural Emergency Hospital Timely and Effective Care - Hospital,2025-10-14,2026-05-13,2026-04-21,,https://data.cms.gov/provider-data/dataset/97xg-v3wv,https://data.cms.gov/provider-data/sites/default/files/resources/325633e3e81e17de313537518fdca092_1776974886/REH_Timely_and_Effective_Care-Hospital.csv,Centers for Medicare & Medicaid Services (CMS),Rural; Emergency Hospital; Emergency Department; Timely and Effective Care,This data set includes provider-level data for timely and effective care (process of care) quality measures included under the Rural Emergency Hospital Quality Reporting (REHQR) Program.,"{""@type"": ""dcat:Dataset"", ""accessLevel"": ""public"", ""bureauCode"": [""009:38""], ""contactPoint"": {""@type"": ""vcard:Contact"", ""fn"": ""Hospital Compare"", ""hasURL"": ""https://cmsqualitysupport.servicenowservices.com/qnet_qa""}, ""description"": ""This data set includes provider-level data for timely and effective care (process of care) quality measures included under the Rural Emergency Hospital Quality Reporting (REHQR) Program."", ""distribution"": [{""@type"": ""dcat:Distribution"", ""describedBy"": ""https://data.cms.gov/provider-data/sites/default/files/data_dictionaries/hospital/HOSPITAL_Data_Dictionary.pdf"", ""describedByType"": ""application/pdf"", ""downloadURL"": ""https://data.cms.gov/provider-data/sites/default/files/resources/325633e3e81e17de313537518fdca092_1776974886/REH_Timely_and_Effective_Care-Hospital.csv"", ""mediaType"": ""text/csv""}], ""identifier"": ""97xg-v3wv"", ""issued"": ""2025-10-14"", ""keyword"": [""Rural"", ""Emergency Hospital"", ""Emergency Department"", ""Timely and Effective Care""], ""landingPage"": ""https://data.cms.gov/provider-data/dataset/97xg-v3wv"", ""modified"": ""2026-04-21"", ""programCode"": [""009:000""], ""publisher"": {""@type"": ""org:Organization"", ""name"": ""Centers for Medicare & Medicaid Services (CMS)""}, ""released"": ""2026-05-13"", ""theme"": [""Hospitals""], ""title"": ""Rural Emergency Hospital Timely and Effective Care - Hospital""}"
zt3q-3e1z,Rural Emergency Hospital Outpatient Imaging Efficiency - National,2026-01-26,2026-05-13,2026-04-21,,https://data.cms.gov/provider-data/dataset/zt3q-3e1z,https://data.cms.gov/provider-data/sites/default/files/resources/400efdf48b2a73bfef6217d28bf082e3_1776974893/REH_Outpatient_Imaging_Efficiency-National.csv,Centers for Medicare & Medicaid Services (CMS),Rural; Emergency Hospital; Emergency Department; Outpatient; CT Scans; National,This data set includes national-level data for outpatient imaging efficiency quality measures included under the Rural Emergency Hospital Quality Reporting (REHQR) Program.,"{""@type"": ""dcat:Dataset"", ""accessLevel"": ""public"", ""bureauCode"": [""009:38""], ""contactPoint"": {""@type"": ""vcard:Contact"", ""fn"": ""Hospital Compare"", ""hasURL"": ""https://cmsqualitysupport.servicenowservices.com/qnet_qa""}, ""description"": ""This data set includes national-level data for outpatient imaging efficiency quality measures included under the Rural Emergency Hospital Quality Reporting (REHQR) Program."", ""distribution"": [{""@type"": ""dcat:Distribution"", ""describedBy"": ""https://data.cms.gov/provider-data/sites/default/files/data_dictionaries/hospital/HOSPITAL_Data_Dictionary.pdf"", ""describedByType"": ""application/pdf"", ""downloadURL"": ""https://data.cms.gov/provider-data/sites/default/files/resources/400efdf48b2a73bfef6217d28bf082e3_1776974893/REH_Outpatient_Imaging_Efficiency-National.csv"", ""mediaType"": ""text/csv""}], ""identifier"": ""zt3q-3e1z"", ""issued"": ""2026-01-26"", ""keyword"": [""Rural"", ""Emergency Hospital"", ""Emergency Department"", ""Outpatient"", ""CT Scans"", ""National""], ""landingPage"": ""https://data.cms.gov/provider-data/dataset/zt3q-3e1z"", ""modified"": ""2026-04-21"", ""programCode"": [""009:000""], ""publisher"": {""@type"": ""org:Organization"", ""name"": ""Centers for Medicare & Medicaid Services (CMS)""}, ""released"": ""2026-05-13"", ""theme"": [""Hospitals""], ""title"": ""Rural Emergency Hospital Outpatient Imaging Efficiency - National""}"
7peb-i4pi,Rural Emergency Hospital Outpatient Imaging Efficiency - Hospital,2026-01-26,2026-05-13,2026-04-21,,https://data.cms.gov/provider-data/dataset/7peb-i4pi,https://data.cms.gov/provider-data/sites/default/files/resources/1a7240761452e8430813299b2e5b28e1_1776974891/REH_Outpatient_Imaging_Efficiency-Hospital.csv,Centers for Medicare & Medicaid Services (CMS),Rural; Emergency Hospital; Emergency Department; Outpatient; CT Scans,This data set includes provider-level data for outpatient imaging efficiency quality measures included under the Rural Emergency Hospital Quality Reporting (REHQR) Program.,"{""@type"": ""dcat:Dataset"", ""accessLevel"": ""public"", ""bureauCode"": [""009:38""], ""contactPoint"": {""@type"": ""vcard:Contact"", ""fn"": ""Hospital Compare"", ""hasURL"": ""https://cmsqualitysupport.servicenowservices.com/qnet_qa""}, ""description"": ""This data set includes provider-level data for outpatient imaging efficiency quality measures included under the Rural Emergency Hospital Quality Reporting (REHQR) Program."", ""distribution"": [{""@type"": ""dcat:Distribution"", ""describedBy"": ""https://data.cms.gov/provider-data/sites/default/files/data_dictionaries/hospital/HOSPITAL_Data_Dictionary.pdf"", ""describedByType"": ""application/pdf"", ""downloadURL"": ""https://data.cms.gov/provider-data/sites/default/files/resources/1a7240761452e8430813299b2e5b28e1_1776974891/REH_Outpatient_Imaging_Efficiency-Hospital.csv"", ""mediaType"": ""text/csv""}], ""identifier"": ""7peb-i4pi"", ""issued"": ""2026-01-26"", ""keyword"": [""Rural"", ""Emergency Hospital"", ""Emergency Department"", ""Outpatient"", ""CT Scans""], ""landingPage"": ""https://data.cms.gov/provider-data/dataset/7peb-i4pi"", ""modified"": ""2026-04-21"", ""programCode"": [""009:000""], ""publisher"": {""@type"": ""org:Organization"", ""name"": ""Centers for Medicare & Medicaid Services (CMS)""}, ""released"": ""2026-05-13"", ""theme"": [""Hospitals""], ""title"": ""Rural Emergency Hospital Outpatient Imaging Efficiency - Hospital""}"
f4ga-b9gx,Promoting Interoperability - Hospital,2025-02-06,2026-05-13,2026-04-28,,https://data.cms.gov/provider-data/dataset/f4ga-b9gx,https://data.cms.gov/provider-data/sites/default/files/resources/5462b19a756c53c1becccf13787d9157_1777413973/Promoting_Interoperability-Hospital.csv,Centers for Medicare & Medicaid Services (CMS),Promoting Interoperability; Meets criteria,The Medicare Promoting Interoperability Program was developed to promote and prioritize interoperability and exchange of health care data. Promoting interoperability means that hospitals show they're using certified Electronic Health Record (EHR) technology in ways that can be measured against quality standards.,"{""@type"": ""dcat:Dataset"", ""accessLevel"": ""public"", ""bureauCode"": [""009:38""], ""contactPoint"": {""@type"": ""vcard:Contact"", ""fn"": ""Hospital Compare"", ""hasURL"": ""https://cmsqualitysupport.servicenowservices.com/qnet_qa""}, ""description"": ""The Medicare Promoting Interoperability Program was developed to promote and prioritize interoperability and exchange of health care data. Promoting interoperability means that hospitals show they're using certified Electronic Health Record (EHR) technology in ways that can be measured against quality standards."", ""distribution"": [{""@type"": ""dcat:Distribution"", ""describedBy"": ""https://data.cms.gov/provider-data/sites/default/files/data_dictionaries/hospital/HOSPITAL_Data_Dictionary.pdf"", ""describedByType"": ""application/pdf"", ""downloadURL"": ""https://data.cms.gov/provider-data/sites/default/files/resources/5462b19a756c53c1becccf13787d9157_1777413973/Promoting_Interoperability-Hospital.csv"", ""mediaType"": ""text/csv""}], ""identifier"": ""f4ga-b9gx"", ""issued"": ""2025-02-06"", ""keyword"": [""Promoting Interoperability"", ""Meets criteria""], ""landingPage"": ""https://data.cms.gov/provider-data/dataset/f4ga-b9gx"", ""modified"": ""2026-04-28"", ""programCode"": [""009:000""], ""publisher"": {""@type"": ""org:Organization"", ""name"": ""Centers for Medicare & Medicaid Services (CMS)""}, ""released"": ""2026-05-13"", ""theme"": [""Hospitals""], ""title"": ""Promoting Interoperability - Hospital""}"
mxtu-43qs,Patient-Reported Outcomes - Hospital,2024-07-31,2026-05-13,2026-04-28,,https://data.cms.gov/provider-data/dataset/mxtu-43qs,https://data.cms.gov/provider-data/sites/default/files/resources/60ee1962356ca17e50e12f95d2871b46_1777413971/PATIENT_REPORTED_OUTCOMES_FACILITY.csv,Centers for Medicare & Medicaid Services (CMS),Hip Knee; Patient Reported; Outcomes; Surgery,"Patient-reported outcomes are reports from patients about aspects of care that matter most to them, like pain management, functional ability (like their ability to walk, think, see, hear and remember), and overall quality of life. Through surveys or questionnaires, patients self-report the effectiveness of the care they got from their provider.","{""@type"": ""dcat:Dataset"", ""accessLevel"": ""public"", ""bureauCode"": [""009:38""], ""contactPoint"": {""@type"": ""vcard:Contact"", ""fn"": ""Hospital Compare"", ""hasURL"": ""https://cmsqualitysupport.servicenowservices.com/qnet_qa""}, ""description"": ""Patient-reported outcomes are reports from patients about aspects of care that matter most to them, like pain management, functional ability (like their ability to walk, think, see, hear and remember), and overall quality of life. Through surveys or questionnaires, patients self-report the effectiveness of the care they got from their provider."", ""distribution"": [{""@type"": ""dcat:Distribution"", ""describedBy"": ""https://data.cms.gov/provider-data/sites/default/files/data_dictionaries/hospital/HOSPITAL_Data_Dictionary.pdf"", ""describedByType"": ""application/pdf"", ""downloadURL"": ""https://data.cms.gov/provider-data/sites/default/files/resources/60ee1962356ca17e50e12f95d2871b46_1777413971/PATIENT_REPORTED_OUTCOMES_FACILITY.csv"", ""mediaType"": ""text/csv""}], ""identifier"": ""mxtu-43qs"", ""issued"": ""2024-07-31"", ""keyword"": [""Hip Knee"", ""Patient Reported"", ""Outcomes"", ""Surgery""], ""landingPage"": ""https://data.cms.gov/provider-data/dataset/mxtu-43qs"", ""modified"": ""2026-04-28"", ""programCode"": [""009:000""], ""publisher"": {""@type"": ""org:Organization"", ""name"": ""Centers for Medicare & Medicaid Services (CMS)""}, ""released"": ""2026-05-13"", ""theme"": [""Hospitals""], ""title"": ""Patient-Reported Outcomes - Hospital""}"
84jm-wiui,Patient survey (HCAHPS) - State,2020-12-10,2026-05-13,2026-04-21,,https://data.cms.gov/provider-data/dataset/84jm-wiui,https://data.cms.gov/provider-data/sites/default/files/resources/e4ca53701c73500a3188874f2bbd2854_1776974786/HCAHPS-State.csv,Centers for Medicare & Medicaid Services (CMS),CAHPS; Patient Survey; Patient Experience of Care; Survey; State,"A list of the state averages for the HCAHPS survey responses. HCAHPS is a national, standardized survey of hospital patients about their experiences during a recent inpatient hospital stay.","{""@type"": ""dcat:Dataset"", ""accessLevel"": ""public"", ""bureauCode"": [""009:38""], ""contactPoint"": {""@type"": ""vcard:Contact"", ""fn"": ""Hospital Compare"", ""hasURL"": ""https://cmsqualitysupport.servicenowservices.com/qnet_qa""}, ""description"": ""A list of the state averages for the HCAHPS survey responses. HCAHPS is a national, standardized survey of hospital patients about their experiences during a recent inpatient hospital stay."", ""distribution"": [{""@type"": ""dcat:Distribution"", ""describedBy"": ""https://data.cms.gov/provider-data/sites/default/files/data_dictionaries/hospital/HOSPITAL_Data_Dictionary.pdf"", ""describedByType"": ""application/pdf"", ""downloadURL"": ""https://data.cms.gov/provider-data/sites/default/files/resources/e4ca53701c73500a3188874f2bbd2854_1776974786/HCAHPS-State.csv"", ""mediaType"": ""text/csv""}], ""identifier"": ""84jm-wiui"", ""issued"": ""2020-12-10"", ""keyword"": [""CAHPS"", ""Patient Survey"", ""Patient Experience of Care"", ""Survey"", ""State""], ""landingPage"": ""https://data.cms.gov/provider-data/dataset/84jm-wiui"", ""modified"": ""2026-04-21"", ""programCode"": [""009:000""], ""publisher"": {""@type"": ""org:Organization"", ""name"": ""Centers for Medicare & Medicaid Services (CMS)""}, ""released"": ""2026-05-13"", ""theme"": [""Hospitals""], ""title"": ""Patient survey (HCAHPS) - State""}"
99ue-w85f,Patient survey (HCAHPS) - National,2020-12-10,2026-05-13,2026-04-21,,https://data.cms.gov/provider-data/dataset/99ue-w85f,https://data.cms.gov/provider-data/sites/default/files/resources/08eefc5ab7c6cce7b3555fd79b0d8eec_1776974784/HCAHPS-National.csv,Centers for Medicare & Medicaid Services (CMS),CAHPS; Patient Survey; Patient Experience of Care; Survey; National,"The national average for the HCAHPS survey categories. HCAHPS is a national, standardized survey of hospital patients about their experiences during a recent inpatient hospital stay.","{""@type"": ""dcat:Dataset"", ""accessLevel"": ""public"", ""bureauCode"": [""009:38""], ""contactPoint"": {""@type"": ""vcard:Contact"", ""fn"": ""Hospital Compare"", ""hasURL"": ""https://cmsqualitysupport.servicenowservices.com/qnet_qa""}, ""description"": ""The national average for the HCAHPS survey categories. HCAHPS is a national, standardized survey of hospital patients about their experiences during a recent inpatient hospital stay."", ""distribution"": [{""@type"": ""dcat:Distribution"", ""describedBy"": ""https://data.cms.gov/provider-data/sites/default/files/data_dictionaries/hospital/HOSPITAL_Data_Dictionary.pdf"", ""describedByType"": ""application/pdf"", ""downloadURL"": ""https://data.cms.gov/provider-data/sites/default/files/resources/08eefc5ab7c6cce7b3555fd79b0d8eec_1776974784/HCAHPS-National.csv"", ""mediaType"": ""text/csv""}], ""identifier"": ""99ue-w85f"", ""issued"": ""2020-12-10"", ""keyword"": [""CAHPS"", ""Patient Survey"", ""Patient Experience of Care"", ""Survey"", ""National""], ""landingPage"": ""https://data.cms.gov/provider-data/dataset/99ue-w85f"", ""modified"": ""2026-04-21"", ""programCode"": [""009:000""], ""publisher"": {""@type"": ""org:Organization"", ""name"": ""Centers for Medicare & Medicaid Services (CMS)""}, ""released"": ""2026-05-13"", ""theme"": [""Hospitals""], ""title"": ""Patient survey (HCAHPS) - National""}"
dgck-syfz,Patient survey (HCAHPS) - Hospital,2023-07-05,2026-05-13,2026-04-28,,https://data.cms.gov/provider-data/dataset/dgck-syfz,https://data.cms.gov/provider-data/sites/default/files/resources/78a50346fbe828ea0ce2837847af6a7c_1777413952/HCAHPS-Hospital.csv,Centers for Medicare & Medicaid Services (CMS),CAHPS; Patient Survey; Patient Experience of Care; Survey,"A list of hospital ratings for the Hospital Consumer Assessment of Healthcare Providers and Systems (HCAHPS). HCAHPS is a national, standardized survey of hospital patients about their experiences during a recent inpatient hospital stay.","{""@type"": ""dcat:Dataset"", ""accessLevel"": ""public"", ""bureauCode"": [""009:38""], ""contactPoint"": {""@type"": ""vcard:Contact"", ""fn"": ""Hospital Compare"", ""hasURL"": ""https://cmsqualitysupport.servicenowservices.com/qnet_qa""}, ""description"": ""A list of hospital ratings for the Hospital Consumer Assessment of Healthcare Providers and Systems (HCAHPS). HCAHPS is a national, standardized survey of hospital patients about their experiences during a recent inpatient hospital stay."", ""distribution"": [{""@type"": ""dcat:Distribution"", ""describedBy"": ""https://data.cms.gov/provider-data/sites/default/files/data_dictionaries/hospital/HOSPITAL_Data_Dictionary.pdf"", ""describedByType"": ""application/pdf"", ""downloadURL"": ""https://data.cms.gov/provider-data/sites/default/files/resources/78a50346fbe828ea0ce2837847af6a7c_1777413952/HCAHPS-Hospital.csv"", ""mediaType"": ""text/csv""}], ""identifier"": ""dgck-syfz"", ""issued"": ""2023-07-05"", ""keyword"": [""CAHPS"", ""Patient Survey"", ""Patient Experience of Care"", ""Survey""], ""landingPage"": ""https://data.cms.gov/provider-data/dataset/dgck-syfz"", ""modified"": ""2026-04-28"", ""programCode"": [""009:000""], ""publisher"": {""@type"": ""org:Organization"", ""name"": ""Centers for Medicare & Medicaid Services (CMS)""}, ""released"": ""2026-05-13"", ""theme"": [""Hospitals""], ""title"": ""Patient survey (HCAHPS) - Hospital""}"
qatj-nmws,Patient Survey (PCH - HCAHPS) PPS-Exempt Cancer Hospital - State,2020-12-10,2026-05-13,2026-04-21,,https://data.cms.gov/provider-data/dataset/qatj-nmws,https://data.cms.gov/provider-data/sites/default/files/resources/f1d65b1e3b562b932fd3827c7783ea35_1776974819/PCH_HCAHPS_STATE.csv,Centers for Medicare & Medicaid Services (CMS),CAHPS; Patient Survey; Patient Experience of Care; Survey; State; Cancer; PPS-Exempt Cancer Hospital Quality Reporting,"A list of the state averages for the HCAHPS survey responses. HCAHPS is a national, standardized survey of hospital patients about their experiences during a recent inpatient hospital stay.","{""@type"": ""dcat:Dataset"", ""accessLevel"": ""public"", ""bureauCode"": [""009:38""], ""contactPoint"": {""@type"": ""vcard:Contact"", ""fn"": ""Hospital Compare"", ""hasURL"": ""https://cmsqualitysupport.servicenowservices.com/qnet_qa""}, ""description"": ""A list of the state averages for the HCAHPS survey responses. HCAHPS is a national, standardized survey of hospital patients about their experiences during a recent inpatient hospital stay."", ""distribution"": [{""@type"": ""dcat:Distribution"", ""describedBy"": ""https://data.cms.gov/provider-data/sites/default/files/data_dictionaries/hospital/HOSPITAL_Data_Dictionary.pdf"", ""describedByType"": ""application/pdf"", ""downloadURL"": ""https://data.cms.gov/provider-data/sites/default/files/resources/f1d65b1e3b562b932fd3827c7783ea35_1776974819/PCH_HCAHPS_STATE.csv"", ""mediaType"": ""text/csv""}], ""identifier"": ""qatj-nmws"", ""issued"": ""2020-12-10"", ""keyword"": [""CAHPS"", ""Patient Survey"", ""Patient Experience of Care"", ""Survey"", ""State"", ""Cancer"", ""PPS-Exempt Cancer Hospital Quality Reporting""], ""landingPage"": ""https://data.cms.gov/provider-data/dataset/qatj-nmws"", ""modified"": ""2026-04-21"", ""programCode"": [""009:000""], ""publisher"": {""@type"": ""org:Organization"", ""name"": ""Centers for Medicare & Medicaid Services (CMS)""}, ""released"": ""2026-05-13"", ""theme"": [""Hospitals""], ""title"": ""Patient Survey (PCH - HCAHPS) PPS-Exempt Cancer Hospital - State""}"
9g7e-btyt,Patient Survey (PCH - HCAHPS) PPS-Exempt Cancer Hospital - National,2020-12-10,2026-05-13,2026-04-21,,https://data.cms.gov/provider-data/dataset/9g7e-btyt,https://data.cms.gov/provider-data/sites/default/files/resources/51dabafd670b6379256fc111bcbec8b4_1776974817/PCH_HCAHPS_NATIONAL.csv,Centers for Medicare & Medicaid Services (CMS),CAHPS; Patient Survey; Patient Experience of Care; Survey; National; Cancer; PPS-Exempt Cancer Hospital Quality Reporting,"The national average for the HCAHPS survey categories. HCAHPS is a national, standardized survey of hospital patients about their experiences during a recent inpatient hospital stay.","{""@type"": ""dcat:Dataset"", ""accessLevel"": ""public"", ""bureauCode"": [""009:38""], ""contactPoint"": {""@type"": ""vcard:Contact"", ""fn"": ""Hospital Compare"", ""hasURL"": ""https://cmsqualitysupport.servicenowservices.com/qnet_qa""}, ""description"": ""The national average for the HCAHPS survey categories. HCAHPS is a national, standardized survey of hospital patients about their experiences during a recent inpatient hospital stay."", ""distribution"": [{""@type"": ""dcat:Distribution"", ""describedBy"": ""https://data.cms.gov/provider-data/sites/default/files/data_dictionaries/hospital/HOSPITAL_Data_Dictionary.pdf"", ""describedByType"": ""application/pdf"", ""downloadURL"": ""https://data.cms.gov/provider-data/sites/default/files/resources/51dabafd670b6379256fc111bcbec8b4_1776974817/PCH_HCAHPS_NATIONAL.csv"", ""mediaType"": ""text/csv""}], ""identifier"": ""9g7e-btyt"", ""issued"": ""2020-12-10"", ""keyword"": [""CAHPS"", ""Patient Survey"", ""Patient Experience of Care"", ""Survey"", ""National"", ""Cancer"", ""PPS-Exempt Cancer Hospital Quality Reporting""], ""landingPage"": ""https://data.cms.gov/provider-data/dataset/9g7e-btyt"", ""modified"": ""2026-04-21"", ""programCode"": [""009:000""], ""publisher"": {""@type"": ""org:Organization"", ""name"": ""Centers for Medicare & Medicaid Services (CMS)""}, ""released"": ""2026-05-13"", ""theme"": [""Hospitals""], ""title"": ""Patient Survey (PCH - HCAHPS) PPS-Exempt Cancer Hospital - National""}"
iy27-wz37,Patient Survey (PCH - HCAHPS) PPS-Exempt Cancer Hospital - Hospital,2023-07-12,2026-05-13,2026-04-21,,https://data.cms.gov/provider-data/dataset/iy27-wz37,https://data.cms.gov/provider-data/sites/default/files/resources/155aff6db1e04cbbe1676ce459d71053_1776974814/PCH_HCAHPS_HOSPITAL.csv,Centers for Medicare & Medicaid Services (CMS),CAHPS; Patient Survey; Patient Experience of Care; Survey; Cancer; PPS-Exempt Cancer Hospital Quality Reporting,"A list of hospital ratings for the Hospital Consumer Assessment of Healthcare Providers and Systems (HCAHPS). HCAHPS is a national, standardized survey of hospital patients about their experiences during a recent inpatient hospital stay.","{""@type"": ""dcat:Dataset"", ""accessLevel"": ""public"", ""bureauCode"": [""009:38""], ""contactPoint"": {""@type"": ""vcard:Contact"", ""fn"": ""Hospital Compare"", ""hasURL"": ""https://cmsqualitysupport.servicenowservices.com/qnet_qa""}, ""description"": ""A list of hospital ratings for the Hospital Consumer Assessment of Healthcare Providers and Systems (HCAHPS). HCAHPS is a national, standardized survey of hospital patients about their experiences during a recent inpatient hospital stay."", ""distribution"": [{""@type"": ""dcat:Distribution"", ""describedBy"": ""https://data.cms.gov/provider-data/sites/default/files/data_dictionaries/hospital/HOSPITAL_Data_Dictionary.pdf"", ""describedByType"": ""application/pdf"", ""downloadURL"": ""https://data.cms.gov/provider-data/sites/default/files/resources/155aff6db1e04cbbe1676ce459d71053_1776974814/PCH_HCAHPS_HOSPITAL.csv"", ""mediaType"": ""text/csv""}], ""identifier"": ""iy27-wz37"", ""issued"": ""2023-07-12"", ""keyword"": [""CAHPS"", ""Patient Survey"", ""Patient Experience of Care"", ""Survey"", ""Cancer"", ""PPS-Exempt Cancer Hospital Quality Reporting""], ""landingPage"": ""https://data.cms.gov/provider-data/dataset/iy27-wz37"", ""modified"": ""2026-04-21"", ""programCode"": [""009:000""], ""publisher"": {""@type"": ""org:Organization"", ""name"": ""Centers for Medicare & Medicaid Services (CMS)""}, ""released"": ""2026-05-13"", ""theme"": [""Hospitals""], ""title"": ""Patient Survey (PCH - HCAHPS) PPS-Exempt Cancer Hospital - Hospital""}"
qigt-w5cx,Palliative Care - PPS-Exempt Cancer Hospital - National,2024-07-31,2026-05-13,2026-04-21,,https://data.cms.gov/provider-data/dataset/qigt-w5cx,https://data.cms.gov/provider-data/sites/default/files/resources/b19666c7d9f040b0fffd9c7135a7d92d_1776974882/PCH_Palliative_Care_NATIONAL.csv,Centers for Medicare & Medicaid Services (CMS),Cancer; Chemotherapy; Hospice; Intensive Care Unit,Palliative care is specialized medical care that focuses on providing relief from pain and other symptoms of a serious illness. These measures are first steps that seek to broadly assess what is happening in PCHs at the end-of-life and will provide a baseline picture of existing end-of-life care at these hospitals.,"{""@type"": ""dcat:Dataset"", ""accessLevel"": ""public"", ""bureauCode"": [""009:38""], ""contactPoint"": {""@type"": ""vcard:Contact"", ""fn"": ""Hospital Compare"", ""hasURL"": ""https://cmsqualitysupport.servicenowservices.com/qnet_qa""}, ""description"": ""Palliative care is specialized medical care that focuses on providing relief from pain and other symptoms of a serious illness. These measures are first steps that seek to broadly assess what is happening in PCHs at the end-of-life and will provide a baseline picture of existing end-of-life care at these hospitals."", ""distribution"": [{""@type"": ""dcat:Distribution"", ""describedBy"": ""https://data.cms.gov/provider-data/sites/default/files/data_dictionaries/hospital/HOSPITAL_Data_Dictionary.pdf"", ""describedByType"": ""application/pdf"", ""downloadURL"": ""https://data.cms.gov/provider-data/sites/default/files/resources/b19666c7d9f040b0fffd9c7135a7d92d_1776974882/PCH_Palliative_Care_NATIONAL.csv"", ""mediaType"": ""text/csv""}], ""identifier"": ""qigt-w5cx"", ""issued"": ""2024-07-31"", ""keyword"": [""Cancer"", ""Chemotherapy"", ""Hospice"", ""Intensive Care Unit""], ""landingPage"": ""https://data.cms.gov/provider-data/dataset/qigt-w5cx"", ""modified"": ""2026-04-21"", ""programCode"": [""009:000""], ""publisher"": {""@type"": ""org:Organization"", ""name"": ""Centers for Medicare & Medicaid Services (CMS)""}, ""released"": ""2026-05-13"", ""theme"": [""Hospitals""], ""title"": ""Palliative Care - PPS-Exempt Cancer Hospital - National""}"
qoeg-w7ck,Palliative Care - PPS-Exempt Cancer Hospital - Hospital,2024-07-31,2026-05-13,2026-04-21,,https://data.cms.gov/provider-data/dataset/qoeg-w7ck,https://data.cms.gov/provider-data/sites/default/files/resources/2d420234bc6bcc963c6c374d91b0ed90_1776974880/PCH_Palliative_Care_HOSPITAL.csv,Centers for Medicare & Medicaid Services (CMS),Cancer; Chemotherapy; Hospice; Intensive Care Unit,Palliative care is specialized medical care that focuses on providing relief from pain and other symptoms of a serious illness. These measures are first steps that seek to broadly assess what is happening in PCHs at the end-of-life and will provide a baseline picture of existing end-of-life care at these hospitals.,"{""@type"": ""dcat:Dataset"", ""accessLevel"": ""public"", ""bureauCode"": [""009:38""], ""contactPoint"": {""@type"": ""vcard:Contact"", ""fn"": ""Hospital Compare"", ""hasURL"": ""https://cmsqualitysupport.servicenowservices.com/qnet_qa""}, ""description"": ""Palliative care is specialized medical care that focuses on providing relief from pain and other symptoms of a serious illness. These measures are first steps that seek to broadly assess what is happening in PCHs at the end-of-life and will provide a baseline picture of existing end-of-life care at these hospitals."", ""distribution"": [{""@type"": ""dcat:Distribution"", ""describedBy"": ""https://data.cms.gov/provider-data/sites/default/files/data_dictionaries/hospital/HOSPITAL_Data_Dictionary.pdf"", ""describedByType"": ""application/pdf"", ""downloadURL"": ""https://data.cms.gov/provider-data/sites/default/files/resources/2d420234bc6bcc963c6c374d91b0ed90_1776974880/PCH_Palliative_Care_HOSPITAL.csv"", ""mediaType"": ""text/csv""}], ""identifier"": ""qoeg-w7ck"", ""issued"": ""2024-07-31"", ""keyword"": [""Cancer"", ""Chemotherapy"", ""Hospice"", ""Intensive Care Unit""], ""landingPage"": ""https://data.cms.gov/provider-data/dataset/qoeg-w7ck"", ""modified"": ""2026-04-21"", ""programCode"": [""009:000""], ""publisher"": {""@type"": ""org:Organization"", ""name"": ""Centers for Medicare & Medicaid Services (CMS)""}, ""released"": ""2026-05-13"", ""theme"": [""Hospitals""], ""title"": ""Palliative Care - PPS-Exempt Cancer Hospital - Hospital""}"
6pfg-whmx,Outpatient and Ambulatory Surgery Consumer Assessment of Healthcare Providers and Systems (OAS CAHPS) survey for hospital outpatient departments - State,2025-10-14,2026-05-13,2026-04-21,,https://data.cms.gov/provider-data/dataset/6pfg-whmx,https://data.cms.gov/provider-data/sites/default/files/resources/5c995348b26c08179f1149d3b07dcb70_1776974800/OQR_OAS_CAHPS_STATE.csv,Centers for Medicare & Medicaid Services (CMS),Ambulatory Surgical Center; Outpatient; Survey; CAHPS; State; Surgery; Outpatient Surgery,A list of the state averages for the OAS CAHPS Survey responses. The OAS CAHPS survey collects information about patients' experiences of care in hospital outpatient departments (HOPDs) and ambulatory surgical centers (ASCs). The data are updated and reported each quarter with data from the most recently completed quarter replacing the oldest quarter of data.,"{""@type"": ""dcat:Dataset"", ""accessLevel"": ""public"", ""bureauCode"": [""009:38""], ""contactPoint"": {""@type"": ""vcard:Contact"", ""fn"": ""Hospital Compare"", ""hasURL"": ""https://cmsqualitysupport.servicenowservices.com/qnet_qa""}, ""description"": ""A list of the state averages for the OAS CAHPS Survey responses. The OAS CAHPS survey collects information about patients' experiences of care in hospital outpatient departments (HOPDs) and ambulatory surgical centers (ASCs). The data are updated and reported each quarter with data from the most recently completed quarter replacing the oldest quarter of data."", ""distribution"": [{""@type"": ""dcat:Distribution"", ""describedBy"": ""https://data.cms.gov/provider-data/sites/default/files/data_dictionaries/hospital/HOSPITAL_Data_Dictionary.pdf"", ""describedByType"": ""application/pdf"", ""downloadURL"": ""https://data.cms.gov/provider-data/sites/default/files/resources/5c995348b26c08179f1149d3b07dcb70_1776974800/OQR_OAS_CAHPS_STATE.csv"", ""mediaType"": ""text/csv""}], ""identifier"": ""6pfg-whmx"", ""issued"": ""2025-10-14"", ""keyword"": [""Ambulatory Surgical Center"", ""Outpatient"", ""Survey"", ""CAHPS"", ""State"", ""Surgery"", ""Outpatient Surgery""], ""landingPage"": ""https://data.cms.gov/provider-data/dataset/6pfg-whmx"", ""modified"": ""2026-04-21"", ""programCode"": [""009:000""], ""publisher"": {""@type"": ""org:Organization"", ""name"": ""Centers for Medicare & Medicaid Services (CMS)""}, ""released"": ""2026-05-13"", ""theme"": [""Hospitals""], ""title"": ""Outpatient and Ambulatory Surgery Consumer Assessment of Healthcare Providers and Systems (OAS CAHPS) survey for hospital outpatient departments - State""}"
s5pj-hua3,Outpatient and Ambulatory Surgery Consumer Assessment of Healthcare Providers and Systems (OAS CAHPS) survey for hospital outpatient departments - National,2025-10-14,2026-05-13,2026-04-21,,https://data.cms.gov/provider-data/dataset/s5pj-hua3,https://data.cms.gov/provider-data/sites/default/files/resources/fdc286f2f60134775fa4b7f7b249b075_1776974797/OQR_OAS_CAHPS_NATIONAL.csv,Centers for Medicare & Medicaid Services (CMS),Ambulatory Surgical Center; Outpatient; Survey; CAHPS; National; Surgery; Outpatient Surgery,The file contains the national average for the OAS CAHPS survey responses. The OAS CAHPS survey collects information about patients' experiences of care in hospital outpatient departments (HOPDs) and ambulatory surgical centers (ASCs). The data are updated and reported each quarter with data from the most recently completed quarter replacing the oldest quarter of data.,"{""@type"": ""dcat:Dataset"", ""accessLevel"": ""public"", ""bureauCode"": [""009:38""], ""contactPoint"": {""@type"": ""vcard:Contact"", ""fn"": ""Hospital Compare"", ""hasURL"": ""https://cmsqualitysupport.servicenowservices.com/qnet_qa""}, ""description"": ""The file contains the national average for the OAS CAHPS survey responses. The OAS CAHPS survey collects information about patients' experiences of care in hospital outpatient departments (HOPDs) and ambulatory surgical centers (ASCs). The data are updated and reported each quarter with data from the most recently completed quarter replacing the oldest quarter of data."", ""distribution"": [{""@type"": ""dcat:Distribution"", ""describedBy"": ""https://data.cms.gov/provider-data/sites/default/files/data_dictionaries/hospital/HOSPITAL_Data_Dictionary.pdf"", ""describedByType"": ""application/pdf"", ""downloadURL"": ""https://data.cms.gov/provider-data/sites/default/files/resources/fdc286f2f60134775fa4b7f7b249b075_1776974797/OQR_OAS_CAHPS_NATIONAL.csv"", ""mediaType"": ""text/csv""}], ""identifier"": ""s5pj-hua3"", ""issued"": ""2025-10-14"", ""keyword"": [""Ambulatory Surgical Center"", ""Outpatient"", ""Survey"", ""CAHPS"", ""National"", ""Surgery"", ""Outpatient Surgery""], ""landingPage"": ""https://data.cms.gov/provider-data/dataset/s5pj-hua3"", ""modified"": ""2026-04-21"", ""programCode"": [""009:000""], ""publisher"": {""@type"": ""org:Organization"", ""name"": ""Centers for Medicare & Medicaid Services (CMS)""}, ""released"": ""2026-05-13"", ""theme"": [""Hospitals""], ""title"": ""Outpatient and Ambulatory Surgery Consumer Assessment of Healthcare Providers and Systems (OAS CAHPS) survey for hospital outpatient departments - National""}"
yizn-abxn,Outpatient and Ambulatory Surgery Consumer Assessment of Healthcare Providers and Systems (OAS CAHPS) survey for hospital outpatient departments - Facility,2025-10-14,2026-05-13,2026-04-28,,https://data.cms.gov/provider-data/dataset/yizn-abxn,https://data.cms.gov/provider-data/sites/default/files/resources/9189f27bb8ab7a4ff8919bdc682bf79a_1777413956/OQR_OAS_CAHPS_BY_HOSPITAL.csv,Centers for Medicare & Medicaid Services (CMS),Ambulatory Surgical Center; Outpatient; Survey; CAHPS; Surgery; Outpatient Surgery,A list of hospital outpatient department ratings for the Outpatient and Ambulatory Surgery Consumer Assessment of Healthcare Providers and Systems (OAS CAHPS) survey. The OAS CAHPS survey collects information about patients' experiences of care in hospital outpatient departments (HOPDs) and ambulatory surgical centers (ASCs). The data are updated and reported each quarter with data from the most recently completed quarter replacing the oldest quarter of data.,"{""@type"": ""dcat:Dataset"", ""accessLevel"": ""public"", ""bureauCode"": [""009:38""], ""contactPoint"": {""@type"": ""vcard:Contact"", ""fn"": ""Hospital Compare"", ""hasURL"": ""https://cmsqualitysupport.servicenowservices.com/qnet_qa""}, ""description"": ""A list of hospital outpatient department ratings for the Outpatient and Ambulatory Surgery Consumer Assessment of Healthcare Providers and Systems (OAS CAHPS) survey. The OAS CAHPS survey collects information about patients' experiences of care in hospital outpatient departments (HOPDs) and ambulatory surgical centers (ASCs). The data are updated and reported each quarter with data from the most recently completed quarter replacing the oldest quarter of data."", ""distribution"": [{""@type"": ""dcat:Distribution"", ""describedBy"": ""https://data.cms.gov/provider-data/sites/default/files/data_dictionaries/hospital/HOSPITAL_Data_Dictionary.pdf"", ""describedByType"": ""application/pdf"", ""downloadURL"": ""https://data.cms.gov/provider-data/sites/default/files/resources/9189f27bb8ab7a4ff8919bdc682bf79a_1777413956/OQR_OAS_CAHPS_BY_HOSPITAL.csv"", ""mediaType"": ""text/csv""}], ""identifier"": ""yizn-abxn"", ""issued"": ""2025-10-14"", ""keyword"": [""Ambulatory Surgical Center"", ""Outpatient"", ""Survey"", ""CAHPS"", ""Surgery"", ""Outpatient Surgery""], ""landingPage"": ""https://data.cms.gov/provider-data/dataset/yizn-abxn"", ""modified"": ""2026-04-28"", ""programCode"": [""009:000""], ""publisher"": {""@type"": ""org:Organization"", ""name"": ""Centers for Medicare & Medicaid Services (CMS)""}, ""released"": ""2026-05-13"", ""theme"": [""Hospitals""], ""title"": ""Outpatient and Ambulatory Surgery Consumer Assessment of Healthcare Providers and Systems (OAS CAHPS) survey for hospital outpatient departments - Facility""}"
x663-bwbj,Outpatient and Ambulatory Surgery Consumer Assessment of Healthcare Providers and Systems (OAS CAHPS) survey for ambulatory surgical centers - State,2020-12-10,2026-05-13,2026-04-21,,https://data.cms.gov/provider-data/dataset/x663-bwbj,https://data.cms.gov/provider-data/sites/default/files/resources/f086b4b7fc9d628f08e70ade47dff3c5_1776974758/ASCQR_OAS_CAHPS_STATE.csv,Centers for Medicare & Medicaid Services (CMS),Ambulatory Surgical Center; Outpatient; Survey; CAHPS; State; Surgery; Outpatient Surgery,A list of the state averages for the OAS CAHPS survey responses. The OAS CAHPS survey collects information about patients' experiences of care in hospital outpatient departments (HOPDs) and ambulatory surgical centers (ASCs). The data are updated and reported each quarter with data from the most recently completed quarter replacing the oldest quarter of data.,"{""@type"": ""dcat:Dataset"", ""accessLevel"": ""public"", ""bureauCode"": [""009:38""], ""contactPoint"": {""@type"": ""vcard:Contact"", ""fn"": ""Hospital Compare"", ""hasURL"": ""https://cmsqualitysupport.servicenowservices.com/qnet_qa""}, ""description"": ""A list of the state averages for the OAS CAHPS survey responses. The OAS CAHPS survey collects information about patients' experiences of care in hospital outpatient departments (HOPDs) and ambulatory surgical centers (ASCs). The data are updated and reported each quarter with data from the most recently completed quarter replacing the oldest quarter of data."", ""distribution"": [{""@type"": ""dcat:Distribution"", ""describedBy"": ""https://data.cms.gov/provider-data/sites/default/files/data_dictionaries/hospital/HOSPITAL_Data_Dictionary.pdf"", ""describedByType"": ""application/pdf"", ""downloadURL"": ""https://data.cms.gov/provider-data/sites/default/files/resources/f086b4b7fc9d628f08e70ade47dff3c5_1776974758/ASCQR_OAS_CAHPS_STATE.csv"", ""mediaType"": ""text/csv""}], ""identifier"": ""x663-bwbj"", ""issued"": ""2020-12-10"", ""keyword"": [""Ambulatory Surgical Center"", ""Outpatient"", ""Survey"", ""CAHPS"", ""State"", ""Surgery"", ""Outpatient Surgery""], ""landingPage"": ""https://data.cms.gov/provider-data/dataset/x663-bwbj"", ""modified"": ""2026-04-21"", ""programCode"": [""009:000""], ""publisher"": {""@type"": ""org:Organization"", ""name"": ""Centers for Medicare & Medicaid Services (CMS)""}, ""released"": ""2026-05-13"", ""theme"": [""Hospitals""], ""title"": ""Outpatient and Ambulatory Surgery Consumer Assessment of Healthcare Providers and Systems (OAS CAHPS) survey for ambulatory surgical centers - State""}"
tf3h-mrrs,Outpatient and Ambulatory Surgery Consumer Assessment of Healthcare Providers and Systems (OAS CAHPS) survey for ambulatory surgical centers - National,2020-12-10,2026-05-13,2026-04-21,,https://data.cms.gov/provider-data/dataset/tf3h-mrrs,https://data.cms.gov/provider-data/sites/default/files/resources/65a38069cc48376e9f519a3609424537_1776974753/ASCQR_OAS_CAHPS_NATIONAL.csv,Centers for Medicare & Medicaid Services (CMS),Ambulatory Surgical Center; Outpatient; Survey; CAHPS; National; Surgery; Outpatient Surgery,The file contains the national average for the OAS CAHPS survey responses. The OAS CAHPS survey collects information about patients' experiences of care in hospital outpatient departments (HOPDs) and ambulatory surgical centers (ASCs). The data are updated and reported each quarter with data from the most recently completed quarter replacing the oldest quarter of data.,"{""@type"": ""dcat:Dataset"", ""accessLevel"": ""public"", ""bureauCode"": [""009:38""], ""contactPoint"": {""@type"": ""vcard:Contact"", ""fn"": ""Hospital Compare"", ""hasURL"": ""https://cmsqualitysupport.servicenowservices.com/qnet_qa""}, ""description"": ""The file contains the national average for the OAS CAHPS survey responses. The OAS CAHPS survey collects information about patients' experiences of care in hospital outpatient departments (HOPDs) and ambulatory surgical centers (ASCs). The data are updated and reported each quarter with data from the most recently completed quarter replacing the oldest quarter of data."", ""distribution"": [{""@type"": ""dcat:Distribution"", ""describedBy"": ""https://data.cms.gov/provider-data/sites/default/files/data_dictionaries/hospital/HOSPITAL_Data_Dictionary.pdf"", ""describedByType"": ""application/pdf"", ""downloadURL"": ""https://data.cms.gov/provider-data/sites/default/files/resources/65a38069cc48376e9f519a3609424537_1776974753/ASCQR_OAS_CAHPS_NATIONAL.csv"", ""mediaType"": ""text/csv""}], ""identifier"": ""tf3h-mrrs"", ""issued"": ""2020-12-10"", ""keyword"": [""Ambulatory Surgical Center"", ""Outpatient"", ""Survey"", ""CAHPS"", ""National"", ""Surgery"", ""Outpatient Surgery""], ""landingPage"": ""https://data.cms.gov/provider-data/dataset/tf3h-mrrs"", ""modified"": ""2026-04-21"", ""programCode"": [""009:000""], ""publisher"": {""@type"": ""org:Organization"", ""name"": ""Centers for Medicare & Medicaid Services (CMS)""}, ""released"": ""2026-05-13"", ""theme"": [""Hospitals""], ""title"": ""Outpatient and Ambulatory Surgery Consumer Assessment of Healthcare Providers and Systems (OAS CAHPS) survey for ambulatory surgical centers - National""}"
48nr-hqxx,Outpatient and Ambulatory Surgery Consumer Assessment of Healthcare Providers and Systems (OAS CAHPS) survey for ambulatory surgical centers - Facility,2023-07-05,2026-05-13,2026-04-21,,https://data.cms.gov/provider-data/dataset/48nr-hqxx,https://data.cms.gov/provider-data/sites/default/files/resources/8392b7d74209bb3dc54ff1b09635e733_1776974747/ASCQR_OAS_CAHPS_BY_ASC.csv,Centers for Medicare & Medicaid Services (CMS),Ambulatory Surgical Center; Outpatient; Survey; CAHPS; Surgery; Outpatient Surgery,A list of ambulatory surgical center ratings for the Outpatient and Ambulatory Surgery Consumer Assessment of Healthcare Providers and Systems (OAS CAHPS) survey. The OAS CAHPS survey collects information about patients' experiences of care in hospital outpatient departments (HOPDs) and ambulatory surgical centers (ASCs). The data are updated and reported each quarter with data from the most recently completed quarter replacing the oldest quarter of data.,"{""@type"": ""dcat:Dataset"", ""accessLevel"": ""public"", ""bureauCode"": [""009:38""], ""contactPoint"": {""@type"": ""vcard:Contact"", ""fn"": ""Hospital Compare"", ""hasURL"": ""https://cmsqualitysupport.servicenowservices.com/qnet_qa""}, ""description"": ""A list of ambulatory surgical center ratings for the Outpatient and Ambulatory Surgery Consumer Assessment of Healthcare Providers and Systems (OAS CAHPS) survey. The OAS CAHPS survey collects information about patients' experiences of care in hospital outpatient departments (HOPDs) and ambulatory surgical centers (ASCs). The data are updated and reported each quarter with data from the most recently completed quarter replacing the oldest quarter of data."", ""distribution"": [{""@type"": ""dcat:Distribution"", ""describedBy"": ""https://data.cms.gov/provider-data/sites/default/files/data_dictionaries/hospital/HOSPITAL_Data_Dictionary.pdf"", ""describedByType"": ""application/pdf"", ""downloadURL"": ""https://data.cms.gov/provider-data/sites/default/files/resources/8392b7d74209bb3dc54ff1b09635e733_1776974747/ASCQR_OAS_CAHPS_BY_ASC.csv"", ""mediaType"": ""text/csv""}], ""identifier"": ""48nr-hqxx"", ""issued"": ""2023-07-05"", ""keyword"": [""Ambulatory Surgical Center"", ""Outpatient"", ""Survey"", ""CAHPS"", ""Surgery"", ""Outpatient Surgery""], ""landingPage"": ""https://data.cms.gov/provider-data/dataset/48nr-hqxx"", ""modified"": ""2026-04-21"", ""programCode"": [""009:000""], ""publisher"": {""@type"": ""org:Organization"", ""name"": ""Centers for Medicare & Medicaid Services (CMS)""}, ""released"": ""2026-05-13"", ""theme"": [""Hospitals""], ""title"": ""Outpatient and Ambulatory Surgery Consumer Assessment of Healthcare Providers and Systems (OAS CAHPS) survey for ambulatory surgical centers - Facility""}"
if5v-4x48,Outpatient Imaging Efficiency - State,2020-12-10,2026-05-13,2026-04-21,,https://data.cms.gov/provider-data/dataset/if5v-4x48,https://data.cms.gov/provider-data/sites/default/files/resources/6fb7a772c39e34e630e7e97ec4887263_1776974853/Outpatient_Imaging_Efficiency-State.csv,Centers for Medicare & Medicaid Services (CMS),Outpatient; CT Scans; State,Use of medical imaging - state data. These measures give you information about hospitals' use of medical imaging tests for outpatients. Examples of medical imaging tests include CT scans and MRIs.,"{""@type"": ""dcat:Dataset"", ""accessLevel"": ""public"", ""bureauCode"": [""009:38""], ""contactPoint"": {""@type"": ""vcard:Contact"", ""fn"": ""Hospital Compare"", ""hasURL"": ""https://cmsqualitysupport.servicenowservices.com/qnet_qa""}, ""description"": ""Use of medical imaging - state data. These measures give you information about hospitals' use of medical imaging tests for outpatients. Examples of medical imaging tests include CT scans and MRIs."", ""distribution"": [{""@type"": ""dcat:Distribution"", ""describedBy"": ""https://data.cms.gov/provider-data/sites/default/files/data_dictionaries/hospital/HOSPITAL_Data_Dictionary.pdf"", ""describedByType"": ""application/pdf"", ""downloadURL"": ""https://data.cms.gov/provider-data/sites/default/files/resources/6fb7a772c39e34e630e7e97ec4887263_1776974853/Outpatient_Imaging_Efficiency-State.csv"", ""mediaType"": ""text/csv""}], ""identifier"": ""if5v-4x48"", ""issued"": ""2020-12-10"", ""keyword"": [""Outpatient"", ""CT Scans"", ""State""], ""landingPage"": ""https://data.cms.gov/provider-data/dataset/if5v-4x48"", ""modified"": ""2026-04-21"", ""programCode"": [""009:000""], ""publisher"": {""@type"": ""org:Organization"", ""name"": ""Centers for Medicare & Medicaid Services (CMS)""}, ""released"": ""2026-05-13"", ""theme"": [""Hospitals""], ""title"": ""Outpatient Imaging Efficiency - State""}"
di9i-zzrc,Outpatient Imaging Efficiency - National,2020-12-10,2026-05-13,2026-04-21,,https://data.cms.gov/provider-data/dataset/di9i-zzrc,https://data.cms.gov/provider-data/sites/default/files/resources/78172a595e76dc064ea87884c5aea1f8_1776974851/Outpatient_Imaging_Efficiency-National.csv,Centers for Medicare & Medicaid Services (CMS),Outpatient; CT Scans; National,Use of medical imaging - national data. These measures give you information about hospitals' use of medical imaging tests for outpatients. Examples of medical imaging tests include CT scans and MRIs.,"{""@type"": ""dcat:Dataset"", ""accessLevel"": ""public"", ""bureauCode"": [""009:38""], ""contactPoint"": {""@type"": ""vcard:Contact"", ""fn"": ""Hospital Compare"", ""hasURL"": ""https://cmsqualitysupport.servicenowservices.com/qnet_qa""}, ""description"": ""Use of medical imaging - national data. These measures give you information about hospitals' use of medical imaging tests for outpatients. Examples of medical imaging tests include CT scans and MRIs."", ""distribution"": [{""@type"": ""dcat:Distribution"", ""describedBy"": ""https://data.cms.gov/provider-data/sites/default/files/data_dictionaries/hospital/HOSPITAL_Data_Dictionary.pdf"", ""describedByType"": ""application/pdf"", ""downloadURL"": ""https://data.cms.gov/provider-data/sites/default/files/resources/78172a595e76dc064ea87884c5aea1f8_1776974851/Outpatient_Imaging_Efficiency-National.csv"", ""mediaType"": ""text/csv""}], ""identifier"": ""di9i-zzrc"", ""issued"": ""2020-12-10"", ""keyword"": [""Outpatient"", ""CT Scans"", ""National""], ""landingPage"": ""https://data.cms.gov/provider-data/dataset/di9i-zzrc"", ""modified"": ""2026-04-21"", ""programCode"": [""009:000""], ""publisher"": {""@type"": ""org:Organization"", ""name"": ""Centers for Medicare & Medicaid Services (CMS)""}, ""released"": ""2026-05-13"", ""theme"": [""Hospitals""], ""title"": ""Outpatient Imaging Efficiency - National""}"
wkfw-kthe,Outpatient Imaging Efficiency - Hospital,2023-07-05,2026-05-13,2026-04-28,,https://data.cms.gov/provider-data/dataset/wkfw-kthe,https://data.cms.gov/provider-data/sites/default/files/resources/d0134a9a89e59d49426cf5a2ad063b60_1777413963/Outpatient_Imaging_Efficiency-Hospital.csv,Centers for Medicare & Medicaid Services (CMS),Outpatient; CT Scans,Use of medical imaging - provider data. These measures give you information about hospitals' use of medical imaging tests for outpatients. Examples of medical imaging tests include CT scans and MRIs.,"{""@type"": ""dcat:Dataset"", ""accessLevel"": ""public"", ""bureauCode"": [""009:38""], ""contactPoint"": {""@type"": ""vcard:Contact"", ""fn"": ""Hospital Compare"", ""hasURL"": ""https://cmsqualitysupport.servicenowservices.com/qnet_qa""}, ""description"": ""Use of medical imaging - provider data. These measures give you information about hospitals' use of medical imaging tests for outpatients. Examples of medical imaging tests include CT scans and MRIs."", ""distribution"": [{""@type"": ""dcat:Distribution"", ""describedBy"": ""https://data.cms.gov/provider-data/sites/default/files/data_dictionaries/hospital/HOSPITAL_Data_Dictionary.pdf"", ""describedByType"": ""application/pdf"", ""downloadURL"": ""https://data.cms.gov/provider-data/sites/default/files/resources/d0134a9a89e59d49426cf5a2ad063b60_1777413963/Outpatient_Imaging_Efficiency-Hospital.csv"", ""mediaType"": ""text/csv""}], ""identifier"": ""wkfw-kthe"", ""issued"": ""2023-07-05"", ""keyword"": [""Outpatient"", ""CT Scans""], ""landingPage"": ""https://data.cms.gov/provider-data/dataset/wkfw-kthe"", ""modified"": ""2026-04-28"", ""programCode"": [""009:000""], ""publisher"": {""@type"": ""org:Organization"", ""name"": ""Centers for Medicare & Medicaid Services (CMS)""}, ""released"": ""2026-05-13"", ""theme"": [""Hospitals""], ""title"": ""Outpatient Imaging Efficiency - Hospital""}"
rs6n-9qwg,Medicare Spending Per Beneficiary - State,2023-07-05,2026-05-13,2026-04-21,,https://data.cms.gov/provider-data/dataset/rs6n-9qwg,https://data.cms.gov/provider-data/sites/default/files/resources/b53c8e7d24557eb1e898557e4c7d7484_1776974847/Medicare_Hospital_Spending_Per_Patient-State.csv,Centers for Medicare & Medicaid Services (CMS),Medicare Spending per Beneficiary; State,"The Medicare Spending Per Beneficiary (MSPB) Measure shows whether Medicare spends more, less, or about the same for an episode of care (episode) at a specific hospital compared to all hospitals nationally. An MSPB episode includes Medicare Part A and Part B payments for services provided by hospitals and other healthcare providers the 3 days prior to, during, and 30 days following a patient's inpatient stay. This measure evaluates hospitals' costs compared to the costs of the national median (or midpoint) hospital. This measure takes into account important factors like patient age and health status (risk adjustment) and geographic payment differences (payment-standardization). The data displayed here are the average measures for each state.","{""@type"": ""dcat:Dataset"", ""accessLevel"": ""public"", ""bureauCode"": [""009:38""], ""contactPoint"": {""@type"": ""vcard:Contact"", ""fn"": ""Hospital Compare"", ""hasURL"": ""https://cmsqualitysupport.servicenowservices.com/qnet_qa""}, ""description"": ""The Medicare Spending Per Beneficiary (MSPB) Measure shows whether Medicare spends more, less, or about the same for an episode of care (episode) at a specific hospital compared to all hospitals nationally. An MSPB episode includes Medicare Part A and Part B payments for services provided by hospitals and other healthcare providers the 3 days prior to, during, and 30 days following a patient's inpatient stay. This measure evaluates hospitals' costs compared to the costs of the national median (or midpoint) hospital. This measure takes into account important factors like patient age and health status (risk adjustment) and geographic payment differences (payment-standardization). The data displayed here are the average measures for each state."", ""distribution"": [{""@type"": ""dcat:Distribution"", ""describedBy"": ""https://data.cms.gov/provider-data/sites/default/files/data_dictionaries/hospital/HOSPITAL_Data_Dictionary.pdf"", ""describedByType"": ""application/pdf"", ""downloadURL"": ""https://data.cms.gov/provider-data/sites/default/files/resources/b53c8e7d24557eb1e898557e4c7d7484_1776974847/Medicare_Hospital_Spending_Per_Patient-State.csv"", ""mediaType"": ""text/csv""}], ""identifier"": ""rs6n-9qwg"", ""issued"": ""2023-07-05"", ""keyword"": [""Medicare Spending per Beneficiary"", ""State""], ""landingPage"": ""https://data.cms.gov/provider-data/dataset/rs6n-9qwg"", ""modified"": ""2026-04-21"", ""programCode"": [""009:000""], ""publisher"": {""@type"": ""org:Organization"", ""name"": ""Centers for Medicare & Medicaid Services (CMS)""}, ""released"": ""2026-05-13"", ""theme"": [""Hospitals""], ""title"": ""Medicare Spending Per Beneficiary - State""}"
3n5g-6b7f,Medicare Spending Per Beneficiary - National,2020-12-10,2026-05-13,2026-04-21,,https://data.cms.gov/provider-data/dataset/3n5g-6b7f,https://data.cms.gov/provider-data/sites/default/files/resources/ff15a8451b83ebc70b85a5c0e870a751_1776974845/Medicare_Hospital_Spending_Per_Patient-National.csv,Centers for Medicare & Medicaid Services (CMS),Medicare Spending per Beneficiary; National,"The Medicare Spending Per Beneficiary (MSPB) Measure shows whether Medicare spends more, less, or about the same for an episode of care (episode) at a specific hospital compared to all hospitals nationally. An MSPB episode includes Medicare Part A and Part B payments for services provided by hospitals and other healthcare providers the 3 days prior to, during, and 30 days following a patient's inpatient stay. This measure evaluates hospitals' costs compared to the costs of the national median (or midpoint) hospital. This measure takes into account important factors like patient age and health status (risk adjustment) and geographic payment differences (payment-standardization). The numbers displayed here are: 1) the average MSPB measure for the nation; and 2) the national episode-weighted median MSPB amount used as the denominator in the calculation of each hospital's MSPB measure.","{""@type"": ""dcat:Dataset"", ""accessLevel"": ""public"", ""bureauCode"": [""009:38""], ""contactPoint"": {""@type"": ""vcard:Contact"", ""fn"": ""Hospital Compare"", ""hasURL"": ""https://cmsqualitysupport.servicenowservices.com/qnet_qa""}, ""description"": ""The Medicare Spending Per Beneficiary (MSPB) Measure shows whether Medicare spends more, less, or about the same for an episode of care (episode) at a specific hospital compared to all hospitals nationally. An MSPB episode includes Medicare Part A and Part B payments for services provided by hospitals and other healthcare providers the 3 days prior to, during, and 30 days following a patient's inpatient stay. This measure evaluates hospitals' costs compared to the costs of the national median (or midpoint) hospital. This measure takes into account important factors like patient age and health status (risk adjustment) and geographic payment differences (payment-standardization). The numbers displayed here are: 1) the average MSPB measure for the nation; and 2) the national episode-weighted median MSPB amount used as the denominator in the calculation of each hospital's MSPB measure."", ""distribution"": [{""@type"": ""dcat:Distribution"", ""describedBy"": ""https://data.cms.gov/provider-data/sites/default/files/data_dictionaries/hospital/HOSPITAL_Data_Dictionary.pdf"", ""describedByType"": ""application/pdf"", ""downloadURL"": ""https://data.cms.gov/provider-data/sites/default/files/resources/ff15a8451b83ebc70b85a5c0e870a751_1776974845/Medicare_Hospital_Spending_Per_Patient-National.csv"", ""mediaType"": ""text/csv""}], ""identifier"": ""3n5g-6b7f"", ""issued"": ""2020-12-10"", ""keyword"": [""Medicare Spending per Beneficiary"", ""National""], ""landingPage"": ""https://data.cms.gov/provider-data/dataset/3n5g-6b7f"", ""modified"": ""2026-04-21"", ""programCode"": [""009:000""], ""publisher"": {""@type"": ""org:Organization"", ""name"": ""Centers for Medicare & Medicaid Services (CMS)""}, ""released"": ""2026-05-13"", ""theme"": [""Hospitals""], ""title"": ""Medicare Spending Per Beneficiary - National""}"
5hk7-b79m,Medicare Spending Per Beneficiary - Hospital Additional Decimal Places,2020-12-10,2026-05-13,2026-01-26,,https://data.cms.gov/provider-data/dataset/5hk7-b79m,https://data.cms.gov/provider-data/sites/default/files/resources/500f70bcb6c65433c00a96af0e0c0430_1770163607/HOSPITAL_QUARTERLY_MSPB_6_DECIMALS.csv,Centers for Medicare & Medicaid Services (CMS),Medicare Spending per Beneficiary,"The Medicare Spending Per Beneficiary (MSPB) Measure shows whether Medicare spends more, less, or about the same for an episode of care (episode) at a specific hospital compared to all hospitals nationally. An MSPB episode includes Medicare Part A and Part B payments for services provided by hospitals and other healthcare providers the 3 days prior to, during, and 30 days following a patient's inpatient stay. This measure evaluates hospitals' costs compared to the costs of the national median (or midpoint) hospital. This measure takes into account important factors like patient age and health status (risk adjustment) and geographic payment differences (payment-standardization). The data displayed here are identical to the data displayed in the Medicare Spending per Beneficiary file, except that this file displays hospitals measure values out to six decimal places instead of two decimal places. The Medicare Spending per Beneficiary file additionally reflects quarterly changes to the provider population such as the opening or closure of hospitals.","{""@type"": ""dcat:Dataset"", ""accessLevel"": ""public"", ""bureauCode"": [""009:38""], ""contactPoint"": {""@type"": ""vcard:Contact"", ""fn"": ""Hospital Compare"", ""hasURL"": ""https://cmsqualitysupport.servicenowservices.com/qnet_qa""}, ""description"": ""The Medicare Spending Per Beneficiary (MSPB) Measure shows whether Medicare spends more, less, or about the same for an episode of care (episode) at a specific hospital compared to all hospitals nationally. An MSPB episode includes Medicare Part A and Part B payments for services provided by hospitals and other healthcare providers the 3 days prior to, during, and 30 days following a patient's inpatient stay. This measure evaluates hospitals' costs compared to the costs of the national median (or midpoint) hospital. This measure takes into account important factors like patient age and health status (risk adjustment) and geographic payment differences (payment-standardization). The data displayed here are identical to the data displayed in the Medicare Spending per Beneficiary file, except that this file displays hospitals measure values out to six decimal places instead of two decimal places. The Medicare Spending per Beneficiary file additionally reflects quarterly changes to the provider population such as the opening or closure of hospitals."", ""distribution"": [{""@type"": ""dcat:Distribution"", ""describedBy"": ""https://data.cms.gov/provider-data/sites/default/files/data_dictionaries/hospital/HOSPITAL_Data_Dictionary.pdf"", ""describedByType"": ""application/pdf"", ""downloadURL"": ""https://data.cms.gov/provider-data/sites/default/files/resources/500f70bcb6c65433c00a96af0e0c0430_1770163607/HOSPITAL_QUARTERLY_MSPB_6_DECIMALS.csv"", ""mediaType"": ""text/csv""}], ""identifier"": ""5hk7-b79m"", ""issued"": ""2020-12-10"", ""keyword"": [""Medicare Spending per Beneficiary""], ""landingPage"": ""https://data.cms.gov/provider-data/dataset/5hk7-b79m"", ""modified"": ""2026-01-26"", ""programCode"": [""009:000""], ""publisher"": {""@type"": ""org:Organization"", ""name"": ""Centers for Medicare & Medicaid Services (CMS)""}, ""released"": ""2026-05-13"", ""theme"": [""Hospitals""], ""title"": ""Medicare Spending Per Beneficiary - Hospital Additional Decimal Places""}"
rrqw-56er,Medicare Spending Per Beneficiary - Hospital,2020-12-10,2026-05-13,2026-04-28,,https://data.cms.gov/provider-data/dataset/rrqw-56er,https://data.cms.gov/provider-data/sites/default/files/resources/69874ce604586980ac088283c1b35095_1777413962/Medicare_Hospital_Spending_Per_Patient-Hospital.csv,Centers for Medicare & Medicaid Services (CMS),Medicare Spending per Beneficiary,"The Medicare Spending Per Beneficiary (MSPB) Measure shows whether Medicare spends more, less, or about the same for an episode of care (episode) at a specific hospital compared to all hospitals nationally. An MSPB episode includes Medicare Part A and Part B payments for services provided by hospitals and other healthcare providers the 3 days prior to, during, and 30 days following a patient's inpatient stay. This measure evaluates hospitals' costs compared to the costs of the national median (or midpoint) hospital. This measure takes into account important factors like patient age and health status (risk adjustment) and geographic payment differences (payment-standardization).","{""@type"": ""dcat:Dataset"", ""accessLevel"": ""public"", ""bureauCode"": [""009:38""], ""contactPoint"": {""@type"": ""vcard:Contact"", ""fn"": ""Hospital Compare"", ""hasURL"": ""https://cmsqualitysupport.servicenowservices.com/qnet_qa""}, ""description"": ""The Medicare Spending Per Beneficiary (MSPB) Measure shows whether Medicare spends more, less, or about the same for an episode of care (episode) at a specific hospital compared to all hospitals nationally. An MSPB episode includes Medicare Part A and Part B payments for services provided by hospitals and other healthcare providers the 3 days prior to, during, and 30 days following a patient's inpatient stay. This measure evaluates hospitals' costs compared to the costs of the national median (or midpoint) hospital. This measure takes into account important factors like patient age and health status (risk adjustment) and geographic payment differences (payment-standardization)."", ""distribution"": [{""@type"": ""dcat:Distribution"", ""describedBy"": ""https://data.cms.gov/provider-data/sites/default/files/data_dictionaries/hospital/HOSPITAL_Data_Dictionary.pdf"", ""describedByType"": ""application/pdf"", ""downloadURL"": ""https://data.cms.gov/provider-data/sites/default/files/resources/69874ce604586980ac088283c1b35095_1777413962/Medicare_Hospital_Spending_Per_Patient-Hospital.csv"", ""mediaType"": ""text/csv""}], ""identifier"": ""rrqw-56er"", ""issued"": ""2020-12-10"", ""keyword"": [""Medicare Spending per Beneficiary""], ""landingPage"": ""https://data.cms.gov/provider-data/dataset/rrqw-56er"", ""modified"": ""2026-04-28"", ""programCode"": [""009:000""], ""publisher"": {""@type"": ""org:Organization"", ""name"": ""Centers for Medicare & Medicaid Services (CMS)""}, ""released"": ""2026-05-13"", ""theme"": [""Hospitals""], ""title"": ""Medicare Spending Per Beneficiary - Hospital""}"
nrth-mfg3,Medicare Hospital Spending by Claim,2020-12-10,2026-05-13,2026-01-26,,https://data.cms.gov/provider-data/dataset/nrth-mfg3,https://data.cms.gov/provider-data/sites/default/files/resources/1f8cde9e222d5d49f88a894bcf7a8981_1770163638/Medicare_Hospital_Spending_by_Claim.csv,Centers for Medicare & Medicaid Services (CMS),Medicare Spending per Beneficiary,"The data displayed here describes average spending levels during hospitals' Medicare Spending Per Beneficiary (MSPB) episodes by Medicare claim type. The data presented provide price-standardized, non-risk-adjusted values for hospital spending by claim type because risk adjustment is done at the episode level rather than at the service category/claim level. An MSPB episode includes all Medicare Part A and Part B claims paid during the period from 3 days prior to an inpatient hospital admission through 30 days after discharge.","{""@type"": ""dcat:Dataset"", ""accessLevel"": ""public"", ""bureauCode"": [""009:38""], ""contactPoint"": {""@type"": ""vcard:Contact"", ""fn"": ""Hospital Compare"", ""hasURL"": ""https://cmsqualitysupport.servicenowservices.com/qnet_qa""}, ""description"": ""The data displayed here describes average spending levels during hospitals' Medicare Spending Per Beneficiary (MSPB) episodes by Medicare claim type. The data presented provide price-standardized, non-risk-adjusted values for hospital spending by claim type because risk adjustment is done at the episode level rather than at the service category/claim level. An MSPB episode includes all Medicare Part A and Part B claims paid during the period from 3 days prior to an inpatient hospital admission through 30 days after discharge."", ""distribution"": [{""@type"": ""dcat:Distribution"", ""describedBy"": ""https://data.cms.gov/provider-data/sites/default/files/data_dictionaries/hospital/HOSPITAL_Data_Dictionary.pdf"", ""describedByType"": ""application/pdf"", ""downloadURL"": ""https://data.cms.gov/provider-data/sites/default/files/resources/1f8cde9e222d5d49f88a894bcf7a8981_1770163638/Medicare_Hospital_Spending_by_Claim.csv"", ""mediaType"": ""text/csv""}], ""identifier"": ""nrth-mfg3"", ""issued"": ""2020-12-10"", ""keyword"": [""Medicare Spending per Beneficiary""], ""landingPage"": ""https://data.cms.gov/provider-data/dataset/nrth-mfg3"", ""modified"": ""2026-01-26"", ""programCode"": [""009:000""], ""publisher"": {""@type"": ""org:Organization"", ""name"": ""Centers for Medicare & Medicaid Services (CMS)""}, ""released"": ""2026-05-13"", ""theme"": [""Hospitals""], ""title"": ""Medicare Hospital Spending by Claim""}"
4j6d-yzce,Measure Dates,2020-12-10,2026-05-13,2026-04-21,,https://data.cms.gov/provider-data/dataset/4j6d-yzce,https://data.cms.gov/provider-data/sites/default/files/resources/633113381312e1fa86c8e0ba8b14ed0f_1776974840/Measure_Dates.csv,Centers for Medicare & Medicaid Services (CMS),Data Collection Period; Reporting Period,Data Collection Periods for all measures.,"{""@type"": ""dcat:Dataset"", ""accessLevel"": ""public"", ""bureauCode"": [""009:38""], ""contactPoint"": {""@type"": ""vcard:Contact"", ""fn"": ""Hospital Compare"", ""hasURL"": ""https://cmsqualitysupport.servicenowservices.com/qnet_qa""}, ""description"": ""Data Collection Periods for all measures."", ""distribution"": [{""@type"": ""dcat:Distribution"", ""describedBy"": ""https://data.cms.gov/provider-data/sites/default/files/data_dictionaries/hospital/HOSPITAL_Data_Dictionary.pdf"", ""describedByType"": ""application/pdf"", ""downloadURL"": ""https://data.cms.gov/provider-data/sites/default/files/resources/633113381312e1fa86c8e0ba8b14ed0f_1776974840/Measure_Dates.csv"", ""mediaType"": ""text/csv""}], ""identifier"": ""4j6d-yzce"", ""issued"": ""2020-12-10"", ""keyword"": [""Data Collection Period"", ""Reporting Period""], ""landingPage"": ""https://data.cms.gov/provider-data/dataset/4j6d-yzce"", ""modified"": ""2026-04-21"", ""programCode"": [""009:000""], ""publisher"": {""@type"": ""org:Organization"", ""name"": ""Centers for Medicare & Medicaid Services (CMS)""}, ""released"": ""2026-05-13"", ""theme"": [""Hospitals""], ""title"": ""Measure Dates""}"
nrdb-3fcy,Maternal Health - Hospital,2023-07-05,2026-05-13,2026-04-28,,https://data.cms.gov/provider-data/dataset/nrdb-3fcy,https://data.cms.gov/provider-data/sites/default/files/resources/5a4754b088fdb10d2ae278ef215925a7_1777413969/Maternal_Health-Hospital.csv,Centers for Medicare & Medicaid Services (CMS),Maternal Health; Structural Measure,"These measures are intended to drive improvements in maternal health. By providing care to pregnant women that follows best practices that advance health care quality, safety, and equity, hospitals and doctors can improve chances for a safe delivery and a healthy baby.","{""@type"": ""dcat:Dataset"", ""accessLevel"": ""public"", ""bureauCode"": [""009:38""], ""contactPoint"": {""@type"": ""vcard:Contact"", ""fn"": ""Hospital Compare"", ""hasURL"": ""https://cmsqualitysupport.servicenowservices.com/qnet_qa""}, ""description"": ""These measures are intended to drive improvements in maternal health. By providing care to pregnant women that follows best practices that advance health care quality, safety, and equity, hospitals and doctors can improve chances for a safe delivery and a healthy baby."", ""distribution"": [{""@type"": ""dcat:Distribution"", ""describedBy"": ""https://data.cms.gov/provider-data/sites/default/files/data_dictionaries/hospital/HOSPITAL_Data_Dictionary.pdf"", ""describedByType"": ""application/pdf"", ""downloadURL"": ""https://data.cms.gov/provider-data/sites/default/files/resources/5a4754b088fdb10d2ae278ef215925a7_1777413969/Maternal_Health-Hospital.csv"", ""mediaType"": ""text/csv""}], ""identifier"": ""nrdb-3fcy"", ""issued"": ""2023-07-05"", ""keyword"": [""Maternal Health"", ""Structural Measure""], ""landingPage"": ""https://data.cms.gov/provider-data/dataset/nrdb-3fcy"", ""modified"": ""2026-04-28"", ""programCode"": [""009:000""], ""publisher"": {""@type"": ""org:Organization"", ""name"": ""Centers for Medicare & Medicaid Services (CMS)""}, ""released"": ""2026-05-13"", ""theme"": [""Hospitals""], ""title"": ""Maternal Health - Hospital""}"
dc76-gh7x,Inpatient Psychiatric Facility Quality Measure Data - by State,2025-07-16,2026-05-13,2026-04-21,,https://data.cms.gov/provider-data/dataset/dc76-gh7x,https://data.cms.gov/provider-data/sites/default/files/resources/aaf5b6168e889e217580d86b5c443c6d_1776974838/IPFQR_QualityMeasures_State.csv,Centers for Medicare & Medicaid Services (CMS),Inpatient Psychiatric Facility Quality Reporting; Psychiatric; State,"This dataset includes state-level data for quality measures included under the IPFQR program, including HBIPS, SUB, TOB, Transition Record (TR), Screening for Metabolic Disorders (SMD), FAPH, IMM, Readmissions (READM), and Medication Continuation (MedCont, formerly known as MedCoPsy). Psychiatric facilities that are eligible for the Inpatient Psychiatric Facility Quality Reporting (IPFQR) program are required to meet all program requirements, otherwise their Medicare payments may be reduced.","{""@type"": ""dcat:Dataset"", ""accessLevel"": ""public"", ""bureauCode"": [""009:38""], ""contactPoint"": {""@type"": ""vcard:Contact"", ""fn"": ""Hospital Compare"", ""hasURL"": ""https://cmsqualitysupport.servicenowservices.com/qnet_qa""}, ""description"": ""This dataset includes state-level data for quality measures included under the IPFQR program, including HBIPS, SUB, TOB, Transition Record (TR), Screening for Metabolic Disorders (SMD), FAPH, IMM, Readmissions (READM), and Medication Continuation (MedCont, formerly known as MedCoPsy). Psychiatric facilities that are eligible for the Inpatient Psychiatric Facility Quality Reporting (IPFQR) program are required to meet all program requirements, otherwise their Medicare payments may be reduced. "", ""distribution"": [{""@type"": ""dcat:Distribution"", ""describedBy"": ""https://data.cms.gov/provider-data/sites/default/files/data_dictionaries/hospital/HOSPITAL_Data_Dictionary.pdf"", ""describedByType"": ""application/pdf"", ""downloadURL"": ""https://data.cms.gov/provider-data/sites/default/files/resources/aaf5b6168e889e217580d86b5c443c6d_1776974838/IPFQR_QualityMeasures_State.csv"", ""mediaType"": ""text/csv""}], ""identifier"": ""dc76-gh7x"", ""issued"": ""2025-07-16"", ""keyword"": [""Inpatient Psychiatric Facility Quality Reporting"", ""Psychiatric"", ""State""], ""landingPage"": ""https://data.cms.gov/provider-data/dataset/dc76-gh7x"", ""modified"": ""2026-04-21"", ""programCode"": [""009:000""], ""publisher"": {""@type"": ""org:Organization"", ""name"": ""Centers for Medicare & Medicaid Services (CMS)""}, ""released"": ""2026-05-13"", ""theme"": [""Hospitals""], ""title"": ""Inpatient Psychiatric Facility Quality Measure Data - by State""}"
q9vs-r7wp,Inpatient Psychiatric Facility Quality Measure Data - by Facility,2025-07-16,2026-05-13,2026-04-28,,https://data.cms.gov/provider-data/dataset/q9vs-r7wp,https://data.cms.gov/provider-data/sites/default/files/resources/e56cdbea2d002358610ebdb957cb35de_1777413960/IPFQR_QualityMeasures_Facility.csv,Centers for Medicare & Medicaid Services (CMS),Inpatient Psychiatric Facility Quality Reporting; Psychiatric,"This dataset includes provider-level data for quality measures included under the IPFQR program, including HBIPS, SUB, TOB, Transition Record (TR), Screening for Metabolic Disorders (SMD), FAPH, IMM, Readmissions (READM), and Medication Continuation (MedCont, formerly known as MedCoPsy). Psychiatric facilities that are eligible for the Inpatient Psychiatric Facility Quality Reporting (IPFQR) program are required to meet all program requirements, otherwise their Medicare payments may be reduced.","{""@type"": ""dcat:Dataset"", ""accessLevel"": ""public"", ""bureauCode"": [""009:38""], ""contactPoint"": {""@type"": ""vcard:Contact"", ""fn"": ""Hospital Compare"", ""hasURL"": ""https://cmsqualitysupport.servicenowservices.com/qnet_qa""}, ""description"": ""This dataset includes provider-level data for quality measures included under the IPFQR program, including HBIPS, SUB, TOB, Transition Record (TR), Screening for Metabolic Disorders (SMD), FAPH, IMM, Readmissions (READM), and Medication Continuation (MedCont, formerly known as MedCoPsy). Psychiatric facilities that are eligible for the Inpatient Psychiatric Facility Quality Reporting (IPFQR) program are required to meet all program requirements, otherwise their Medicare payments may be reduced. "", ""distribution"": [{""@type"": ""dcat:Distribution"", ""describedBy"": ""https://data.cms.gov/provider-data/sites/default/files/data_dictionaries/hospital/HOSPITAL_Data_Dictionary.pdf"", ""describedByType"": ""application/pdf"", ""downloadURL"": ""https://data.cms.gov/provider-data/sites/default/files/resources/e56cdbea2d002358610ebdb957cb35de_1777413960/IPFQR_QualityMeasures_Facility.csv"", ""mediaType"": ""text/csv""}], ""identifier"": ""q9vs-r7wp"", ""issued"": ""2025-07-16"", ""keyword"": [""Inpatient Psychiatric Facility Quality Reporting"", ""Psychiatric""], ""landingPage"": ""https://data.cms.gov/provider-data/dataset/q9vs-r7wp"", ""modified"": ""2026-04-28"", ""programCode"": [""009:000""], ""publisher"": {""@type"": ""org:Organization"", ""name"": ""Centers for Medicare & Medicaid Services (CMS)""}, ""released"": ""2026-05-13"", ""theme"": [""Hospitals""], ""title"": ""Inpatient Psychiatric Facility Quality Measure Data - by Facility""}"
s5xg-sys6,Inpatient Psychiatric Facility Quality Measure Data - National,2025-07-16,2026-05-13,2026-04-21,,https://data.cms.gov/provider-data/dataset/s5xg-sys6,https://data.cms.gov/provider-data/sites/default/files/resources/463e16600bec8c0aeb75ebfaef253ab7_1776974836/IPFQR_QualityMeasures_National.csv,Centers for Medicare & Medicaid Services (CMS),Inpatient Psychiatric Facility Quality Reporting; Psychiatric; National,"This dataset includes national-level data for quality measures included under the IPFQR program, including HBIPS, SUB, TOB, Transition Record (TR), Screening for Metabolic Disorders (SMD), FAPH, IMM, Readmissions (READM), and Medication Continuation (MedCont, formerly known as MedCoPsy). Psychiatric facilities that are eligible for the Inpatient Psychiatric Facility Quality Reporting (IPFQR) program are required to meet all program requirements, otherwise their Medicare payments may be reduced.","{""@type"": ""dcat:Dataset"", ""accessLevel"": ""public"", ""bureauCode"": [""009:38""], ""contactPoint"": {""@type"": ""vcard:Contact"", ""fn"": ""Hospital Compare"", ""hasURL"": ""https://cmsqualitysupport.servicenowservices.com/qnet_qa""}, ""description"": ""This dataset includes national-level data for quality measures included under the IPFQR program, including HBIPS, SUB, TOB, Transition Record (TR), Screening for Metabolic Disorders (SMD), FAPH, IMM, Readmissions (READM), and Medication Continuation (MedCont, formerly known as MedCoPsy). Psychiatric facilities that are eligible for the Inpatient Psychiatric Facility Quality Reporting (IPFQR) program are required to meet all program requirements, otherwise their Medicare payments may be reduced. "", ""distribution"": [{""@type"": ""dcat:Distribution"", ""describedBy"": ""https://data.cms.gov/provider-data/sites/default/files/data_dictionaries/hospital/HOSPITAL_Data_Dictionary.pdf"", ""describedByType"": ""application/pdf"", ""downloadURL"": ""https://data.cms.gov/provider-data/sites/default/files/resources/463e16600bec8c0aeb75ebfaef253ab7_1776974836/IPFQR_QualityMeasures_National.csv"", ""mediaType"": ""text/csv""}], ""identifier"": ""s5xg-sys6"", ""issued"": ""2025-07-16"", ""keyword"": [""Inpatient Psychiatric Facility Quality Reporting"", ""Psychiatric"", ""National""], ""landingPage"": ""https://data.cms.gov/provider-data/dataset/s5xg-sys6"", ""modified"": ""2026-04-21"", ""programCode"": [""009:000""], ""publisher"": {""@type"": ""org:Organization"", ""name"": ""Centers for Medicare & Medicaid Services (CMS)""}, ""released"": ""2026-05-13"", ""theme"": [""Hospitals""], ""title"": ""Inpatient Psychiatric Facility Quality Measure Data - National""}"
yq43-i98g,Hospital-Acquired Condition (HAC) Reduction Program,2024-01-08,2026-05-13,2026-01-26,,https://data.cms.gov/provider-data/dataset/yq43-i98g,https://data.cms.gov/provider-data/sites/default/files/resources/74be67fd6833391f578abb5605d03ce6_1770163605/FY_2026_HAC_Reduction_Program_Hospital.csv,Centers for Medicare & Medicaid Services (CMS),PSI; Complications; Hospital-Acquired Condition; Healthcare Associated Infections; Surgical Site Infections; MRSA; Catheter Associated Urinary Tract Infections; Central Line Associated Blood Stream Infections; C.Difficile,"Hospital-Acquired Condition (HAC) Reduction Program (HACRP) - In October 2014, CMS began reducing Medicare fee-for-service payments for subsection (d) hospitals that rank in the worst-performing quartile with respect to hospital-acquired condition (HAC) quality measures. Hospitals with a Total HAC Score above the 75th percentile of the Total HAC Score distribution will be subject to a 1-percent payment reduction. This table contains hospitals' measure and Total HAC scores. The Total HAC Score is calculated as the equally weighted average of hospitals' individual measure scores.","{""@type"": ""dcat:Dataset"", ""accessLevel"": ""public"", ""bureauCode"": [""009:38""], ""contactPoint"": {""@type"": ""vcard:Contact"", ""fn"": ""Hospital Compare"", ""hasURL"": ""https://cmsqualitysupport.servicenowservices.com/qnet_qa""}, ""description"": ""Hospital-Acquired Condition (HAC) Reduction Program (HACRP) - In October 2014, CMS began reducing Medicare fee-for-service payments for subsection (d) hospitals that rank in the worst-performing quartile with respect to hospital-acquired condition (HAC) quality measures. Hospitals with a Total HAC Score above the 75th percentile of the Total HAC Score distribution will be subject to a 1-percent payment reduction. This table contains hospitals' measure and Total HAC scores. The Total HAC Score is calculated as the equally weighted average of hospitals' individual measure scores."", ""distribution"": [{""@type"": ""dcat:Distribution"", ""describedBy"": ""https://data.cms.gov/provider-data/sites/default/files/data_dictionaries/hospital/HOSPITAL_Data_Dictionary.pdf"", ""describedByType"": ""application/pdf"", ""downloadURL"": ""https://data.cms.gov/provider-data/sites/default/files/resources/74be67fd6833391f578abb5605d03ce6_1770163605/FY_2026_HAC_Reduction_Program_Hospital.csv"", ""mediaType"": ""text/csv""}], ""identifier"": ""yq43-i98g"", ""issued"": ""2024-01-08"", ""keyword"": [""PSI"", ""Complications"", ""Hospital-Acquired Condition"", ""Healthcare Associated Infections"", ""Surgical Site Infections"", ""MRSA"", ""Catheter Associated Urinary Tract Infections"", ""Central Line Associated Blood Stream Infections"", ""C.Difficile""], ""landingPage"": ""https://data.cms.gov/provider-data/dataset/yq43-i98g"", ""modified"": ""2026-01-26"", ""programCode"": [""009:000""], ""publisher"": {""@type"": ""org:Organization"", ""name"": ""Centers for Medicare & Medicaid Services (CMS)""}, ""released"": ""2026-05-13"", ""theme"": [""Hospitals""], ""title"": ""Hospital-Acquired Condition (HAC) Reduction Program""}"
ypbt-wvdk,Hospital Value-Based Purchasing (HVBP) - Total Performance Score,2023-07-05,2026-05-13,2026-01-26,,https://data.cms.gov/provider-data/dataset/ypbt-wvdk,https://data.cms.gov/provider-data/sites/default/files/resources/5551d4839c1dd75e3f7fe1310a1e2369_1770163628/hvbp_tps.csv,Centers for Medicare & Medicaid Services (CMS),Value Based Purchasing; Linking Quality to Payment; Total Performance Score; Achievement; Performance; Efficiency and Cost Reduction Domain; Efficiency; Clinical Outcomes; CAHPS; Patient Experience of Care,A list of hospitals participating in the FY 2026 Hospital VBP Program and their domain scores and Total Performance Scores.,"{""@type"": ""dcat:Dataset"", ""accessLevel"": ""public"", ""bureauCode"": [""009:38""], ""contactPoint"": {""@type"": ""vcard:Contact"", ""fn"": ""Hospital Compare"", ""hasURL"": ""https://cmsqualitysupport.servicenowservices.com/qnet_qa""}, ""description"": ""A list of hospitals participating in the FY 2026 Hospital VBP Program and their domain scores and Total Performance Scores."", ""distribution"": [{""@type"": ""dcat:Distribution"", ""describedBy"": ""https://data.cms.gov/provider-data/sites/default/files/data_dictionaries/hospital/HOSPITAL_Data_Dictionary.pdf"", ""describedByType"": ""application/pdf"", ""downloadURL"": ""https://data.cms.gov/provider-data/sites/default/files/resources/5551d4839c1dd75e3f7fe1310a1e2369_1770163628/hvbp_tps.csv"", ""mediaType"": ""text/csv""}], ""identifier"": ""ypbt-wvdk"", ""issued"": ""2023-07-05"", ""keyword"": [""Value Based Purchasing"", ""Linking Quality to Payment"", ""Total Performance Score"", ""Achievement"", ""Performance"", ""Efficiency and Cost Reduction Domain"", ""Efficiency"", ""Clinical Outcomes"", ""CAHPS"", ""Patient Experience of Care""], ""landingPage"": ""https://data.cms.gov/provider-data/dataset/ypbt-wvdk"", ""modified"": ""2026-01-26"", ""programCode"": [""009:000""], ""publisher"": {""@type"": ""org:Organization"", ""name"": ""Centers for Medicare & Medicaid Services (CMS)""}, ""released"": ""2026-05-13"", ""theme"": [""Hospitals""], ""title"": ""Hospital Value-Based Purchasing (HVBP) - Total Performance Score""}"
dgmq-aat3,Hospital Value-Based Purchasing (HVBP) - Safety,2026-01-26,2026-05-13,2026-04-28,,https://data.cms.gov/provider-data/dataset/dgmq-aat3,https://data.cms.gov/provider-data/sites/default/files/resources/33e26123c259ca779642b0d61b2e82f5_1777392336/hvbp_safety.csv,Centers for Medicare & Medicaid Services (CMS),Value Based Purchasing; Linking Quality to Payment; PSI; Healthcare Associated Infections; MRSA; Surgical Site Infections; Central Line Associated Blood Stream Infections; Catheter Associated Urinary Tract Infections; C.Difficile; Achievement; Performance,A list of hospitals participating in the FY 2026 Hospital VBP Program and their performance rates and scores for the Safety measures.,"{""@type"": ""dcat:Dataset"", ""accessLevel"": ""public"", ""bureauCode"": [""009:38""], ""contactPoint"": {""@type"": ""vcard:Contact"", ""fn"": ""Hospital Compare"", ""hasURL"": ""https://cmsqualitysupport.servicenowservices.com/qnet_qa""}, ""description"": ""A list of hospitals participating in the FY 2026 Hospital VBP Program and their performance rates and scores for the Safety measures. "", ""distribution"": [{""@type"": ""dcat:Distribution"", ""describedBy"": ""https://data.cms.gov/provider-data/sites/default/files/data_dictionaries/hospital/HOSPITAL_Data_Dictionary.pdf"", ""describedByType"": ""application/pdf"", ""downloadURL"": ""https://data.cms.gov/provider-data/sites/default/files/resources/33e26123c259ca779642b0d61b2e82f5_1777392336/hvbp_safety.csv"", ""mediaType"": ""text/csv""}], ""identifier"": ""dgmq-aat3"", ""issued"": ""2026-01-26"", ""keyword"": [""Value Based Purchasing"", ""Linking Quality to Payment"", ""PSI"", ""Healthcare Associated Infections"", ""MRSA"", ""Surgical Site Infections"", ""Central Line Associated Blood Stream Infections"", ""Catheter Associated Urinary Tract Infections"", ""C.Difficile"", ""Achievement"", ""Performance""], ""landingPage"": ""https://data.cms.gov/provider-data/dataset/dgmq-aat3"", ""modified"": ""2026-04-28"", ""programCode"": [""009:000""], ""publisher"": {""@type"": ""org:Organization"", ""name"": ""Centers for Medicare & Medicaid Services (CMS)""}, ""released"": ""2026-05-13"", ""theme"": [""Hospitals""], ""title"": ""Hospital Value-Based Purchasing (HVBP) - Safety""}"
avtz-f2ge,Hospital Value-Based Purchasing (HVBP) - Person and Community Engagement Domain Scores (HCAHPS),2023-07-05,2026-05-13,2026-01-26,,https://data.cms.gov/provider-data/dataset/avtz-f2ge,https://data.cms.gov/provider-data/sites/default/files/resources/ccc6534894a9bfe22b5f986260ed359e_1770163624/hvbp_person_and_community_engagement.csv,Centers for Medicare & Medicaid Services (CMS),Value Based Purchasing; Linking Quality to Payment; CAHPS; Patient Survey; Patient Experience of Care; Performance,A list of hospitals participating in the FY 2026 Hospital VBP Program and their scores for the Person and Community Engagement HCAHPS dimensions.,"{""@type"": ""dcat:Dataset"", ""accessLevel"": ""public"", ""bureauCode"": [""009:38""], ""contactPoint"": {""@type"": ""vcard:Contact"", ""fn"": ""Hospital Compare"", ""hasURL"": ""https://cmsqualitysupport.servicenowservices.com/qnet_qa""}, ""description"": ""A list of hospitals participating in the FY 2026 Hospital VBP Program and their scores for the Person and Community Engagement HCAHPS dimensions."", ""distribution"": [{""@type"": ""dcat:Distribution"", ""describedBy"": ""https://data.cms.gov/provider-data/sites/default/files/data_dictionaries/hospital/HOSPITAL_Data_Dictionary.pdf"", ""describedByType"": ""application/pdf"", ""downloadURL"": ""https://data.cms.gov/provider-data/sites/default/files/resources/ccc6534894a9bfe22b5f986260ed359e_1770163624/hvbp_person_and_community_engagement.csv"", ""mediaType"": ""text/csv""}], ""identifier"": ""avtz-f2ge"", ""issued"": ""2023-07-05"", ""keyword"": [""Value Based Purchasing"", ""Linking Quality to Payment"", ""CAHPS"", ""Patient Survey"", ""Patient Experience of Care"", ""Performance""], ""landingPage"": ""https://data.cms.gov/provider-data/dataset/avtz-f2ge"", ""modified"": ""2026-01-26"", ""programCode"": [""009:000""], ""publisher"": {""@type"": ""org:Organization"", ""name"": ""Centers for Medicare & Medicaid Services (CMS)""}, ""released"": ""2026-05-13"", ""theme"": [""Hospitals""], ""title"": ""Hospital Value-Based Purchasing (HVBP) - Person and Community Engagement Domain Scores (HCAHPS)""}"
su9h-3pvj,Hospital Value-Based Purchasing (HVBP) - Efficiency Scores,2023-07-05,2026-05-13,2026-01-26,,https://data.cms.gov/provider-data/dataset/su9h-3pvj,https://data.cms.gov/provider-data/sites/default/files/resources/46325dbbe6d2f654ecbb5046059c664e_1770163621/hvbp_efficiency_and_cost_reduction.csv,Centers for Medicare & Medicaid Services (CMS),Value Based Purchasing; Linking Quality to Payment; Efficiency; Medicare Spending per Beneficiary; Performance,A list of hospitals participating in the FY 2026 Hospital VBP Program and their performance ratios and scores for the Efficiency and Cost Reduction Medicare Spending per Beneficiary (MSPB) measure.,"{""@type"": ""dcat:Dataset"", ""accessLevel"": ""public"", ""bureauCode"": [""009:38""], ""contactPoint"": {""@type"": ""vcard:Contact"", ""fn"": ""Hospital Compare"", ""hasURL"": ""https://cmsqualitysupport.servicenowservices.com/qnet_qa""}, ""description"": ""A list of hospitals participating in the FY 2026 Hospital VBP Program and their performance ratios and scores for the Efficiency and Cost Reduction Medicare Spending per Beneficiary (MSPB) measure."", ""distribution"": [{""@type"": ""dcat:Distribution"", ""describedBy"": ""https://data.cms.gov/provider-data/sites/default/files/data_dictionaries/hospital/HOSPITAL_Data_Dictionary.pdf"", ""describedByType"": ""application/pdf"", ""downloadURL"": ""https://data.cms.gov/provider-data/sites/default/files/resources/46325dbbe6d2f654ecbb5046059c664e_1770163621/hvbp_efficiency_and_cost_reduction.csv"", ""mediaType"": ""text/csv""}], ""identifier"": ""su9h-3pvj"", ""issued"": ""2023-07-05"", ""keyword"": [""Value Based Purchasing"", ""Linking Quality to Payment"", ""Efficiency"", ""Medicare Spending per Beneficiary"", ""Performance""], ""landingPage"": ""https://data.cms.gov/provider-data/dataset/su9h-3pvj"", ""modified"": ""2026-01-26"", ""programCode"": [""009:000""], ""publisher"": {""@type"": ""org:Organization"", ""name"": ""Centers for Medicare & Medicaid Services (CMS)""}, ""released"": ""2026-05-13"", ""theme"": [""Hospitals""], ""title"": ""Hospital Value-Based Purchasing (HVBP) - Efficiency Scores""}"
pudb-wetr,Hospital Value-Based Purchasing (HVBP) - Clinical Outcomes Domain Scores,2023-07-05,2026-05-13,2026-01-26,,https://data.cms.gov/provider-data/dataset/pudb-wetr,https://data.cms.gov/provider-data/sites/default/files/resources/f5c74a8e8a0f2017f6e13b6fc517ae4e_1770163619/hvbp_clinical_outcomes.csv,Centers for Medicare & Medicaid Services (CMS),Value Based Purchasing; Linking Quality to Payment; Clinical Outcomes; Mortality; Complications; Acute Myocardial Infarction; Heart Failure; Pneumonia; Chronic Obstructive Pulmonary Disease; Coronary Artery Bypass Graft; Performance; Achievement; Total Hip and/or Total Knee Arthroplasty,A list of hospitals participating in the FY 2026 Hospital VBP Program and their performance rates and scores for the Clinical Outcomes measures.,"{""@type"": ""dcat:Dataset"", ""accessLevel"": ""public"", ""bureauCode"": [""009:38""], ""contactPoint"": {""@type"": ""vcard:Contact"", ""fn"": ""Hospital Compare"", ""hasURL"": ""https://cmsqualitysupport.servicenowservices.com/qnet_qa""}, ""description"": ""A list of hospitals participating in the FY 2026 Hospital VBP Program and their performance rates and scores for the Clinical Outcomes measures. "", ""distribution"": [{""@type"": ""dcat:Distribution"", ""describedBy"": ""https://data.cms.gov/provider-data/sites/default/files/data_dictionaries/hospital/HOSPITAL_Data_Dictionary.pdf"", ""describedByType"": ""application/pdf"", ""downloadURL"": ""https://data.cms.gov/provider-data/sites/default/files/resources/f5c74a8e8a0f2017f6e13b6fc517ae4e_1770163619/hvbp_clinical_outcomes.csv"", ""mediaType"": ""text/csv""}], ""identifier"": ""pudb-wetr"", ""issued"": ""2023-07-05"", ""keyword"": [""Value Based Purchasing"", ""Linking Quality to Payment"", ""Clinical Outcomes"", ""Mortality"", ""Complications"", ""Acute Myocardial Infarction"", ""Heart Failure"", ""Pneumonia"", ""Chronic Obstructive Pulmonary Disease"", ""Coronary Artery Bypass Graft"", ""Performance"", ""Achievement"", ""Total Hip and/or Total Knee Arthroplasty""], ""landingPage"": ""https://data.cms.gov/provider-data/dataset/pudb-wetr"", ""modified"": ""2026-01-26"", ""programCode"": [""009:000""], ""publisher"": {""@type"": ""org:Organization"", ""name"": ""Centers for Medicare & Medicaid Services (CMS)""}, ""released"": ""2026-05-13"", ""theme"": [""Hospitals""], ""title"": ""Hospital Value-Based Purchasing (HVBP) - Clinical Outcomes Domain Scores""}"
9n3s-kdb3,Hospital Readmissions Reduction Program,2020-12-10,2026-05-13,2026-01-26,,https://data.cms.gov/provider-data/dataset/9n3s-kdb3,https://data.cms.gov/provider-data/sites/default/files/resources/a171bc36c488d3e0dc33ec63abb469a6_1770163617/FY_2026_Hospital_Readmissions_Reduction_Program_Hospital.csv,Centers for Medicare & Medicaid Services (CMS),Hospital Readmissions Reduction Program; Readmissions; Acute Myocardial Infarction; Heart Failure; Pneumonia; Chronic Obstructive Pulmonary Disease; Total Hip and/or Total Knee Arthroplasty; Coronary Artery Bypass Graft,"In October 2012, CMS began reducing Medicare payments for subsection(d) hospitals with excess readmissions under the Hospital Readmissions Reduction Program (HRRP). Excess readmissions are measured by a ratio, calculated by dividing a hospital's predicted rate of readmissions for heart attack (AMI), heart failure (HF), pneumonia, chronic obstructive pulmonary disease (COPD), hip/knee replacement (THA/TKA), and coronary artery bypass graft surgery (CABG) by the expected rate of readmissions, based on an average hospital with similar patients.","{""@type"": ""dcat:Dataset"", ""accessLevel"": ""public"", ""bureauCode"": [""009:38""], ""contactPoint"": {""@type"": ""vcard:Contact"", ""fn"": ""Hospital Compare"", ""hasURL"": ""https://cmsqualitysupport.servicenowservices.com/qnet_qa""}, ""description"": ""In October 2012, CMS began reducing Medicare payments for subsection(d) hospitals with excess readmissions under the Hospital Readmissions Reduction Program (HRRP). Excess readmissions are measured by a ratio, calculated by dividing a hospital's predicted rate of readmissions for heart attack (AMI), heart failure (HF), pneumonia, chronic obstructive pulmonary disease (COPD), hip/knee replacement (THA/TKA), and coronary artery bypass graft surgery (CABG) by the expected rate of readmissions, based on an average hospital with similar patients."", ""distribution"": [{""@type"": ""dcat:Distribution"", ""describedBy"": ""https://data.cms.gov/provider-data/sites/default/files/data_dictionaries/hospital/HOSPITAL_Data_Dictionary.pdf"", ""describedByType"": ""application/pdf"", ""downloadURL"": ""https://data.cms.gov/provider-data/sites/default/files/resources/a171bc36c488d3e0dc33ec63abb469a6_1770163617/FY_2026_Hospital_Readmissions_Reduction_Program_Hospital.csv"", ""mediaType"": ""text/csv""}], ""identifier"": ""9n3s-kdb3"", ""issued"": ""2020-12-10"", ""keyword"": [""Hospital Readmissions Reduction Program"", ""Readmissions"", ""Acute Myocardial Infarction"", ""Heart Failure"", ""Pneumonia"", ""Chronic Obstructive Pulmonary Disease"", ""Total Hip and/or Total Knee Arthroplasty"", ""Coronary Artery Bypass Graft""], ""landingPage"": ""https://data.cms.gov/provider-data/dataset/9n3s-kdb3"", ""modified"": ""2026-01-26"", ""programCode"": [""009:000""], ""publisher"": {""@type"": ""org:Organization"", ""name"": ""Centers for Medicare & Medicaid Services (CMS)""}, ""released"": ""2026-05-13"", ""theme"": [""Hospitals""], ""title"": ""Hospital Readmissions Reduction Program""}"
xubh-q36u,Hospital General Information,2025-01-08,2026-05-13,2026-04-28,,https://data.cms.gov/provider-data/dataset/xubh-q36u,https://data.cms.gov/provider-data/sites/default/files/resources/893c372430d9d71a1c52737d01239d47_1777413958/Hospital_General_Information.csv,Centers for Medicare & Medicaid Services (CMS),General Information; Address; Overall Hospital Rating,"A list of all hospitals that have been registered with Medicare. The list includes addresses, phone numbers, hospital type, and overall hospital rating.","{""@type"": ""dcat:Dataset"", ""accessLevel"": ""public"", ""bureauCode"": [""009:38""], ""contactPoint"": {""@type"": ""vcard:Contact"", ""fn"": ""Hospital Compare"", ""hasURL"": ""https://cmsqualitysupport.servicenowservices.com/qnet_qa""}, ""description"": ""A list of all hospitals that have been registered with Medicare. The list includes addresses, phone numbers, hospital type, and overall hospital rating."", ""distribution"": [{""@type"": ""dcat:Distribution"", ""describedBy"": ""https://data.cms.gov/provider-data/sites/default/files/data_dictionaries/hospital/HOSPITAL_Data_Dictionary.pdf"", ""describedByType"": ""application/pdf"", ""downloadURL"": ""https://data.cms.gov/provider-data/sites/default/files/resources/893c372430d9d71a1c52737d01239d47_1777413958/Hospital_General_Information.csv"", ""mediaType"": ""text/csv""}], ""identifier"": ""xubh-q36u"", ""issued"": ""2025-01-08"", ""keyword"": [""General Information"", ""Address"", ""Overall Hospital Rating""], ""landingPage"": ""https://data.cms.gov/provider-data/dataset/xubh-q36u"", ""modified"": ""2026-04-28"", ""programCode"": [""009:000""], ""publisher"": {""@type"": ""org:Organization"", ""name"": ""Centers for Medicare & Medicaid Services (CMS)""}, ""released"": ""2026-05-13"", ""theme"": [""Hospitals""], ""title"": ""Hospital General Information""}"
k2ze-bqvw,Healthcare Associated Infections - State,2020-12-10,2026-05-13,2026-04-21,,https://data.cms.gov/provider-data/dataset/k2ze-bqvw,https://data.cms.gov/provider-data/sites/default/files/resources/27986ce2f1193d3fcad7fa1bddc93c3b_1776974793/Healthcare_Associated_Infections-State.csv,Centers for Medicare & Medicaid Services (CMS),Healthcare Associated Infections; MRSA; Surgical Site Infections; Central Line Associated Blood Stream Infections; Catheter Associated Urinary Tract Infections; C.Difficile; State,"The Healthcare-Associated Infections (HAI) measures - state data. These measures are developed by Centers for Disease Control and Prevention (CDC) and collected through the National Healthcare Safety Network (NHSN). They provide information on infections that occur while the patient is in the hospital. These infections can be related to devices, such as central lines and urinary catheters, or spread from patient to patient after contact with an infected person or surface. Many healthcare associated infections can be prevented when the hospitals use CDC-recommended infection control steps.","{""@type"": ""dcat:Dataset"", ""accessLevel"": ""public"", ""bureauCode"": [""009:38""], ""contactPoint"": {""@type"": ""vcard:Contact"", ""fn"": ""Hospital Compare"", ""hasURL"": ""https://cmsqualitysupport.servicenowservices.com/qnet_qa""}, ""description"": ""The Healthcare-Associated Infections (HAI) measures - state data. These measures are developed by Centers for Disease Control and Prevention (CDC) and collected through the National Healthcare Safety Network (NHSN). They provide information on infections that occur while the patient is in the hospital. These infections can be related to devices, such as central lines and urinary catheters, or spread from patient to patient after contact with an infected person or surface. Many healthcare associated infections can be prevented when the hospitals use CDC-recommended infection control steps."", ""distribution"": [{""@type"": ""dcat:Distribution"", ""describedBy"": ""https://data.cms.gov/provider-data/sites/default/files/data_dictionaries/hospital/HOSPITAL_Data_Dictionary.pdf"", ""describedByType"": ""application/pdf"", ""downloadURL"": ""https://data.cms.gov/provider-data/sites/default/files/resources/27986ce2f1193d3fcad7fa1bddc93c3b_1776974793/Healthcare_Associated_Infections-State.csv"", ""mediaType"": ""text/csv""}], ""identifier"": ""k2ze-bqvw"", ""issued"": ""2020-12-10"", ""keyword"": [""Healthcare Associated Infections"", ""MRSA"", ""Surgical Site Infections"", ""Central Line Associated Blood Stream Infections"", ""Catheter Associated Urinary Tract Infections"", ""C.Difficile"", ""State""], ""landingPage"": ""https://data.cms.gov/provider-data/dataset/k2ze-bqvw"", ""modified"": ""2026-04-21"", ""programCode"": [""009:000""], ""publisher"": {""@type"": ""org:Organization"", ""name"": ""Centers for Medicare & Medicaid Services (CMS)""}, ""released"": ""2026-05-13"", ""theme"": [""Hospitals""], ""title"": ""Healthcare Associated Infections - State""}"
yd3s-jyhd,Healthcare Associated Infections - National,2020-12-10,2026-05-13,2026-04-21,,https://data.cms.gov/provider-data/dataset/yd3s-jyhd,https://data.cms.gov/provider-data/sites/default/files/resources/a87585b27c50c3899eec6a857958a5f0_1776974791/Healthcare_Associated_Infections-National.csv,Centers for Medicare & Medicaid Services (CMS),Healthcare Associated Infections; MRSA; Surgical Site Infections; Central Line Associated Blood Stream Infections; Catheter Associated Urinary Tract Infections; C.Difficile; National,"The Healthcare-Associated Infections (HAI) measures - national data. These measures are developed by Centers for Disease Control and Prevention (CDC) and collected through the National Healthcare Safety Network (NHSN). They provide information on infections that occur while the patient is in the hospital. These infections can be related to devices, such as central lines and urinary catheters, or spread from patient to patient after contact with an infected person or surface. Many healthcare associated infections can be prevented when the hospitals use CDC-recommended infection control steps.","{""@type"": ""dcat:Dataset"", ""accessLevel"": ""public"", ""bureauCode"": [""009:38""], ""contactPoint"": {""@type"": ""vcard:Contact"", ""fn"": ""Hospital Compare"", ""hasURL"": ""https://cmsqualitysupport.servicenowservices.com/qnet_qa""}, ""description"": ""The Healthcare-Associated Infections (HAI) measures - national data. These measures are developed by Centers for Disease Control and Prevention (CDC) and collected through the National Healthcare Safety Network (NHSN). They provide information on infections that occur while the patient is in the hospital. These infections can be related to devices, such as central lines and urinary catheters, or spread from patient to patient after contact with an infected person or surface. Many healthcare associated infections can be prevented when the hospitals use CDC-recommended infection control steps."", ""distribution"": [{""@type"": ""dcat:Distribution"", ""describedBy"": ""https://data.cms.gov/provider-data/sites/default/files/data_dictionaries/hospital/HOSPITAL_Data_Dictionary.pdf"", ""describedByType"": ""application/pdf"", ""downloadURL"": ""https://data.cms.gov/provider-data/sites/default/files/resources/a87585b27c50c3899eec6a857958a5f0_1776974791/Healthcare_Associated_Infections-National.csv"", ""mediaType"": ""text/csv""}], ""identifier"": ""yd3s-jyhd"", ""issued"": ""2020-12-10"", ""keyword"": [""Healthcare Associated Infections"", ""MRSA"", ""Surgical Site Infections"", ""Central Line Associated Blood Stream Infections"", ""Catheter Associated Urinary Tract Infections"", ""C.Difficile"", ""National""], ""landingPage"": ""https://data.cms.gov/provider-data/dataset/yd3s-jyhd"", ""modified"": ""2026-04-21"", ""programCode"": [""009:000""], ""publisher"": {""@type"": ""org:Organization"", ""name"": ""Centers for Medicare & Medicaid Services (CMS)""}, ""released"": ""2026-05-13"", ""theme"": [""Hospitals""], ""title"": ""Healthcare Associated Infections - National""}"
77hc-ibv8,Healthcare Associated Infections - Hospital,2023-07-05,2026-05-13,2026-04-28,,https://data.cms.gov/provider-data/dataset/77hc-ibv8,https://data.cms.gov/provider-data/sites/default/files/resources/43825e12dc0c923df9ba5cbdf473c9d5_1777413954/Healthcare_Associated_Infections-Hospital.csv,Centers for Medicare & Medicaid Services (CMS),Healthcare Associated Infections; MRSA; Surgical Site Infections; Central Line Associated Blood Stream Infections; Catheter Associated Urinary Tract Infections; C.Difficile,"The Healthcare-Associated Infection (HAI) measures - provider data. These measures are developed by Centers for Disease Control and Prevention (CDC) and collected through the National Healthcare Safety Network (NHSN). They provide information on infections that occur while the patient is in the hospital. These infections can be related to devices, such as central lines and urinary catheters, or spread from patient to patient after contact with an infected person or surface. Many healthcare associated infections can be prevented when the hospitals use CDC-recommended infection control steps.","{""@type"": ""dcat:Dataset"", ""accessLevel"": ""public"", ""bureauCode"": [""009:38""], ""contactPoint"": {""@type"": ""vcard:Contact"", ""fn"": ""Hospital Compare"", ""hasURL"": ""https://cmsqualitysupport.servicenowservices.com/qnet_qa""}, ""description"": ""The Healthcare-Associated Infection (HAI) measures - provider data. These measures are developed by Centers for Disease Control and Prevention (CDC) and collected through the National Healthcare Safety Network (NHSN). They provide information on infections that occur while the patient is in the hospital. These infections can be related to devices, such as central lines and urinary catheters, or spread from patient to patient after contact with an infected person or surface. Many healthcare associated infections can be prevented when the hospitals use CDC-recommended infection control steps."", ""distribution"": [{""@type"": ""dcat:Distribution"", ""describedBy"": ""https://data.cms.gov/provider-data/sites/default/files/data_dictionaries/hospital/HOSPITAL_Data_Dictionary.pdf"", ""describedByType"": ""application/pdf"", ""downloadURL"": ""https://data.cms.gov/provider-data/sites/default/files/resources/43825e12dc0c923df9ba5cbdf473c9d5_1777413954/Healthcare_Associated_Infections-Hospital.csv"", ""mediaType"": ""text/csv""}], ""identifier"": ""77hc-ibv8"", ""issued"": ""2023-07-05"", ""keyword"": [""Healthcare Associated Infections"", ""MRSA"", ""Surgical Site Infections"", ""Central Line Associated Blood Stream Infections"", ""Catheter Associated Urinary Tract Infections"", ""C.Difficile""], ""landingPage"": ""https://data.cms.gov/provider-data/dataset/77hc-ibv8"", ""modified"": ""2026-04-28"", ""programCode"": [""009:000""], ""publisher"": {""@type"": ""org:Organization"", ""name"": ""Centers for Medicare & Medicaid Services (CMS)""}, ""released"": ""2026-05-13"", ""theme"": [""Hospitals""], ""title"": ""Healthcare Associated Infections - Hospital""}"
y9us-9xdf,Footnote Crosswalk,2020-12-10,2026-05-13,2025-09-18,,https://data.cms.gov/provider-data/dataset/y9us-9xdf,https://data.cms.gov/provider-data/sites/default/files/resources/f29bb7c812e242f6edfef0a4b7d0eaca_1760630713/Footnote_Crosswalk.csv,Centers for Medicare & Medicaid Services (CMS),General Information,The footnote crosswalk displays a list of footnotes and their summary.,"{""@type"": ""dcat:Dataset"", ""accessLevel"": ""public"", ""bureauCode"": [""009:38""], ""contactPoint"": {""@type"": ""vcard:Contact"", ""fn"": ""Hospital Compare"", ""hasURL"": ""https://cmsqualitysupport.servicenowservices.com/qnet_qa""}, ""description"": ""The footnote crosswalk displays a list of footnotes and their summary."", ""distribution"": [{""@type"": ""dcat:Distribution"", ""describedBy"": ""https://data.cms.gov/provider-data/sites/default/files/data_dictionaries/hospital/HOSPITAL_Data_Dictionary.pdf"", ""describedByType"": ""application/pdf"", ""downloadURL"": ""https://data.cms.gov/provider-data/sites/default/files/resources/f29bb7c812e242f6edfef0a4b7d0eaca_1760630713/Footnote_Crosswalk.csv"", ""mediaType"": ""text/csv""}], ""identifier"": ""y9us-9xdf"", ""issued"": ""2020-12-10"", ""keyword"": [""General Information""], ""landingPage"": ""https://data.cms.gov/provider-data/dataset/y9us-9xdf"", ""modified"": ""2025-09-18"", ""programCode"": [""009:000""], ""publisher"": {""@type"": ""org:Organization"", ""name"": ""Centers for Medicare & Medicaid Services (CMS)""}, ""released"": ""2026-05-13"", ""theme"": [""Hospitals""], ""title"": ""Footnote Crosswalk""}"
bzsr-4my4,Data Updates,2020-12-10,2026-05-13,2026-03-24,,https://data.cms.gov/provider-data/dataset/bzsr-4my4,https://data.cms.gov/provider-data/sites/default/files/resources/05135bad92a4af261917a5061f921c84_1776974874/Data_Updates_April_2026.csv,Centers for Medicare & Medicaid Services (CMS),General Information,Lists the data updates for a scheduled quarterly refresh and as well those that are updated in between refreshes.,"{""@type"": ""dcat:Dataset"", ""accessLevel"": ""public"", ""bureauCode"": [""009:38""], ""contactPoint"": {""@type"": ""vcard:Contact"", ""fn"": ""Hospital Compare"", ""hasURL"": ""https://cmsqualitysupport.servicenowservices.com/qnet_qa""}, ""description"": ""Lists the data updates for a scheduled quarterly refresh and as well those that are updated in between refreshes."", ""distribution"": [{""@type"": ""dcat:Distribution"", ""describedBy"": ""https://data.cms.gov/provider-data/sites/default/files/data_dictionaries/hospital/HOSPITAL_Data_Dictionary.pdf"", ""describedByType"": ""application/pdf"", ""downloadURL"": ""https://data.cms.gov/provider-data/sites/default/files/resources/05135bad92a4af261917a5061f921c84_1776974874/Data_Updates_April_2026.csv"", ""mediaType"": ""text/csv""}], ""identifier"": ""bzsr-4my4"", ""issued"": ""2020-12-10"", ""keyword"": [""General Information""], ""landingPage"": ""https://data.cms.gov/provider-data/dataset/bzsr-4my4"", ""modified"": ""2026-03-24"", ""programCode"": [""009:000""], ""publisher"": {""@type"": ""org:Organization"", ""name"": ""Centers for Medicare & Medicaid Services (CMS)""}, ""released"": ""2026-05-13"", ""theme"": [""Hospitals""], ""title"": ""Data Updates""}"
tqkv-mgxq,Comprehensive Care For Joint Replacement Model - Provider Data,2020-12-10,2026-05-13,2026-01-26,,https://data.cms.gov/provider-data/dataset/tqkv-mgxq,https://data.cms.gov/provider-data/sites/default/files/resources/c1017e56164f4774560619c9020116fa_1770163562/CJR_Quality_Reporting_January_2026_Production_File.csv,Centers for Medicare & Medicaid Services (CMS),Comprehensive Care for Joint Replacement Model; Hip Knee; CAHPS,Comprehensive Care for Joint Replacement Model - provider data. This data set includes provider data for two quality measures tracked during an episode of care: complication rate for hip/knee replacement patients and the Hospital Consumer Assessment of Healthcare Providers and Systems (HCAHPS) Survey.,"{""@type"": ""dcat:Dataset"", ""accessLevel"": ""public"", ""bureauCode"": [""009:38""], ""contactPoint"": {""@type"": ""vcard:Contact"", ""fn"": ""Hospital Compare"", ""hasURL"": ""https://cmsqualitysupport.servicenowservices.com/qnet_qa""}, ""description"": ""Comprehensive Care for Joint Replacement Model - provider data. This data set includes provider data for two quality measures tracked during an episode of care: complication rate for hip/knee replacement patients and the Hospital Consumer Assessment of Healthcare Providers and Systems (HCAHPS) Survey."", ""distribution"": [{""@type"": ""dcat:Distribution"", ""describedBy"": ""https://data.cms.gov/provider-data/sites/default/files/data_dictionaries/hospital/HOSPITAL_Data_Dictionary.pdf"", ""describedByType"": ""application/pdf"", ""downloadURL"": ""https://data.cms.gov/provider-data/sites/default/files/resources/c1017e56164f4774560619c9020116fa_1770163562/CJR_Quality_Reporting_January_2026_Production_File.csv"", ""mediaType"": ""text/csv""}], ""identifier"": ""tqkv-mgxq"", ""issued"": ""2020-12-10"", ""keyword"": [""Comprehensive Care for Joint Replacement Model"", ""Hip Knee"", ""CAHPS""], ""landingPage"": ""https://data.cms.gov/provider-data/dataset/tqkv-mgxq"", ""modified"": ""2026-01-26"", ""programCode"": [""009:000""], ""publisher"": {""@type"": ""org:Organization"", ""name"": ""Centers for Medicare & Medicaid Services (CMS)""}, ""released"": ""2026-05-13"", ""theme"": [""Hospitals""], ""title"": ""Comprehensive Care For Joint Replacement Model - Provider Data""}"
jfnd-nl7s,Complications and Unplanned Hospital Visits - PPS-Exempt Cancer Hospital - National,2024-07-31,2026-05-13,2026-04-21,,https://data.cms.gov/provider-data/dataset/jfnd-nl7s,https://data.cms.gov/provider-data/sites/default/files/resources/6a91b2a437ea47e61cd34c975dd54729_1776974806/PCH_Complications_Unplanned_Hospital_Visits_NATIONAL.csv,Centers for Medicare & Medicaid Services (CMS),National; Cancer; Readmissions; Emergency Department; PPS-Exempt Cancer Hospital Quality Reporting; Complications,"Prospective Payment System (PPS)-Exempt Cancer Hospital Quality Reporting (PCHQR) Complications and Unplanned Hospital Visits. This dataset includes the percentage of patients who are receiving PCH-based outpatient chemotherapy treatment for all cancer types except leukemia who were admitted to the hospital or visited the emergency department for one of 10 conditions within 30 days after treatment. The dataset also includes the rate at which cancer patients have unplanned readmissions within 30 days of discharge from an eligible index admission. Finally, the dataset also includes the analysis of complications of a prostatectomy by comparing outcomes at the hospital/facility level during the year after prostate-directed surgery.","{""@type"": ""dcat:Dataset"", ""accessLevel"": ""public"", ""bureauCode"": [""009:38""], ""contactPoint"": {""@type"": ""vcard:Contact"", ""fn"": ""Hospital Compare"", ""hasURL"": ""https://cmsqualitysupport.servicenowservices.com/qnet_qa""}, ""description"": ""Prospective Payment System (PPS)-Exempt Cancer Hospital Quality Reporting (PCHQR) Complications and Unplanned Hospital Visits. This dataset includes the percentage of patients who are receiving PCH-based outpatient chemotherapy treatment for all cancer types except leukemia who were admitted to the hospital or visited the emergency department for one of 10 conditions within 30 days after treatment. The dataset also includes the rate at which cancer patients have unplanned readmissions within 30 days of discharge from an eligible index admission. Finally, the dataset also includes the analysis of complications of a prostatectomy by comparing outcomes at the hospital/facility level during the year after prostate-directed surgery."", ""distribution"": [{""@type"": ""dcat:Distribution"", ""describedBy"": ""https://data.cms.gov/provider-data/sites/default/files/data_dictionaries/hospital/HOSPITAL_Data_Dictionary.pdf"", ""describedByType"": ""application/pdf"", ""downloadURL"": ""https://data.cms.gov/provider-data/sites/default/files/resources/6a91b2a437ea47e61cd34c975dd54729_1776974806/PCH_Complications_Unplanned_Hospital_Visits_NATIONAL.csv"", ""mediaType"": ""text/csv""}], ""identifier"": ""jfnd-nl7s"", ""issued"": ""2024-07-31"", ""keyword"": [""National"", ""Cancer"", ""Readmissions"", ""Emergency Department"", ""PPS-Exempt Cancer Hospital Quality Reporting"", ""Complications""], ""landingPage"": ""https://data.cms.gov/provider-data/dataset/jfnd-nl7s"", ""modified"": ""2026-04-21"", ""programCode"": [""009:000""], ""publisher"": {""@type"": ""org:Organization"", ""name"": ""Centers for Medicare & Medicaid Services (CMS)""}, ""released"": ""2026-05-13"", ""theme"": [""Hospitals""], ""title"": ""Complications and Unplanned Hospital Visits - PPS-Exempt Cancer Hospital - National""}"
z8ax-x9j1,Complications and Unplanned Hospital Visits - PPS-Exempt Cancer Hospital - Hospital,2024-07-31,2026-05-13,2026-04-21,,https://data.cms.gov/provider-data/dataset/z8ax-x9j1,https://data.cms.gov/provider-data/sites/default/files/resources/bc386a698d7a9b8d09bf37a73371a899_1776974804/PCH_Complications_Unplanned_Hospital_Visits_HOSPITAL.csv,Centers for Medicare & Medicaid Services (CMS),Cancer; Readmissions; Emergency Department; PPS-Exempt Cancer Hospital Quality Reporting; Complications,"Prospective Payment System (PPS)-Exempt Cancer Hospital Quality Reporting (PCHQR) Complications and Unplanned Hospital Visits. This dataset includes the percentage of patients who are receiving PCH-based outpatient chemotherapy treatment for all cancer types except leukemia who were admitted to the hospital or visited the emergency department for one of 10 conditions within 30 days after treatment. The dataset also includes the rate at which cancer patients have unplanned readmissions within 30 days of discharge from an eligible index admission. Finally, the dataset also includes the analysis of complications of a prostatectomy by comparing outcomes at the hospital/facility level during the year after prostate-directed surgery.","{""@type"": ""dcat:Dataset"", ""accessLevel"": ""public"", ""bureauCode"": [""009:38""], ""contactPoint"": {""@type"": ""vcard:Contact"", ""fn"": ""Hospital Compare"", ""hasURL"": ""https://cmsqualitysupport.servicenowservices.com/qnet_qa""}, ""description"": ""Prospective Payment System (PPS)-Exempt Cancer Hospital Quality Reporting (PCHQR) Complications and Unplanned Hospital Visits. This dataset includes the percentage of patients who are receiving PCH-based outpatient chemotherapy treatment for all cancer types except leukemia who were admitted to the hospital or visited the emergency department for one of 10 conditions within 30 days after treatment. The dataset also includes the rate at which cancer patients have unplanned readmissions within 30 days of discharge from an eligible index admission. Finally, the dataset also includes the analysis of complications of a prostatectomy by comparing outcomes at the hospital/facility level during the year after prostate-directed surgery."", ""distribution"": [{""@type"": ""dcat:Distribution"", ""describedBy"": ""https://data.cms.gov/provider-data/sites/default/files/data_dictionaries/hospital/HOSPITAL_Data_Dictionary.pdf"", ""describedByType"": ""application/pdf"", ""downloadURL"": ""https://data.cms.gov/provider-data/sites/default/files/resources/bc386a698d7a9b8d09bf37a73371a899_1776974804/PCH_Complications_Unplanned_Hospital_Visits_HOSPITAL.csv"", ""mediaType"": ""text/csv""}], ""identifier"": ""z8ax-x9j1"", ""issued"": ""2024-07-31"", ""keyword"": [""Cancer"", ""Readmissions"", ""Emergency Department"", ""PPS-Exempt Cancer Hospital Quality Reporting"", ""Complications""], ""landingPage"": ""https://data.cms.gov/provider-data/dataset/z8ax-x9j1"", ""modified"": ""2026-04-21"", ""programCode"": [""009:000""], ""publisher"": {""@type"": ""org:Organization"", ""name"": ""Centers for Medicare & Medicaid Services (CMS)""}, ""released"": ""2026-05-13"", ""theme"": [""Hospitals""], ""title"": ""Complications and Unplanned Hospital Visits - PPS-Exempt Cancer Hospital - Hospital""}"
bs2r-24vh,Complications and Deaths - State,2020-12-10,2026-05-13,2026-04-21,,https://data.cms.gov/provider-data/dataset/bs2r-24vh,https://data.cms.gov/provider-data/sites/default/files/resources/247bb4364e310313773d74ccb0fb3231_1776974771/Complications_and_Deaths-State.csv,Centers for Medicare & Medicaid Services (CMS),Complications; Death; Mortality; Hip Knee; PSI; State,"Complications and deaths - state data. This data set includes state-level data for the hip/knee complication measure, the CMS Patient Safety Indicators, and 30-day death rates.","{""@type"": ""dcat:Dataset"", ""accessLevel"": ""public"", ""bureauCode"": [""009:38""], ""contactPoint"": {""@type"": ""vcard:Contact"", ""fn"": ""Hospital Compare"", ""hasURL"": ""https://cmsqualitysupport.servicenowservices.com/qnet_qa""}, ""description"": ""Complications and deaths - state data. This data set includes state-level data for the hip/knee complication measure, the CMS Patient Safety Indicators, and 30-day death rates."", ""distribution"": [{""@type"": ""dcat:Distribution"", ""describedBy"": ""https://data.cms.gov/provider-data/sites/default/files/data_dictionaries/hospital/HOSPITAL_Data_Dictionary.pdf"", ""describedByType"": ""application/pdf"", ""downloadURL"": ""https://data.cms.gov/provider-data/sites/default/files/resources/247bb4364e310313773d74ccb0fb3231_1776974771/Complications_and_Deaths-State.csv"", ""mediaType"": ""text/csv""}], ""identifier"": ""bs2r-24vh"", ""issued"": ""2020-12-10"", ""keyword"": [""Complications"", ""Death"", ""Mortality"", ""Hip Knee"", ""PSI"", ""State""], ""landingPage"": ""https://data.cms.gov/provider-data/dataset/bs2r-24vh"", ""modified"": ""2026-04-21"", ""programCode"": [""009:000""], ""publisher"": {""@type"": ""org:Organization"", ""name"": ""Centers for Medicare & Medicaid Services (CMS)""}, ""released"": ""2026-05-13"", ""theme"": [""Hospitals""], ""title"": ""Complications and Deaths - State""}"
qqw3-t4ie,Complications and Deaths - National,2020-12-10,2026-05-13,2026-04-21,,https://data.cms.gov/provider-data/dataset/qqw3-t4ie,https://data.cms.gov/provider-data/sites/default/files/resources/aba37eca11edcd4272afff9e6dc78bda_1776974767/Complications_and_Deaths-National.csv,Centers for Medicare & Medicaid Services (CMS),Complications; Death; Mortality; Hip Knee; PSI; National,"Complications and deaths - national data. This data set includes national-level data for the hip/knee complication measure, the CMS Patient Safety Indicators, and 30-day death rates.","{""@type"": ""dcat:Dataset"", ""accessLevel"": ""public"", ""bureauCode"": [""009:38""], ""contactPoint"": {""@type"": ""vcard:Contact"", ""fn"": ""Hospital Compare"", ""hasURL"": ""https://cmsqualitysupport.servicenowservices.com/qnet_qa""}, ""description"": ""Complications and deaths - national data. This data set includes national-level data for the hip/knee complication measure, the CMS Patient Safety Indicators, and 30-day death rates."", ""distribution"": [{""@type"": ""dcat:Distribution"", ""describedBy"": ""https://data.cms.gov/provider-data/sites/default/files/data_dictionaries/hospital/HOSPITAL_Data_Dictionary.pdf"", ""describedByType"": ""application/pdf"", ""downloadURL"": ""https://data.cms.gov/provider-data/sites/default/files/resources/aba37eca11edcd4272afff9e6dc78bda_1776974767/Complications_and_Deaths-National.csv"", ""mediaType"": ""text/csv""}], ""identifier"": ""qqw3-t4ie"", ""issued"": ""2020-12-10"", ""keyword"": [""Complications"", ""Death"", ""Mortality"", ""Hip Knee"", ""PSI"", ""National""], ""landingPage"": ""https://data.cms.gov/provider-data/dataset/qqw3-t4ie"", ""modified"": ""2026-04-21"", ""programCode"": [""009:000""], ""publisher"": {""@type"": ""org:Organization"", ""name"": ""Centers for Medicare & Medicaid Services (CMS)""}, ""released"": ""2026-05-13"", ""theme"": [""Hospitals""], ""title"": ""Complications and Deaths - National""}"
ynj2-r877,Complications and Deaths - Hospital,2023-07-05,2026-05-13,2026-04-28,,https://data.cms.gov/provider-data/dataset/ynj2-r877,https://data.cms.gov/provider-data/sites/default/files/resources/6af7c44d77436e5a1caac3ce39a83fe9_1777413950/Complications_and_Deaths-Hospital.csv,Centers for Medicare & Medicaid Services (CMS),Complications; Death; Mortality; Hip Knee; PSI,"Complications and deaths - provider data. This data set includes provider-level data for the hip/knee complication measure, the CMS Patient Safety Indicators, and 30-day death rates.","{""@type"": ""dcat:Dataset"", ""accessLevel"": ""public"", ""bureauCode"": [""009:38""], ""contactPoint"": {""@type"": ""vcard:Contact"", ""fn"": ""Hospital Compare"", ""hasURL"": ""https://cmsqualitysupport.servicenowservices.com/qnet_qa""}, ""description"": ""Complications and deaths - provider data. This data set includes provider-level data for the hip/knee complication measure, the CMS Patient Safety Indicators, and 30-day death rates."", ""distribution"": [{""@type"": ""dcat:Distribution"", ""describedBy"": ""https://data.cms.gov/provider-data/sites/default/files/data_dictionaries/hospital/HOSPITAL_Data_Dictionary.pdf"", ""describedByType"": ""application/pdf"", ""downloadURL"": ""https://data.cms.gov/provider-data/sites/default/files/resources/6af7c44d77436e5a1caac3ce39a83fe9_1777413950/Complications_and_Deaths-Hospital.csv"", ""mediaType"": ""text/csv""}], ""identifier"": ""ynj2-r877"", ""issued"": ""2023-07-05"", ""keyword"": [""Complications"", ""Death"", ""Mortality"", ""Hip Knee"", ""PSI""], ""landingPage"": ""https://data.cms.gov/provider-data/dataset/ynj2-r877"", ""modified"": ""2026-04-28"", ""programCode"": [""009:000""], ""publisher"": {""@type"": ""org:Organization"", ""name"": ""Centers for Medicare & Medicaid Services (CMS)""}, ""released"": ""2026-05-13"", ""theme"": [""Hospitals""], ""title"": ""Complications and Deaths - Hospital""}"
muwa-iene,CMS Medicare PSI-90 and component measures - six-digit estimate dataset,2020-12-10,2026-05-13,2026-04-28,,https://data.cms.gov/provider-data/dataset/muwa-iene,https://data.cms.gov/provider-data/sites/default/files/resources/84bd78c1b4e386185bcef2af963d8cf9_1777413948/CMS_PSI_6_decimal_file.csv,Centers for Medicare & Medicaid Services (CMS),Complications; PSI,This data set includes the Patient Safety and Adverse Events Composite measure (CMS Medicare PSI 90) and the individual CMS Patient Safety Indicators. CMS Medicare PSI 90 is a composite complication measure composed from 10 separate Patient Safety Indicators. The measure provides an overview of hospital-level quality as it relates to a set of potentially preventable hospital-related events associated with harmful outcomes for patients.,"{""@type"": ""dcat:Dataset"", ""accessLevel"": ""public"", ""bureauCode"": [""009:38""], ""contactPoint"": {""@type"": ""vcard:Contact"", ""fn"": ""Hospital Compare"", ""hasURL"": ""https://cmsqualitysupport.servicenowservices.com/qnet_qa""}, ""description"": ""This data set includes the Patient Safety and Adverse Events Composite measure (CMS Medicare PSI 90) and the individual CMS Patient Safety Indicators. CMS Medicare PSI 90 is a composite complication measure composed from 10 separate Patient Safety Indicators. The measure provides an overview of hospital-level quality as it relates to a set of potentially preventable hospital-related events associated with harmful outcomes for patients."", ""distribution"": [{""@type"": ""dcat:Distribution"", ""describedBy"": ""https://data.cms.gov/provider-data/sites/default/files/data_dictionaries/hospital/HOSPITAL_Data_Dictionary.pdf"", ""describedByType"": ""application/pdf"", ""downloadURL"": ""https://data.cms.gov/provider-data/sites/default/files/resources/84bd78c1b4e386185bcef2af963d8cf9_1777413948/CMS_PSI_6_decimal_file.csv"", ""mediaType"": ""text/csv""}], ""identifier"": ""muwa-iene"", ""issued"": ""2020-12-10"", ""keyword"": [""Complications"", ""PSI""], ""landingPage"": ""https://data.cms.gov/provider-data/dataset/muwa-iene"", ""modified"": ""2026-04-28"", ""programCode"": [""009:000""], ""publisher"": {""@type"": ""org:Organization"", ""name"": ""Centers for Medicare & Medicaid Services (CMS)""}, ""released"": ""2026-05-13"", ""theme"": [""Hospitals""], ""title"": ""CMS Medicare PSI-90 and component measures - six-digit estimate dataset""}"
hbf-map,Birthing Friendly Hospitals with Geocoded Addresses,2025-07-09,2026-05-13,2026-04-28,,https://data.cms.gov/provider-data/dataset/hbf-map,https://data.cms.gov/provider-data/sites/default/files/resources/e7f75e0803a17e22c4e26acf2183e622_1778277932/Birthing_Friendly_Hospitals_Geocoded.csv,Centers for Medicare & Medicaid Services (CMS),General Information; Address,A list of all hospitals that have been registered with Medicare and meet the criteria for the birthing friendly designation.,"{""@type"": ""dcat:Dataset"", ""accessLevel"": ""public"", ""bureauCode"": [""009:38""], ""contactPoint"": {""@type"": ""vcard:Contact"", ""fn"": ""Provider Data Catalog (PDC)"", ""hasEmail"": ""mailto:FeedbackDataCatalog@cms.hhs.gov""}, ""description"": ""A list of all hospitals that have been registered with Medicare and meet the criteria for the birthing friendly designation."", ""distribution"": [{""@type"": ""dcat:Distribution"", ""describedBy"": ""https://data.cms.gov/provider-data/sites/default/files/data_dictionaries/hospital/HOSPITAL_Data_Dictionary.pdf"", ""describedByType"": ""application/pdf"", ""downloadURL"": ""https://data.cms.gov/provider-data/sites/default/files/resources/e7f75e0803a17e22c4e26acf2183e622_1778277932/Birthing_Friendly_Hospitals_Geocoded.csv"", ""mediaType"": ""text/csv""}], ""identifier"": ""hbf-map"", ""issued"": ""2025-07-09"", ""keyword"": [""General Information"", ""Address""], ""landingPage"": ""https://data.cms.gov/provider-data/dataset/hbf-map"", ""modified"": ""2026-04-28"", ""nextUpdateDate"": """", ""programCode"": [""009:000""], ""publisher"": {""@type"": ""org:Organization"", ""name"": ""Centers for Medicare & Medicaid Services (CMS)""}, ""released"": ""2026-05-13"", ""theme"": [""Hospitals""], ""title"": ""Birthing Friendly Hospitals with Geocoded Addresses""}"
axe7-s95e,Ambulatory Surgical Center Quality Measures - State,2025-10-01,2026-05-13,2025-12-16,,https://data.cms.gov/provider-data/dataset/axe7-s95e,https://data.cms.gov/provider-data/sites/default/files/resources/d3aea2dfaeae85c44017441b184aeb6d_1770163558/ASC_State.csv,Centers for Medicare & Medicaid Services (CMS),Ambulatory Surgical Center; State; Surgery; Colonoscopy,This file contains state-level data for all measures reported through the Ambulatory Surgical Center Quality Reporting (ASCQR) Program.,"{""@type"": ""dcat:Dataset"", ""accessLevel"": ""public"", ""bureauCode"": [""009:38""], ""contactPoint"": {""@type"": ""vcard:Contact"", ""fn"": ""Hospital Compare"", ""hasURL"": ""https://cmsqualitysupport.servicenowservices.com/qnet_qa""}, ""description"": ""This file contains state-level data for all measures reported through the Ambulatory Surgical Center Quality Reporting (ASCQR) Program."", ""distribution"": [{""@type"": ""dcat:Distribution"", ""describedBy"": ""https://data.cms.gov/provider-data/sites/default/files/data_dictionaries/hospital/HOSPITAL_Data_Dictionary.pdf"", ""describedByType"": ""application/pdf"", ""downloadURL"": ""https://data.cms.gov/provider-data/sites/default/files/resources/d3aea2dfaeae85c44017441b184aeb6d_1770163558/ASC_State.csv"", ""mediaType"": ""text/csv""}], ""identifier"": ""axe7-s95e"", ""issued"": ""2025-10-01"", ""keyword"": [""Ambulatory Surgical Center"", ""State"", ""Surgery"", ""Colonoscopy""], ""landingPage"": ""https://data.cms.gov/provider-data/dataset/axe7-s95e"", ""modified"": ""2025-12-16"", ""programCode"": [""009:000""], ""publisher"": {""@type"": ""org:Organization"", ""name"": ""Centers for Medicare & Medicaid Services (CMS)""}, ""released"": ""2026-05-13"", ""theme"": [""Hospitals""], ""title"": ""Ambulatory Surgical Center Quality Measures - State""}"
wue8-3vwe,Ambulatory Surgical Center Quality Measures - National,2025-10-01,2026-05-13,2025-12-16,,https://data.cms.gov/provider-data/dataset/wue8-3vwe,https://data.cms.gov/provider-data/sites/default/files/resources/43dcc3212bfab34ac186ac2e19196b09_1770163554/ASC_National.csv,Centers for Medicare & Medicaid Services (CMS),Ambulatory Surgical Center; National; Surgery; Colonoscopy,This file contains the national averages for all measures reported through the Ambulatory Surgical Center Quality Reporting (ASCQR) Program.,"{""@type"": ""dcat:Dataset"", ""accessLevel"": ""public"", ""bureauCode"": [""009:38""], ""contactPoint"": {""@type"": ""vcard:Contact"", ""fn"": ""Hospital Compare"", ""hasURL"": ""https://cmsqualitysupport.servicenowservices.com/qnet_qa""}, ""description"": ""This file contains the national averages for all measures reported through the Ambulatory Surgical Center Quality Reporting (ASCQR) Program."", ""distribution"": [{""@type"": ""dcat:Distribution"", ""describedBy"": ""https://data.cms.gov/provider-data/sites/default/files/data_dictionaries/hospital/HOSPITAL_Data_Dictionary.pdf"", ""describedByType"": ""application/pdf"", ""downloadURL"": ""https://data.cms.gov/provider-data/sites/default/files/resources/43dcc3212bfab34ac186ac2e19196b09_1770163554/ASC_National.csv"", ""mediaType"": ""text/csv""}], ""identifier"": ""wue8-3vwe"", ""issued"": ""2025-10-01"", ""keyword"": [""Ambulatory Surgical Center"", ""National"", ""Surgery"", ""Colonoscopy""], ""landingPage"": ""https://data.cms.gov/provider-data/dataset/wue8-3vwe"", ""modified"": ""2025-12-16"", ""programCode"": [""009:000""], ""publisher"": {""@type"": ""org:Organization"", ""name"": ""Centers for Medicare & Medicaid Services (CMS)""}, ""released"": ""2026-05-13"", ""theme"": [""Hospitals""], ""title"": ""Ambulatory Surgical Center Quality Measures - National""}"
4jcv-atw7,Ambulatory Surgical Center Quality Measures - Facility,2025-10-01,2026-05-13,2025-12-16,,https://data.cms.gov/provider-data/dataset/4jcv-atw7,https://data.cms.gov/provider-data/sites/default/files/resources/dd03994fc93e296bb0297f1cd43cc987_1770163552/ASC_Facility.csv,Centers for Medicare & Medicaid Services (CMS),Ambulatory Surgical Center; Colonoscopy,A list of ambulatory surgical centers participating in the Ambulatory Surgical Center Quality Reporting (ASCQR) Program and their performance rates.,"{""@type"": ""dcat:Dataset"", ""accessLevel"": ""public"", ""bureauCode"": [""009:38""], ""contactPoint"": {""@type"": ""vcard:Contact"", ""fn"": ""Hospital Compare"", ""hasURL"": ""https://cmsqualitysupport.servicenowservices.com/qnet_qa""}, ""description"": ""A list of ambulatory surgical centers participating in the Ambulatory Surgical Center Quality Reporting (ASCQR) Program and their performance rates."", ""distribution"": [{""@type"": ""dcat:Distribution"", ""describedBy"": ""https://data.cms.gov/provider-data/sites/default/files/data_dictionaries/hospital/HOSPITAL_Data_Dictionary.pdf"", ""describedByType"": ""application/pdf"", ""downloadURL"": ""https://data.cms.gov/provider-data/sites/default/files/resources/dd03994fc93e296bb0297f1cd43cc987_1770163552/ASC_Facility.csv"", ""mediaType"": ""text/csv""}], ""identifier"": ""4jcv-atw7"", ""issued"": ""2025-10-01"", ""keyword"": [""Ambulatory Surgical Center"", ""Colonoscopy""], ""landingPage"": ""https://data.cms.gov/provider-data/dataset/4jcv-atw7"", ""modified"": ""2025-12-16"", ""programCode"": [""009:000""], ""publisher"": {""@type"": ""org:Organization"", ""name"": ""Centers for Medicare & Medicaid Services (CMS)""}, ""released"": ""2026-05-13"", ""theme"": [""Hospitals""], ""title"": ""Ambulatory Surgical Center Quality Measures - Facility""}"
6uyb-waub,Skilled Nursing Facility Quality Reporting Program - Swing Beds - Provider Data,2025-10-01,2026-04-29,2026-04-01,2026-07-29,https://data.cms.gov/provider-data/dataset/6uyb-waub,https://data.cms.gov/provider-data/sites/default/files/resources/e02c19750dd816ce1fdaa897033dcac3_1776435360/Swing_Bed_SNF_data_Apr2026.csv,Centers for Medicare & Medicaid Services (CMS),Skilled Nursing Facility Quality Reporting Program; Swing Bed,"Non-Critical Access Hospitals (CAHs) with swing beds are hospitals that provide Medicare Part A Skilled Nursing Facility (SNF) services to beneficiaries and must report data on certain measures of quality to Medicare through the Skilled Nursing Facility Quality Reporting Program (SNF QRP). This file contains a list of the swing bed units participating in the SNF QRP, as well as their results on quality measures implemented under the IMPACT Act.","{""@type"": ""dcat:Dataset"", ""accessLevel"": ""public"", ""bureauCode"": [""009:38""], ""contactPoint"": {""@type"": ""vcard:Contact"", ""fn"": ""Nursing homes including rehab services"", ""hasEmail"": ""mailto:SNFQRPPRQuestions@cms.hhs.gov""}, ""description"": ""Non-Critical Access Hospitals (CAHs) with swing beds are hospitals that provide Medicare Part A Skilled Nursing Facility (SNF) services to beneficiaries and must report data on certain measures of quality to Medicare through the Skilled Nursing Facility Quality Reporting Program (SNF QRP). This file contains a list of the swing bed units participating in the SNF QRP, as well as their results on quality measures implemented under the IMPACT Act."", ""distribution"": [{""@type"": ""dcat:Distribution"", ""describedBy"": ""https://data.cms.gov/provider-data/sites/default/files/data_dictionaries/nursing_home/NH_Data_Dictionary.pdf"", ""describedByType"": ""application/pdf"", ""downloadURL"": ""https://data.cms.gov/provider-data/sites/default/files/resources/e02c19750dd816ce1fdaa897033dcac3_1776435360/Swing_Bed_SNF_data_Apr2026.csv"", ""mediaType"": ""text/csv""}], ""identifier"": ""6uyb-waub"", ""issued"": ""2025-10-01"", ""keyword"": [""Skilled Nursing Facility Quality Reporting Program"", ""Swing Bed""], ""landingPage"": ""https://data.cms.gov/provider-data/dataset/6uyb-waub"", ""modified"": ""2026-04-01"", ""nextUpdateDate"": ""2026-07-29"", ""programCode"": [""009:000""], ""publisher"": {""@type"": ""org:Organization"", ""name"": ""Centers for Medicare & Medicaid Services (CMS)""}, ""released"": ""2026-04-29"", ""theme"": [""Nursing homes including rehab services""], ""title"": ""Skilled Nursing Facility Quality Reporting Program - Swing Beds - Provider Data""}"
5sqm-2qku,Skilled Nursing Facility Quality Reporting Program - National Data,2025-10-01,2026-04-29,2026-04-01,2026-07-29,https://data.cms.gov/provider-data/dataset/5sqm-2qku,https://data.cms.gov/provider-data/sites/default/files/resources/1bf5c5a9da539c53ec929b60c2b3e7e7_1776435357/Skilled_Nursing_Facility_Quality_Reporting_Program_National_Data_Apr2026.csv,Centers for Medicare & Medicaid Services (CMS),Skilled Nursing Facility Quality Reporting Program; National,Skilled Nursing Facilities (SNFs) provide Medicare Part A SNF services to beneficiaries and must report data on certain measures of quality to Medicare through the Skilled Nursing Facility Quality Reporting Program (SNF QRP). This file contains national averages on quality measures implemented under the IMPACT Act.,"{""@type"": ""dcat:Dataset"", ""accessLevel"": ""public"", ""bureauCode"": [""009:38""], ""contactPoint"": {""@type"": ""vcard:Contact"", ""fn"": ""Nursing homes including rehab services"", ""hasEmail"": ""mailto:SNFQRPPRQuestions@cms.hhs.gov""}, ""description"": ""Skilled Nursing Facilities (SNFs) provide Medicare Part A SNF services to beneficiaries and must report data on certain measures of quality to Medicare through the Skilled Nursing Facility Quality Reporting Program (SNF QRP). This file contains national averages on quality measures implemented under the IMPACT Act."", ""distribution"": [{""@type"": ""dcat:Distribution"", ""describedBy"": ""https://data.cms.gov/provider-data/sites/default/files/data_dictionaries/nursing_home/NH_Data_Dictionary.pdf"", ""describedByType"": ""application/pdf"", ""downloadURL"": ""https://data.cms.gov/provider-data/sites/default/files/resources/1bf5c5a9da539c53ec929b60c2b3e7e7_1776435357/Skilled_Nursing_Facility_Quality_Reporting_Program_National_Data_Apr2026.csv"", ""mediaType"": ""text/csv""}], ""identifier"": ""5sqm-2qku"", ""issued"": ""2025-10-01"", ""keyword"": [""Skilled Nursing Facility Quality Reporting Program"", ""National""], ""landingPage"": ""https://data.cms.gov/provider-data/dataset/5sqm-2qku"", ""modified"": ""2026-04-01"", ""nextUpdateDate"": ""2026-07-29"", ""programCode"": [""009:000""], ""publisher"": {""@type"": ""org:Organization"", ""name"": ""Centers for Medicare & Medicaid Services (CMS)""}, ""released"": ""2026-04-29"", ""theme"": [""Nursing homes including rehab services""], ""title"": ""Skilled Nursing Facility Quality Reporting Program - National Data""}"
hanv-ru8h,Patient survey (ICH CAHPS) - State,2020-03-14,2026-04-22,2026-03-25,2026-07-15,https://data.cms.gov/provider-data/dataset/hanv-ru8h,https://data.cms.gov/provider-data/sites/default/files/resources/93f9c6ee2f94aec3b2233772f13ebfd1_1774454765/ICH_CAHPS_STATE.csv,Centers for Medicare & Medicaid Services (CMS),Patient Survey; Patient Experience of Care,"State averages for ICH-CAHPS Survey measures. The ICH-CAHPS Survey is a national, standardized survey of in-center hemodialysis patients about their experiences with the facility, facility doctors and staff, and care received.","{""@type"": ""dcat:Dataset"", ""accessLevel"": ""public"", ""bureauCode"": [""009:38""], ""contactPoint"": {""@type"": ""vcard:Contact"", ""fn"": ""Dialysis Facility Helpdesk"", ""hasEmail"": ""mailto:DialysisData@umich.edu""}, ""description"": ""State averages for ICH-CAHPS Survey measures. The ICH-CAHPS Survey is a national, standardized survey of in-center hemodialysis patients about their experiences with the facility, facility doctors and staff, and care received."", ""distribution"": [{""@type"": ""dcat:Distribution"", ""describedBy"": ""https://data.cms.gov/provider-data/sites/default/files/data_dictionaries/dialysis/DF_Data_Dictionary.pdf"", ""describedByType"": ""application/pdf"", ""downloadURL"": ""https://data.cms.gov/provider-data/sites/default/files/resources/93f9c6ee2f94aec3b2233772f13ebfd1_1774454765/ICH_CAHPS_STATE.csv"", ""mediaType"": ""text/csv""}], ""identifier"": ""hanv-ru8h"", ""issued"": ""2020-03-14"", ""keyword"": [""Patient Survey"", ""Patient Experience of Care""], ""landingPage"": ""https://data.cms.gov/provider-data/dataset/hanv-ru8h"", ""modified"": ""2026-03-25"", ""nextUpdateDate"": ""2026-07-15"", ""programCode"": [""009:000""], ""publisher"": {""@type"": ""org:Organization"", ""name"": ""Centers for Medicare & Medicaid Services (CMS)""}, ""released"": ""2026-04-22"", ""theme"": [""Dialysis facilities""], ""title"": ""Patient survey (ICH CAHPS) - State""}"
utgq-v46w,Patient survey (ICH CAHPS) - National,2020-03-14,2026-04-22,2026-03-25,2026-07-15,https://data.cms.gov/provider-data/dataset/utgq-v46w,https://data.cms.gov/provider-data/sites/default/files/resources/a30c36613321ee42e978617533508cf9_1774454767/ICH_CAHPS_NATIONAL.csv,Centers for Medicare & Medicaid Services (CMS),Patient Survey; Patient Experience of Care,"The national average for ICH-CAHPS Survey measures. The ICH-CAHPS Survey is a national, standardized survey of in-center hemodialysis patients about their experiences with the facility, facility doctors and staff, and care received.","{""@type"": ""dcat:Dataset"", ""accessLevel"": ""public"", ""bureauCode"": [""009:38""], ""contactPoint"": {""@type"": ""vcard:Contact"", ""fn"": ""Dialysis Facility Helpdesk"", ""hasEmail"": ""mailto:DialysisData@umich.edu""}, ""description"": ""The national average for ICH-CAHPS Survey measures. The ICH-CAHPS Survey is a national, standardized survey of in-center hemodialysis patients about their experiences with the facility, facility doctors and staff, and care received."", ""distribution"": [{""@type"": ""dcat:Distribution"", ""describedBy"": ""https://data.cms.gov/provider-data/sites/default/files/data_dictionaries/dialysis/DF_Data_Dictionary.pdf"", ""describedByType"": ""application/pdf"", ""downloadURL"": ""https://data.cms.gov/provider-data/sites/default/files/resources/a30c36613321ee42e978617533508cf9_1774454767/ICH_CAHPS_NATIONAL.csv"", ""mediaType"": ""text/csv""}], ""identifier"": ""utgq-v46w"", ""issued"": ""2020-03-14"", ""keyword"": [""Patient Survey"", ""Patient Experience of Care""], ""landingPage"": ""https://data.cms.gov/provider-data/dataset/utgq-v46w"", ""modified"": ""2026-03-25"", ""nextUpdateDate"": ""2026-07-15"", ""programCode"": [""009:000""], ""publisher"": {""@type"": ""org:Organization"", ""name"": ""Centers for Medicare & Medicaid Services (CMS)""}, ""released"": ""2026-04-22"", ""theme"": [""Dialysis facilities""], ""title"": ""Patient survey (ICH CAHPS) - National""}"
59mq-zhts,Patient survey (ICH CAHPS) - Facility,2020-03-14,2026-04-22,2026-03-25,2026-07-15,https://data.cms.gov/provider-data/dataset/59mq-zhts,https://data.cms.gov/provider-data/sites/default/files/resources/af4027a6449e63899d56ecec0c718998_1774454763/ICH_CAHPS_FACILITY.csv,Centers for Medicare & Medicaid Services (CMS),Patient Survey; Patient Experience of Care,"In-Center Hemodialysis Facilities Patient evaluations from the In-Center Hemodialysis Consumer Assessment of Healthcare Providers and Systems (ICH-CAHPS) Survey. The ICH-CAHPS Survey is a national, standardized survey of in-center hemodialysis patients about their experiences with the facility, facility doctors and staff, and care received.","{""@type"": ""dcat:Dataset"", ""accessLevel"": ""public"", ""bureauCode"": [""009:38""], ""contactPoint"": {""@type"": ""vcard:Contact"", ""fn"": ""Dialysis Facility Helpdesk"", ""hasEmail"": ""mailto:DialysisData@umich.edu""}, ""description"": ""In-Center Hemodialysis Facilities Patient evaluations from the In-Center Hemodialysis Consumer Assessment of Healthcare Providers and Systems (ICH-CAHPS) Survey. The ICH-CAHPS Survey is a national, standardized survey of in-center hemodialysis patients about their experiences with the facility, facility doctors and staff, and care received. "", ""distribution"": [{""@type"": ""dcat:Distribution"", ""describedBy"": ""https://data.cms.gov/provider-data/sites/default/files/data_dictionaries/dialysis/DF_Data_Dictionary.pdf"", ""describedByType"": ""application/pdf"", ""downloadURL"": ""https://data.cms.gov/provider-data/sites/default/files/resources/af4027a6449e63899d56ecec0c718998_1774454763/ICH_CAHPS_FACILITY.csv"", ""mediaType"": ""text/csv""}], ""identifier"": ""59mq-zhts"", ""issued"": ""2020-03-14"", ""keyword"": [""Patient Survey"", ""Patient Experience of Care""], ""landingPage"": ""https://data.cms.gov/provider-data/dataset/59mq-zhts"", ""modified"": ""2026-03-25"", ""nextUpdateDate"": ""2026-07-15"", ""programCode"": [""009:000""], ""publisher"": {""@type"": ""org:Organization"", ""name"": ""Centers for Medicare & Medicaid Services (CMS)""}, ""released"": ""2026-04-22"", ""theme"": [""Dialysis facilities""], ""title"": ""Patient survey (ICH CAHPS) - Facility""}"
6jpm-sxkc,Home Health Care Agencies,2026-03-05,2026-04-22,2026-03-05,,https://data.cms.gov/provider-data/dataset/6jpm-sxkc,https://data.cms.gov/provider-data/sites/default/files/resources/f9a309e9463cdf0a7d7828f8d8d0e653_1775505949/HH_Provider_Apr2026.csv,Centers for Medicare & Medicaid Services (CMS),Address; Provider-level; Provider Data; Performance; General Information; Quality; Ratings; Comparison; State; Quality; Measures; National; Average; Quality Reporting Program,"A list of all Home Health Agencies that have been registered with Medicare. The list includes addresses, phone numbers, and quality measure ratings for each agency.","{""@type"": ""dcat:Dataset"", ""accessLevel"": ""public"", ""bureauCode"": [""009:38""], ""contactPoint"": {""@type"": ""vcard:Contact"", ""fn"": ""Home Health Quality Help Desk"", ""hasEmail"": ""mailto:HomeHealthQualityQuestions@cms.hhs.gov""}, ""description"": ""A list of all Home Health Agencies that have been registered with Medicare. The list includes addresses, phone numbers, and quality measure ratings for each agency."", ""distribution"": [{""@type"": ""dcat:Distribution"", ""describedBy"": ""https://data.cms.gov/provider-data/sites/default/files/data_dictionaries/home_health/HHS_Data_Dictionary.pdf"", ""describedByType"": ""application/pdf"", ""downloadURL"": ""https://data.cms.gov/provider-data/sites/default/files/resources/f9a309e9463cdf0a7d7828f8d8d0e653_1775505949/HH_Provider_Apr2026.csv"", ""mediaType"": ""text/csv""}], ""identifier"": ""6jpm-sxkc"", ""issued"": ""2026-03-05"", ""keyword"": [""Address"", ""Provider-level"", ""Provider Data"", ""Performance"", ""General Information"", ""Quality"", ""Ratings"", ""Comparison"", ""State"", ""Quality"", ""Measures"", ""National"", ""Average"", ""Quality Reporting Program""], ""landingPage"": ""https://data.cms.gov/provider-data/dataset/6jpm-sxkc"", ""modified"": ""2026-03-05"", ""programCode"": [""009:000""], ""publisher"": {""@type"": ""org:Organization"", ""name"": ""Centers for Medicare & Medicaid Services (CMS)""}, ""released"": ""2026-04-22"", ""theme"": [""Home health services""], ""title"": ""Home Health Care Agencies""}"
m5eg-upu5,Home Health Care - Zip Codes,2026-03-05,2026-04-22,2026-03-05,,https://data.cms.gov/provider-data/dataset/m5eg-upu5,https://data.cms.gov/provider-data/sites/default/files/resources/6474c60115b2b788900f733bbda6dea2_1775505945/HH_Zip_Apr2026.csv,Centers for Medicare & Medicaid Services (CMS),General Information; Quality; Ratings; Comparison; State; Average; Quality; Measures; National; Location,Home Health Care - Zip Codes,"{""@type"": ""dcat:Dataset"", ""accessLevel"": ""public"", ""bureauCode"": [""009:38""], ""contactPoint"": {""@type"": ""vcard:Contact"", ""fn"": ""Home Health Quality Help Desk"", ""hasEmail"": ""mailto:HomeHealthQualityQuestions@cms.hhs.gov""}, ""description"": ""Home Health Care - Zip Codes"", ""distribution"": [{""@type"": ""dcat:Distribution"", ""describedBy"": ""https://data.cms.gov/provider-data/sites/default/files/data_dictionaries/home_health/HHS_Data_Dictionary.pdf"", ""describedByType"": ""application/pdf"", ""downloadURL"": ""https://data.cms.gov/provider-data/sites/default/files/resources/6474c60115b2b788900f733bbda6dea2_1775505945/HH_Zip_Apr2026.csv"", ""mediaType"": ""text/csv""}], ""identifier"": ""m5eg-upu5"", ""issued"": ""2026-03-05"", ""keyword"": [""General Information"", ""Quality"", ""Ratings"", ""Comparison"", ""State"", ""Average"", ""Quality"", ""Measures"", ""National"", ""Location""], ""landingPage"": ""https://data.cms.gov/provider-data/dataset/m5eg-upu5"", ""modified"": ""2026-03-05"", ""programCode"": [""009:000""], ""publisher"": {""@type"": ""org:Organization"", ""name"": ""Centers for Medicare & Medicaid Services (CMS)""}, ""released"": ""2026-04-22"", ""theme"": [""Home health services""], ""title"": ""Home Health Care - Zip Codes""}"
tee5-ixt5,Home Health Care - State by State Data,2026-03-05,2026-04-22,2026-03-05,,https://data.cms.gov/provider-data/dataset/tee5-ixt5,https://data.cms.gov/provider-data/sites/default/files/resources/346a4dd2d0f21e2aeaf90f7e4c5e31de_1775505947/HH_State_Apr2026.csv,Centers for Medicare & Medicaid Services (CMS),General Information; Quality; Ratings; Comparison; State; Average; Measures; National; Quality Reporting Program,State averages of several home health agency quality measures for Home Health Agencies.,"{""@type"": ""dcat:Dataset"", ""accessLevel"": ""public"", ""bureauCode"": [""009:38""], ""contactPoint"": {""@type"": ""vcard:Contact"", ""fn"": ""Home Health Quality Help Desk"", ""hasEmail"": ""mailto:HomeHealthQualityQuestions@cms.hhs.gov""}, ""description"": ""State averages of several home health agency quality measures for Home Health Agencies."", ""distribution"": [{""@type"": ""dcat:Distribution"", ""describedBy"": ""https://data.cms.gov/provider-data/sites/default/files/data_dictionaries/home_health/HHS_Data_Dictionary.pdf"", ""describedByType"": ""application/pdf"", ""downloadURL"": ""https://data.cms.gov/provider-data/sites/default/files/resources/346a4dd2d0f21e2aeaf90f7e4c5e31de_1775505947/HH_State_Apr2026.csv"", ""mediaType"": ""text/csv""}], ""identifier"": ""tee5-ixt5"", ""issued"": ""2026-03-05"", ""keyword"": [""General Information"", ""Quality"", ""Ratings"", ""Comparison"", ""State"", ""Average"", ""Measures"", ""National"", ""Quality Reporting Program""], ""landingPage"": ""https://data.cms.gov/provider-data/dataset/tee5-ixt5"", ""modified"": ""2026-03-05"", ""programCode"": [""009:000""], ""publisher"": {""@type"": ""org:Organization"", ""name"": ""Centers for Medicare & Medicaid Services (CMS)""}, ""released"": ""2026-04-22"", ""theme"": [""Home health services""], ""title"": ""Home Health Care - State by State Data""}"
m5jg-jg7i,Home Health Care - Patient Survey (HHCAHPS) State Data 2024Q4 to 2025Q3,2026-03-18,2026-04-22,2026-03-18,2026-07-15,https://data.cms.gov/provider-data/dataset/m5jg-jg7i,https://data.cms.gov/provider-data/sites/default/files/resources/e25f88b8fdd9db5fd935feed821aaa8c_1775505958/HHCAHPS_State_Apr2026.csv,Centers for Medicare & Medicaid Services (CMS),Patient Survey; State; Average; CAHPS; Medicare; Patient Experience of Care,State Data for Home Health Care - Patient Survey (HHCAHPS) for 2024Q4 to 2025Q3,"{""@type"": ""dcat:Dataset"", ""accessLevel"": ""public"", ""bureauCode"": [""009:38""], ""contactPoint"": {""@type"": ""vcard:Contact"", ""fn"": ""Home Health CAHPS Helpdesk"", ""hasEmail"": ""mailto:hhcahps@rti.org""}, ""description"": ""State Data for Home Health Care - Patient Survey (HHCAHPS) for 2024Q4 to 2025Q3"", ""distribution"": [{""@type"": ""dcat:Distribution"", ""describedBy"": ""https://data.cms.gov/provider-data/sites/default/files/data_dictionaries/home_health/HHS_Data_Dictionary.pdf"", ""describedByType"": ""application/pdf"", ""downloadURL"": ""https://data.cms.gov/provider-data/sites/default/files/resources/e25f88b8fdd9db5fd935feed821aaa8c_1775505958/HHCAHPS_State_Apr2026.csv"", ""mediaType"": ""text/csv""}], ""identifier"": ""m5jg-jg7i"", ""issued"": ""2026-03-18"", ""keyword"": [""Patient Survey"", ""State"", ""Average"", ""CAHPS"", ""Medicare"", ""Patient Experience of Care""], ""landingPage"": ""https://data.cms.gov/provider-data/dataset/m5jg-jg7i"", ""modified"": ""2026-03-18"", ""nextUpdateDate"": ""2026-07-15"", ""programCode"": [""009:000""], ""publisher"": {""@type"": ""org:Organization"", ""name"": ""Centers for Medicare & Medicaid Services (CMS)""}, ""released"": ""2026-04-22"", ""theme"": [""Home health services""], ""title"": ""Home Health Care - Patient Survey (HHCAHPS) State Data 2024Q4 to 2025Q3""}"
vxub-6swi,Home Health Care - Patient Survey (HHCAHPS) National Data 2024Q4 to 2025Q3,2026-03-18,2026-04-22,2026-03-18,2026-07-15,https://data.cms.gov/provider-data/dataset/vxub-6swi,https://data.cms.gov/provider-data/sites/default/files/resources/34c8425110e4b464e68f1ae504bbdca7_1775505956/HHCAHPS_National_Apr2026.csv,Centers for Medicare & Medicaid Services (CMS),Patient Survey; National; Average; CAHPS; Medicare; Patient Experience of Care,National Data for Home Health Care - Patient Survey (HHCAHPS) for 2024Q4 to 2025Q3,"{""@type"": ""dcat:Dataset"", ""accessLevel"": ""public"", ""bureauCode"": [""009:38""], ""contactPoint"": {""@type"": ""vcard:Contact"", ""fn"": ""Home Health CAHPS Helpdesk"", ""hasEmail"": ""mailto:hhcahps@rti.org""}, ""description"": ""National Data for Home Health Care - Patient Survey (HHCAHPS) for 2024Q4 to 2025Q3"", ""distribution"": [{""@type"": ""dcat:Distribution"", ""describedBy"": ""https://data.cms.gov/provider-data/sites/default/files/data_dictionaries/home_health/HHS_Data_Dictionary.pdf"", ""describedByType"": ""application/pdf"", ""downloadURL"": ""https://data.cms.gov/provider-data/sites/default/files/resources/34c8425110e4b464e68f1ae504bbdca7_1775505956/HHCAHPS_National_Apr2026.csv"", ""mediaType"": ""text/csv""}], ""identifier"": ""vxub-6swi"", ""issued"": ""2026-03-18"", ""keyword"": [""Patient Survey"", ""National"", ""Average"", ""CAHPS"", ""Medicare"", ""Patient Experience of Care""], ""landingPage"": ""https://data.cms.gov/provider-data/dataset/vxub-6swi"", ""modified"": ""2026-03-18"", ""nextUpdateDate"": ""2026-07-15"", ""programCode"": [""009:000""], ""publisher"": {""@type"": ""org:Organization"", ""name"": ""Centers for Medicare & Medicaid Services (CMS)""}, ""released"": ""2026-04-22"", ""theme"": [""Home health services""], ""title"": ""Home Health Care - Patient Survey (HHCAHPS) National Data 2024Q4 to 2025Q3""}"
fa88-6ff2,Home Health Care - Patient Survey (HHCAHPS) Measure Dates 2024Q4 to 2025Q3,2026-03-18,2026-04-22,2026-03-18,2026-07-15,https://data.cms.gov/provider-data/dataset/fa88-6ff2,https://data.cms.gov/provider-data/sites/default/files/resources/a56107d987ad28f6a52a393c6a77556c_1775505960/HHCAHPS_MeasureDateRange_Apr2026.csv,Centers for Medicare & Medicaid Services (CMS),Patient Survey; CAHPS; Medicare; Patient Experience of Care; Data Collection Period; Measure Dates,Measure Dates for Home Health Care - Patient Survey (HHCAHPS) for 2024Q4 to 2025Q3,"{""@type"": ""dcat:Dataset"", ""accessLevel"": ""public"", ""bureauCode"": [""009:38""], ""contactPoint"": {""@type"": ""vcard:Contact"", ""fn"": ""Home Health CAHPS Helpdesk"", ""hasEmail"": ""mailto:hhcahps@rti.org""}, ""description"": ""Measure Dates for Home Health Care - Patient Survey (HHCAHPS) for 2024Q4 to 2025Q3"", ""distribution"": [{""@type"": ""dcat:Distribution"", ""describedBy"": ""https://data.cms.gov/provider-data/sites/default/files/data_dictionaries/home_health/HHS_Data_Dictionary.pdf"", ""describedByType"": ""application/pdf"", ""downloadURL"": ""https://data.cms.gov/provider-data/sites/default/files/resources/a56107d987ad28f6a52a393c6a77556c_1775505960/HHCAHPS_MeasureDateRange_Apr2026.csv"", ""mediaType"": ""text/csv""}], ""identifier"": ""fa88-6ff2"", ""issued"": ""2026-03-18"", ""keyword"": [""Patient Survey"", ""CAHPS"", ""Medicare"", ""Patient Experience of Care"", ""Data Collection Period"", ""Measure Dates""], ""landingPage"": ""https://data.cms.gov/provider-data/dataset/fa88-6ff2"", ""modified"": ""2026-03-18"", ""nextUpdateDate"": ""2026-07-15"", ""programCode"": [""009:000""], ""publisher"": {""@type"": ""org:Organization"", ""name"": ""Centers for Medicare & Medicaid Services (CMS)""}, ""released"": ""2026-04-22"", ""theme"": [""Home health services""], ""title"": ""Home Health Care - Patient Survey (HHCAHPS) Measure Dates 2024Q4 to 2025Q3""}"
ccn4-8vby,Home Health Care - Patient Survey (HHCAHPS) 2024Q4 to 2025Q3,2026-03-18,2026-04-22,2026-03-18,2026-07-15,https://data.cms.gov/provider-data/dataset/ccn4-8vby,https://data.cms.gov/provider-data/sites/default/files/resources/1504afd07fe91f0104e116161755df79_1775505955/HHCAHPS_Provider_Apr2026.csv,Centers for Medicare & Medicaid Services (CMS),Patient Survey; CAHPS; Medicare; Patient Experience of Care; Provider Data; Average,Patient Data for Home Health Care (HHCAHPS) for 2024Q4 to 2025Q3,"{""@type"": ""dcat:Dataset"", ""accessLevel"": ""public"", ""bureauCode"": [""009:38""], ""contactPoint"": {""@type"": ""vcard:Contact"", ""fn"": ""Home Health CAHPS Helpdesk"", ""hasEmail"": ""mailto:hhcahps@rti.org""}, ""description"": ""Patient Data for Home Health Care (HHCAHPS) for 2024Q4 to 2025Q3"", ""distribution"": [{""@type"": ""dcat:Distribution"", ""describedBy"": ""https://data.cms.gov/provider-data/sites/default/files/data_dictionaries/home_health/HHS_Data_Dictionary.pdf"", ""describedByType"": ""application/pdf"", ""downloadURL"": ""https://data.cms.gov/provider-data/sites/default/files/resources/1504afd07fe91f0104e116161755df79_1775505955/HHCAHPS_Provider_Apr2026.csv"", ""mediaType"": ""text/csv""}], ""identifier"": ""ccn4-8vby"", ""issued"": ""2026-03-18"", ""keyword"": [""Patient Survey"", ""CAHPS"", ""Medicare"", ""Patient Experience of Care"", ""Provider Data"", ""Average""], ""landingPage"": ""https://data.cms.gov/provider-data/dataset/ccn4-8vby"", ""modified"": ""2026-03-18"", ""nextUpdateDate"": ""2026-07-15"", ""programCode"": [""009:000""], ""publisher"": {""@type"": ""org:Organization"", ""name"": ""Centers for Medicare & Medicaid Services (CMS)""}, ""released"": ""2026-04-22"", ""theme"": [""Home health services""], ""title"": ""Home Health Care - Patient Survey (HHCAHPS) 2024Q4 to 2025Q3""}"
97z8-de96,Home Health Care - National Data,2026-03-05,2026-04-22,2026-03-05,,https://data.cms.gov/provider-data/dataset/97z8-de96,https://data.cms.gov/provider-data/sites/default/files/resources/c7a73e1ae1de43ac7b176ba4f08d7625_1775505951/HH_National_Apr2026.csv,Centers for Medicare & Medicaid Services (CMS),General Information; Quality; Ratings; Comparison; State; Average; Quality; Measures; National,The national averages for critical quality measures of Home Health Agencies.,"{""@type"": ""dcat:Dataset"", ""accessLevel"": ""public"", ""bureauCode"": [""009:38""], ""contactPoint"": {""@type"": ""vcard:Contact"", ""fn"": ""Home Health Quality Help Desk"", ""hasEmail"": ""mailto:HomeHealthQualityQuestions@cms.hhs.gov""}, ""description"": ""The national averages for critical quality measures of Home Health Agencies."", ""distribution"": [{""@type"": ""dcat:Distribution"", ""describedBy"": ""https://data.cms.gov/provider-data/sites/default/files/data_dictionaries/home_health/HHS_Data_Dictionary.pdf"", ""describedByType"": ""application/pdf"", ""downloadURL"": ""https://data.cms.gov/provider-data/sites/default/files/resources/c7a73e1ae1de43ac7b176ba4f08d7625_1775505951/HH_National_Apr2026.csv"", ""mediaType"": ""text/csv""}], ""identifier"": ""97z8-de96"", ""issued"": ""2026-03-05"", ""keyword"": [""General Information"", ""Quality"", ""Ratings"", ""Comparison"", ""State"", ""Average"", ""Quality"", ""Measures"", ""National""], ""landingPage"": ""https://data.cms.gov/provider-data/dataset/97z8-de96"", ""modified"": ""2026-03-05"", ""programCode"": [""009:000""], ""publisher"": {""@type"": ""org:Organization"", ""name"": ""Centers for Medicare & Medicaid Services (CMS)""}, ""released"": ""2026-04-22"", ""theme"": [""Home health services""], ""title"": ""Home Health Care - National Data""}"
c886-nwpj,Home Health Care - Measure Date Range,2026-03-05,2026-04-22,2026-03-05,,https://data.cms.gov/provider-data/dataset/c886-nwpj,https://data.cms.gov/provider-data/sites/default/files/resources/1b118c65400c5bb0aa8fb19b94a7a6a2_1775505953/HH_MeasureDateRange_Apr2026.csv,Centers for Medicare & Medicaid Services (CMS),General Information; Quality; Ratings; Comparison; Measure Dates; Data Collection Period; State; Average; Measures; National; Quality Reporting Program,Home Health Care - Measure Date Range,"{""@type"": ""dcat:Dataset"", ""accessLevel"": ""public"", ""bureauCode"": [""009:38""], ""contactPoint"": {""@type"": ""vcard:Contact"", ""fn"": ""Home Health Quality Help Desk"", ""hasEmail"": ""mailto:HomeHealthQualityQuestions@cms.hhs.gov""}, ""description"": ""Home Health Care - Measure Date Range"", ""distribution"": [{""@type"": ""dcat:Distribution"", ""describedBy"": ""https://data.cms.gov/provider-data/sites/default/files/data_dictionaries/home_health/HHS_Data_Dictionary.pdf"", ""describedByType"": ""application/pdf"", ""downloadURL"": ""https://data.cms.gov/provider-data/sites/default/files/resources/1b118c65400c5bb0aa8fb19b94a7a6a2_1775505953/HH_MeasureDateRange_Apr2026.csv"", ""mediaType"": ""text/csv""}], ""identifier"": ""c886-nwpj"", ""issued"": ""2026-03-05"", ""keyword"": [""General Information"", ""Quality"", ""Ratings"", ""Comparison"", ""Measure Dates"", ""Data Collection Period"", ""State"", ""Average"", ""Measures"", ""National"", ""Quality Reporting Program""], ""landingPage"": ""https://data.cms.gov/provider-data/dataset/c886-nwpj"", ""modified"": ""2026-03-05"", ""programCode"": [""009:000""], ""publisher"": {""@type"": ""org:Organization"", ""name"": ""Centers for Medicare & Medicaid Services (CMS)""}, ""released"": ""2026-04-22"", ""theme"": [""Home health services""], ""title"": ""Home Health Care - Measure Date Range""}"
2fpu-cgbb,Dialysis Facility - State Averages,2020-03-14,2026-04-22,2026-03-25,2026-07-15,https://data.cms.gov/provider-data/dataset/2fpu-cgbb,https://data.cms.gov/provider-data/sites/default/files/resources/3b5f0449f531ee07c467e49abed89954_1774454759/DFC_STATE.csv,Centers for Medicare & Medicaid Services (CMS),Quality; Quality Measures,State averages of common dialysis quality measures.,"{""@type"": ""dcat:Dataset"", ""accessLevel"": ""public"", ""bureauCode"": [""009:38""], ""contactPoint"": {""@type"": ""vcard:Contact"", ""fn"": ""Dialysis Facility Helpdesk"", ""hasEmail"": ""mailto:DialysisData@umich.edu""}, ""description"": ""State averages of common dialysis quality measures."", ""distribution"": [{""@type"": ""dcat:Distribution"", ""describedBy"": ""https://data.cms.gov/provider-data/sites/default/files/data_dictionaries/dialysis/DF_Data_Dictionary.pdf"", ""describedByType"": ""application/pdf"", ""downloadURL"": ""https://data.cms.gov/provider-data/sites/default/files/resources/3b5f0449f531ee07c467e49abed89954_1774454759/DFC_STATE.csv"", ""mediaType"": ""text/csv""}], ""identifier"": ""2fpu-cgbb"", ""issued"": ""2020-03-14"", ""keyword"": [""Quality"", ""Quality Measures""], ""landingPage"": ""https://data.cms.gov/provider-data/dataset/2fpu-cgbb"", ""modified"": ""2026-03-25"", ""nextUpdateDate"": ""2026-07-15"", ""programCode"": [""009:000""], ""publisher"": {""@type"": ""org:Organization"", ""name"": ""Centers for Medicare & Medicaid Services (CMS)""}, ""released"": ""2026-04-22"", ""theme"": [""Dialysis facilities""], ""title"": ""Dialysis Facility - State Averages""}"
2rkq-ygai,Dialysis Facility - National Averages,2020-03-14,2026-04-22,2026-03-25,2026-07-15,https://data.cms.gov/provider-data/dataset/2rkq-ygai,https://data.cms.gov/provider-data/sites/default/files/resources/ae019f56e76839ee1da1b51f502954cc_1774454761/DFC_NATIONAL.csv,Centers for Medicare & Medicaid Services (CMS),Quality; Quality Measures,National averages of common dialysis quality measures.,"{""@type"": ""dcat:Dataset"", ""accessLevel"": ""public"", ""bureauCode"": [""009:38""], ""contactPoint"": {""@type"": ""vcard:Contact"", ""fn"": ""Dialysis Facility Helpdesk"", ""hasEmail"": ""mailto:DialysisData@umich.edu""}, ""description"": "" National averages of common dialysis quality measures."", ""distribution"": [{""@type"": ""dcat:Distribution"", ""describedBy"": ""https://data.cms.gov/provider-data/sites/default/files/data_dictionaries/dialysis/DF_Data_Dictionary.pdf"", ""describedByType"": ""application/pdf"", ""downloadURL"": ""https://data.cms.gov/provider-data/sites/default/files/resources/ae019f56e76839ee1da1b51f502954cc_1774454761/DFC_NATIONAL.csv"", ""mediaType"": ""text/csv""}], ""identifier"": ""2rkq-ygai"", ""issued"": ""2020-03-14"", ""keyword"": [""Quality"", ""Quality Measures""], ""landingPage"": ""https://data.cms.gov/provider-data/dataset/2rkq-ygai"", ""modified"": ""2026-03-25"", ""nextUpdateDate"": ""2026-07-15"", ""programCode"": [""009:000""], ""publisher"": {""@type"": ""org:Organization"", ""name"": ""Centers for Medicare & Medicaid Services (CMS)""}, ""released"": ""2026-04-22"", ""theme"": [""Dialysis facilities""], ""title"": ""Dialysis Facility - National Averages""}"
23ew-n7w9,Dialysis Facility - Listing by Facility,2020-03-14,2026-04-22,2026-03-25,2026-07-15,https://data.cms.gov/provider-data/dataset/23ew-n7w9,https://data.cms.gov/provider-data/sites/default/files/resources/c04d84bc5c641284494bee4f20f17f9c_1774454758/DFC_FACILITY.csv,Centers for Medicare & Medicaid Services (CMS),Quality; Quality Measures,"A list of all dialysis facilities registered with Medicare that includes addresses and phone numbers, as well as services and quality of care provided.","{""@type"": ""dcat:Dataset"", ""accessLevel"": ""public"", ""bureauCode"": [""009:38""], ""contactPoint"": {""@type"": ""vcard:Contact"", ""fn"": ""Dialysis Facility Helpdesk"", ""hasEmail"": ""mailto:DialysisData@umich.edu""}, ""description"": ""A list of all dialysis facilities registered with Medicare that includes addresses and phone numbers, as well as services and quality of care provided."", ""distribution"": [{""@type"": ""dcat:Distribution"", ""describedBy"": ""https://data.cms.gov/provider-data/sites/default/files/data_dictionaries/dialysis/DF_Data_Dictionary.pdf"", ""describedByType"": ""application/pdf"", ""downloadURL"": ""https://data.cms.gov/provider-data/sites/default/files/resources/c04d84bc5c641284494bee4f20f17f9c_1774454758/DFC_FACILITY.csv"", ""mediaType"": ""text/csv""}], ""identifier"": ""23ew-n7w9"", ""issued"": ""2020-03-14"", ""keyword"": [""Quality"", ""Quality Measures""], ""landingPage"": ""https://data.cms.gov/provider-data/dataset/23ew-n7w9"", ""modified"": ""2026-03-25"", ""nextUpdateDate"": ""2026-07-15"", ""programCode"": [""009:000""], ""publisher"": {""@type"": ""org:Organization"", ""name"": ""Centers for Medicare & Medicaid Services (CMS)""}, ""released"": ""2026-04-22"", ""theme"": [""Dialysis facilities""], ""title"": ""Dialysis Facility - Listing by Facility""}"
srr,ESRD QIP - Standardized Readmission Ratio - Payment Year 2026,2021-01-20,2026-03-04,2026-03-03,,https://data.cms.gov/provider-data/dataset/srr,https://data.cms.gov/provider-data/sites/default/files/resources/f92d42450424b3e3c940c13d1a2bedfa_1772568346/SRR.csv,Centers for Medicare & Medicaid Services (CMS),Linking Quality to Payment,"This dataset includes facility details, performance ratio, measure score, and the state and national average measure scores for the SRR measure included in the PY 2026 ESRD QIP. The measure is expressed as a rate.","{""@type"": ""dcat:Dataset"", ""accessLevel"": ""public"", ""bureauCode"": [""009:38""], ""contactPoint"": {""@type"": ""vcard:Contact"", ""fn"": ""ESRD QIP Helpdesk"", ""hasEmail"": ""mailto:ESRDQIP@cms.hhs.gov""}, ""description"": ""This dataset includes facility details, performance ratio, measure score, and the state and national average measure scores for the SRR measure included in the PY 2026 ESRD QIP. The measure is expressed as a rate."", ""distribution"": [{""@type"": ""dcat:Distribution"", ""describedBy"": ""https://data.cms.gov/provider-data/sites/default/files/data_dictionaries/dialysis/DF_Data_Dictionary.pdf"", ""describedByType"": ""application/pdf"", ""downloadURL"": ""https://data.cms.gov/provider-data/sites/default/files/resources/f92d42450424b3e3c940c13d1a2bedfa_1772568346/SRR.csv"", ""mediaType"": ""text/csv""}], ""identifier"": ""srr"", ""issued"": ""2021-01-20"", ""keyword"": [""Linking Quality to Payment""], ""landingPage"": ""https://data.cms.gov/provider-data/dataset/srr"", ""modified"": ""2026-03-03"", ""programCode"": [""009:000""], ""publisher"": {""@type"": ""org:Organization"", ""name"": ""Centers for Medicare & Medicaid Services (CMS)""}, ""released"": ""2026-03-04"", ""theme"": [""Dialysis facilities""], ""title"": ""ESRD QIP - Standardized Readmission Ratio - Payment Year 2026""}"
tps,ESRD QIP - Total Performance Scores - Payment Year 2026,2021-01-20,2026-01-21,2025-12-15,,https://data.cms.gov/provider-data/dataset/tps,https://data.cms.gov/provider-data/sites/default/files/resources/8d4f21bb6cf7affe367ae5b267425658_1767139562/TPS.csv,Centers for Medicare & Medicaid Services (CMS),Linking Quality to Payment,"This dataset includes facility details, total performance score, and payment reduction percentage for each facility as well as the state and national average total performance scores for the PY 2026 ESRD QIP.","{""@type"": ""dcat:Dataset"", ""accessLevel"": ""public"", ""bureauCode"": [""009:38""], ""contactPoint"": {""@type"": ""vcard:Contact"", ""fn"": ""ESRD QIP Helpdesk"", ""hasEmail"": ""mailto:ESRDQIP@cms.hhs.gov""}, ""description"": ""This dataset includes facility details, total performance score, and payment reduction percentage for each facility as well as the state and national average total performance scores for the PY 2026 ESRD QIP."", ""distribution"": [{""@type"": ""dcat:Distribution"", ""describedBy"": ""https://data.cms.gov/provider-data/sites/default/files/data_dictionaries/dialysis/DF_Data_Dictionary.pdf"", ""describedByType"": ""application/pdf"", ""downloadURL"": ""https://data.cms.gov/provider-data/sites/default/files/resources/8d4f21bb6cf7affe367ae5b267425658_1767139562/TPS.csv"", ""mediaType"": ""text/csv""}], ""identifier"": ""tps"", ""issued"": ""2021-01-20"", ""keyword"": [""Linking Quality to Payment""], ""landingPage"": ""https://data.cms.gov/provider-data/dataset/tps"", ""modified"": ""2025-12-15"", ""programCode"": [""009:000""], ""publisher"": {""@type"": ""org:Organization"", ""name"": ""Centers for Medicare & Medicaid Services (CMS)""}, ""released"": ""2026-01-21"", ""theme"": [""Dialysis facilities""], ""title"": ""ESRD QIP - Total Performance Scores - Payment Year 2026""}"
strr,ESRD QIP - Standardized Transfusion Ratio - Payment Year 2026,2021-01-20,2026-01-21,2025-12-15,,https://data.cms.gov/provider-data/dataset/strr,https://data.cms.gov/provider-data/sites/default/files/resources/442cf9a8bb0fc76a18fbdaca4f9c80f8_1767139560/STRR.csv,Centers for Medicare & Medicaid Services (CMS),Linking Quality to Payment,"This dataset includes facility details, performance rate, measure score, and the state and national average measure scores for the STrR measure included in the PY 2026 ESRD QIP.","{""@type"": ""dcat:Dataset"", ""accessLevel"": ""public"", ""bureauCode"": [""009:38""], ""contactPoint"": {""@type"": ""vcard:Contact"", ""fn"": ""ESRD QIP Helpdesk"", ""hasEmail"": ""mailto:ESRDQIP@cms.hhs.gov""}, ""description"": ""This dataset includes facility details, performance rate, measure score, and the state and national average measure scores for the STrR measure included in the PY 2026 ESRD QIP."", ""distribution"": [{""@type"": ""dcat:Distribution"", ""describedBy"": ""https://data.cms.gov/provider-data/sites/default/files/data_dictionaries/dialysis/DF_Data_Dictionary.pdf"", ""describedByType"": ""application/pdf"", ""downloadURL"": ""https://data.cms.gov/provider-data/sites/default/files/resources/442cf9a8bb0fc76a18fbdaca4f9c80f8_1767139560/STRR.csv"", ""mediaType"": ""text/csv""}], ""identifier"": ""strr"", ""issued"": ""2021-01-20"", ""keyword"": [""Linking Quality to Payment""], ""landingPage"": ""https://data.cms.gov/provider-data/dataset/strr"", ""modified"": ""2025-12-15"", ""programCode"": [""009:000""], ""publisher"": {""@type"": ""org:Organization"", ""name"": ""Centers for Medicare & Medicaid Services (CMS)""}, ""released"": ""2026-01-21"", ""theme"": [""Dialysis facilities""], ""title"": ""ESRD QIP - Standardized Transfusion Ratio - Payment Year 2026""}"
shr,ESRD QIP - Standardized Hospitalization Ratio - Payment Year 2026,2021-01-20,2026-01-21,2025-12-16,,https://data.cms.gov/provider-data/dataset/shr,https://data.cms.gov/provider-data/sites/default/files/resources/db017ef4d74292f154f0b5dc7f77a296_1774661449/SHR.csv,Centers for Medicare & Medicaid Services (CMS),Linking Quality to Payment,"This dataset includes facility details, performance rates, hospitalization measure score, and the state and national average measure scores for the SHR measure for the PY 2026 ESRD QIP. The measure is expressed as a rate.","{""@type"": ""dcat:Dataset"", ""accessLevel"": ""public"", ""bureauCode"": [""009:38""], ""contactPoint"": {""@type"": ""vcard:Contact"", ""fn"": ""ESRD QIP Helpdesk"", ""hasEmail"": ""mailto:ESRDQIP@cms.hhs.gov""}, ""description"": ""This dataset includes facility details, performance rates, hospitalization measure score, and the state and national average measure scores for the SHR measure for the PY 2026 ESRD QIP. The measure is expressed as a rate."", ""distribution"": [{""@type"": ""dcat:Distribution"", ""describedBy"": ""https://data.cms.gov/provider-data/sites/default/files/data_dictionaries/dialysis/DF_Data_Dictionary.pdf"", ""describedByType"": ""application/pdf"", ""downloadURL"": ""https://data.cms.gov/provider-data/sites/default/files/resources/db017ef4d74292f154f0b5dc7f77a296_1774661449/SHR.csv"", ""mediaType"": ""text/csv""}], ""identifier"": ""shr"", ""issued"": ""2021-01-20"", ""keyword"": [""Linking Quality to Payment""], ""landingPage"": ""https://data.cms.gov/provider-data/dataset/shr"", ""modified"": ""2025-12-16"", ""programCode"": [""009:000""], ""publisher"": {""@type"": ""org:Organization"", ""name"": ""Centers for Medicare & Medicaid Services (CMS)""}, ""released"": ""2026-01-21"", ""theme"": [""Dialysis facilities""], ""title"": ""ESRD QIP - Standardized Hospitalization Ratio - Payment Year 2026""}"
pppw,ESRD QIP - Percentage of Prevalent Patients Waitlisted - Payment Year 2026,2022-04-12,2026-01-21,2025-12-15,,https://data.cms.gov/provider-data/dataset/pppw,https://data.cms.gov/provider-data/sites/default/files/resources/13116a36e1ecb42f8a8ec505d968e9f8_1767139569/PPPW.csv,Centers for Medicare & Medicaid Services (CMS),Linking Quality to Payment,"This dataset includes facility details, performance rates, measure score, and the state and national average measure scores for the PPPW measure for the PY 2026 ESRD QIP.","{""@type"": ""dcat:Dataset"", ""accessLevel"": ""public"", ""bureauCode"": [""009:38""], ""contactPoint"": {""@type"": ""vcard:Contact"", ""fn"": ""ESRD QIP Helpdesk"", ""hasEmail"": ""mailto:ESRDQIP@cms.hhs.gov""}, ""description"": ""This dataset includes facility details, performance rates, measure score, and the state and national average measure scores for the PPPW measure for the PY 2026 ESRD QIP."", ""distribution"": [{""@type"": ""dcat:Distribution"", ""describedBy"": ""https://data.cms.gov/provider-data/sites/default/files/data_dictionaries/dialysis/DF_Data_Dictionary.pdf"", ""describedByType"": ""application/pdf"", ""downloadURL"": ""https://data.cms.gov/provider-data/sites/default/files/resources/13116a36e1ecb42f8a8ec505d968e9f8_1767139569/PPPW.csv"", ""mediaType"": ""text/csv""}], ""identifier"": ""pppw"", ""issued"": ""2022-04-12"", ""keyword"": [""Linking Quality to Payment""], ""landingPage"": ""https://data.cms.gov/provider-data/dataset/pppw"", ""modified"": ""2025-12-15"", ""programCode"": [""009:000""], ""publisher"": {""@type"": ""org:Organization"", ""name"": ""Centers for Medicare & Medicaid Services (CMS)""}, ""released"": ""2026-01-21"", ""theme"": [""Dialysis facilities""], ""title"": ""ESRD QIP - Percentage of Prevalent Patients Waitlisted - Payment Year 2026""}"
nhsn_de,ESRD QIP - NHSN Dialysis Event Measure - Payment Year 2026,2021-01-04,2026-01-21,2025-12-15,,https://data.cms.gov/provider-data/dataset/nhsn_de,https://data.cms.gov/provider-data/sites/default/files/resources/b57ec2f41171410daf4ba4f09433f35f_1767139556/NHSN_DIALYSIS_EVENT.csv,Centers for Medicare & Medicaid Services (CMS),Linking Quality to Payment,"This dataset includes facility details, measure score, and the state and national average measure scores for the NHSN Dialysis Event measure included in the PY 2026 ESRD QIP.","{""@type"": ""dcat:Dataset"", ""accessLevel"": ""public"", ""bureauCode"": [""009:38""], ""contactPoint"": {""@type"": ""vcard:Contact"", ""fn"": ""ESRD QIP Helpdesk"", ""hasEmail"": ""mailto:ESRDQIP@cms.hhs.gov""}, ""description"": ""This dataset includes facility details, measure score, and the state and national average measure scores for the NHSN Dialysis Event measure included in the PY 2026 ESRD QIP."", ""distribution"": [{""@type"": ""dcat:Distribution"", ""describedBy"": ""https://data.cms.gov/provider-data/sites/default/files/data_dictionaries/dialysis/DF_Data_Dictionary.pdf"", ""describedByType"": ""application/pdf"", ""downloadURL"": ""https://data.cms.gov/provider-data/sites/default/files/resources/b57ec2f41171410daf4ba4f09433f35f_1767139556/NHSN_DIALYSIS_EVENT.csv"", ""mediaType"": ""text/csv""}], ""identifier"": ""nhsn_de"", ""issued"": ""2021-01-04"", ""keyword"": [""Linking Quality to Payment""], ""landingPage"": ""https://data.cms.gov/provider-data/dataset/nhsn_de"", ""modified"": ""2025-12-15"", ""programCode"": [""009:000""], ""publisher"": {""@type"": ""org:Organization"", ""name"": ""Centers for Medicare & Medicaid Services (CMS)""}, ""released"": ""2026-01-21"", ""theme"": [""Dialysis facilities""], ""title"": ""ESRD QIP - NHSN Dialysis Event Measure - Payment Year 2026""}"
nhsn_bsi,ESRD QIP - NHSN Bloodstream Infection - Payment Year 2026,2021-01-04,2026-01-21,2025-12-15,,https://data.cms.gov/provider-data/dataset/nhsn_bsi,https://data.cms.gov/provider-data/sites/default/files/resources/39d2f35a37d8587a9bc19f5a83946bd6_1767139557/NHSN_BSI.csv,Centers for Medicare & Medicaid Services (CMS),Linking Quality to Payment,"This dataset includes facility details, performance rate, measure score, and the state and national average measure scores for the NHSN Bloodstream Infection measure included in the PY 2026 ESRD QIP.","{""@type"": ""dcat:Dataset"", ""accessLevel"": ""public"", ""bureauCode"": [""009:38""], ""contactPoint"": {""@type"": ""vcard:Contact"", ""fn"": ""ESRD QIP Helpdesk"", ""hasEmail"": ""mailto:ESRDQIP@cms.hhs.gov""}, ""description"": ""This dataset includes facility details, performance rate, measure score, and the state and national average measure scores for the NHSN Bloodstream Infection measure included in the PY 2026 ESRD QIP."", ""distribution"": [{""@type"": ""dcat:Distribution"", ""describedBy"": ""https://data.cms.gov/provider-data/sites/default/files/data_dictionaries/dialysis/DF_Data_Dictionary.pdf"", ""describedByType"": ""application/pdf"", ""downloadURL"": ""https://data.cms.gov/provider-data/sites/default/files/resources/39d2f35a37d8587a9bc19f5a83946bd6_1767139557/NHSN_BSI.csv"", ""mediaType"": ""text/csv""}], ""identifier"": ""nhsn_bsi"", ""issued"": ""2021-01-04"", ""keyword"": [""Linking Quality to Payment""], ""landingPage"": ""https://data.cms.gov/provider-data/dataset/nhsn_bsi"", ""modified"": ""2025-12-15"", ""programCode"": [""009:000""], ""publisher"": {""@type"": ""org:Organization"", ""name"": ""Centers for Medicare & Medicaid Services (CMS)""}, ""released"": ""2026-01-21"", ""theme"": [""Dialysis facilities""], ""title"": ""ESRD QIP - NHSN Bloodstream Infection - Payment Year 2026""}"
medrec,ESRD QIP - Medication Reconciliation - Payment Year 2026,2022-04-12,2026-01-21,2025-12-15,,https://data.cms.gov/provider-data/dataset/medrec,https://data.cms.gov/provider-data/sites/default/files/resources/f55414574be69195513a81f6ba25cafa_1767139567/MEDREC.csv,Centers for Medicare & Medicaid Services (CMS),Linking Quality to Payment,"This dataset includes facility details, measure score, and the state and national average measure scores for the Medication Reconciliation reporting measure included in the PY 2026 ESRD QIP.","{""@type"": ""dcat:Dataset"", ""accessLevel"": ""public"", ""bureauCode"": [""009:38""], ""contactPoint"": {""@type"": ""vcard:Contact"", ""fn"": ""ESRD QIP Helpdesk"", ""hasEmail"": ""mailto:ESRDQIP@cms.hhs.gov""}, ""description"": ""This dataset includes facility details, measure score, and the state and national average measure scores for the Medication Reconciliation reporting measure included in the PY 2026 ESRD QIP."", ""distribution"": [{""@type"": ""dcat:Distribution"", ""describedBy"": ""https://data.cms.gov/provider-data/sites/default/files/data_dictionaries/dialysis/DF_Data_Dictionary.pdf"", ""describedByType"": ""application/pdf"", ""downloadURL"": ""https://data.cms.gov/provider-data/sites/default/files/resources/f55414574be69195513a81f6ba25cafa_1767139567/MEDREC.csv"", ""mediaType"": ""text/csv""}], ""identifier"": ""medrec"", ""issued"": ""2022-04-12"", ""keyword"": [""Linking Quality to Payment""], ""landingPage"": ""https://data.cms.gov/provider-data/dataset/medrec"", ""modified"": ""2025-12-15"", ""programCode"": [""009:000""], ""publisher"": {""@type"": ""org:Organization"", ""name"": ""Centers for Medicare & Medicaid Services (CMS)""}, ""released"": ""2026-01-21"", ""theme"": [""Dialysis facilities""], ""title"": ""ESRD QIP - Medication Reconciliation - Payment Year 2026""}"
vat_topic,ESRD QIP - Long Term Catheter - Payment Year 2026,2021-01-20,2026-01-21,2025-12-15,,https://data.cms.gov/provider-data/dataset/vat_topic,https://data.cms.gov/provider-data/sites/default/files/resources/ca66e5b272e22b9d9232619d1a904c5e_1767139564/VAT_LTC.csv,Centers for Medicare & Medicaid Services (CMS),Linking Quality to Payment,"This dataset includes facility details, performance rates, Long-term Catheter measure score, and the state and national average measure scores for the Long-term Catheter Rate measure for the PY 2026 ESRD QIP.","{""@type"": ""dcat:Dataset"", ""accessLevel"": ""public"", ""bureauCode"": [""009:38""], ""contactPoint"": {""@type"": ""vcard:Contact"", ""fn"": ""ESRD QIP Helpdesk"", ""hasEmail"": ""mailto:ESRDQIP@cms.hhs.gov""}, ""description"": ""This dataset includes facility details, performance rates, Long-term Catheter measure score, and the state and national average measure scores for the Long-term Catheter Rate measure for the PY 2026 ESRD QIP."", ""distribution"": [{""@type"": ""dcat:Distribution"", ""describedBy"": ""https://data.cms.gov/provider-data/sites/default/files/data_dictionaries/dialysis/DF_Data_Dictionary.pdf"", ""describedByType"": ""application/pdf"", ""downloadURL"": ""https://data.cms.gov/provider-data/sites/default/files/resources/ca66e5b272e22b9d9232619d1a904c5e_1767139564/VAT_LTC.csv"", ""mediaType"": ""text/csv""}], ""identifier"": ""vat_topic"", ""issued"": ""2021-01-20"", ""keyword"": [""Linking Quality to Payment""], ""landingPage"": ""https://data.cms.gov/provider-data/dataset/vat_topic"", ""modified"": ""2025-12-15"", ""programCode"": [""009:000""], ""publisher"": {""@type"": ""org:Organization"", ""name"": ""Centers for Medicare & Medicaid Services (CMS)""}, ""released"": ""2026-01-21"", ""theme"": [""Dialysis facilities""], ""title"": ""ESRD QIP - Long Term Catheter - Payment Year 2026""}"
qip_ich_cahps,ESRD QIP - In-Center Hemodialysis Consumer Assessment Of Healthcare Providers And Services Systems (ICH CAHPS) Survey - Payment Year 2026,2021-01-20,2026-01-21,2025-12-15,,https://data.cms.gov/provider-data/dataset/qip_ich_cahps,https://data.cms.gov/provider-data/sites/default/files/resources/53468cee50245fe7f4a9523d5fe3a118_1767139554/QIP_ICH_CAHPS.csv,Centers for Medicare & Medicaid Services (CMS),Linking Quality to Payment,"This dataset includes facility details, performance rate, measure score, and the state and national average scores for each of the ICH CAHPS survey metrics that are included in the composite measure, as well as the measure score and the state and national average scores for the overall ICH CAHPS measure included in the PY 2026 ESRD QIP.","{""@type"": ""dcat:Dataset"", ""accessLevel"": ""public"", ""bureauCode"": [""009:38""], ""contactPoint"": {""@type"": ""vcard:Contact"", ""fn"": ""ESRD QIP Helpdesk"", ""hasEmail"": ""mailto:ESRDQIP@cms.hhs.gov""}, ""description"": ""This dataset includes facility details, performance rate, measure score, and the state and national average scores for each of the ICH CAHPS survey metrics that are included in the composite measure, as well as the measure score and the state and national average scores for the overall ICH CAHPS measure included in the PY 2026 ESRD QIP."", ""distribution"": [{""@type"": ""dcat:Distribution"", ""describedBy"": ""https://data.cms.gov/provider-data/sites/default/files/data_dictionaries/dialysis/DF_Data_Dictionary.pdf"", ""describedByType"": ""application/pdf"", ""downloadURL"": ""https://data.cms.gov/provider-data/sites/default/files/resources/53468cee50245fe7f4a9523d5fe3a118_1767139554/QIP_ICH_CAHPS.csv"", ""mediaType"": ""text/csv""}], ""identifier"": ""qip_ich_cahps"", ""issued"": ""2021-01-20"", ""keyword"": [""Linking Quality to Payment""], ""landingPage"": ""https://data.cms.gov/provider-data/dataset/qip_ich_cahps"", ""modified"": ""2025-12-15"", ""programCode"": [""009:000""], ""publisher"": {""@type"": ""org:Organization"", ""name"": ""Centers for Medicare & Medicaid Services (CMS)""}, ""released"": ""2026-01-21"", ""theme"": [""Dialysis facilities""], ""title"": ""ESRD QIP - In-Center Hemodialysis Consumer Assessment Of Healthcare Providers And Services Systems (ICH CAHPS) Survey - Payment Year 2026""}"
hypercalcemia,ESRD QIP - Hypercalcemia - Payment Year 2026,2021-01-20,2026-01-21,2025-12-15,,https://data.cms.gov/provider-data/dataset/hypercalcemia,https://data.cms.gov/provider-data/sites/default/files/resources/08e753214447aed55e5dc54774220a3b_1767139552/HYPERCALCEMIA.csv,Centers for Medicare & Medicaid Services (CMS),Linking Quality to Payment,"This dataset includes facility details, measure score, and the state and national average measure scores for the hypercalcemia measure included in the PY 2026 ESRD QIP.","{""@type"": ""dcat:Dataset"", ""accessLevel"": ""public"", ""bureauCode"": [""009:38""], ""contactPoint"": {""@type"": ""vcard:Contact"", ""fn"": ""ESRD QIP Helpdesk"", ""hasEmail"": ""mailto:ESRDQIP@cms.hhs.gov""}, ""description"": ""This dataset includes facility details, measure score, and the state and national average measure scores for the hypercalcemia measure included in the PY 2026 ESRD QIP."", ""distribution"": [{""@type"": ""dcat:Distribution"", ""describedBy"": ""https://data.cms.gov/provider-data/sites/default/files/data_dictionaries/dialysis/DF_Data_Dictionary.pdf"", ""describedByType"": ""application/pdf"", ""downloadURL"": ""https://data.cms.gov/provider-data/sites/default/files/resources/08e753214447aed55e5dc54774220a3b_1767139552/HYPERCALCEMIA.csv"", ""mediaType"": ""text/csv""}], ""identifier"": ""hypercalcemia"", ""issued"": ""2021-01-20"", ""keyword"": [""Linking Quality to Payment""], ""landingPage"": ""https://data.cms.gov/provider-data/dataset/hypercalcemia"", ""modified"": ""2025-12-15"", ""programCode"": [""009:000""], ""publisher"": {""@type"": ""org:Organization"", ""name"": ""Centers for Medicare & Medicaid Services (CMS)""}, ""released"": ""2026-01-21"", ""theme"": [""Dialysis facilities""], ""title"": ""ESRD QIP - Hypercalcemia - Payment Year 2026""}"
footnotes,ESRD QIP - Footnotes - Payment Year 2026,2021-01-20,2026-01-21,2025-12-15,,https://data.cms.gov/provider-data/dataset/footnotes,https://data.cms.gov/provider-data/sites/default/files/resources/3fb2b6dfd6e8d3f670ff2de672ff3aff_1767139551/FOOTNOTES.csv,Centers for Medicare & Medicaid Services (CMS),Linking Quality to Payment,This table includes a description of the footnotes that are used in the ESRD QIP datasets.,"{""@type"": ""dcat:Dataset"", ""accessLevel"": ""public"", ""bureauCode"": [""009:38""], ""contactPoint"": {""@type"": ""vcard:Contact"", ""fn"": ""ESRD QIP Helpdesk"", ""hasEmail"": ""mailto:ESRDQIP@cms.hhs.gov""}, ""description"": ""This table includes a description of the footnotes that are used in the ESRD QIP datasets."", ""distribution"": [{""@type"": ""dcat:Distribution"", ""describedBy"": ""https://data.cms.gov/provider-data/sites/default/files/data_dictionaries/dialysis/DF_Data_Dictionary.pdf"", ""describedByType"": ""application/pdf"", ""downloadURL"": ""https://data.cms.gov/provider-data/sites/default/files/resources/3fb2b6dfd6e8d3f670ff2de672ff3aff_1767139551/FOOTNOTES.csv"", ""mediaType"": ""text/csv""}], ""identifier"": ""footnotes"", ""issued"": ""2021-01-20"", ""keyword"": [""Linking Quality to Payment""], ""landingPage"": ""https://data.cms.gov/provider-data/dataset/footnotes"", ""modified"": ""2025-12-15"", ""programCode"": [""009:000""], ""publisher"": {""@type"": ""org:Organization"", ""name"": ""Centers for Medicare & Medicaid Services (CMS)""}, ""released"": ""2026-01-21"", ""theme"": [""Dialysis facilities""], ""title"": ""ESRD QIP - Footnotes - Payment Year 2026""}"
fche,ESRD QIP - Facility Commitment to Health Equity - Payment Year 2026,2021-01-20,2026-01-21,2025-12-15,,https://data.cms.gov/provider-data/dataset/fche,https://data.cms.gov/provider-data/sites/default/files/resources/74596ee698e8fec5c2b4f8c108e6174b_1767139564/FCHE.csv,Centers for Medicare & Medicaid Services (CMS),Linking Quality to Payment,"This dataset includes facility details, measure score, and the state and national average measure scores for the Facility Commitment to Health Equity measure included in the PY 2026 ESRD QIP.","{""@type"": ""dcat:Dataset"", ""accessLevel"": ""public"", ""bureauCode"": [""009:38""], ""contactPoint"": {""@type"": ""vcard:Contact"", ""fn"": ""ESRD QIP Helpdesk"", ""hasEmail"": ""mailto:ESRDQIP@cms.hhs.gov""}, ""description"": ""This dataset includes facility details, measure score, and the state and national average measure scores for the Facility Commitment to Health Equity measure included in the PY 2026 ESRD QIP."", ""distribution"": [{""@type"": ""dcat:Distribution"", ""describedBy"": ""https://data.cms.gov/provider-data/sites/default/files/data_dictionaries/dialysis/DF_Data_Dictionary.pdf"", ""describedByType"": ""application/pdf"", ""downloadURL"": ""https://data.cms.gov/provider-data/sites/default/files/resources/74596ee698e8fec5c2b4f8c108e6174b_1767139564/FCHE.csv"", ""mediaType"": ""text/csv""}], ""identifier"": ""fche"", ""issued"": ""2021-01-20"", ""keyword"": [""Linking Quality to Payment""], ""landingPage"": ""https://data.cms.gov/provider-data/dataset/fche"", ""modified"": ""2025-12-15"", ""programCode"": [""009:000""], ""publisher"": {""@type"": ""org:Organization"", ""name"": ""Centers for Medicare & Medicaid Services (CMS)""}, ""released"": ""2026-01-21"", ""theme"": [""Dialysis facilities""], ""title"": ""ESRD QIP - Facility Commitment to Health Equity - Payment Year 2026""}"
ktv_comprehensive,ESRD QIP - Dialysis Adequacy - Payment Year 2026,2021-01-20,2026-01-21,2025-12-15,,https://data.cms.gov/provider-data/dataset/ktv_comprehensive,https://data.cms.gov/provider-data/sites/default/files/resources/a3b077caa24d4bb865fea0975533fa84_1767139549/KTV_COMPREHENSIVE.csv,Centers for Medicare & Medicaid Services (CMS),Linking Quality to Payment,"This dataset includes facility details, performance rate, Kt/V Dialysis Adequacy Comprehensive measure score, and the state and national average measure scores for the Kt/V Dialysis Adequacy Comprehensive measure for the PY 2026 ESRD QIP.","{""@type"": ""dcat:Dataset"", ""accessLevel"": ""public"", ""bureauCode"": [""009:38""], ""contactPoint"": {""@type"": ""vcard:Contact"", ""fn"": ""ESRD QIP Helpdesk"", ""hasEmail"": ""mailto:ESRDQIP@cms.hhs.gov""}, ""description"": ""This dataset includes facility details, performance rate, Kt/V Dialysis Adequacy Comprehensive measure score, and the state and national average measure scores for the Kt/V Dialysis Adequacy Comprehensive measure for the PY 2026 ESRD QIP."", ""distribution"": [{""@type"": ""dcat:Distribution"", ""describedBy"": ""https://data.cms.gov/provider-data/sites/default/files/data_dictionaries/dialysis/DF_Data_Dictionary.pdf"", ""describedByType"": ""application/pdf"", ""downloadURL"": ""https://data.cms.gov/provider-data/sites/default/files/resources/a3b077caa24d4bb865fea0975533fa84_1767139549/KTV_COMPREHENSIVE.csv"", ""mediaType"": ""text/csv""}], ""identifier"": ""ktv_comprehensive"", ""issued"": ""2021-01-20"", ""keyword"": [""Linking Quality to Payment""], ""landingPage"": ""https://data.cms.gov/provider-data/dataset/ktv_comprehensive"", ""modified"": ""2025-12-15"", ""programCode"": [""009:000""], ""publisher"": {""@type"": ""org:Organization"", ""name"": ""Centers for Medicare & Medicaid Services (CMS)""}, ""released"": ""2026-01-21"", ""theme"": [""Dialysis facilities""], ""title"": ""ESRD QIP - Dialysis Adequacy - Payment Year 2026""}"
covid-19_hcp,ESRD QIP - Covid-19 healthcare personnel Data - Payment Year 2026,2025-01-15,2026-01-21,2025-12-15,,https://data.cms.gov/provider-data/dataset/covid-19_hcp,https://data.cms.gov/provider-data/sites/default/files/resources/8d3c8a2336ea7917611026b44cbaced5_1767139547/COVID-19_HCP.csv,Centers for Medicare & Medicaid Services (CMS),Linking Quality to Payment,"This dataset includes facility details, measure score, and the state and national average measure scores for the COVID-19 HCP Vaccination reporting measure included in the PY 2026 ESRD QIP.","{""@type"": ""dcat:Dataset"", ""accessLevel"": ""public"", ""bureauCode"": [""009:38""], ""contactPoint"": {""@type"": ""vcard:Contact"", ""fn"": ""ESRD QIP Helpdesk"", ""hasEmail"": ""mailto:ESRDQIP@cms.hhs.gov""}, ""description"": ""This dataset includes facility details, measure score, and the state and national average measure scores for the COVID-19 HCP Vaccination reporting measure included in the PY 2026 ESRD QIP."", ""distribution"": [{""@type"": ""dcat:Distribution"", ""describedBy"": ""https://data.cms.gov/provider-data/sites/default/files/data_dictionaries/dialysis/DF_Data_Dictionary.pdf"", ""describedByType"": ""application/pdf"", ""downloadURL"": ""https://data.cms.gov/provider-data/sites/default/files/resources/8d3c8a2336ea7917611026b44cbaced5_1767139547/COVID-19_HCP.csv"", ""mediaType"": ""text/csv""}], ""identifier"": ""covid-19_hcp"", ""issued"": ""2025-01-15"", ""keyword"": [""Linking Quality to Payment""], ""landingPage"": ""https://data.cms.gov/provider-data/dataset/covid-19_hcp"", ""modified"": ""2025-12-15"", ""programCode"": [""009:000""], ""publisher"": {""@type"": ""org:Organization"", ""name"": ""Centers for Medicare & Medicaid Services (CMS)""}, ""released"": ""2026-01-21"", ""theme"": [""Dialysis facilities""], ""title"": ""ESRD QIP - Covid-19 healthcare personnel Data - Payment Year 2026""}"
complete_qip_data,ESRD QIP - Complete QIP Data - Payment Year 2026,2021-01-20,2026-01-21,2025-12-15,,https://data.cms.gov/provider-data/dataset/complete_qip_data,https://data.cms.gov/provider-data/sites/default/files/resources/790f49d5180f345bcfecf8917edb3e06_1767139546/COMPLETE_QIP_DATA.csv,Centers for Medicare & Medicaid Services (CMS),Linking Quality to Payment,"This dataset includes facility details, the number of eligible cases, numerator, denominator, performance rates, and measure score for each clinical measure and the measure score for each reporting measure included in the PY 2026 ESRD QIP.","{""@type"": ""dcat:Dataset"", ""accessLevel"": ""public"", ""bureauCode"": [""009:38""], ""contactPoint"": {""@type"": ""vcard:Contact"", ""fn"": ""ESRD QIP Helpdesk"", ""hasEmail"": ""mailto:ESRDQIP@cms.hhs.gov""}, ""description"": ""This dataset includes facility details, the number of eligible cases, numerator, denominator, performance rates, and measure score for each clinical measure and the measure score for each reporting measure included in the PY 2026 ESRD QIP."", ""distribution"": [{""@type"": ""dcat:Distribution"", ""describedBy"": ""https://data.cms.gov/provider-data/sites/default/files/data_dictionaries/dialysis/DF_Data_Dictionary.pdf"", ""describedByType"": ""application/pdf"", ""downloadURL"": ""https://data.cms.gov/provider-data/sites/default/files/resources/790f49d5180f345bcfecf8917edb3e06_1767139546/COMPLETE_QIP_DATA.csv"", ""mediaType"": ""text/csv""}], ""identifier"": ""complete_qip_data"", ""issued"": ""2021-01-20"", ""keyword"": [""Linking Quality to Payment""], ""landingPage"": ""https://data.cms.gov/provider-data/dataset/complete_qip_data"", ""modified"": ""2025-12-15"", ""programCode"": [""009:000""], ""publisher"": {""@type"": ""org:Organization"", ""name"": ""Centers for Medicare & Medicaid Services (CMS)""}, ""released"": ""2026-01-21"", ""theme"": [""Dialysis facilities""], ""title"": ""ESRD QIP - Complete QIP Data - Payment Year 2026""}"
clinical_depression,ESRD QIP - Clinical Depression Screening and Follow-up - Payment Year 2026,2021-01-20,2026-01-21,2025-12-15,,https://data.cms.gov/provider-data/dataset/clinical_depression,https://data.cms.gov/provider-data/sites/default/files/resources/2c0e67025b8a6b48ee2cda52f1b26498_1767139544/CLINICAL_DEPRESSION.csv,Centers for Medicare & Medicaid Services (CMS),Linking Quality to Payment,"This dataset includes facility details, measure score, and the state and national average measure scores for the clinical depression screening and follow up reporting measure included in the PY 2026 ESRD QIP.","{""@type"": ""dcat:Dataset"", ""accessLevel"": ""public"", ""bureauCode"": [""009:38""], ""contactPoint"": {""@type"": ""vcard:Contact"", ""fn"": ""ESRD QIP Helpdesk"", ""hasEmail"": ""mailto:ESRDQIP@cms.hhs.gov""}, ""description"": ""This dataset includes facility details, measure score, and the state and national average measure scores for the clinical depression screening and follow up reporting measure included in the PY 2026 ESRD QIP."", ""distribution"": [{""@type"": ""dcat:Distribution"", ""describedBy"": ""https://data.cms.gov/provider-data/sites/default/files/data_dictionaries/dialysis/DF_Data_Dictionary.pdf"", ""describedByType"": ""application/pdf"", ""downloadURL"": ""https://data.cms.gov/provider-data/sites/default/files/resources/2c0e67025b8a6b48ee2cda52f1b26498_1767139544/CLINICAL_DEPRESSION.csv"", ""mediaType"": ""text/csv""}], ""identifier"": ""clinical_depression"", ""issued"": ""2021-01-20"", ""keyword"": [""Linking Quality to Payment""], ""landingPage"": ""https://data.cms.gov/provider-data/dataset/clinical_depression"", ""modified"": ""2025-12-15"", ""programCode"": [""009:000""], ""publisher"": {""@type"": ""org:Organization"", ""name"": ""Centers for Medicare & Medicaid Services (CMS)""}, ""released"": ""2026-01-21"", ""theme"": [""Dialysis facilities""], ""title"": ""ESRD QIP - Clinical Depression Screening and Follow-up - Payment Year 2026""}"
4c74-462e,Expanded Home Health Value-Based Purchasing (HHVBP) Model - Cohort Data,2025-12-22,2026-01-14,2025-12-23,2027-01-13,https://data.cms.gov/provider-data/dataset/4c74-462e,https://data.cms.gov/provider-data/sites/default/files/resources/bcb6f4d505a2bfc3b43663e31221fdff_1766534742/HHVBP_Cohort_PerformanceYear_2024.csv,Centers for Medicare & Medicaid Services (CMS),Home Health; Home Health Value-Based Purchasing; Quality; Measures; Performance; Achievement Threshold; Benchmark; Linear Exchange Function; LEF; Adjusted Payment Percentage; Payment Adjustment; Cohort-level,Cohort data on the HHVBP performance metrics.,"{""@type"": ""dcat:Dataset"", ""accessLevel"": ""public"", ""bureauCode"": [""009:38""], ""contactPoint"": {""@type"": ""vcard:Contact"", ""fn"": ""HHVBP Helpdesk"", ""hasEmail"": ""mailto:HHVBPquestions@cms.hhs.gov""}, ""description"": ""Cohort data on the HHVBP performance metrics."", ""distribution"": [{""@type"": ""dcat:Distribution"", ""describedBy"": ""https://data.cms.gov/provider-data/sites/default/files/data_dictionaries/home_health/HHS_Data_Dictionary.pdf"", ""describedByType"": ""application/pdf"", ""downloadURL"": ""https://data.cms.gov/provider-data/sites/default/files/resources/bcb6f4d505a2bfc3b43663e31221fdff_1766534742/HHVBP_Cohort_PerformanceYear_2024.csv"", ""mediaType"": ""text/csv""}], ""identifier"": ""4c74-462e"", ""issued"": ""2025-12-22"", ""keyword"": [""Home Health"", ""Home Health Value-Based Purchasing"", ""Quality"", ""Measures"", ""Performance"", ""Achievement Threshold"", ""Benchmark"", ""Linear Exchange Function"", ""LEF"", ""Adjusted Payment Percentage"", ""Payment Adjustment"", ""Cohort-level""], ""landingPage"": ""https://data.cms.gov/provider-data/dataset/4c74-462e"", ""modified"": ""2025-12-23"", ""nextUpdateDate"": ""2027-01-13"", ""programCode"": [""009:000""], ""publisher"": {""@type"": ""org:Organization"", ""name"": ""Centers for Medicare & Medicaid Services (CMS)""}, ""released"": ""2026-01-14"", ""theme"": [""Home health services""], ""title"": ""Expanded Home Health Value-Based Purchasing (HHVBP) Model - Cohort Data""}"
56d7-4994,Expanded Home Health Value-Based Purchasing (HHVBP) Model - Agency Data,2025-12-22,2026-01-14,2025-12-23,2027-01-13,https://data.cms.gov/provider-data/dataset/56d7-4994,https://data.cms.gov/provider-data/sites/default/files/resources/7ee0be390db93af4c83395682aae5ec5_1766534740/HHVBP_Provider_PerformanceYear_2024.csv,Centers for Medicare & Medicaid Services (CMS),Home Health; Quality; Measures; Total Performance Score; Adjusted Payment Percentage; Payment Adjustment; Improvement Points; Achievement Points; Care Points; Points; Cohort; Provider-level; Performance; Provider Data; Address,A list of active home health care agencies with data on the HHVBP performance metrics.,"{""@type"": ""dcat:Dataset"", ""accessLevel"": ""public"", ""bureauCode"": [""009:38""], ""contactPoint"": {""@type"": ""vcard:Contact"", ""fn"": ""HHVBP Helpdesk"", ""hasEmail"": ""mailto:HHVBPquestions@cms.hhs.gov""}, ""description"": ""A list of active home health care agencies with data on the HHVBP performance metrics."", ""distribution"": [{""@type"": ""dcat:Distribution"", ""describedBy"": ""https://data.cms.gov/provider-data/sites/default/files/data_dictionaries/home_health/HHS_Data_Dictionary.pdf"", ""describedByType"": ""application/pdf"", ""downloadURL"": ""https://data.cms.gov/provider-data/sites/default/files/resources/7ee0be390db93af4c83395682aae5ec5_1766534740/HHVBP_Provider_PerformanceYear_2024.csv"", ""mediaType"": ""text/csv""}], ""identifier"": ""56d7-4994"", ""issued"": ""2025-12-22"", ""keyword"": [""Home Health"", ""Quality"", ""Measures"", ""Total Performance Score"", ""Adjusted Payment Percentage"", ""Payment Adjustment"", ""Improvement Points"", ""Achievement Points"", ""Care Points"", ""Points"", ""Cohort"", ""Provider-level"", ""Performance"", ""Provider Data"", ""Address""], ""landingPage"": ""https://data.cms.gov/provider-data/dataset/56d7-4994"", ""modified"": ""2025-12-23"", ""nextUpdateDate"": ""2027-01-13"", ""programCode"": [""009:000""], ""publisher"": {""@type"": ""org:Organization"", ""name"": ""Centers for Medicare & Medicaid Services (CMS)""}, ""released"": ""2026-01-14"", ""theme"": [""Home health services""], ""title"": ""Expanded Home Health Value-Based Purchasing (HHVBP) Model - Agency Data""}"
46dc-a66c,PY 2023 Virtual Group Public Reporting: MIPS Measures and Attestations,2021-06-04,2025-12-18,2025-11-18,,https://data.cms.gov/provider-data/dataset/46dc-a66c,https://data.cms.gov/provider-data/sites/default/files/resources/be990a3967e6386441f4290f0f313388_1763510778/vg_public_reporting.csv,Centers for Medicare & Medicaid Services (CMS),Clinicians,"This file contains performance information for Merit-Based Incentive Payment System (MIPS) Quality, Promoting Interoperability, and Improvement Activities performance information submitted by virtual groups.","{""@type"": ""dcat:Dataset"", ""accessLevel"": ""public"", ""archiveExclude"": false, ""bureauCode"": [""009:38""], ""contactPoint"": {""@type"": ""vcard:Contact"", ""fn"": ""CMS"", ""hasEmail"": ""mailto:QPP@cms.hhs.gov""}, ""description"": ""This file contains performance information for Merit-Based Incentive Payment System (MIPS) Quality, Promoting Interoperability, and Improvement Activities performance information submitted by virtual groups."", ""distribution"": [{""@type"": ""dcat:Distribution"", ""describedBy"": ""https://data.cms.gov/provider-data/sites/default/files/data_dictionaries/physician/DOC_Data_Dictionary.pdf"", ""describedByType"": ""application/pdf"", ""downloadURL"": ""https://data.cms.gov/provider-data/sites/default/files/resources/be990a3967e6386441f4290f0f313388_1763510778/vg_public_reporting.csv"", ""mediaType"": ""text/csv""}], ""identifier"": ""46dc-a66c"", ""issued"": ""2021-06-04"", ""keyword"": [""Clinicians""], ""landingPage"": ""https://data.cms.gov/provider-data/dataset/46dc-a66c"", ""modified"": ""2025-11-18"", ""programCode"": [""009:000""], ""publisher"": {""@type"": ""org:Organization"", ""name"": ""Centers for Medicare & Medicaid Services (CMS)""}, ""released"": ""2025-12-18"", ""theme"": [""Doctors and clinicians""], ""title"": ""PY 2023 Virtual Group Public Reporting: MIPS Measures and Attestations""}"
8c70-d353,PY 2023 Group Public Reporting: Patient Experience,2023-08-17,2025-12-18,2025-11-18,,https://data.cms.gov/provider-data/dataset/8c70-d353,https://data.cms.gov/provider-data/sites/default/files/resources/a30d8962d09f56123c4d07481444c965_1763510759/grp_public_reporting_cahps.csv,Centers for Medicare & Medicaid Services (CMS),Patient Experience of Care; CAHPS; Performance; MIPS; Quality Payment Program,This file contains information for the Consumer Assessment of Healthcare Providers and Systems (CAHPS) for MIPS measures submitted by groups.,"{""@type"": ""dcat:Dataset"", ""accessLevel"": ""public"", ""archiveExclude"": false, ""bureauCode"": [""009:38""], ""contactPoint"": {""@type"": ""vcard:Contact"", ""fn"": ""CMS"", ""hasEmail"": ""mailto:QPP@cms.hhs.gov""}, ""description"": ""This file contains information for the Consumer Assessment of Healthcare Providers and Systems (CAHPS) for MIPS measures submitted by groups."", ""distribution"": [{""@type"": ""dcat:Distribution"", ""describedBy"": ""https://data.cms.gov/provider-data/sites/default/files/data_dictionaries/physician/DOC_Data_Dictionary.pdf"", ""describedByType"": ""application/pdf"", ""downloadURL"": ""https://data.cms.gov/provider-data/sites/default/files/resources/a30d8962d09f56123c4d07481444c965_1763510759/grp_public_reporting_cahps.csv"", ""mediaType"": ""text/csv""}], ""identifier"": ""8c70-d353"", ""issued"": ""2023-08-17"", ""keyword"": [""Patient Experience of Care"", ""CAHPS"", ""Performance"", ""MIPS"", ""Quality Payment Program""], ""landingPage"": ""https://data.cms.gov/provider-data/dataset/8c70-d353"", ""modified"": ""2025-11-18"", ""programCode"": [""009:000""], ""publisher"": {""@type"": ""org:Organization"", ""name"": ""Centers for Medicare & Medicaid Services (CMS)""}, ""released"": ""2025-12-18"", ""theme"": [""Doctors and clinicians""], ""title"": ""PY 2023 Group Public Reporting: Patient Experience""}"
0ba7-2cb0,PY 2023 Group Public Reporting: MIPS Measures and Attestations,2023-08-17,2025-12-18,2025-11-18,,https://data.cms.gov/provider-data/dataset/0ba7-2cb0,https://data.cms.gov/provider-data/sites/default/files/resources/aaa9711048714dfc052c965a4e02a2f9_1763510758/grp_public_reporting.csv,Centers for Medicare & Medicaid Services (CMS),Performance; Quality; Measures; MIPS; Quality Payment Program,"This file contains performance information for Merit-Based Incentive Payment System (MIPS) Quality, Promoting Interoperability, and Improvement Activities performance information submitted by groups.","{""@type"": ""dcat:Dataset"", ""accessLevel"": ""public"", ""archiveExclude"": false, ""bureauCode"": [""009:38""], ""contactPoint"": {""@type"": ""vcard:Contact"", ""fn"": ""CMS"", ""hasEmail"": ""mailto:QPP@cms.hhs.gov""}, ""description"": ""This file contains performance information for Merit-Based Incentive Payment System (MIPS) Quality, Promoting Interoperability, and Improvement Activities performance information submitted by groups."", ""distribution"": [{""@type"": ""dcat:Distribution"", ""describedBy"": ""https://data.cms.gov/provider-data/sites/default/files/data_dictionaries/physician/DOC_Data_Dictionary.pdf"", ""describedByType"": ""application/pdf"", ""downloadURL"": ""https://data.cms.gov/provider-data/sites/default/files/resources/aaa9711048714dfc052c965a4e02a2f9_1763510758/grp_public_reporting.csv"", ""mediaType"": ""text/csv""}], ""identifier"": ""0ba7-2cb0"", ""issued"": ""2023-08-17"", ""keyword"": [""Performance"", ""Quality"", ""Measures"", ""MIPS"", ""Quality Payment Program""], ""landingPage"": ""https://data.cms.gov/provider-data/dataset/0ba7-2cb0"", ""modified"": ""2025-11-18"", ""programCode"": [""009:000""], ""publisher"": {""@type"": ""org:Organization"", ""name"": ""Centers for Medicare & Medicaid Services (CMS)""}, ""released"": ""2025-12-18"", ""theme"": [""Doctors and clinicians""], ""title"": ""PY 2023 Group Public Reporting: MIPS Measures and Attestations""}"
a174-a962,PY 2023 Clinician Public Reporting: Overall MIPS Performance,2023-08-17,2025-12-18,2025-11-18,,https://data.cms.gov/provider-data/dataset/a174-a962,https://data.cms.gov/provider-data/sites/default/files/resources/6b9e57db797c95853b034b329b1212b2_1763510763/ec_score_file.csv,Centers for Medicare & Medicaid Services (CMS),MIPS; Quality Payment Program; Clinicians; APM; Performance; Quality,"This file contains Merit-Based Incentive Payment System (MIPS) Final Scores and performance category scores for clinicians. For further details on 2023 MIPS scoring, see the 2023 Traditional MIPS Scoring Guide.","{""@type"": ""dcat:Dataset"", ""accessLevel"": ""public"", ""archiveExclude"": false, ""bureauCode"": [""009:38""], ""contactPoint"": {""@type"": ""vcard:Contact"", ""fn"": ""CMS"", ""hasEmail"": ""mailto:QPP@cms.hhs.gov""}, ""description"": ""This file contains Merit-Based Incentive Payment System (MIPS) Final Scores and performance category scores for clinicians. For further details on 2023 MIPS scoring, see the 2023 Traditional MIPS Scoring Guide."", ""distribution"": [{""@type"": ""dcat:Distribution"", ""describedBy"": ""https://data.cms.gov/provider-data/sites/default/files/data_dictionaries/physician/DOC_Data_Dictionary.pdf"", ""describedByType"": ""application/pdf"", ""downloadURL"": ""https://data.cms.gov/provider-data/sites/default/files/resources/6b9e57db797c95853b034b329b1212b2_1763510763/ec_score_file.csv"", ""mediaType"": ""text/csv""}], ""identifier"": ""a174-a962"", ""issued"": ""2023-08-17"", ""keyword"": [""MIPS"", ""Quality Payment Program"", ""Clinicians"", ""APM"", ""Performance"", ""Quality""], ""landingPage"": ""https://data.cms.gov/provider-data/dataset/a174-a962"", ""modified"": ""2025-11-18"", ""programCode"": [""009:000""], ""publisher"": {""@type"": ""org:Organization"", ""name"": ""Centers for Medicare & Medicaid Services (CMS)""}, ""released"": ""2025-12-18"", ""theme"": [""Doctors and clinicians""], ""title"": ""PY 2023 Clinician Public Reporting: Overall MIPS Performance""}"
7d6a-e7a6,PY 2023 Clinician Public Reporting: MIPS Measures and Attestations,2020-11-30,2025-12-18,2025-11-18,,https://data.cms.gov/provider-data/dataset/7d6a-e7a6,https://data.cms.gov/provider-data/sites/default/files/resources/56a1d1a091721e42af801a74beb54408_1763510761/ec_public_reporting.csv,Centers for Medicare & Medicaid Services (CMS),Clinicians; Performance; Quality; Measures; MIPS; Quality Payment Program,"This file contains performance information for Merit-Based Incentive Payment System (MIPS) Quality, Promoting Interoperability, and Improvement Activities performance information submitted by clinicians.","{""@type"": ""dcat:Dataset"", ""accessLevel"": ""public"", ""archiveExclude"": false, ""bureauCode"": [""009:38""], ""contactPoint"": {""@type"": ""vcard:Contact"", ""fn"": ""CMS"", ""hasEmail"": ""mailto:QPP@cms.hhs.gov""}, ""description"": ""This file contains performance information for Merit-Based Incentive Payment System (MIPS) Quality, Promoting Interoperability, and Improvement Activities performance information submitted by clinicians."", ""distribution"": [{""@type"": ""dcat:Distribution"", ""describedBy"": ""https://data.cms.gov/provider-data/sites/default/files/data_dictionaries/physician/DOC_Data_Dictionary.pdf"", ""describedByType"": ""application/pdf"", ""downloadURL"": ""https://data.cms.gov/provider-data/sites/default/files/resources/56a1d1a091721e42af801a74beb54408_1763510761/ec_public_reporting.csv"", ""mediaType"": ""text/csv""}], ""identifier"": ""7d6a-e7a6"", ""issued"": ""2020-11-30"", ""keyword"": [""Clinicians"", ""Performance"", ""Quality"", ""Measures"", ""MIPS"", ""Quality Payment Program""], ""landingPage"": ""https://data.cms.gov/provider-data/dataset/7d6a-e7a6"", ""modified"": ""2025-11-18"", ""programCode"": [""009:000""], ""publisher"": {""@type"": ""org:Organization"", ""name"": ""Centers for Medicare & Medicaid Services (CMS)""}, ""released"": ""2025-12-18"", ""theme"": [""Doctors and clinicians""], ""title"": ""PY 2023 Clinician Public Reporting: MIPS Measures and Attestations""}"
284v-j9fz,FY 2026 SNF VBP Facility-Level Dataset,2025-11-01,2025-12-10,2025-11-01,2026-12-02,https://data.cms.gov/provider-data/dataset/284v-j9fz,https://data.cms.gov/provider-data/sites/default/files/resources/24625f7ba546a31aafbd5057da94a0e2_1767384370/FY_2026_SNF_VBP_Facility_Performance.csv,Centers for Medicare & Medicaid Services (CMS),Value Based Purchasing,"This dataset contains facility-specific performance results for the fiscal year (FY) 2026 Skilled Nursing Facility Value-Based Purchasing (SNF VBP) Program. Included are baseline period and performance period measure results for each measure, achievement scores for each measure, improvement scores for each measure, measure scores for each measure, performance scores, rankings, and incentive payment multipliers for the FY 2026 SNF VBP Program year.<br /><br />Note: CMS will not publicly report any data for excluded SNFs. CMS finalized a measure minimum policy for the FY 2026 Program year. To receive a performance score and incentive payment multiplier for the FY 2026 Program year, SNFs must meet the case minimum during the performance period for at least two of the four quality measures. SNFs that do not meet the measure minimum are excluded from the SNF VBP Program for FY 2026. Payments to these SNFs will not be affected by the SNF VBP Program; instead, they will receive their adjusted federal per diem rate.","{""@type"": ""dcat:Dataset"", ""accessLevel"": ""public"", ""bureauCode"": [""009:38""], ""contactPoint"": {""@type"": ""vcard:Contact"", ""fn"": ""Nursing homes including rehab services"", ""hasEmail"": ""mailto:SNFVBPquestions@cms.hhs.gov""}, ""description"": ""This dataset contains facility-specific performance results for the fiscal year (FY) 2026 Skilled Nursing Facility Value-Based Purchasing (SNF VBP) Program. Included are baseline period and performance period measure results for each measure, achievement scores for each measure, improvement scores for each measure, measure scores for each measure, performance scores, rankings, and incentive payment multipliers for the FY 2026 SNF VBP Program year.<br /><br />Note: CMS will not publicly report any data for excluded SNFs. CMS finalized a measure minimum policy for the FY 2026 Program year. To receive a performance score and incentive payment multiplier for the FY 2026 Program year, SNFs must meet the case minimum during the performance period for at least two of the four quality measures. SNFs that do not meet the measure minimum are excluded from the SNF VBP Program for FY 2026. Payments to these SNFs will not be affected by the SNF VBP Program; instead, they will receive their adjusted federal per diem rate."", ""distribution"": [{""@type"": ""dcat:Distribution"", ""describedBy"": ""https://data.cms.gov/provider-data/sites/default/files/data_dictionaries/nursing_home/NH_Data_Dictionary.pdf"", ""describedByType"": ""application/pdf"", ""downloadURL"": ""https://data.cms.gov/provider-data/sites/default/files/resources/24625f7ba546a31aafbd5057da94a0e2_1767384370/FY_2026_SNF_VBP_Facility_Performance.csv"", ""mediaType"": ""text/csv""}], ""identifier"": ""284v-j9fz"", ""issued"": ""2025-11-01"", ""keyword"": [""Value Based Purchasing""], ""landingPage"": ""https://data.cms.gov/provider-data/dataset/284v-j9fz"", ""modified"": ""2025-11-01"", ""nextUpdateDate"": ""2026-12-02"", ""programCode"": [""009:000""], ""publisher"": {""@type"": ""org:Organization"", ""name"": ""Centers for Medicare & Medicaid Services (CMS)""}, ""released"": ""2025-12-10"", ""theme"": [""Nursing homes including rehab services""], ""title"": ""FY 2026 SNF VBP Facility-Level Dataset""}"
ujcx-uaut,FY 2026 SNF VBP Aggregate Performance,2025-11-01,2025-12-10,2025-12-02,2026-12-02,https://data.cms.gov/provider-data/dataset/ujcx-uaut,https://data.cms.gov/provider-data/sites/default/files/resources/9edb8fc369e3adecc5c8d50906d2ffc9_1764720378/FY_2026_SNF_VBP_Aggregate_Performance.csv,Centers for Medicare & Medicaid Services (CMS),Value Based Purchasing,"This table contains national, aggregate-level results for the fiscal year (FY) 2026 Skilled Nursing Facility Value-Based Purchasing (SNF VBP) Program. Included are national average measure results for the baseline period and performance period, the achievement threshold and benchmarks (that is, the performance standards for each measure for the FY 2026 SNF VBP Program year), and information on performance scores, incentive payment multipliers, value-based incentive payments (in dollars), and the total number of SNFs receiving value-based incentive payments for the FY 2026 SNF VBP Program year.<br /><br />Note: CMS will not publicly report any data for excluded SNFs. CMS finalized a measure minimum policy for the FY 2026 Program year. To receive a performance score and incentive payment multiplier for the FY 2026 Program year, SNFs must meet the case minimum during the performance period for at least two of the four quality measures. SNFs that do not meet the measure minimum are excluded from the SNF VBP Program for FY 2026. Payments to these SNFs will not be affected by the SNF VBP Program; instead, they will receive their adjusted federal per diem rate.","{""@type"": ""dcat:Dataset"", ""accessLevel"": ""public"", ""bureauCode"": [""009:38""], ""contactPoint"": {""@type"": ""vcard:Contact"", ""fn"": ""Nursing homes including rehab services"", ""hasEmail"": ""mailto:SNFVBPquestions@cms.hhs.gov""}, ""description"": ""This table contains national, aggregate-level results for the fiscal year (FY) 2026 Skilled Nursing Facility Value-Based Purchasing (SNF VBP) Program. Included are national average measure results for the baseline period and performance period, the achievement threshold and benchmarks (that is, the performance standards for each measure for the FY 2026 SNF VBP Program year), and information on performance scores, incentive payment multipliers, value-based incentive payments (in dollars), and the total number of SNFs receiving value-based incentive payments for the FY 2026 SNF VBP Program year.<br /><br />Note: CMS will not publicly report any data for excluded SNFs. CMS finalized a measure minimum policy for the FY 2026 Program year. To receive a performance score and incentive payment multiplier for the FY 2026 Program year, SNFs must meet the case minimum during the performance period for at least two of the four quality measures. SNFs that do not meet the measure minimum are excluded from the SNF VBP Program for FY 2026. Payments to these SNFs will not be affected by the SNF VBP Program; instead, they will receive their adjusted federal per diem rate."", ""distribution"": [{""@type"": ""dcat:Distribution"", ""describedBy"": ""https://data.cms.gov/provider-data/sites/default/files/data_dictionaries/nursing_home/NH_Data_Dictionary.pdf"", ""describedByType"": ""application/pdf"", ""downloadURL"": ""https://data.cms.gov/provider-data/sites/default/files/resources/9edb8fc369e3adecc5c8d50906d2ffc9_1764720378/FY_2026_SNF_VBP_Aggregate_Performance.csv"", ""mediaType"": ""text/csv""}], ""identifier"": ""ujcx-uaut"", ""issued"": ""2025-11-01"", ""keyword"": [""Value Based Purchasing""], ""landingPage"": ""https://data.cms.gov/provider-data/dataset/ujcx-uaut"", ""modified"": ""2025-12-02"", ""nextUpdateDate"": ""2026-12-02"", ""programCode"": [""009:000""], ""publisher"": {""@type"": ""org:Organization"", ""name"": ""Centers for Medicare & Medicaid Services (CMS)""}, ""released"": ""2025-12-10"", ""theme"": [""Nursing homes including rehab services""], ""title"": ""FY 2026 SNF VBP Aggregate Performance""}"
f226-42b7,Vascular Surgery Office Visit Costs,2024-08-05,2024-08-08,2024-08-05,,https://data.medicare.gov/provider-data/dataset/f226-42b7,https://data.cms.gov/provider-data/sites/default/files/resources/6a64087744c5c7d5ee57f44ab36a752f_1722902774/Vascular_Surgery.csv,Centers for Medicare & Medicaid Services (CMS),Vascular Surgery,Returns vascular surgery office visit costs per zip code for new and established patients.,"{""@type"": ""dcat:Dataset"", ""accessLevel"": ""public"", ""bureauCode"": [""009:38""], ""contactPoint"": {""@type"": ""vcard:Contact"", ""fn"": ""PPL Dataset"", ""hasEmail"": ""mailto:PPL_Dataset@cms.hhs.gov""}, ""description"": ""Returns vascular surgery office visit costs per zip code for new and established patients."", ""distribution"": [{""@type"": ""dcat:Distribution"", ""downloadURL"": ""https://data.cms.gov/provider-data/sites/default/files/resources/6a64087744c5c7d5ee57f44ab36a752f_1722902774/Vascular_Surgery.csv"", ""mediaType"": ""text/csv"", ""title"": ""Vascular_Surgery.csv""}], ""identifier"": ""f226-42b7"", ""issued"": ""2024-08-05"", ""keyword"": [""Vascular Surgery""], ""landingPage"": ""https://data.medicare.gov/provider-data/dataset/f226-42b7"", ""modified"": ""2024-08-05"", ""programCode"": [""009:000""], ""publisher"": {""@type"": ""org:Organization"", ""name"": ""Centers for Medicare & Medicaid Services (CMS)""}, ""released"": ""2024-08-08"", ""theme"": [""Physician office visit costs""], ""title"": ""Vascular Surgery Office Visit Costs""}"
afcb-07d8,Urology Office Visit Costs,2024-08-05,2024-08-08,2024-08-05,,https://data.medicare.gov/provider-data/dataset/afcb-07d8,https://data.cms.gov/provider-data/sites/default/files/resources/8d55d3466e6869ec06d00ea761b30d67_1722902774/Urology.csv,Centers for Medicare & Medicaid Services (CMS),Urology,Returns urology office visit costs per zip code for new and established patients.,"{""@type"": ""dcat:Dataset"", ""accessLevel"": ""public"", ""bureauCode"": [""009:38""], ""contactPoint"": {""@type"": ""vcard:Contact"", ""fn"": ""PPL Dataset"", ""hasEmail"": ""mailto:PPL_Dataset@cms.hhs.gov""}, ""description"": ""Returns urology office visit costs per zip code for new and established patients."", ""distribution"": [{""@type"": ""dcat:Distribution"", ""downloadURL"": ""https://data.cms.gov/provider-data/sites/default/files/resources/8d55d3466e6869ec06d00ea761b30d67_1722902774/Urology.csv"", ""mediaType"": ""text/csv"", ""title"": ""Urology.csv""}], ""identifier"": ""afcb-07d8"", ""issued"": ""2024-08-05"", ""keyword"": [""Urology""], ""landingPage"": ""https://data.medicare.gov/provider-data/dataset/afcb-07d8"", ""modified"": ""2024-08-05"", ""programCode"": [""009:000""], ""publisher"": {""@type"": ""org:Organization"", ""name"": ""Centers for Medicare & Medicaid Services (CMS)""}, ""released"": ""2024-08-08"", ""theme"": [""Physician office visit costs""], ""title"": ""Urology Office Visit Costs""}"
993f-4504,Undersea and Hyperbaric Medicine Office Visit Costs,2024-08-05,2024-08-08,2024-08-05,,https://data.medicare.gov/provider-data/dataset/993f-4504,https://data.cms.gov/provider-data/sites/default/files/resources/7542bfe3478c2a4d74ae290856a00a57_1722902773/Undersea_and_Hyperbaric_Medicine.csv,Centers for Medicare & Medicaid Services (CMS),Undersea and Hyperbaric Medicine,Returns undersea and hyperbaric medicine office visit costs per zip code for new and established patients.,"{""@type"": ""dcat:Dataset"", ""accessLevel"": ""public"", ""bureauCode"": [""009:38""], ""contactPoint"": {""@type"": ""vcard:Contact"", ""fn"": ""PPL Dataset"", ""hasEmail"": ""mailto:PPL_Dataset@cms.hhs.gov""}, ""description"": ""Returns undersea and hyperbaric medicine office visit costs per zip code for new and established patients."", ""distribution"": [{""@type"": ""dcat:Distribution"", ""downloadURL"": ""https://data.cms.gov/provider-data/sites/default/files/resources/7542bfe3478c2a4d74ae290856a00a57_1722902773/Undersea_and_Hyperbaric_Medicine.csv"", ""mediaType"": ""text/csv"", ""title"": ""Undersea_and_Hyperbaric_Medicine.csv""}], ""identifier"": ""993f-4504"", ""issued"": ""2024-08-05"", ""keyword"": [""Undersea and Hyperbaric Medicine""], ""landingPage"": ""https://data.medicare.gov/provider-data/dataset/993f-4504"", ""modified"": ""2024-08-05"", ""programCode"": [""009:000""], ""publisher"": {""@type"": ""org:Organization"", ""name"": ""Centers for Medicare & Medicaid Services (CMS)""}, ""released"": ""2024-08-08"", ""theme"": [""Physician office visit costs""], ""title"": ""Undersea and Hyperbaric Medicine Office Visit Costs""}"
d1c9-d5b4,Undefined Physician type Office Visit Costs,2024-08-05,2024-08-08,2024-08-05,,https://data.medicare.gov/provider-data/dataset/d1c9-d5b4,https://data.cms.gov/provider-data/sites/default/files/resources/2b565f9fdb3e7d41e20ef504757672d0_1722902772/Undefined_Physician_type.csv,Centers for Medicare & Medicaid Services (CMS),Undefined Physician type,Returns undefined physician type office visit costs per zip code for new and established patients.,"{""@type"": ""dcat:Dataset"", ""accessLevel"": ""public"", ""bureauCode"": [""009:38""], ""contactPoint"": {""@type"": ""vcard:Contact"", ""fn"": ""PPL Dataset"", ""hasEmail"": ""mailto:PPL_Dataset@cms.hhs.gov""}, ""description"": ""Returns undefined physician type office visit costs per zip code for new and established patients."", ""distribution"": [{""@type"": ""dcat:Distribution"", ""downloadURL"": ""https://data.cms.gov/provider-data/sites/default/files/resources/2b565f9fdb3e7d41e20ef504757672d0_1722902772/Undefined_Physician_type.csv"", ""mediaType"": ""text/csv"", ""title"": ""Undefined_Physician_type.csv""}], ""identifier"": ""d1c9-d5b4"", ""issued"": ""2024-08-05"", ""keyword"": [""Undefined Physician type""], ""landingPage"": ""https://data.medicare.gov/provider-data/dataset/d1c9-d5b4"", ""modified"": ""2024-08-05"", ""programCode"": [""009:000""], ""publisher"": {""@type"": ""org:Organization"", ""name"": ""Centers for Medicare & Medicaid Services (CMS)""}, ""released"": ""2024-08-08"", ""theme"": [""Physician office visit costs""], ""title"": ""Undefined Physician type Office Visit Costs""}"
5d9c-1e86,Thoracic Surgery Office Visit Costs,2024-08-05,2024-08-08,2024-08-05,,https://data.medicare.gov/provider-data/dataset/5d9c-1e86,https://data.cms.gov/provider-data/sites/default/files/resources/a36245d7815b93270f573bfa619c9e82_1722902771/Thoracic_Surgery.csv,Centers for Medicare & Medicaid Services (CMS),Thoracic Surgery,Returns thoracic surgery office visit costs per zip code for new and established patients.,"{""@type"": ""dcat:Dataset"", ""accessLevel"": ""public"", ""bureauCode"": [""009:38""], ""contactPoint"": {""@type"": ""vcard:Contact"", ""fn"": ""PPL Dataset"", ""hasEmail"": ""mailto:PPL_Dataset@cms.hhs.gov""}, ""description"": ""Returns thoracic surgery office visit costs per zip code for new and established patients."", ""distribution"": [{""@type"": ""dcat:Distribution"", ""downloadURL"": ""https://data.cms.gov/provider-data/sites/default/files/resources/a36245d7815b93270f573bfa619c9e82_1722902771/Thoracic_Surgery.csv"", ""mediaType"": ""text/csv"", ""title"": ""Thoracic_Surgery.csv""}], ""identifier"": ""5d9c-1e86"", ""issued"": ""2024-08-05"", ""keyword"": [""Thoracic Surgery""], ""landingPage"": ""https://data.medicare.gov/provider-data/dataset/5d9c-1e86"", ""modified"": ""2024-08-05"", ""programCode"": [""009:000""], ""publisher"": {""@type"": ""org:Organization"", ""name"": ""Centers for Medicare & Medicaid Services (CMS)""}, ""released"": ""2024-08-08"", ""theme"": [""Physician office visit costs""], ""title"": ""Thoracic Surgery Office Visit Costs""}"
0f6a-98c3,Surgical Oncology Office Visit Costs,2024-08-05,2024-08-08,2024-08-05,,https://data.medicare.gov/provider-data/dataset/0f6a-98c3,https://data.cms.gov/provider-data/sites/default/files/resources/63738d8788ddd32b29ebee631c886b01_1722902770/Surgical_Oncology.csv,Centers for Medicare & Medicaid Services (CMS),Surgical Oncology,Returns surgical oncology office visit costs per zip code for new and established patients.,"{""@type"": ""dcat:Dataset"", ""accessLevel"": ""public"", ""bureauCode"": [""009:38""], ""contactPoint"": {""@type"": ""vcard:Contact"", ""fn"": ""PPL Dataset"", ""hasEmail"": ""mailto:PPL_Dataset@cms.hhs.gov""}, ""description"": ""Returns surgical oncology office visit costs per zip code for new and established patients."", ""distribution"": [{""@type"": ""dcat:Distribution"", ""downloadURL"": ""https://data.cms.gov/provider-data/sites/default/files/resources/63738d8788ddd32b29ebee631c886b01_1722902770/Surgical_Oncology.csv"", ""mediaType"": ""text/csv"", ""title"": ""Surgical_Oncology.csv""}], ""identifier"": ""0f6a-98c3"", ""issued"": ""2024-08-05"", ""keyword"": [""Surgical Oncology""], ""landingPage"": ""https://data.medicare.gov/provider-data/dataset/0f6a-98c3"", ""modified"": ""2024-08-05"", ""programCode"": [""009:000""], ""publisher"": {""@type"": ""org:Organization"", ""name"": ""Centers for Medicare & Medicaid Services (CMS)""}, ""released"": ""2024-08-08"", ""theme"": [""Physician office visit costs""], ""title"": ""Surgical Oncology Office Visit Costs""}"
c713-00e8,Sports Medicine Office Visit Costs,2024-08-05,2024-08-08,2024-08-05,,https://data.medicare.gov/provider-data/dataset/c713-00e8,https://data.cms.gov/provider-data/sites/default/files/resources/9cb06dd078371a13e615e39dce99e254_1722902770/Sports_Medicine.csv,Centers for Medicare & Medicaid Services (CMS),Sports Medicine,Returns sports medicine office visit costs per zip code for new and established patients.,"{""@type"": ""dcat:Dataset"", ""accessLevel"": ""public"", ""bureauCode"": [""009:38""], ""contactPoint"": {""@type"": ""vcard:Contact"", ""fn"": ""PPL Dataset"", ""hasEmail"": ""mailto:PPL_Dataset@cms.hhs.gov""}, ""description"": ""Returns sports medicine office visit costs per zip code for new and established patients."", ""distribution"": [{""@type"": ""dcat:Distribution"", ""downloadURL"": ""https://data.cms.gov/provider-data/sites/default/files/resources/9cb06dd078371a13e615e39dce99e254_1722902770/Sports_Medicine.csv"", ""mediaType"": ""text/csv"", ""title"": ""Sports_Medicine.csv""}], ""identifier"": ""c713-00e8"", ""issued"": ""2024-08-05"", ""keyword"": [""Sports Medicine""], ""landingPage"": ""https://data.medicare.gov/provider-data/dataset/c713-00e8"", ""modified"": ""2024-08-05"", ""programCode"": [""009:000""], ""publisher"": {""@type"": ""org:Organization"", ""name"": ""Centers for Medicare & Medicaid Services (CMS)""}, ""released"": ""2024-08-08"", ""theme"": [""Physician office visit costs""], ""title"": ""Sports Medicine Office Visit Costs""}"
39da-b8ab,Sleep Medicine Office Visit Costs,2024-08-05,2024-08-08,2024-08-05,,https://data.medicare.gov/provider-data/dataset/39da-b8ab,https://data.cms.gov/provider-data/sites/default/files/resources/1c1a0ed15cda4de12ec0a8e3cc97705b_1722902769/Sleep_Medicine.csv,Centers for Medicare & Medicaid Services (CMS),Sleep Medicine,Returns sleep medicine office visit costs per zip code for new and established patients.,"{""@type"": ""dcat:Dataset"", ""accessLevel"": ""public"", ""bureauCode"": [""009:38""], ""contactPoint"": {""@type"": ""vcard:Contact"", ""fn"": ""PPL Dataset"", ""hasEmail"": ""mailto:PPL_Dataset@cms.hhs.gov""}, ""description"": ""Returns sleep medicine office visit costs per zip code for new and established patients."", ""distribution"": [{""@type"": ""dcat:Distribution"", ""downloadURL"": ""https://data.cms.gov/provider-data/sites/default/files/resources/1c1a0ed15cda4de12ec0a8e3cc97705b_1722902769/Sleep_Medicine.csv"", ""mediaType"": ""text/csv"", ""title"": ""Sleep_Medicine.csv""}], ""identifier"": ""39da-b8ab"", ""issued"": ""2024-08-05"", ""keyword"": [""Sleep Medicine""], ""landingPage"": ""https://data.medicare.gov/provider-data/dataset/39da-b8ab"", ""modified"": ""2024-08-05"", ""programCode"": [""009:000""], ""publisher"": {""@type"": ""org:Organization"", ""name"": ""Centers for Medicare & Medicaid Services (CMS)""}, ""released"": ""2024-08-08"", ""theme"": [""Physician office visit costs""], ""title"": ""Sleep Medicine Office Visit Costs""}"
385c-8c97,Rheumatology Office Visit Costs,2024-08-05,2024-08-08,2024-08-05,,https://data.medicare.gov/provider-data/dataset/385c-8c97,https://data.cms.gov/provider-data/sites/default/files/resources/103a90281c86d5e1bc1550aa33c0a186_1722902768/Rheumatology.csv,Centers for Medicare & Medicaid Services (CMS),Rheumatology,Returns rheumatology office visit costs per zip code for new and established patients.,"{""@type"": ""dcat:Dataset"", ""accessLevel"": ""public"", ""bureauCode"": [""009:38""], ""contactPoint"": {""@type"": ""vcard:Contact"", ""fn"": ""PPL Dataset"", ""hasEmail"": ""mailto:PPL_Dataset@cms.hhs.gov""}, ""description"": ""Returns rheumatology office visit costs per zip code for new and established patients."", ""distribution"": [{""@type"": ""dcat:Distribution"", ""downloadURL"": ""https://data.cms.gov/provider-data/sites/default/files/resources/103a90281c86d5e1bc1550aa33c0a186_1722902768/Rheumatology.csv"", ""mediaType"": ""text/csv"", ""title"": ""Rheumatology.csv""}], ""identifier"": ""385c-8c97"", ""issued"": ""2024-08-05"", ""keyword"": [""Rheumatology""], ""landingPage"": ""https://data.medicare.gov/provider-data/dataset/385c-8c97"", ""modified"": ""2024-08-05"", ""programCode"": [""009:000""], ""publisher"": {""@type"": ""org:Organization"", ""name"": ""Centers for Medicare & Medicaid Services (CMS)""}, ""released"": ""2024-08-08"", ""theme"": [""Physician office visit costs""], ""title"": ""Rheumatology Office Visit Costs""}"
8283-8a65,Registered Dietitian or Nutrition Professional Office Visit Costs,2024-08-05,2024-08-08,2024-08-05,,https://data.medicare.gov/provider-data/dataset/8283-8a65,https://data.cms.gov/provider-data/sites/default/files/resources/ddc631dc8189ff683bb405928b06b5f9_1722902767/Registered_Dietitian_or_Nutrition_Professional.csv,Centers for Medicare & Medicaid Services (CMS),Registered Dietitian or Nutrition Professional,Returns registered dietitian or nutrition professional office visit costs per zip code for new and established patients.,"{""@type"": ""dcat:Dataset"", ""accessLevel"": ""public"", ""bureauCode"": [""009:38""], ""contactPoint"": {""@type"": ""vcard:Contact"", ""fn"": ""PPL Dataset"", ""hasEmail"": ""mailto:PPL_Dataset@cms.hhs.gov""}, ""description"": ""Returns registered dietitian or nutrition professional office visit costs per zip code for new and established patients."", ""distribution"": [{""@type"": ""dcat:Distribution"", ""downloadURL"": ""https://data.cms.gov/provider-data/sites/default/files/resources/ddc631dc8189ff683bb405928b06b5f9_1722902767/Registered_Dietitian_or_Nutrition_Professional.csv"", ""mediaType"": ""text/csv"", ""title"": ""Registered_Dietitian_or_Nutrition_Professional.csv""}], ""identifier"": ""8283-8a65"", ""issued"": ""2024-08-05"", ""keyword"": [""Registered Dietitian or Nutrition Professional""], ""landingPage"": ""https://data.medicare.gov/provider-data/dataset/8283-8a65"", ""modified"": ""2024-08-05"", ""programCode"": [""009:000""], ""publisher"": {""@type"": ""org:Organization"", ""name"": ""Centers for Medicare & Medicaid Services (CMS)""}, ""released"": ""2024-08-08"", ""theme"": [""Physician office visit costs""], ""title"": ""Registered Dietitian or Nutrition Professional Office Visit Costs""}"
288b-4bed,Radiation Oncology Office Visit Costs,2024-08-05,2024-08-08,2024-08-05,,https://data.medicare.gov/provider-data/dataset/288b-4bed,https://data.cms.gov/provider-data/sites/default/files/resources/37f1c6c369bd97231d88a745fea585d6_1722902766/Radiation_Oncology.csv,Centers for Medicare & Medicaid Services (CMS),Radiation Oncology,Returns radiation oncology office visit costs per zip code for new and established patients.,"{""@type"": ""dcat:Dataset"", ""accessLevel"": ""public"", ""bureauCode"": [""009:38""], ""contactPoint"": {""@type"": ""vcard:Contact"", ""fn"": ""PPL Dataset"", ""hasEmail"": ""mailto:PPL_Dataset@cms.hhs.gov""}, ""description"": ""Returns radiation oncology office visit costs per zip code for new and established patients."", ""distribution"": [{""@type"": ""dcat:Distribution"", ""downloadURL"": ""https://data.cms.gov/provider-data/sites/default/files/resources/37f1c6c369bd97231d88a745fea585d6_1722902766/Radiation_Oncology.csv"", ""mediaType"": ""text/csv"", ""title"": ""Radiation_Oncology.csv""}], ""identifier"": ""288b-4bed"", ""issued"": ""2024-08-05"", ""keyword"": [""Radiation Oncology""], ""landingPage"": ""https://data.medicare.gov/provider-data/dataset/288b-4bed"", ""modified"": ""2024-08-05"", ""programCode"": [""009:000""], ""publisher"": {""@type"": ""org:Organization"", ""name"": ""Centers for Medicare & Medicaid Services (CMS)""}, ""released"": ""2024-08-08"", ""theme"": [""Physician office visit costs""], ""title"": ""Radiation Oncology Office Visit Costs""}"
0127-af37,Pulmonary Disease Office Visit Costs,2024-08-05,2024-08-08,2024-08-05,,https://data.medicare.gov/provider-data/dataset/0127-af37,https://data.cms.gov/provider-data/sites/default/files/resources/42ab5f223769b7afe1cc11d7af4658a5_1722902766/Pulmonary_Disease.csv,Centers for Medicare & Medicaid Services (CMS),Pulmonary Disease,Returns pulmonary disease office visit costs per zip code for new and established patients.,"{""@type"": ""dcat:Dataset"", ""accessLevel"": ""public"", ""bureauCode"": [""009:38""], ""contactPoint"": {""@type"": ""vcard:Contact"", ""fn"": ""PPL Dataset"", ""hasEmail"": ""mailto:PPL_Dataset@cms.hhs.gov""}, ""description"": ""Returns pulmonary disease office visit costs per zip code for new and established patients."", ""distribution"": [{""@type"": ""dcat:Distribution"", ""downloadURL"": ""https://data.cms.gov/provider-data/sites/default/files/resources/42ab5f223769b7afe1cc11d7af4658a5_1722902766/Pulmonary_Disease.csv"", ""mediaType"": ""text/csv"", ""title"": ""Pulmonary_Disease.csv""}], ""identifier"": ""0127-af37"", ""issued"": ""2024-08-05"", ""keyword"": [""Pulmonary Disease""], ""landingPage"": ""https://data.medicare.gov/provider-data/dataset/0127-af37"", ""modified"": ""2024-08-05"", ""programCode"": [""009:000""], ""publisher"": {""@type"": ""org:Organization"", ""name"": ""Centers for Medicare & Medicaid Services (CMS)""}, ""released"": ""2024-08-08"", ""theme"": [""Physician office visit costs""], ""title"": ""Pulmonary Disease Office Visit Costs""}"
2ca5-1007,Public Health or Welfare Agency Office Visit Costs,2024-08-05,2024-08-08,2024-08-05,,https://data.medicare.gov/provider-data/dataset/2ca5-1007,https://data.cms.gov/provider-data/sites/default/files/resources/1ffc95c8b8a2cfcd58b234264bc4771b_1722902765/Public_Health_or_Welfare_Agency.csv,Centers for Medicare & Medicaid Services (CMS),Public Health or Welfare Agency,Returns public health or welfare agency office visit costs per zip code for new and established patients.,"{""@type"": ""dcat:Dataset"", ""accessLevel"": ""public"", ""bureauCode"": [""009:38""], ""contactPoint"": {""@type"": ""vcard:Contact"", ""fn"": ""PPL Dataset"", ""hasEmail"": ""mailto:PPL_Dataset@cms.hhs.gov""}, ""description"": ""Returns public health or welfare agency office visit costs per zip code for new and established patients."", ""distribution"": [{""@type"": ""dcat:Distribution"", ""downloadURL"": ""https://data.cms.gov/provider-data/sites/default/files/resources/1ffc95c8b8a2cfcd58b234264bc4771b_1722902765/Public_Health_or_Welfare_Agency.csv"", ""mediaType"": ""text/csv"", ""title"": ""Public_Health_or_Welfare_Agency.csv""}], ""identifier"": ""2ca5-1007"", ""issued"": ""2024-08-05"", ""keyword"": [""Public Health or Welfare Agency""], ""landingPage"": ""https://data.medicare.gov/provider-data/dataset/2ca5-1007"", ""modified"": ""2024-08-05"", ""programCode"": [""009:000""], ""publisher"": {""@type"": ""org:Organization"", ""name"": ""Centers for Medicare & Medicaid Services (CMS)""}, ""released"": ""2024-08-08"", ""theme"": [""Physician office visit costs""], ""title"": ""Public Health or Welfare Agency Office Visit Costs""}"
92bb-de79,"Psychologist, Clinical Office Visit Costs",2024-08-05,2024-08-08,2024-08-05,,https://data.medicare.gov/provider-data/dataset/92bb-de79,https://data.cms.gov/provider-data/sites/default/files/resources/9dc4f5d32f76a0197c9ad8f1a243702a_1722902764/Psychologist_Clinical.csv,Centers for Medicare & Medicaid Services (CMS),"Psychologist, Clinical","Returns psychologist, clinical office visit costs per zip code for new and established patients.","{""@type"": ""dcat:Dataset"", ""accessLevel"": ""public"", ""bureauCode"": [""009:38""], ""contactPoint"": {""@type"": ""vcard:Contact"", ""fn"": ""PPL Dataset"", ""hasEmail"": ""mailto:PPL_Dataset@cms.hhs.gov""}, ""description"": ""Returns psychologist, clinical office visit costs per zip code for new and established patients."", ""distribution"": [{""@type"": ""dcat:Distribution"", ""downloadURL"": ""https://data.cms.gov/provider-data/sites/default/files/resources/9dc4f5d32f76a0197c9ad8f1a243702a_1722902764/Psychologist_Clinical.csv"", ""mediaType"": ""text/csv"", ""title"": ""Psychologist_Clinical.csv""}], ""identifier"": ""92bb-de79"", ""issued"": ""2024-08-05"", ""keyword"": [""Psychologist, Clinical""], ""landingPage"": ""https://data.medicare.gov/provider-data/dataset/92bb-de79"", ""modified"": ""2024-08-05"", ""programCode"": [""009:000""], ""publisher"": {""@type"": ""org:Organization"", ""name"": ""Centers for Medicare & Medicaid Services (CMS)""}, ""released"": ""2024-08-08"", ""theme"": [""Physician office visit costs""], ""title"": ""Psychologist, Clinical Office Visit Costs""}"
057a-5bcf,Psychiatry Office Visit Costs,2024-08-05,2024-08-08,2024-08-05,,https://data.medicare.gov/provider-data/dataset/057a-5bcf,https://data.cms.gov/provider-data/sites/default/files/resources/2aab19c0470ed3ce74a651ddb417d87f_1722902763/Psychiatry.csv,Centers for Medicare & Medicaid Services (CMS),Psychiatry,Returns psychiatry office visit costs per zip code for new and established patients.,"{""@type"": ""dcat:Dataset"", ""accessLevel"": ""public"", ""bureauCode"": [""009:38""], ""contactPoint"": {""@type"": ""vcard:Contact"", ""fn"": ""PPL Dataset"", ""hasEmail"": ""mailto:PPL_Dataset@cms.hhs.gov""}, ""description"": ""Returns psychiatry office visit costs per zip code for new and established patients."", ""distribution"": [{""@type"": ""dcat:Distribution"", ""downloadURL"": ""https://data.cms.gov/provider-data/sites/default/files/resources/2aab19c0470ed3ce74a651ddb417d87f_1722902763/Psychiatry.csv"", ""mediaType"": ""text/csv"", ""title"": ""Psychiatry.csv""}], ""identifier"": ""057a-5bcf"", ""issued"": ""2024-08-05"", ""keyword"": [""Psychiatry""], ""landingPage"": ""https://data.medicare.gov/provider-data/dataset/057a-5bcf"", ""modified"": ""2024-08-05"", ""programCode"": [""009:000""], ""publisher"": {""@type"": ""org:Organization"", ""name"": ""Centers for Medicare & Medicaid Services (CMS)""}, ""released"": ""2024-08-08"", ""theme"": [""Physician office visit costs""], ""title"": ""Psychiatry Office Visit Costs""}"
0330-b6e0,Preventive Medicine Office Visit Costs,2024-08-05,2024-08-08,2024-08-05,,https://data.medicare.gov/provider-data/dataset/0330-b6e0,https://data.cms.gov/provider-data/sites/default/files/resources/efe1f060d5a19c23fd3f94d39fb97659_1722902762/Preventive_Medicine.csv,Centers for Medicare & Medicaid Services (CMS),Preventive Medicine,Returns preventive medicine office visit costs per zip code for new and established patients.,"{""@type"": ""dcat:Dataset"", ""accessLevel"": ""public"", ""bureauCode"": [""009:38""], ""contactPoint"": {""@type"": ""vcard:Contact"", ""fn"": ""PPL Dataset"", ""hasEmail"": ""mailto:PPL_Dataset@cms.hhs.gov""}, ""description"": ""Returns preventive medicine office visit costs per zip code for new and established patients."", ""distribution"": [{""@type"": ""dcat:Distribution"", ""downloadURL"": ""https://data.cms.gov/provider-data/sites/default/files/resources/efe1f060d5a19c23fd3f94d39fb97659_1722902762/Preventive_Medicine.csv"", ""mediaType"": ""text/csv"", ""title"": ""Preventive_Medicine.csv""}], ""identifier"": ""0330-b6e0"", ""issued"": ""2024-08-05"", ""keyword"": [""Preventive Medicine""], ""landingPage"": ""https://data.medicare.gov/provider-data/dataset/0330-b6e0"", ""modified"": ""2024-08-05"", ""programCode"": [""009:000""], ""publisher"": {""@type"": ""org:Organization"", ""name"": ""Centers for Medicare & Medicaid Services (CMS)""}, ""released"": ""2024-08-08"", ""theme"": [""Physician office visit costs""], ""title"": ""Preventive Medicine Office Visit Costs""}"
8634-f6a7,Podiatry Office Visit Costs,2024-08-05,2024-08-08,2024-08-05,,https://data.medicare.gov/provider-data/dataset/8634-f6a7,https://data.cms.gov/provider-data/sites/default/files/resources/4b1c09db009da09790e2136b34c23392_1722902762/Podiatry.csv,Centers for Medicare & Medicaid Services (CMS),Podiatry,Returns podiatry office visit costs per zip code for new and established patients.,"{""@type"": ""dcat:Dataset"", ""accessLevel"": ""public"", ""bureauCode"": [""009:38""], ""contactPoint"": {""@type"": ""vcard:Contact"", ""fn"": ""PPL Dataset"", ""hasEmail"": ""mailto:PPL_Dataset@cms.hhs.gov""}, ""description"": ""Returns podiatry office visit costs per zip code for new and established patients."", ""distribution"": [{""@type"": ""dcat:Distribution"", ""downloadURL"": ""https://data.cms.gov/provider-data/sites/default/files/resources/4b1c09db009da09790e2136b34c23392_1722902762/Podiatry.csv"", ""mediaType"": ""text/csv"", ""title"": ""Podiatry.csv""}], ""identifier"": ""8634-f6a7"", ""issued"": ""2024-08-05"", ""keyword"": [""Podiatry""], ""landingPage"": ""https://data.medicare.gov/provider-data/dataset/8634-f6a7"", ""modified"": ""2024-08-05"", ""programCode"": [""009:000""], ""publisher"": {""@type"": ""org:Organization"", ""name"": ""Centers for Medicare & Medicaid Services (CMS)""}, ""released"": ""2024-08-08"", ""theme"": [""Physician office visit costs""], ""title"": ""Podiatry Office Visit Costs""}"
32b2-9f88,Plastic and Reconstructive Surgery Office Visit Costs,2024-08-05,2024-08-08,2024-08-05,,https://data.medicare.gov/provider-data/dataset/32b2-9f88,https://data.cms.gov/provider-data/sites/default/files/resources/3e434a0b692b96e1f98ddae16e4a2302_1722902761/Plastic_and_Reconstructive_Surgery.csv,Centers for Medicare & Medicaid Services (CMS),Plastic and Reconstructive Surgery,Returns plastic and reconstructive surgery office visit costs per zip code for new and established patients.,"{""@type"": ""dcat:Dataset"", ""accessLevel"": ""public"", ""bureauCode"": [""009:38""], ""contactPoint"": {""@type"": ""vcard:Contact"", ""fn"": ""PPL Dataset"", ""hasEmail"": ""mailto:PPL_Dataset@cms.hhs.gov""}, ""description"": ""Returns plastic and reconstructive surgery office visit costs per zip code for new and established patients."", ""distribution"": [{""@type"": ""dcat:Distribution"", ""downloadURL"": ""https://data.cms.gov/provider-data/sites/default/files/resources/3e434a0b692b96e1f98ddae16e4a2302_1722902761/Plastic_and_Reconstructive_Surgery.csv"", ""mediaType"": ""text/csv"", ""title"": ""Plastic_and_Reconstructive_Surgery.csv""}], ""identifier"": ""32b2-9f88"", ""issued"": ""2024-08-05"", ""keyword"": [""Plastic and Reconstructive Surgery""], ""landingPage"": ""https://data.medicare.gov/provider-data/dataset/32b2-9f88"", ""modified"": ""2024-08-05"", ""programCode"": [""009:000""], ""publisher"": {""@type"": ""org:Organization"", ""name"": ""Centers for Medicare & Medicaid Services (CMS)""}, ""released"": ""2024-08-08"", ""theme"": [""Physician office visit costs""], ""title"": ""Plastic and Reconstructive Surgery Office Visit Costs""}"
0d7d-e988,Physician Assistant Office Visit Costs,2024-08-05,2024-08-08,2024-08-05,,https://data.medicare.gov/provider-data/dataset/0d7d-e988,https://data.cms.gov/provider-data/sites/default/files/resources/1552910fe3bbe9b7aea9ba36060befd5_1722902760/Physician_Assistant.csv,Centers for Medicare & Medicaid Services (CMS),Physician Assistant,Returns physician assistant office visit costs per zip code for new and established patients.,"{""@type"": ""dcat:Dataset"", ""accessLevel"": ""public"", ""bureauCode"": [""009:38""], ""contactPoint"": {""@type"": ""vcard:Contact"", ""fn"": ""PPL Dataset"", ""hasEmail"": ""mailto:PPL_Dataset@cms.hhs.gov""}, ""description"": ""Returns physician assistant office visit costs per zip code for new and established patients."", ""distribution"": [{""@type"": ""dcat:Distribution"", ""downloadURL"": ""https://data.cms.gov/provider-data/sites/default/files/resources/1552910fe3bbe9b7aea9ba36060befd5_1722902760/Physician_Assistant.csv"", ""mediaType"": ""text/csv"", ""title"": ""Physician_Assistant.csv""}], ""identifier"": ""0d7d-e988"", ""issued"": ""2024-08-05"", ""keyword"": [""Physician Assistant""], ""landingPage"": ""https://data.medicare.gov/provider-data/dataset/0d7d-e988"", ""modified"": ""2024-08-05"", ""programCode"": [""009:000""], ""publisher"": {""@type"": ""org:Organization"", ""name"": ""Centers for Medicare & Medicaid Services (CMS)""}, ""released"": ""2024-08-08"", ""theme"": [""Physician office visit costs""], ""title"": ""Physician Assistant Office Visit Costs""}"
029b-dd7e,Physical Therapist in Private Practice Office Visit Costs,2024-08-05,2024-08-08,2024-08-05,,https://data.medicare.gov/provider-data/dataset/029b-dd7e,https://data.cms.gov/provider-data/sites/default/files/resources/7f415eefebf56eed51e1fe811db70130_1722902759/Physical_Therapist_in_Private_Practice.csv,Centers for Medicare & Medicaid Services (CMS),Physical Therapist in Private Practice,Returns physical therapist in private practice office visit costs per zip code for new and established patients.,"{""@type"": ""dcat:Dataset"", ""accessLevel"": ""public"", ""bureauCode"": [""009:38""], ""contactPoint"": {""@type"": ""vcard:Contact"", ""fn"": ""PPL Dataset"", ""hasEmail"": ""mailto:PPL_Dataset@cms.hhs.gov""}, ""description"": ""Returns physical therapist in private practice office visit costs per zip code for new and established patients."", ""distribution"": [{""@type"": ""dcat:Distribution"", ""downloadURL"": ""https://data.cms.gov/provider-data/sites/default/files/resources/7f415eefebf56eed51e1fe811db70130_1722902759/Physical_Therapist_in_Private_Practice.csv"", ""mediaType"": ""text/csv"", ""title"": ""Physical_Therapist_in_Private_Practice.csv""}], ""identifier"": ""029b-dd7e"", ""issued"": ""2024-08-05"", ""keyword"": [""Physical Therapist in Private Practice""], ""landingPage"": ""https://data.medicare.gov/provider-data/dataset/029b-dd7e"", ""modified"": ""2024-08-05"", ""programCode"": [""009:000""], ""publisher"": {""@type"": ""org:Organization"", ""name"": ""Centers for Medicare & Medicaid Services (CMS)""}, ""released"": ""2024-08-08"", ""theme"": [""Physician office visit costs""], ""title"": ""Physical Therapist in Private Practice Office Visit Costs""}"
5e3a-bee4,Physical Medicine and Rehabilitation Office Visit Costs,2024-08-05,2024-08-08,2024-08-05,,https://data.medicare.gov/provider-data/dataset/5e3a-bee4,https://data.cms.gov/provider-data/sites/default/files/resources/28a80083f9df0ddf320a4c2bb4dfa70a_1722902758/Physical_Medicine_and_Rehabilitation.csv,Centers for Medicare & Medicaid Services (CMS),Physical Medicine and Rehabilitation,Returns physical medicine and rehabilitation office visit costs per zip code for new and established patients.,"{""@type"": ""dcat:Dataset"", ""accessLevel"": ""public"", ""bureauCode"": [""009:38""], ""contactPoint"": {""@type"": ""vcard:Contact"", ""fn"": ""PPL Dataset"", ""hasEmail"": ""mailto:PPL_Dataset@cms.hhs.gov""}, ""description"": ""Returns physical medicine and rehabilitation office visit costs per zip code for new and established patients."", ""distribution"": [{""@type"": ""dcat:Distribution"", ""downloadURL"": ""https://data.cms.gov/provider-data/sites/default/files/resources/28a80083f9df0ddf320a4c2bb4dfa70a_1722902758/Physical_Medicine_and_Rehabilitation.csv"", ""mediaType"": ""text/csv"", ""title"": ""Physical_Medicine_and_Rehabilitation.csv""}], ""identifier"": ""5e3a-bee4"", ""issued"": ""2024-08-05"", ""keyword"": [""Physical Medicine and Rehabilitation""], ""landingPage"": ""https://data.medicare.gov/provider-data/dataset/5e3a-bee4"", ""modified"": ""2024-08-05"", ""programCode"": [""009:000""], ""publisher"": {""@type"": ""org:Organization"", ""name"": ""Centers for Medicare & Medicaid Services (CMS)""}, ""released"": ""2024-08-08"", ""theme"": [""Physician office visit costs""], ""title"": ""Physical Medicine and Rehabilitation Office Visit Costs""}"
254e-694c,Pharmacy Office Visit Costs,2024-08-05,2024-08-08,2024-08-05,,https://data.medicare.gov/provider-data/dataset/254e-694c,https://data.cms.gov/provider-data/sites/default/files/resources/b86892ffca1fa50e9c3f5d329065a01d_1722902758/Pharmacy.csv,Centers for Medicare & Medicaid Services (CMS),Pharmacy,Returns pharmacy office visit costs per zip code for new and established patients.,"{""@type"": ""dcat:Dataset"", ""accessLevel"": ""public"", ""bureauCode"": [""009:38""], ""contactPoint"": {""@type"": ""vcard:Contact"", ""fn"": ""PPL Dataset"", ""hasEmail"": ""mailto:PPL_Dataset@cms.hhs.gov""}, ""description"": ""Returns pharmacy office visit costs per zip code for new and established patients."", ""distribution"": [{""@type"": ""dcat:Distribution"", ""downloadURL"": ""https://data.cms.gov/provider-data/sites/default/files/resources/b86892ffca1fa50e9c3f5d329065a01d_1722902758/Pharmacy.csv"", ""mediaType"": ""text/csv"", ""title"": ""Pharmacy.csv""}], ""identifier"": ""254e-694c"", ""issued"": ""2024-08-05"", ""keyword"": [""Pharmacy""], ""landingPage"": ""https://data.medicare.gov/provider-data/dataset/254e-694c"", ""modified"": ""2024-08-05"", ""programCode"": [""009:000""], ""publisher"": {""@type"": ""org:Organization"", ""name"": ""Centers for Medicare & Medicaid Services (CMS)""}, ""released"": ""2024-08-08"", ""theme"": [""Physician office visit costs""], ""title"": ""Pharmacy Office Visit Costs""}"
ccbb-cbfa,Peripheral Vascular Disease Office Visit Costs,2024-08-05,2024-08-08,2024-08-05,,https://data.medicare.gov/provider-data/dataset/ccbb-cbfa,https://data.cms.gov/provider-data/sites/default/files/resources/7203271cbe620462471a316879d91d5b_1722902757/Peripheral_Vascular_Disease.csv,Centers for Medicare & Medicaid Services (CMS),Peripheral Vascular Disease,Returns peripheral vascular disease office visit costs per zip code for new and established patients.,"{""@type"": ""dcat:Dataset"", ""accessLevel"": ""public"", ""bureauCode"": [""009:38""], ""contactPoint"": {""@type"": ""vcard:Contact"", ""fn"": ""PPL Dataset"", ""hasEmail"": ""mailto:PPL_Dataset@cms.hhs.gov""}, ""description"": ""Returns peripheral vascular disease office visit costs per zip code for new and established patients."", ""distribution"": [{""@type"": ""dcat:Distribution"", ""downloadURL"": ""https://data.cms.gov/provider-data/sites/default/files/resources/7203271cbe620462471a316879d91d5b_1722902757/Peripheral_Vascular_Disease.csv"", ""mediaType"": ""text/csv"", ""title"": ""Peripheral_Vascular_Disease.csv""}], ""identifier"": ""ccbb-cbfa"", ""issued"": ""2024-08-05"", ""keyword"": [""Peripheral Vascular Disease""], ""landingPage"": ""https://data.medicare.gov/provider-data/dataset/ccbb-cbfa"", ""modified"": ""2024-08-05"", ""programCode"": [""009:000""], ""publisher"": {""@type"": ""org:Organization"", ""name"": ""Centers for Medicare & Medicaid Services (CMS)""}, ""released"": ""2024-08-08"", ""theme"": [""Physician office visit costs""], ""title"": ""Peripheral Vascular Disease Office Visit Costs""}"
d226-80a4,Pediatric Medicine Office Visit Costs,2024-08-05,2024-08-08,2024-08-05,,https://data.medicare.gov/provider-data/dataset/d226-80a4,https://data.cms.gov/provider-data/sites/default/files/resources/7d0e273b9d12254f7274320f96a266e6_1722902756/Pediatric_Medicine.csv,Centers for Medicare & Medicaid Services (CMS),Pediatric Medicine,Returns pediatric medicine office visit costs per zip code for new and established patients.,"{""@type"": ""dcat:Dataset"", ""accessLevel"": ""public"", ""bureauCode"": [""009:38""], ""contactPoint"": {""@type"": ""vcard:Contact"", ""fn"": ""PPL Dataset"", ""hasEmail"": ""mailto:PPL_Dataset@cms.hhs.gov""}, ""description"": ""Returns pediatric medicine office visit costs per zip code for new and established patients."", ""distribution"": [{""@type"": ""dcat:Distribution"", ""downloadURL"": ""https://data.cms.gov/provider-data/sites/default/files/resources/7d0e273b9d12254f7274320f96a266e6_1722902756/Pediatric_Medicine.csv"", ""mediaType"": ""text/csv"", ""title"": ""Pediatric_Medicine.csv""}], ""identifier"": ""d226-80a4"", ""issued"": ""2024-08-05"", ""keyword"": [""Pediatric Medicine""], ""landingPage"": ""https://data.medicare.gov/provider-data/dataset/d226-80a4"", ""modified"": ""2024-08-05"", ""programCode"": [""009:000""], ""publisher"": {""@type"": ""org:Organization"", ""name"": ""Centers for Medicare & Medicaid Services (CMS)""}, ""released"": ""2024-08-08"", ""theme"": [""Physician office visit costs""], ""title"": ""Pediatric Medicine Office Visit Costs""}"
914a-7700,Pathology Office Visit Costs,2024-08-05,2024-08-08,2024-08-05,,https://data.medicare.gov/provider-data/dataset/914a-7700,https://data.cms.gov/provider-data/sites/default/files/resources/64b5909bb6b7e46b6239c441b9cdb644_1722902756/Pathology.csv,Centers for Medicare & Medicaid Services (CMS),Pathology,Returns pathology office visit costs per zip code for new and established patients.,"{""@type"": ""dcat:Dataset"", ""accessLevel"": ""public"", ""bureauCode"": [""009:38""], ""contactPoint"": {""@type"": ""vcard:Contact"", ""fn"": ""PPL Dataset"", ""hasEmail"": ""mailto:PPL_Dataset@cms.hhs.gov""}, ""description"": ""Returns pathology office visit costs per zip code for new and established patients."", ""distribution"": [{""@type"": ""dcat:Distribution"", ""downloadURL"": ""https://data.cms.gov/provider-data/sites/default/files/resources/64b5909bb6b7e46b6239c441b9cdb644_1722902756/Pathology.csv"", ""mediaType"": ""text/csv"", ""title"": ""Pathology.csv""}], ""identifier"": ""914a-7700"", ""issued"": ""2024-08-05"", ""keyword"": [""Pathology""], ""landingPage"": ""https://data.medicare.gov/provider-data/dataset/914a-7700"", ""modified"": ""2024-08-05"", ""programCode"": [""009:000""], ""publisher"": {""@type"": ""org:Organization"", ""name"": ""Centers for Medicare & Medicaid Services (CMS)""}, ""released"": ""2024-08-08"", ""theme"": [""Physician office visit costs""], ""title"": ""Pathology Office Visit Costs""}"
cfa7-e909,Pain Management Office Visit Costs,2024-08-05,2024-08-08,2024-08-05,,https://data.medicare.gov/provider-data/dataset/cfa7-e909,https://data.cms.gov/provider-data/sites/default/files/resources/66f0fc11291c9d41539639b1549dcb53_1722902755/Pain_Management.csv,Centers for Medicare & Medicaid Services (CMS),Pain Management,Returns pain management office visit costs per zip code for new and established patients.,"{""@type"": ""dcat:Dataset"", ""accessLevel"": ""public"", ""bureauCode"": [""009:38""], ""contactPoint"": {""@type"": ""vcard:Contact"", ""fn"": ""PPL Dataset"", ""hasEmail"": ""mailto:PPL_Dataset@cms.hhs.gov""}, ""description"": ""Returns pain management office visit costs per zip code for new and established patients."", ""distribution"": [{""@type"": ""dcat:Distribution"", ""downloadURL"": ""https://data.cms.gov/provider-data/sites/default/files/resources/66f0fc11291c9d41539639b1549dcb53_1722902755/Pain_Management.csv"", ""mediaType"": ""text/csv"", ""title"": ""Pain_Management.csv""}], ""identifier"": ""cfa7-e909"", ""issued"": ""2024-08-05"", ""keyword"": [""Pain Management""], ""landingPage"": ""https://data.medicare.gov/provider-data/dataset/cfa7-e909"", ""modified"": ""2024-08-05"", ""programCode"": [""009:000""], ""publisher"": {""@type"": ""org:Organization"", ""name"": ""Centers for Medicare & Medicaid Services (CMS)""}, ""released"": ""2024-08-08"", ""theme"": [""Physician office visit costs""], ""title"": ""Pain Management Office Visit Costs""}"
4a4e-e0da,Otolaryngology Office Visit Costs,2024-08-05,2024-08-08,2024-08-05,,https://data.medicare.gov/provider-data/dataset/4a4e-e0da,https://data.cms.gov/provider-data/sites/default/files/resources/4b718840da8d12b1a388ccd9c01ac45c_1722902754/Otolaryngology.csv,Centers for Medicare & Medicaid Services (CMS),Otolaryngology,Returns otolaryngology office visit costs per zip code for new and established patients.,"{""@type"": ""dcat:Dataset"", ""accessLevel"": ""public"", ""bureauCode"": [""009:38""], ""contactPoint"": {""@type"": ""vcard:Contact"", ""fn"": ""PPL Dataset"", ""hasEmail"": ""mailto:PPL_Dataset@cms.hhs.gov""}, ""description"": ""Returns otolaryngology office visit costs per zip code for new and established patients."", ""distribution"": [{""@type"": ""dcat:Distribution"", ""downloadURL"": ""https://data.cms.gov/provider-data/sites/default/files/resources/4b718840da8d12b1a388ccd9c01ac45c_1722902754/Otolaryngology.csv"", ""mediaType"": ""text/csv"", ""title"": ""Otolaryngology.csv""}], ""identifier"": ""4a4e-e0da"", ""issued"": ""2024-08-05"", ""keyword"": [""Otolaryngology""], ""landingPage"": ""https://data.medicare.gov/provider-data/dataset/4a4e-e0da"", ""modified"": ""2024-08-05"", ""programCode"": [""009:000""], ""publisher"": {""@type"": ""org:Organization"", ""name"": ""Centers for Medicare & Medicaid Services (CMS)""}, ""released"": ""2024-08-08"", ""theme"": [""Physician office visit costs""], ""title"": ""Otolaryngology Office Visit Costs""}"
8753-38d1,Osteopathic Manipulative Medicine Office Visit Costs,2024-08-05,2024-08-08,2024-08-05,,https://data.medicare.gov/provider-data/dataset/8753-38d1,https://data.cms.gov/provider-data/sites/default/files/resources/1e06a31bf08987eb29e0e5180a75cf30_1722902753/Osteopathic_Manipulative_Medicine.csv,Centers for Medicare & Medicaid Services (CMS),Osteopathic Manipulative Medicine,Returns osteopathic manipulative medicine office visit costs per zip code for new and established patients.,"{""@type"": ""dcat:Dataset"", ""accessLevel"": ""public"", ""bureauCode"": [""009:38""], ""contactPoint"": {""@type"": ""vcard:Contact"", ""fn"": ""PPL Dataset"", ""hasEmail"": ""mailto:PPL_Dataset@cms.hhs.gov""}, ""description"": ""Returns osteopathic manipulative medicine office visit costs per zip code for new and established patients."", ""distribution"": [{""@type"": ""dcat:Distribution"", ""downloadURL"": ""https://data.cms.gov/provider-data/sites/default/files/resources/1e06a31bf08987eb29e0e5180a75cf30_1722902753/Osteopathic_Manipulative_Medicine.csv"", ""mediaType"": ""text/csv"", ""title"": ""Osteopathic_Manipulative_Medicine.csv""}], ""identifier"": ""8753-38d1"", ""issued"": ""2024-08-05"", ""keyword"": [""Osteopathic Manipulative Medicine""], ""landingPage"": ""https://data.medicare.gov/provider-data/dataset/8753-38d1"", ""modified"": ""2024-08-05"", ""programCode"": [""009:000""], ""publisher"": {""@type"": ""org:Organization"", ""name"": ""Centers for Medicare & Medicaid Services (CMS)""}, ""released"": ""2024-08-08"", ""theme"": [""Physician office visit costs""], ""title"": ""Osteopathic Manipulative Medicine Office Visit Costs""}"
c382-eab7,Orthopedic Surgery Office Visit Costs,2024-08-05,2024-08-08,2024-08-05,,https://data.medicare.gov/provider-data/dataset/c382-eab7,https://data.cms.gov/provider-data/sites/default/files/resources/576a4c5f12a959cec5419966ca112594_1722902752/Orthopedic_Surgery.csv,Centers for Medicare & Medicaid Services (CMS),Orthopedic Surgery,Returns orthopedic surgery office visit costs per zip code for new and established patients.,"{""@type"": ""dcat:Dataset"", ""accessLevel"": ""public"", ""bureauCode"": [""009:38""], ""contactPoint"": {""@type"": ""vcard:Contact"", ""fn"": ""PPL Dataset"", ""hasEmail"": ""mailto:PPL_Dataset@cms.hhs.gov""}, ""description"": ""Returns orthopedic surgery office visit costs per zip code for new and established patients."", ""distribution"": [{""@type"": ""dcat:Distribution"", ""downloadURL"": ""https://data.cms.gov/provider-data/sites/default/files/resources/576a4c5f12a959cec5419966ca112594_1722902752/Orthopedic_Surgery.csv"", ""mediaType"": ""text/csv"", ""title"": ""Orthopedic_Surgery.csv""}], ""identifier"": ""c382-eab7"", ""issued"": ""2024-08-05"", ""keyword"": [""Orthopedic Surgery""], ""landingPage"": ""https://data.medicare.gov/provider-data/dataset/c382-eab7"", ""modified"": ""2024-08-05"", ""programCode"": [""009:000""], ""publisher"": {""@type"": ""org:Organization"", ""name"": ""Centers for Medicare & Medicaid Services (CMS)""}, ""released"": ""2024-08-08"", ""theme"": [""Physician office visit costs""], ""title"": ""Orthopedic Surgery Office Visit Costs""}"
8c6b-fe40,Oral Surgery (Dentist only) Office Visit Costs,2024-08-05,2024-08-08,2024-08-05,,https://data.medicare.gov/provider-data/dataset/8c6b-fe40,https://data.cms.gov/provider-data/sites/default/files/resources/0a2144c51d4f79043bf38585f0b4af1c_1722902752/Oral_Surgery_Dentist_only.csv,Centers for Medicare & Medicaid Services (CMS),Oral Surgery (Dentist only),Returns oral surgery (dentist only) office visit costs per zip code for new and established patients.,"{""@type"": ""dcat:Dataset"", ""accessLevel"": ""public"", ""bureauCode"": [""009:38""], ""contactPoint"": {""@type"": ""vcard:Contact"", ""fn"": ""PPL Dataset"", ""hasEmail"": ""mailto:PPL_Dataset@cms.hhs.gov""}, ""description"": ""Returns oral surgery (dentist only) office visit costs per zip code for new and established patients."", ""distribution"": [{""@type"": ""dcat:Distribution"", ""downloadURL"": ""https://data.cms.gov/provider-data/sites/default/files/resources/0a2144c51d4f79043bf38585f0b4af1c_1722902752/Oral_Surgery_Dentist_only.csv"", ""mediaType"": ""text/csv"", ""title"": ""Oral_Surgery_Dentist_only.csv""}], ""identifier"": ""8c6b-fe40"", ""issued"": ""2024-08-05"", ""keyword"": [""Oral Surgery (Dentist only)""], ""landingPage"": ""https://data.medicare.gov/provider-data/dataset/8c6b-fe40"", ""modified"": ""2024-08-05"", ""programCode"": [""009:000""], ""publisher"": {""@type"": ""org:Organization"", ""name"": ""Centers for Medicare & Medicaid Services (CMS)""}, ""released"": ""2024-08-08"", ""theme"": [""Physician office visit costs""], ""title"": ""Oral Surgery (Dentist only) Office Visit Costs""}"
d640-e528,Optometry Office Visit Costs,2024-08-05,2024-08-08,2024-08-05,,https://data.medicare.gov/provider-data/dataset/d640-e528,https://data.cms.gov/provider-data/sites/default/files/resources/764a156bb917396a21c05b3fffdcf4c7_1722902751/Optometry.csv,Centers for Medicare & Medicaid Services (CMS),Optometry,Returns optometry office visit costs per zip code for new and established patients.,"{""@type"": ""dcat:Dataset"", ""accessLevel"": ""public"", ""bureauCode"": [""009:38""], ""contactPoint"": {""@type"": ""vcard:Contact"", ""fn"": ""PPL Dataset"", ""hasEmail"": ""mailto:PPL_Dataset@cms.hhs.gov""}, ""description"": ""Returns optometry office visit costs per zip code for new and established patients."", ""distribution"": [{""@type"": ""dcat:Distribution"", ""downloadURL"": ""https://data.cms.gov/provider-data/sites/default/files/resources/764a156bb917396a21c05b3fffdcf4c7_1722902751/Optometry.csv"", ""mediaType"": ""text/csv"", ""title"": ""Optometry.csv""}], ""identifier"": ""d640-e528"", ""issued"": ""2024-08-05"", ""keyword"": [""Optometry""], ""landingPage"": ""https://data.medicare.gov/provider-data/dataset/d640-e528"", ""modified"": ""2024-08-05"", ""programCode"": [""009:000""], ""publisher"": {""@type"": ""org:Organization"", ""name"": ""Centers for Medicare & Medicaid Services (CMS)""}, ""released"": ""2024-08-08"", ""theme"": [""Physician office visit costs""], ""title"": ""Optometry Office Visit Costs""}"
4533-9861,Opioid Treatment Program Office Visit Costs,2024-08-05,2024-08-08,2024-08-05,,https://data.medicare.gov/provider-data/dataset/4533-9861,https://data.cms.gov/provider-data/sites/default/files/resources/6ac0d653f0fa1b7a772eaac1ab2c8711_1722902750/Opioid_Treatment_Program.csv,Centers for Medicare & Medicaid Services (CMS),Opioid Treatment Program,Returns opioid treatment program office visit costs per zip code for new and established patients.,"{""@type"": ""dcat:Dataset"", ""accessLevel"": ""public"", ""bureauCode"": [""009:38""], ""contactPoint"": {""@type"": ""vcard:Contact"", ""fn"": ""PPL Dataset"", ""hasEmail"": ""mailto:PPL_Dataset@cms.hhs.gov""}, ""description"": ""Returns opioid treatment program office visit costs per zip code for new and established patients."", ""distribution"": [{""@type"": ""dcat:Distribution"", ""downloadURL"": ""https://data.cms.gov/provider-data/sites/default/files/resources/6ac0d653f0fa1b7a772eaac1ab2c8711_1722902750/Opioid_Treatment_Program.csv"", ""mediaType"": ""text/csv"", ""title"": ""Opioid_Treatment_Program.csv""}], ""identifier"": ""4533-9861"", ""issued"": ""2024-08-05"", ""keyword"": [""Opioid Treatment Program""], ""landingPage"": ""https://data.medicare.gov/provider-data/dataset/4533-9861"", ""modified"": ""2024-08-05"", ""programCode"": [""009:000""], ""publisher"": {""@type"": ""org:Organization"", ""name"": ""Centers for Medicare & Medicaid Services (CMS)""}, ""released"": ""2024-08-08"", ""theme"": [""Physician office visit costs""], ""title"": ""Opioid Treatment Program Office Visit Costs""}"
5f44-cb84,Ophthalmology Office Visit Costs,2024-08-05,2024-08-08,2024-08-05,,https://data.medicare.gov/provider-data/dataset/5f44-cb84,https://data.cms.gov/provider-data/sites/default/files/resources/1f76251f0fe271e4a48b24659182c2e0_1722902750/Ophthalmology.csv,Centers for Medicare & Medicaid Services (CMS),Ophthalmology,Returns ophthalmology office visit costs per zip code for new and established patients.,"{""@type"": ""dcat:Dataset"", ""accessLevel"": ""public"", ""bureauCode"": [""009:38""], ""contactPoint"": {""@type"": ""vcard:Contact"", ""fn"": ""PPL Dataset"", ""hasEmail"": ""mailto:PPL_Dataset@cms.hhs.gov""}, ""description"": ""Returns ophthalmology office visit costs per zip code for new and established patients."", ""distribution"": [{""@type"": ""dcat:Distribution"", ""downloadURL"": ""https://data.cms.gov/provider-data/sites/default/files/resources/1f76251f0fe271e4a48b24659182c2e0_1722902750/Ophthalmology.csv"", ""mediaType"": ""text/csv"", ""title"": ""Ophthalmology.csv""}], ""identifier"": ""5f44-cb84"", ""issued"": ""2024-08-05"", ""keyword"": [""Ophthalmology""], ""landingPage"": ""https://data.medicare.gov/provider-data/dataset/5f44-cb84"", ""modified"": ""2024-08-05"", ""programCode"": [""009:000""], ""publisher"": {""@type"": ""org:Organization"", ""name"": ""Centers for Medicare & Medicaid Services (CMS)""}, ""released"": ""2024-08-08"", ""theme"": [""Physician office visit costs""], ""title"": ""Ophthalmology Office Visit Costs""}"
069d-826b,Obstetrics & Gynecology Office Visit Costs,2024-08-05,2024-08-08,2024-08-05,,https://data.medicare.gov/provider-data/dataset/069d-826b,https://data.cms.gov/provider-data/sites/default/files/resources/ef0e951993eefdbf3a464f5206a72d7f_1722902749/Obstetrics_Gynecology.csv,Centers for Medicare & Medicaid Services (CMS),Obstetrics & Gynecology,Returns obstetrics &amp; gynecology office visit costs per zip code for new and established patients.,"{""@type"": ""dcat:Dataset"", ""accessLevel"": ""public"", ""bureauCode"": [""009:38""], ""contactPoint"": {""@type"": ""vcard:Contact"", ""fn"": ""PPL Dataset"", ""hasEmail"": ""mailto:PPL_Dataset@cms.hhs.gov""}, ""description"": ""Returns obstetrics &amp; gynecology office visit costs per zip code for new and established patients."", ""distribution"": [{""@type"": ""dcat:Distribution"", ""downloadURL"": ""https://data.cms.gov/provider-data/sites/default/files/resources/ef0e951993eefdbf3a464f5206a72d7f_1722902749/Obstetrics_Gynecology.csv"", ""mediaType"": ""text/csv"", ""title"": ""Obstetrics_Gynecology.csv""}], ""identifier"": ""069d-826b"", ""issued"": ""2024-08-05"", ""keyword"": [""Obstetrics & Gynecology""], ""landingPage"": ""https://data.medicare.gov/provider-data/dataset/069d-826b"", ""modified"": ""2024-08-05"", ""programCode"": [""009:000""], ""publisher"": {""@type"": ""org:Organization"", ""name"": ""Centers for Medicare & Medicaid Services (CMS)""}, ""released"": ""2024-08-08"", ""theme"": [""Physician office visit costs""], ""title"": ""Obstetrics & Gynecology Office Visit Costs""}"
57e0-2991,Nurse Practitioner Office Visit Costs,2024-08-05,2024-08-08,2024-08-05,,https://data.medicare.gov/provider-data/dataset/57e0-2991,https://data.cms.gov/provider-data/sites/default/files/resources/3e3bf0d958e5afffeb999e718aa2b601_1722902748/Nurse_Practitioner.csv,Centers for Medicare & Medicaid Services (CMS),Nurse Practitioner,Returns nurse practitioner office visit costs per zip code for new and established patients.,"{""@type"": ""dcat:Dataset"", ""accessLevel"": ""public"", ""bureauCode"": [""009:38""], ""contactPoint"": {""@type"": ""vcard:Contact"", ""fn"": ""PPL Dataset"", ""hasEmail"": ""mailto:PPL_Dataset@cms.hhs.gov""}, ""description"": ""Returns nurse practitioner office visit costs per zip code for new and established patients."", ""distribution"": [{""@type"": ""dcat:Distribution"", ""downloadURL"": ""https://data.cms.gov/provider-data/sites/default/files/resources/3e3bf0d958e5afffeb999e718aa2b601_1722902748/Nurse_Practitioner.csv"", ""mediaType"": ""text/csv"", ""title"": ""Nurse_Practitioner.csv""}], ""identifier"": ""57e0-2991"", ""issued"": ""2024-08-05"", ""keyword"": [""Nurse Practitioner""], ""landingPage"": ""https://data.medicare.gov/provider-data/dataset/57e0-2991"", ""modified"": ""2024-08-05"", ""programCode"": [""009:000""], ""publisher"": {""@type"": ""org:Organization"", ""name"": ""Centers for Medicare & Medicaid Services (CMS)""}, ""released"": ""2024-08-08"", ""theme"": [""Physician office visit costs""], ""title"": ""Nurse Practitioner Office Visit Costs""}"
d0ce-5cad,Nuclear Medicine Office Visit Costs,2024-08-05,2024-08-08,2024-08-05,,https://data.medicare.gov/provider-data/dataset/d0ce-5cad,https://data.cms.gov/provider-data/sites/default/files/resources/31ee2cf3e0609ab6a307b7162341f05d_1722902747/Nuclear_Medicine.csv,Centers for Medicare & Medicaid Services (CMS),Nuclear Medicine,Returns nuclear medicine office visit costs per zip code for new and established patients.,"{""@type"": ""dcat:Dataset"", ""accessLevel"": ""public"", ""bureauCode"": [""009:38""], ""contactPoint"": {""@type"": ""vcard:Contact"", ""fn"": ""PPL Dataset"", ""hasEmail"": ""mailto:PPL_Dataset@cms.hhs.gov""}, ""description"": ""Returns nuclear medicine office visit costs per zip code for new and established patients."", ""distribution"": [{""@type"": ""dcat:Distribution"", ""downloadURL"": ""https://data.cms.gov/provider-data/sites/default/files/resources/31ee2cf3e0609ab6a307b7162341f05d_1722902747/Nuclear_Medicine.csv"", ""mediaType"": ""text/csv"", ""title"": ""Nuclear_Medicine.csv""}], ""identifier"": ""d0ce-5cad"", ""issued"": ""2024-08-05"", ""keyword"": [""Nuclear Medicine""], ""landingPage"": ""https://data.medicare.gov/provider-data/dataset/d0ce-5cad"", ""modified"": ""2024-08-05"", ""programCode"": [""009:000""], ""publisher"": {""@type"": ""org:Organization"", ""name"": ""Centers for Medicare & Medicaid Services (CMS)""}, ""released"": ""2024-08-08"", ""theme"": [""Physician office visit costs""], ""title"": ""Nuclear Medicine Office Visit Costs""}"
f90c-2246,Neurosurgery Office Visit Costs,2024-08-05,2024-08-08,2024-08-05,,https://data.medicare.gov/provider-data/dataset/f90c-2246,https://data.cms.gov/provider-data/sites/default/files/resources/6cc23cdee4b9348aa38d5287b07f27cf_1722902747/Neurosurgery.csv,Centers for Medicare & Medicaid Services (CMS),Neurosurgery,Returns neurosurgery office visit costs per zip code for new and established patients.,"{""@type"": ""dcat:Dataset"", ""accessLevel"": ""public"", ""bureauCode"": [""009:38""], ""contactPoint"": {""@type"": ""vcard:Contact"", ""fn"": ""PPL Dataset"", ""hasEmail"": ""mailto:PPL_Dataset@cms.hhs.gov""}, ""description"": ""Returns neurosurgery office visit costs per zip code for new and established patients."", ""distribution"": [{""@type"": ""dcat:Distribution"", ""downloadURL"": ""https://data.cms.gov/provider-data/sites/default/files/resources/6cc23cdee4b9348aa38d5287b07f27cf_1722902747/Neurosurgery.csv"", ""mediaType"": ""text/csv"", ""title"": ""Neurosurgery.csv""}], ""identifier"": ""f90c-2246"", ""issued"": ""2024-08-05"", ""keyword"": [""Neurosurgery""], ""landingPage"": ""https://data.medicare.gov/provider-data/dataset/f90c-2246"", ""modified"": ""2024-08-05"", ""programCode"": [""009:000""], ""publisher"": {""@type"": ""org:Organization"", ""name"": ""Centers for Medicare & Medicaid Services (CMS)""}, ""released"": ""2024-08-08"", ""theme"": [""Physician office visit costs""], ""title"": ""Neurosurgery Office Visit Costs""}"
0b1a-da3f,Neuropsychiatry Office Visit Costs,2024-08-05,2024-08-08,2024-08-05,,https://data.medicare.gov/provider-data/dataset/0b1a-da3f,https://data.cms.gov/provider-data/sites/default/files/resources/f9c31cc9360a72f0ee53f6f12808fa1a_1722902746/Neuropsychiatry.csv,Centers for Medicare & Medicaid Services (CMS),Neuropsychiatry,Returns neuropsychiatry office visit costs per zip code for new and established patients.,"{""@type"": ""dcat:Dataset"", ""accessLevel"": ""public"", ""bureauCode"": [""009:38""], ""contactPoint"": {""@type"": ""vcard:Contact"", ""fn"": ""PPL Dataset"", ""hasEmail"": ""mailto:PPL_Dataset@cms.hhs.gov""}, ""description"": ""Returns neuropsychiatry office visit costs per zip code for new and established patients."", ""distribution"": [{""@type"": ""dcat:Distribution"", ""downloadURL"": ""https://data.cms.gov/provider-data/sites/default/files/resources/f9c31cc9360a72f0ee53f6f12808fa1a_1722902746/Neuropsychiatry.csv"", ""mediaType"": ""text/csv"", ""title"": ""Neuropsychiatry.csv""}], ""identifier"": ""0b1a-da3f"", ""issued"": ""2024-08-05"", ""keyword"": [""Neuropsychiatry""], ""landingPage"": ""https://data.medicare.gov/provider-data/dataset/0b1a-da3f"", ""modified"": ""2024-08-05"", ""programCode"": [""009:000""], ""publisher"": {""@type"": ""org:Organization"", ""name"": ""Centers for Medicare & Medicaid Services (CMS)""}, ""released"": ""2024-08-08"", ""theme"": [""Physician office visit costs""], ""title"": ""Neuropsychiatry Office Visit Costs""}"
8c8a-b911,Neurology Office Visit Costs,2024-08-05,2024-08-08,2024-08-05,,https://data.medicare.gov/provider-data/dataset/8c8a-b911,https://data.cms.gov/provider-data/sites/default/files/resources/c98e12cf0e3da619eea0c351397aa5df_1722902745/Neurology.csv,Centers for Medicare & Medicaid Services (CMS),Neurology,Returns neurology office visit costs per zip code for new and established patients.,"{""@type"": ""dcat:Dataset"", ""accessLevel"": ""public"", ""bureauCode"": [""009:38""], ""contactPoint"": {""@type"": ""vcard:Contact"", ""fn"": ""PPL Dataset"", ""hasEmail"": ""mailto:PPL_Dataset@cms.hhs.gov""}, ""description"": ""Returns neurology office visit costs per zip code for new and established patients."", ""distribution"": [{""@type"": ""dcat:Distribution"", ""downloadURL"": ""https://data.cms.gov/provider-data/sites/default/files/resources/c98e12cf0e3da619eea0c351397aa5df_1722902745/Neurology.csv"", ""mediaType"": ""text/csv"", ""title"": ""Neurology.csv""}], ""identifier"": ""8c8a-b911"", ""issued"": ""2024-08-05"", ""keyword"": [""Neurology""], ""landingPage"": ""https://data.medicare.gov/provider-data/dataset/8c8a-b911"", ""modified"": ""2024-08-05"", ""programCode"": [""009:000""], ""publisher"": {""@type"": ""org:Organization"", ""name"": ""Centers for Medicare & Medicaid Services (CMS)""}, ""released"": ""2024-08-08"", ""theme"": [""Physician office visit costs""], ""title"": ""Neurology Office Visit Costs""}"
0938-3dfa,Nephrology Office Visit Costs,2024-08-05,2024-08-08,2024-08-05,,https://data.medicare.gov/provider-data/dataset/0938-3dfa,https://data.cms.gov/provider-data/sites/default/files/resources/f944fb96af37547f2d329cfc84c18eeb_1722902744/Nephrology.csv,Centers for Medicare & Medicaid Services (CMS),Nephrology,Returns nephrology office visit costs per zip code for new and established patients.,"{""@type"": ""dcat:Dataset"", ""accessLevel"": ""public"", ""bureauCode"": [""009:38""], ""contactPoint"": {""@type"": ""vcard:Contact"", ""fn"": ""PPL Dataset"", ""hasEmail"": ""mailto:PPL_Dataset@cms.hhs.gov""}, ""description"": ""Returns nephrology office visit costs per zip code for new and established patients."", ""distribution"": [{""@type"": ""dcat:Distribution"", ""downloadURL"": ""https://data.cms.gov/provider-data/sites/default/files/resources/f944fb96af37547f2d329cfc84c18eeb_1722902744/Nephrology.csv"", ""mediaType"": ""text/csv"", ""title"": ""Nephrology.csv""}], ""identifier"": ""0938-3dfa"", ""issued"": ""2024-08-05"", ""keyword"": [""Nephrology""], ""landingPage"": ""https://data.medicare.gov/provider-data/dataset/0938-3dfa"", ""modified"": ""2024-08-05"", ""programCode"": [""009:000""], ""publisher"": {""@type"": ""org:Organization"", ""name"": ""Centers for Medicare & Medicaid Services (CMS)""}, ""released"": ""2024-08-08"", ""theme"": [""Physician office visit costs""], ""title"": ""Nephrology Office Visit Costs""}"
cd1d-5f84,Micrographic Dermatologic Surgery Office Visit Costs,2024-08-05,2024-08-08,2024-08-05,,https://data.medicare.gov/provider-data/dataset/cd1d-5f84,https://data.cms.gov/provider-data/sites/default/files/resources/b520953b8dfd04683444a3bef8a8b36a_1722902743/Micrographic_Dermatologic_Surgery.csv,Centers for Medicare & Medicaid Services (CMS),Micrographic Dermatologic Surgery,Returns micrographic dermatologic surgery office visit costs per zip code for new and established patients.,"{""@type"": ""dcat:Dataset"", ""accessLevel"": ""public"", ""bureauCode"": [""009:38""], ""contactPoint"": {""@type"": ""vcard:Contact"", ""fn"": ""PPL Dataset"", ""hasEmail"": ""mailto:PPL_Dataset@cms.hhs.gov""}, ""description"": ""Returns micrographic dermatologic surgery office visit costs per zip code for new and established patients."", ""distribution"": [{""@type"": ""dcat:Distribution"", ""downloadURL"": ""https://data.cms.gov/provider-data/sites/default/files/resources/b520953b8dfd04683444a3bef8a8b36a_1722902743/Micrographic_Dermatologic_Surgery.csv"", ""mediaType"": ""text/csv"", ""title"": ""Micrographic_Dermatologic_Surgery.csv""}], ""identifier"": ""cd1d-5f84"", ""issued"": ""2024-08-05"", ""keyword"": [""Micrographic Dermatologic Surgery""], ""landingPage"": ""https://data.medicare.gov/provider-data/dataset/cd1d-5f84"", ""modified"": ""2024-08-05"", ""programCode"": [""009:000""], ""publisher"": {""@type"": ""org:Organization"", ""name"": ""Centers for Medicare & Medicaid Services (CMS)""}, ""released"": ""2024-08-08"", ""theme"": [""Physician office visit costs""], ""title"": ""Micrographic Dermatologic Surgery Office Visit Costs""}"
9b4a-75d5,Medical Toxicology Office Visit Costs,2024-08-05,2024-08-08,2024-08-05,,https://data.medicare.gov/provider-data/dataset/9b4a-75d5,https://data.cms.gov/provider-data/sites/default/files/resources/376d83aa6b33b0dd94bb62dcae41158e_1722902743/Medical_Toxicology.csv,Centers for Medicare & Medicaid Services (CMS),Medical Toxicology,Returns medical toxicology office visit costs per zip code for new and established patients.,"{""@type"": ""dcat:Dataset"", ""accessLevel"": ""public"", ""bureauCode"": [""009:38""], ""contactPoint"": {""@type"": ""vcard:Contact"", ""fn"": ""PPL Dataset"", ""hasEmail"": ""mailto:PPL_Dataset@cms.hhs.gov""}, ""description"": ""Returns medical toxicology office visit costs per zip code for new and established patients."", ""distribution"": [{""@type"": ""dcat:Distribution"", ""downloadURL"": ""https://data.cms.gov/provider-data/sites/default/files/resources/376d83aa6b33b0dd94bb62dcae41158e_1722902743/Medical_Toxicology.csv"", ""mediaType"": ""text/csv"", ""title"": ""Medical_Toxicology.csv""}], ""identifier"": ""9b4a-75d5"", ""issued"": ""2024-08-05"", ""keyword"": [""Medical Toxicology""], ""landingPage"": ""https://data.medicare.gov/provider-data/dataset/9b4a-75d5"", ""modified"": ""2024-08-05"", ""programCode"": [""009:000""], ""publisher"": {""@type"": ""org:Organization"", ""name"": ""Centers for Medicare & Medicaid Services (CMS)""}, ""released"": ""2024-08-08"", ""theme"": [""Physician office visit costs""], ""title"": ""Medical Toxicology Office Visit Costs""}"
5d65-6dcf,Medical Oncology Office Visit Costs,2024-08-05,2024-08-08,2024-08-05,,https://data.medicare.gov/provider-data/dataset/5d65-6dcf,https://data.cms.gov/provider-data/sites/default/files/resources/afdb4b3e1e1a1fc23a4ee3a5ec22f1df_1722902742/Medical_Oncology.csv,Centers for Medicare & Medicaid Services (CMS),Medical Oncology,Returns medical oncology office visit costs per zip code for new and established patients.,"{""@type"": ""dcat:Dataset"", ""accessLevel"": ""public"", ""bureauCode"": [""009:38""], ""contactPoint"": {""@type"": ""vcard:Contact"", ""fn"": ""PPL Dataset"", ""hasEmail"": ""mailto:PPL_Dataset@cms.hhs.gov""}, ""description"": ""Returns medical oncology office visit costs per zip code for new and established patients."", ""distribution"": [{""@type"": ""dcat:Distribution"", ""downloadURL"": ""https://data.cms.gov/provider-data/sites/default/files/resources/afdb4b3e1e1a1fc23a4ee3a5ec22f1df_1722902742/Medical_Oncology.csv"", ""mediaType"": ""text/csv"", ""title"": ""Medical_Oncology.csv""}], ""identifier"": ""5d65-6dcf"", ""issued"": ""2024-08-05"", ""keyword"": [""Medical Oncology""], ""landingPage"": ""https://data.medicare.gov/provider-data/dataset/5d65-6dcf"", ""modified"": ""2024-08-05"", ""programCode"": [""009:000""], ""publisher"": {""@type"": ""org:Organization"", ""name"": ""Centers for Medicare & Medicaid Services (CMS)""}, ""released"": ""2024-08-08"", ""theme"": [""Physician office visit costs""], ""title"": ""Medical Oncology Office Visit Costs""}"
b599-54c1,Medical Genetics and Genomics Office Visit Costs,2024-08-05,2024-08-08,2024-08-05,,https://data.medicare.gov/provider-data/dataset/b599-54c1,https://data.cms.gov/provider-data/sites/default/files/resources/bff5bb0830ae14eff99c120384297298_1722902742/Medical_Genetics_and_Genomics.csv,Centers for Medicare & Medicaid Services (CMS),Medical Genetics and Genomics,Returns medical genetics and genomics office visit costs per zip code for new and established patients.,"{""@type"": ""dcat:Dataset"", ""accessLevel"": ""public"", ""bureauCode"": [""009:38""], ""contactPoint"": {""@type"": ""vcard:Contact"", ""fn"": ""PPL Dataset"", ""hasEmail"": ""mailto:PPL_Dataset@cms.hhs.gov""}, ""description"": ""Returns medical genetics and genomics office visit costs per zip code for new and established patients."", ""distribution"": [{""@type"": ""dcat:Distribution"", ""downloadURL"": ""https://data.cms.gov/provider-data/sites/default/files/resources/bff5bb0830ae14eff99c120384297298_1722902742/Medical_Genetics_and_Genomics.csv"", ""mediaType"": ""text/csv"", ""title"": ""Medical_Genetics_and_Genomics.csv""}], ""identifier"": ""b599-54c1"", ""issued"": ""2024-08-05"", ""keyword"": [""Medical Genetics and Genomics""], ""landingPage"": ""https://data.medicare.gov/provider-data/dataset/b599-54c1"", ""modified"": ""2024-08-05"", ""programCode"": [""009:000""], ""publisher"": {""@type"": ""org:Organization"", ""name"": ""Centers for Medicare & Medicaid Services (CMS)""}, ""released"": ""2024-08-08"", ""theme"": [""Physician office visit costs""], ""title"": ""Medical Genetics and Genomics Office Visit Costs""}"
86e1-d1d1,Maxillofacial Surgery Office Visit Costs,2024-08-05,2024-08-08,2024-08-05,,https://data.medicare.gov/provider-data/dataset/86e1-d1d1,https://data.cms.gov/provider-data/sites/default/files/resources/ecdd7ff7cd20fb0508f959ebeb3e77c8_1722902741/Maxillofacial_Surgery.csv,Centers for Medicare & Medicaid Services (CMS),Maxillofacial Surgery,Returns maxillofacial surgery office visit costs per zip code for new and established patients.,"{""@type"": ""dcat:Dataset"", ""accessLevel"": ""public"", ""bureauCode"": [""009:38""], ""contactPoint"": {""@type"": ""vcard:Contact"", ""fn"": ""PPL Dataset"", ""hasEmail"": ""mailto:PPL_Dataset@cms.hhs.gov""}, ""description"": ""Returns maxillofacial surgery office visit costs per zip code for new and established patients."", ""distribution"": [{""@type"": ""dcat:Distribution"", ""downloadURL"": ""https://data.cms.gov/provider-data/sites/default/files/resources/ecdd7ff7cd20fb0508f959ebeb3e77c8_1722902741/Maxillofacial_Surgery.csv"", ""mediaType"": ""text/csv"", ""title"": ""Maxillofacial_Surgery.csv""}], ""identifier"": ""86e1-d1d1"", ""issued"": ""2024-08-05"", ""keyword"": [""Maxillofacial Surgery""], ""landingPage"": ""https://data.medicare.gov/provider-data/dataset/86e1-d1d1"", ""modified"": ""2024-08-05"", ""programCode"": [""009:000""], ""publisher"": {""@type"": ""org:Organization"", ""name"": ""Centers for Medicare & Medicaid Services (CMS)""}, ""released"": ""2024-08-08"", ""theme"": [""Physician office visit costs""], ""title"": ""Maxillofacial Surgery Office Visit Costs""}"
730a-fcd0,Mass Immunizer Roster Biller Office Visit Costs,2024-08-05,2024-08-08,2024-08-05,,https://data.medicare.gov/provider-data/dataset/730a-fcd0,https://data.cms.gov/provider-data/sites/default/files/resources/4711c8c896de8fff0b89c9020723d855_1722902740/Mass_Immunizer_Roster_Biller.csv,Centers for Medicare & Medicaid Services (CMS),Mass Immunizer Roster Biller,Returns mass immunizer roster biller office visit costs per zip code for new and established patients.,"{""@type"": ""dcat:Dataset"", ""accessLevel"": ""public"", ""bureauCode"": [""009:38""], ""contactPoint"": {""@type"": ""vcard:Contact"", ""fn"": ""PPL Dataset"", ""hasEmail"": ""mailto:PPL_Dataset@cms.hhs.gov""}, ""description"": ""Returns mass immunizer roster biller office visit costs per zip code for new and established patients."", ""distribution"": [{""@type"": ""dcat:Distribution"", ""downloadURL"": ""https://data.cms.gov/provider-data/sites/default/files/resources/4711c8c896de8fff0b89c9020723d855_1722902740/Mass_Immunizer_Roster_Biller.csv"", ""mediaType"": ""text/csv"", ""title"": ""Mass_Immunizer_Roster_Biller.csv""}], ""identifier"": ""730a-fcd0"", ""issued"": ""2024-08-05"", ""keyword"": [""Mass Immunizer Roster Biller""], ""landingPage"": ""https://data.medicare.gov/provider-data/dataset/730a-fcd0"", ""modified"": ""2024-08-05"", ""programCode"": [""009:000""], ""publisher"": {""@type"": ""org:Organization"", ""name"": ""Centers for Medicare & Medicaid Services (CMS)""}, ""released"": ""2024-08-08"", ""theme"": [""Physician office visit costs""], ""title"": ""Mass Immunizer Roster Biller Office Visit Costs""}"
ecb7-cb46,Licensed Clinical Social Worker Office Visit Costs,2024-08-05,2024-08-08,2024-08-05,,https://data.medicare.gov/provider-data/dataset/ecb7-cb46,https://data.cms.gov/provider-data/sites/default/files/resources/dff1a91fe1de17b31f80684d46e53ad9_1722902740/Licensed_Clinical_Social_Worker.csv,Centers for Medicare & Medicaid Services (CMS),Licensed Clinical Social Worker,Returns licensed clinical social worker office visit costs per zip code for new and established patients.,"{""@type"": ""dcat:Dataset"", ""accessLevel"": ""public"", ""bureauCode"": [""009:38""], ""contactPoint"": {""@type"": ""vcard:Contact"", ""fn"": ""PPL Dataset"", ""hasEmail"": ""mailto:PPL_Dataset@cms.hhs.gov""}, ""description"": ""Returns licensed clinical social worker office visit costs per zip code for new and established patients."", ""distribution"": [{""@type"": ""dcat:Distribution"", ""downloadURL"": ""https://data.cms.gov/provider-data/sites/default/files/resources/dff1a91fe1de17b31f80684d46e53ad9_1722902740/Licensed_Clinical_Social_Worker.csv"", ""mediaType"": ""text/csv"", ""title"": ""Licensed_Clinical_Social_Worker.csv""}], ""identifier"": ""ecb7-cb46"", ""issued"": ""2024-08-05"", ""keyword"": [""Licensed Clinical Social Worker""], ""landingPage"": ""https://data.medicare.gov/provider-data/dataset/ecb7-cb46"", ""modified"": ""2024-08-05"", ""programCode"": [""009:000""], ""publisher"": {""@type"": ""org:Organization"", ""name"": ""Centers for Medicare & Medicaid Services (CMS)""}, ""released"": ""2024-08-08"", ""theme"": [""Physician office visit costs""], ""title"": ""Licensed Clinical Social Worker Office Visit Costs""}"
b9bf-6883,Interventional Radiology Office Visit Costs,2024-08-05,2024-08-08,2024-08-05,,https://data.medicare.gov/provider-data/dataset/b9bf-6883,https://data.cms.gov/provider-data/sites/default/files/resources/41094211ed2d2bce6490200a4f7c3516_1722902739/Interventional_Radiology.csv,Centers for Medicare & Medicaid Services (CMS),Interventional Radiology,Returns interventional radiology office visit costs per zip code for new and established patients.,"{""@type"": ""dcat:Dataset"", ""accessLevel"": ""public"", ""bureauCode"": [""009:38""], ""contactPoint"": {""@type"": ""vcard:Contact"", ""fn"": ""PPL Dataset"", ""hasEmail"": ""mailto:PPL_Dataset@cms.hhs.gov""}, ""description"": ""Returns interventional radiology office visit costs per zip code for new and established patients."", ""distribution"": [{""@type"": ""dcat:Distribution"", ""downloadURL"": ""https://data.cms.gov/provider-data/sites/default/files/resources/41094211ed2d2bce6490200a4f7c3516_1722902739/Interventional_Radiology.csv"", ""mediaType"": ""text/csv"", ""title"": ""Interventional_Radiology.csv""}], ""identifier"": ""b9bf-6883"", ""issued"": ""2024-08-05"", ""keyword"": [""Interventional Radiology""], ""landingPage"": ""https://data.medicare.gov/provider-data/dataset/b9bf-6883"", ""modified"": ""2024-08-05"", ""programCode"": [""009:000""], ""publisher"": {""@type"": ""org:Organization"", ""name"": ""Centers for Medicare & Medicaid Services (CMS)""}, ""released"": ""2024-08-08"", ""theme"": [""Physician office visit costs""], ""title"": ""Interventional Radiology Office Visit Costs""}"
b06f-0828,Interventional Pain Management Office Visit Costs,2024-08-05,2024-08-08,2024-08-05,,https://data.medicare.gov/provider-data/dataset/b06f-0828,https://data.cms.gov/provider-data/sites/default/files/resources/17032774578501a30d0fdcc48e19dca4_1722902738/Interventional_Pain_Management.csv,Centers for Medicare & Medicaid Services (CMS),Interventional Pain Management,Returns interventional pain management office visit costs per zip code for new and established patients.,"{""@type"": ""dcat:Dataset"", ""accessLevel"": ""public"", ""bureauCode"": [""009:38""], ""contactPoint"": {""@type"": ""vcard:Contact"", ""fn"": ""PPL Dataset"", ""hasEmail"": ""mailto:PPL_Dataset@cms.hhs.gov""}, ""description"": ""Returns interventional pain management office visit costs per zip code for new and established patients."", ""distribution"": [{""@type"": ""dcat:Distribution"", ""downloadURL"": ""https://data.cms.gov/provider-data/sites/default/files/resources/17032774578501a30d0fdcc48e19dca4_1722902738/Interventional_Pain_Management.csv"", ""mediaType"": ""text/csv"", ""title"": ""Interventional_Pain_Management.csv""}], ""identifier"": ""b06f-0828"", ""issued"": ""2024-08-05"", ""keyword"": [""Interventional Pain Management""], ""landingPage"": ""https://data.medicare.gov/provider-data/dataset/b06f-0828"", ""modified"": ""2024-08-05"", ""programCode"": [""009:000""], ""publisher"": {""@type"": ""org:Organization"", ""name"": ""Centers for Medicare & Medicaid Services (CMS)""}, ""released"": ""2024-08-08"", ""theme"": [""Physician office visit costs""], ""title"": ""Interventional Pain Management Office Visit Costs""}"
6787-a1bf,Interventional Cardiology Office Visit Costs,2024-08-05,2024-08-08,2024-08-05,,https://data.medicare.gov/provider-data/dataset/6787-a1bf,https://data.cms.gov/provider-data/sites/default/files/resources/7f5c14167d7a3e381aa0cb11fabaf49e_1722902737/Interventional_Cardiology.csv,Centers for Medicare & Medicaid Services (CMS),Interventional Cardiology,Returns interventional cardiology office visit costs per zip code for new and established patients.,"{""@type"": ""dcat:Dataset"", ""accessLevel"": ""public"", ""bureauCode"": [""009:38""], ""contactPoint"": {""@type"": ""vcard:Contact"", ""fn"": ""PPL Dataset"", ""hasEmail"": ""mailto:PPL_Dataset@cms.hhs.gov""}, ""description"": ""Returns interventional cardiology office visit costs per zip code for new and established patients."", ""distribution"": [{""@type"": ""dcat:Distribution"", ""downloadURL"": ""https://data.cms.gov/provider-data/sites/default/files/resources/7f5c14167d7a3e381aa0cb11fabaf49e_1722902737/Interventional_Cardiology.csv"", ""mediaType"": ""text/csv"", ""title"": ""Interventional_Cardiology.csv""}], ""identifier"": ""6787-a1bf"", ""issued"": ""2024-08-05"", ""keyword"": [""Interventional Cardiology""], ""landingPage"": ""https://data.medicare.gov/provider-data/dataset/6787-a1bf"", ""modified"": ""2024-08-05"", ""programCode"": [""009:000""], ""publisher"": {""@type"": ""org:Organization"", ""name"": ""Centers for Medicare & Medicaid Services (CMS)""}, ""released"": ""2024-08-08"", ""theme"": [""Physician office visit costs""], ""title"": ""Interventional Cardiology Office Visit Costs""}"
9735-7176,Internal Medicine Office Visit Costs,2024-08-05,2024-08-08,2024-08-05,,https://data.medicare.gov/provider-data/dataset/9735-7176,https://data.cms.gov/provider-data/sites/default/files/resources/7503fbb67cc6ded55f58c46c0f2a40d1_1722902737/Internal_Medicine.csv,Centers for Medicare & Medicaid Services (CMS),Internal Medicine,Returns internal medicine office visit costs per zip code for new and established patients.,"{""@type"": ""dcat:Dataset"", ""accessLevel"": ""public"", ""bureauCode"": [""009:38""], ""contactPoint"": {""@type"": ""vcard:Contact"", ""fn"": ""PPL Dataset"", ""hasEmail"": ""mailto:PPL_Dataset@cms.hhs.gov""}, ""description"": ""Returns internal medicine office visit costs per zip code for new and established patients."", ""distribution"": [{""@type"": ""dcat:Distribution"", ""downloadURL"": ""https://data.cms.gov/provider-data/sites/default/files/resources/7503fbb67cc6ded55f58c46c0f2a40d1_1722902737/Internal_Medicine.csv"", ""mediaType"": ""text/csv"", ""title"": ""Internal_Medicine.csv""}], ""identifier"": ""9735-7176"", ""issued"": ""2024-08-05"", ""keyword"": [""Internal Medicine""], ""landingPage"": ""https://data.medicare.gov/provider-data/dataset/9735-7176"", ""modified"": ""2024-08-05"", ""programCode"": [""009:000""], ""publisher"": {""@type"": ""org:Organization"", ""name"": ""Centers for Medicare & Medicaid Services (CMS)""}, ""released"": ""2024-08-08"", ""theme"": [""Physician office visit costs""], ""title"": ""Internal Medicine Office Visit Costs""}"
e2bb-d371,Infectious Disease Office Visit Costs,2024-08-05,2024-08-08,2024-08-05,,https://data.medicare.gov/provider-data/dataset/e2bb-d371,https://data.cms.gov/provider-data/sites/default/files/resources/0eb216351ab21b17ed8229dd0a1b30e9_1722902736/Infectious_Disease.csv,Centers for Medicare & Medicaid Services (CMS),Infectious Disease,Returns infectious disease office visit costs per zip code for new and established patients.,"{""@type"": ""dcat:Dataset"", ""accessLevel"": ""public"", ""bureauCode"": [""009:38""], ""contactPoint"": {""@type"": ""vcard:Contact"", ""fn"": ""PPL Dataset"", ""hasEmail"": ""mailto:PPL_Dataset@cms.hhs.gov""}, ""description"": ""Returns infectious disease office visit costs per zip code for new and established patients."", ""distribution"": [{""@type"": ""dcat:Distribution"", ""downloadURL"": ""https://data.cms.gov/provider-data/sites/default/files/resources/0eb216351ab21b17ed8229dd0a1b30e9_1722902736/Infectious_Disease.csv"", ""mediaType"": ""text/csv"", ""title"": ""Infectious_Disease.csv""}], ""identifier"": ""e2bb-d371"", ""issued"": ""2024-08-05"", ""keyword"": [""Infectious Disease""], ""landingPage"": ""https://data.medicare.gov/provider-data/dataset/e2bb-d371"", ""modified"": ""2024-08-05"", ""programCode"": [""009:000""], ""publisher"": {""@type"": ""org:Organization"", ""name"": ""Centers for Medicare & Medicaid Services (CMS)""}, ""released"": ""2024-08-08"", ""theme"": [""Physician office visit costs""], ""title"": ""Infectious Disease Office Visit Costs""}"
a0cb-cdab,Hospitalist Office Visit Costs,2024-08-05,2024-08-08,2024-08-05,,https://data.medicare.gov/provider-data/dataset/a0cb-cdab,https://data.cms.gov/provider-data/sites/default/files/resources/c4108689fb48c020be17efd2697fc7f6_1722902735/Hospitalist.csv,Centers for Medicare & Medicaid Services (CMS),Hospitalist,Returns hospitalist office visit costs per zip code for new and established patients.,"{""@type"": ""dcat:Dataset"", ""accessLevel"": ""public"", ""bureauCode"": [""009:38""], ""contactPoint"": {""@type"": ""vcard:Contact"", ""fn"": ""PPL Dataset"", ""hasEmail"": ""mailto:PPL_Dataset@cms.hhs.gov""}, ""description"": ""Returns hospitalist office visit costs per zip code for new and established patients."", ""distribution"": [{""@type"": ""dcat:Distribution"", ""downloadURL"": ""https://data.cms.gov/provider-data/sites/default/files/resources/c4108689fb48c020be17efd2697fc7f6_1722902735/Hospitalist.csv"", ""mediaType"": ""text/csv"", ""title"": ""Hospitalist.csv""}], ""identifier"": ""a0cb-cdab"", ""issued"": ""2024-08-05"", ""keyword"": [""Hospitalist""], ""landingPage"": ""https://data.medicare.gov/provider-data/dataset/a0cb-cdab"", ""modified"": ""2024-08-05"", ""programCode"": [""009:000""], ""publisher"": {""@type"": ""org:Organization"", ""name"": ""Centers for Medicare & Medicaid Services (CMS)""}, ""released"": ""2024-08-08"", ""theme"": [""Physician office visit costs""], ""title"": ""Hospitalist Office Visit Costs""}"
0ddf-4325,Hospice and Palliative Care Office Visit Costs,2024-08-05,2024-08-08,2024-08-05,,https://data.medicare.gov/provider-data/dataset/0ddf-4325,https://data.cms.gov/provider-data/sites/default/files/resources/1b686eb1b0d9d32c656ab6751b38a61d_1722902734/Hospice_and_Palliative_Care.csv,Centers for Medicare & Medicaid Services (CMS),Hospice and Palliative Care,Returns hospice and palliative care office visit costs per zip code for new and established patients.,"{""@type"": ""dcat:Dataset"", ""accessLevel"": ""public"", ""bureauCode"": [""009:38""], ""contactPoint"": {""@type"": ""vcard:Contact"", ""fn"": ""PPL Dataset"", ""hasEmail"": ""mailto:PPL_Dataset@cms.hhs.gov""}, ""description"": ""Returns hospice and palliative care office visit costs per zip code for new and established patients."", ""distribution"": [{""@type"": ""dcat:Distribution"", ""downloadURL"": ""https://data.cms.gov/provider-data/sites/default/files/resources/1b686eb1b0d9d32c656ab6751b38a61d_1722902734/Hospice_and_Palliative_Care.csv"", ""mediaType"": ""text/csv"", ""title"": ""Hospice_and_Palliative_Care.csv""}], ""identifier"": ""0ddf-4325"", ""issued"": ""2024-08-05"", ""keyword"": [""Hospice and Palliative Care""], ""landingPage"": ""https://data.medicare.gov/provider-data/dataset/0ddf-4325"", ""modified"": ""2024-08-05"", ""programCode"": [""009:000""], ""publisher"": {""@type"": ""org:Organization"", ""name"": ""Centers for Medicare & Medicaid Services (CMS)""}, ""released"": ""2024-08-08"", ""theme"": [""Physician office visit costs""], ""title"": ""Hospice and Palliative Care Office Visit Costs""}"
d150-d141,Hematopoietic Cell Transplantation and Cellular Therapy Office Visit Costs,2024-08-05,2024-08-08,2024-08-05,,https://data.medicare.gov/provider-data/dataset/d150-d141,https://data.cms.gov/provider-data/sites/default/files/resources/cf5cc3da63e3131d2f91a97dafd5e6ba_1722902733/Hematopoietic_Cell_Transplantation_and_Cellular_Therapy.csv,Centers for Medicare & Medicaid Services (CMS),Hematopoietic Cell Transplantation and Cellular Therapy,Returns hematopoietic cell transplantation and cellular therapy office visit costs per zip code for new and established patients.,"{""@type"": ""dcat:Dataset"", ""accessLevel"": ""public"", ""bureauCode"": [""009:38""], ""contactPoint"": {""@type"": ""vcard:Contact"", ""fn"": ""PPL Dataset"", ""hasEmail"": ""mailto:PPL_Dataset@cms.hhs.gov""}, ""description"": ""Returns hematopoietic cell transplantation and cellular therapy office visit costs per zip code for new and established patients."", ""distribution"": [{""@type"": ""dcat:Distribution"", ""downloadURL"": ""https://data.cms.gov/provider-data/sites/default/files/resources/cf5cc3da63e3131d2f91a97dafd5e6ba_1722902733/Hematopoietic_Cell_Transplantation_and_Cellular_Therapy.csv"", ""mediaType"": ""text/csv"", ""title"": ""Hematopoietic_Cell_Transplantation_and_Cellular_Therapy.csv""}], ""identifier"": ""d150-d141"", ""issued"": ""2024-08-05"", ""keyword"": [""Hematopoietic Cell Transplantation and Cellular Therapy""], ""landingPage"": ""https://data.medicare.gov/provider-data/dataset/d150-d141"", ""modified"": ""2024-08-05"", ""programCode"": [""009:000""], ""publisher"": {""@type"": ""org:Organization"", ""name"": ""Centers for Medicare & Medicaid Services (CMS)""}, ""released"": ""2024-08-08"", ""theme"": [""Physician office visit costs""], ""title"": ""Hematopoietic Cell Transplantation and Cellular Therapy Office Visit Costs""}"
2483-f62b,Hematology-Oncology Office Visit Costs,2024-08-05,2024-08-08,2024-08-05,,https://data.medicare.gov/provider-data/dataset/2483-f62b,https://data.cms.gov/provider-data/sites/default/files/resources/71e4cd38ccf7eb277a19ccacbdc08001_1722902733/Hematology_Oncology.csv,Centers for Medicare & Medicaid Services (CMS),Hematology-Oncology,Returns hematology-oncology office visit costs per zip code for new and established patients.,"{""@type"": ""dcat:Dataset"", ""accessLevel"": ""public"", ""bureauCode"": [""009:38""], ""contactPoint"": {""@type"": ""vcard:Contact"", ""fn"": ""PPL Dataset"", ""hasEmail"": ""mailto:PPL_Dataset@cms.hhs.gov""}, ""description"": ""Returns hematology-oncology office visit costs per zip code for new and established patients."", ""distribution"": [{""@type"": ""dcat:Distribution"", ""downloadURL"": ""https://data.cms.gov/provider-data/sites/default/files/resources/71e4cd38ccf7eb277a19ccacbdc08001_1722902733/Hematology_Oncology.csv"", ""mediaType"": ""text/csv"", ""title"": ""Hematology_Oncology.csv""}], ""identifier"": ""2483-f62b"", ""issued"": ""2024-08-05"", ""keyword"": [""Hematology-Oncology""], ""landingPage"": ""https://data.medicare.gov/provider-data/dataset/2483-f62b"", ""modified"": ""2024-08-05"", ""programCode"": [""009:000""], ""publisher"": {""@type"": ""org:Organization"", ""name"": ""Centers for Medicare & Medicaid Services (CMS)""}, ""released"": ""2024-08-08"", ""theme"": [""Physician office visit costs""], ""title"": ""Hematology-Oncology Office Visit Costs""}"
e1a1-c9b4,Hematology Office Visit Costs,2024-08-05,2024-08-08,2024-08-05,,https://data.medicare.gov/provider-data/dataset/e1a1-c9b4,https://data.cms.gov/provider-data/sites/default/files/resources/33d996d60460ce345f0d633ff29ffbec_1722902732/Hematology.csv,Centers for Medicare & Medicaid Services (CMS),Hematology,Returns hematology office visit costs per zip code for new and established patients.,"{""@type"": ""dcat:Dataset"", ""accessLevel"": ""public"", ""bureauCode"": [""009:38""], ""contactPoint"": {""@type"": ""vcard:Contact"", ""fn"": ""PPL Dataset"", ""hasEmail"": ""mailto:PPL_Dataset@cms.hhs.gov""}, ""description"": ""Returns hematology office visit costs per zip code for new and established patients."", ""distribution"": [{""@type"": ""dcat:Distribution"", ""downloadURL"": ""https://data.cms.gov/provider-data/sites/default/files/resources/33d996d60460ce345f0d633ff29ffbec_1722902732/Hematology.csv"", ""mediaType"": ""text/csv"", ""title"": ""Hematology.csv""}], ""identifier"": ""e1a1-c9b4"", ""issued"": ""2024-08-05"", ""keyword"": [""Hematology""], ""landingPage"": ""https://data.medicare.gov/provider-data/dataset/e1a1-c9b4"", ""modified"": ""2024-08-05"", ""programCode"": [""009:000""], ""publisher"": {""@type"": ""org:Organization"", ""name"": ""Centers for Medicare & Medicaid Services (CMS)""}, ""released"": ""2024-08-08"", ""theme"": [""Physician office visit costs""], ""title"": ""Hematology Office Visit Costs""}"
c44d-bde6,Hand Surgery Office Visit Costs,2024-08-05,2024-08-08,2024-08-05,,https://data.medicare.gov/provider-data/dataset/c44d-bde6,https://data.cms.gov/provider-data/sites/default/files/resources/6fbe2bcd4ffd11573c46ea2095647f85_1722902731/Hand_Surgery.csv,Centers for Medicare & Medicaid Services (CMS),Hand Surgery,Returns hand surgery office visit costs per zip code for new and established patients.,"{""@type"": ""dcat:Dataset"", ""accessLevel"": ""public"", ""bureauCode"": [""009:38""], ""contactPoint"": {""@type"": ""vcard:Contact"", ""fn"": ""PPL Dataset"", ""hasEmail"": ""mailto:PPL_Dataset@cms.hhs.gov""}, ""description"": ""Returns hand surgery office visit costs per zip code for new and established patients."", ""distribution"": [{""@type"": ""dcat:Distribution"", ""downloadURL"": ""https://data.cms.gov/provider-data/sites/default/files/resources/6fbe2bcd4ffd11573c46ea2095647f85_1722902731/Hand_Surgery.csv"", ""mediaType"": ""text/csv"", ""title"": ""Hand_Surgery.csv""}], ""identifier"": ""c44d-bde6"", ""issued"": ""2024-08-05"", ""keyword"": [""Hand Surgery""], ""landingPage"": ""https://data.medicare.gov/provider-data/dataset/c44d-bde6"", ""modified"": ""2024-08-05"", ""programCode"": [""009:000""], ""publisher"": {""@type"": ""org:Organization"", ""name"": ""Centers for Medicare & Medicaid Services (CMS)""}, ""released"": ""2024-08-08"", ""theme"": [""Physician office visit costs""], ""title"": ""Hand Surgery Office Visit Costs""}"
e84d-d357,Gynecological Oncology Office Visit Costs,2024-08-05,2024-08-08,2024-08-05,,https://data.medicare.gov/provider-data/dataset/e84d-d357,https://data.cms.gov/provider-data/sites/default/files/resources/886e56a8813d4e143c15e52072bf2c32_1722902730/Gynecological_Oncology.csv,Centers for Medicare & Medicaid Services (CMS),Gynecological Oncology,Returns gynecological oncology office visit costs per zip code for new and established patients.,"{""@type"": ""dcat:Dataset"", ""accessLevel"": ""public"", ""bureauCode"": [""009:38""], ""contactPoint"": {""@type"": ""vcard:Contact"", ""fn"": ""PPL Dataset"", ""hasEmail"": ""mailto:PPL_Dataset@cms.hhs.gov""}, ""description"": ""Returns gynecological oncology office visit costs per zip code for new and established patients."", ""distribution"": [{""@type"": ""dcat:Distribution"", ""downloadURL"": ""https://data.cms.gov/provider-data/sites/default/files/resources/886e56a8813d4e143c15e52072bf2c32_1722902730/Gynecological_Oncology.csv"", ""mediaType"": ""text/csv"", ""title"": ""Gynecological_Oncology.csv""}], ""identifier"": ""e84d-d357"", ""issued"": ""2024-08-05"", ""keyword"": [""Gynecological Oncology""], ""landingPage"": ""https://data.medicare.gov/provider-data/dataset/e84d-d357"", ""modified"": ""2024-08-05"", ""programCode"": [""009:000""], ""publisher"": {""@type"": ""org:Organization"", ""name"": ""Centers for Medicare & Medicaid Services (CMS)""}, ""released"": ""2024-08-08"", ""theme"": [""Physician office visit costs""], ""title"": ""Gynecological Oncology Office Visit Costs""}"
0f37-cab0,Geriatric Psychiatry Office Visit Costs,2024-08-05,2024-08-08,2024-08-05,,https://data.medicare.gov/provider-data/dataset/0f37-cab0,https://data.cms.gov/provider-data/sites/default/files/resources/59736d82eced8f7c476767731d285041_1722902729/Geriatric_Psychiatry.csv,Centers for Medicare & Medicaid Services (CMS),Geriatric Psychiatry,Returns geriatric psychiatry office visit costs per zip code for new and established patients.,"{""@type"": ""dcat:Dataset"", ""accessLevel"": ""public"", ""bureauCode"": [""009:38""], ""contactPoint"": {""@type"": ""vcard:Contact"", ""fn"": ""PPL Dataset"", ""hasEmail"": ""mailto:PPL_Dataset@cms.hhs.gov""}, ""description"": ""Returns geriatric psychiatry office visit costs per zip code for new and established patients."", ""distribution"": [{""@type"": ""dcat:Distribution"", ""downloadURL"": ""https://data.cms.gov/provider-data/sites/default/files/resources/59736d82eced8f7c476767731d285041_1722902729/Geriatric_Psychiatry.csv"", ""mediaType"": ""text/csv"", ""title"": ""Geriatric_Psychiatry.csv""}], ""identifier"": ""0f37-cab0"", ""issued"": ""2024-08-05"", ""keyword"": [""Geriatric Psychiatry""], ""landingPage"": ""https://data.medicare.gov/provider-data/dataset/0f37-cab0"", ""modified"": ""2024-08-05"", ""programCode"": [""009:000""], ""publisher"": {""@type"": ""org:Organization"", ""name"": ""Centers for Medicare & Medicaid Services (CMS)""}, ""released"": ""2024-08-08"", ""theme"": [""Physician office visit costs""], ""title"": ""Geriatric Psychiatry Office Visit Costs""}"
bce0-b5db,Geriatric Medicine Office Visit Costs,2024-08-05,2024-08-08,2024-08-05,,https://data.medicare.gov/provider-data/dataset/bce0-b5db,https://data.cms.gov/provider-data/sites/default/files/resources/56512463c9cd930d1784bab94fb7e116_1722902729/Geriatric_Medicine.csv,Centers for Medicare & Medicaid Services (CMS),Geriatric Medicine,Returns geriatric medicine office visit costs per zip code for new and established patients.,"{""@type"": ""dcat:Dataset"", ""accessLevel"": ""public"", ""bureauCode"": [""009:38""], ""contactPoint"": {""@type"": ""vcard:Contact"", ""fn"": ""PPL Dataset"", ""hasEmail"": ""mailto:PPL_Dataset@cms.hhs.gov""}, ""description"": ""Returns geriatric medicine office visit costs per zip code for new and established patients."", ""distribution"": [{""@type"": ""dcat:Distribution"", ""downloadURL"": ""https://data.cms.gov/provider-data/sites/default/files/resources/56512463c9cd930d1784bab94fb7e116_1722902729/Geriatric_Medicine.csv"", ""mediaType"": ""text/csv"", ""title"": ""Geriatric_Medicine.csv""}], ""identifier"": ""bce0-b5db"", ""issued"": ""2024-08-05"", ""keyword"": [""Geriatric Medicine""], ""landingPage"": ""https://data.medicare.gov/provider-data/dataset/bce0-b5db"", ""modified"": ""2024-08-05"", ""programCode"": [""009:000""], ""publisher"": {""@type"": ""org:Organization"", ""name"": ""Centers for Medicare & Medicaid Services (CMS)""}, ""released"": ""2024-08-08"", ""theme"": [""Physician office visit costs""], ""title"": ""Geriatric Medicine Office Visit Costs""}"
fbfb-4b94,General Surgery Office Visit Costs,2024-08-05,2024-08-08,2024-08-05,,https://data.medicare.gov/provider-data/dataset/fbfb-4b94,https://data.cms.gov/provider-data/sites/default/files/resources/fe6e0255998e3bfe1f55e66be97f2e4c_1722902728/General_Surgery.csv,Centers for Medicare & Medicaid Services (CMS),General Surgery,Returns general surgery office visit costs per zip code for new and established patients.,"{""@type"": ""dcat:Dataset"", ""accessLevel"": ""public"", ""bureauCode"": [""009:38""], ""contactPoint"": {""@type"": ""vcard:Contact"", ""fn"": ""PPL Dataset"", ""hasEmail"": ""mailto:PPL_Dataset@cms.hhs.gov""}, ""description"": ""Returns general surgery office visit costs per zip code for new and established patients."", ""distribution"": [{""@type"": ""dcat:Distribution"", ""downloadURL"": ""https://data.cms.gov/provider-data/sites/default/files/resources/fe6e0255998e3bfe1f55e66be97f2e4c_1722902728/General_Surgery.csv"", ""mediaType"": ""text/csv"", ""title"": ""General_Surgery.csv""}], ""identifier"": ""fbfb-4b94"", ""issued"": ""2024-08-05"", ""keyword"": [""General Surgery""], ""landingPage"": ""https://data.medicare.gov/provider-data/dataset/fbfb-4b94"", ""modified"": ""2024-08-05"", ""programCode"": [""009:000""], ""publisher"": {""@type"": ""org:Organization"", ""name"": ""Centers for Medicare & Medicaid Services (CMS)""}, ""released"": ""2024-08-08"", ""theme"": [""Physician office visit costs""], ""title"": ""General Surgery Office Visit Costs""}"
2e55-8767,General Practice Office Visit Costs,2024-08-05,2024-08-08,2024-08-05,,https://data.medicare.gov/provider-data/dataset/2e55-8767,https://data.cms.gov/provider-data/sites/default/files/resources/239bc18fb11181b325f33336b1dba6e6_1722902727/General_Practice.csv,Centers for Medicare & Medicaid Services (CMS),General Practice,Returns general practice office visit costs per zip code for new and established patients.,"{""@type"": ""dcat:Dataset"", ""accessLevel"": ""public"", ""bureauCode"": [""009:38""], ""contactPoint"": {""@type"": ""vcard:Contact"", ""fn"": ""PPL Dataset"", ""hasEmail"": ""mailto:PPL_Dataset@cms.hhs.gov""}, ""description"": ""Returns general practice office visit costs per zip code for new and established patients."", ""distribution"": [{""@type"": ""dcat:Distribution"", ""downloadURL"": ""https://data.cms.gov/provider-data/sites/default/files/resources/239bc18fb11181b325f33336b1dba6e6_1722902727/General_Practice.csv"", ""mediaType"": ""text/csv"", ""title"": ""General_Practice.csv""}], ""identifier"": ""2e55-8767"", ""issued"": ""2024-08-05"", ""keyword"": [""General Practice""], ""landingPage"": ""https://data.medicare.gov/provider-data/dataset/2e55-8767"", ""modified"": ""2024-08-05"", ""programCode"": [""009:000""], ""publisher"": {""@type"": ""org:Organization"", ""name"": ""Centers for Medicare & Medicaid Services (CMS)""}, ""released"": ""2024-08-08"", ""theme"": [""Physician office visit costs""], ""title"": ""General Practice Office Visit Costs""}"
501b-ecd4,Gastroenterology Office Visit Costs,2024-08-05,2024-08-08,2024-08-05,,https://data.medicare.gov/provider-data/dataset/501b-ecd4,https://data.cms.gov/provider-data/sites/default/files/resources/7fe17b7747df29ef2a791aada41c7be9_1722902726/Gastroenterology.csv,Centers for Medicare & Medicaid Services (CMS),Gastroenterology,Returns gastroenterology office visit costs per zip code for new and established patients.,"{""@type"": ""dcat:Dataset"", ""accessLevel"": ""public"", ""bureauCode"": [""009:38""], ""contactPoint"": {""@type"": ""vcard:Contact"", ""fn"": ""PPL Dataset"", ""hasEmail"": ""mailto:PPL_Dataset@cms.hhs.gov""}, ""description"": ""Returns gastroenterology office visit costs per zip code for new and established patients."", ""distribution"": [{""@type"": ""dcat:Distribution"", ""downloadURL"": ""https://data.cms.gov/provider-data/sites/default/files/resources/7fe17b7747df29ef2a791aada41c7be9_1722902726/Gastroenterology.csv"", ""mediaType"": ""text/csv"", ""title"": ""Gastroenterology.csv""}], ""identifier"": ""501b-ecd4"", ""issued"": ""2024-08-05"", ""keyword"": [""Gastroenterology""], ""landingPage"": ""https://data.medicare.gov/provider-data/dataset/501b-ecd4"", ""modified"": ""2024-08-05"", ""programCode"": [""009:000""], ""publisher"": {""@type"": ""org:Organization"", ""name"": ""Centers for Medicare & Medicaid Services (CMS)""}, ""released"": ""2024-08-08"", ""theme"": [""Physician office visit costs""], ""title"": ""Gastroenterology Office Visit Costs""}"
bb4c-dcdf,Family Practice Office Visit Costs,2024-08-05,2024-08-08,2024-08-05,,https://data.medicare.gov/provider-data/dataset/bb4c-dcdf,https://data.cms.gov/provider-data/sites/default/files/resources/1cf8d8955d98968aa0cd5afbfad8cb0b_1722902725/Family_Practice.csv,Centers for Medicare & Medicaid Services (CMS),Family Practice,Returns family practice office visit costs per zip code for new and established patients.,"{""@type"": ""dcat:Dataset"", ""accessLevel"": ""public"", ""bureauCode"": [""009:38""], ""contactPoint"": {""@type"": ""vcard:Contact"", ""fn"": ""PPL Dataset"", ""hasEmail"": ""mailto:PPL_Dataset@cms.hhs.gov""}, ""description"": ""Returns family practice office visit costs per zip code for new and established patients."", ""distribution"": [{""@type"": ""dcat:Distribution"", ""downloadURL"": ""https://data.cms.gov/provider-data/sites/default/files/resources/1cf8d8955d98968aa0cd5afbfad8cb0b_1722902725/Family_Practice.csv"", ""mediaType"": ""text/csv"", ""title"": ""Family_Practice.csv""}], ""identifier"": ""bb4c-dcdf"", ""issued"": ""2024-08-05"", ""keyword"": [""Family Practice""], ""landingPage"": ""https://data.medicare.gov/provider-data/dataset/bb4c-dcdf"", ""modified"": ""2024-08-05"", ""programCode"": [""009:000""], ""publisher"": {""@type"": ""org:Organization"", ""name"": ""Centers for Medicare & Medicaid Services (CMS)""}, ""released"": ""2024-08-08"", ""theme"": [""Physician office visit costs""], ""title"": ""Family Practice Office Visit Costs""}"
b554-ef7e,Endocrinology Office Visit Costs,2024-08-05,2024-08-08,2024-08-05,,https://data.medicare.gov/provider-data/dataset/b554-ef7e,https://data.cms.gov/provider-data/sites/default/files/resources/b22573450a1c82d4c22c7df6da1c19ac_1722902725/Endocrinology.csv,Centers for Medicare & Medicaid Services (CMS),Endocrinology,Returns endocrinology office visit costs per zip code for new and established patients.,"{""@type"": ""dcat:Dataset"", ""accessLevel"": ""public"", ""bureauCode"": [""009:38""], ""contactPoint"": {""@type"": ""vcard:Contact"", ""fn"": ""PPL Dataset"", ""hasEmail"": ""mailto:PPL_Dataset@cms.hhs.gov""}, ""description"": ""Returns endocrinology office visit costs per zip code for new and established patients."", ""distribution"": [{""@type"": ""dcat:Distribution"", ""downloadURL"": ""https://data.cms.gov/provider-data/sites/default/files/resources/b22573450a1c82d4c22c7df6da1c19ac_1722902725/Endocrinology.csv"", ""mediaType"": ""text/csv"", ""title"": ""Endocrinology.csv""}], ""identifier"": ""b554-ef7e"", ""issued"": ""2024-08-05"", ""keyword"": [""Endocrinology""], ""landingPage"": ""https://data.medicare.gov/provider-data/dataset/b554-ef7e"", ""modified"": ""2024-08-05"", ""programCode"": [""009:000""], ""publisher"": {""@type"": ""org:Organization"", ""name"": ""Centers for Medicare & Medicaid Services (CMS)""}, ""released"": ""2024-08-08"", ""theme"": [""Physician office visit costs""], ""title"": ""Endocrinology Office Visit Costs""}"
6b8f-5372,Emergency Medicine Office Visit Costs,2024-08-05,2024-08-08,2024-08-05,,https://data.medicare.gov/provider-data/dataset/6b8f-5372,https://data.cms.gov/provider-data/sites/default/files/resources/3afc3d414b2fadb494f6270749bdd417_1722902724/Emergency_Medicine.csv,Centers for Medicare & Medicaid Services (CMS),Emergency Medicine,Returns emergency medicine office visit costs per zip code for new and established patients.,"{""@type"": ""dcat:Dataset"", ""accessLevel"": ""public"", ""bureauCode"": [""009:38""], ""contactPoint"": {""@type"": ""vcard:Contact"", ""fn"": ""PPL Dataset"", ""hasEmail"": ""mailto:PPL_Dataset@cms.hhs.gov""}, ""description"": ""Returns emergency medicine office visit costs per zip code for new and established patients."", ""distribution"": [{""@type"": ""dcat:Distribution"", ""downloadURL"": ""https://data.cms.gov/provider-data/sites/default/files/resources/3afc3d414b2fadb494f6270749bdd417_1722902724/Emergency_Medicine.csv"", ""mediaType"": ""text/csv"", ""title"": ""Emergency_Medicine.csv""}], ""identifier"": ""6b8f-5372"", ""issued"": ""2024-08-05"", ""keyword"": [""Emergency Medicine""], ""landingPage"": ""https://data.medicare.gov/provider-data/dataset/6b8f-5372"", ""modified"": ""2024-08-05"", ""programCode"": [""009:000""], ""publisher"": {""@type"": ""org:Organization"", ""name"": ""Centers for Medicare & Medicaid Services (CMS)""}, ""released"": ""2024-08-08"", ""theme"": [""Physician office visit costs""], ""title"": ""Emergency Medicine Office Visit Costs""}"
c14e-6492,Diagnostic Radiology Office Visit Costs,2024-08-05,2024-08-08,2024-08-05,,https://data.medicare.gov/provider-data/dataset/c14e-6492,https://data.cms.gov/provider-data/sites/default/files/resources/3fae2513816b319dc754ff9c46d5f04c_1722902723/Diagnostic_Radiology.csv,Centers for Medicare & Medicaid Services (CMS),Diagnostic Radiology,Returns diagnostic radiology office visit costs per zip code for new and established patients.,"{""@type"": ""dcat:Dataset"", ""accessLevel"": ""public"", ""bureauCode"": [""009:38""], ""contactPoint"": {""@type"": ""vcard:Contact"", ""fn"": ""PPL Dataset"", ""hasEmail"": ""mailto:PPL_Dataset@cms.hhs.gov""}, ""description"": ""Returns diagnostic radiology office visit costs per zip code for new and established patients."", ""distribution"": [{""@type"": ""dcat:Distribution"", ""downloadURL"": ""https://data.cms.gov/provider-data/sites/default/files/resources/3fae2513816b319dc754ff9c46d5f04c_1722902723/Diagnostic_Radiology.csv"", ""mediaType"": ""text/csv"", ""title"": ""Diagnostic_Radiology.csv""}], ""identifier"": ""c14e-6492"", ""issued"": ""2024-08-05"", ""keyword"": [""Diagnostic Radiology""], ""landingPage"": ""https://data.medicare.gov/provider-data/dataset/c14e-6492"", ""modified"": ""2024-08-05"", ""programCode"": [""009:000""], ""publisher"": {""@type"": ""org:Organization"", ""name"": ""Centers for Medicare & Medicaid Services (CMS)""}, ""released"": ""2024-08-08"", ""theme"": [""Physician office visit costs""], ""title"": ""Diagnostic Radiology Office Visit Costs""}"
d796-7f06,Dermatology Office Visit Costs,2024-08-05,2024-08-08,2024-08-05,,https://data.medicare.gov/provider-data/dataset/d796-7f06,https://data.cms.gov/provider-data/sites/default/files/resources/20ea6e922a2c3ecbdf266b128a18c13a_1722902722/Dermatology.csv,Centers for Medicare & Medicaid Services (CMS),Dermatology,Returns dermatology office visit costs per zip code for new and established patients.,"{""@type"": ""dcat:Dataset"", ""accessLevel"": ""public"", ""bureauCode"": [""009:38""], ""contactPoint"": {""@type"": ""vcard:Contact"", ""fn"": ""PPL Dataset"", ""hasEmail"": ""mailto:PPL_Dataset@cms.hhs.gov""}, ""description"": ""Returns dermatology office visit costs per zip code for new and established patients."", ""distribution"": [{""@type"": ""dcat:Distribution"", ""downloadURL"": ""https://data.cms.gov/provider-data/sites/default/files/resources/20ea6e922a2c3ecbdf266b128a18c13a_1722902722/Dermatology.csv"", ""mediaType"": ""text/csv"", ""title"": ""Dermatology.csv""}], ""identifier"": ""d796-7f06"", ""issued"": ""2024-08-05"", ""keyword"": [""Dermatology""], ""landingPage"": ""https://data.medicare.gov/provider-data/dataset/d796-7f06"", ""modified"": ""2024-08-05"", ""programCode"": [""009:000""], ""publisher"": {""@type"": ""org:Organization"", ""name"": ""Centers for Medicare & Medicaid Services (CMS)""}, ""released"": ""2024-08-08"", ""theme"": [""Physician office visit costs""], ""title"": ""Dermatology Office Visit Costs""}"
32d8-3235,Dentist Office Visit Costs,2024-08-05,2024-08-08,2024-08-05,,https://data.medicare.gov/provider-data/dataset/32d8-3235,https://data.cms.gov/provider-data/sites/default/files/resources/43981be93f4eec32cd9ec2e77f529fa6_1722902721/Dentist.csv,Centers for Medicare & Medicaid Services (CMS),Dentist,Returns dentist office visit costs per zip code for new and established patients.,"{""@type"": ""dcat:Dataset"", ""accessLevel"": ""public"", ""bureauCode"": [""009:38""], ""contactPoint"": {""@type"": ""vcard:Contact"", ""fn"": ""PPL Dataset"", ""hasEmail"": ""mailto:PPL_Dataset@cms.hhs.gov""}, ""description"": ""Returns dentist office visit costs per zip code for new and established patients."", ""distribution"": [{""@type"": ""dcat:Distribution"", ""downloadURL"": ""https://data.cms.gov/provider-data/sites/default/files/resources/43981be93f4eec32cd9ec2e77f529fa6_1722902721/Dentist.csv"", ""mediaType"": ""text/csv"", ""title"": ""Dentist.csv""}], ""identifier"": ""32d8-3235"", ""issued"": ""2024-08-05"", ""keyword"": [""Dentist""], ""landingPage"": ""https://data.medicare.gov/provider-data/dataset/32d8-3235"", ""modified"": ""2024-08-05"", ""programCode"": [""009:000""], ""publisher"": {""@type"": ""org:Organization"", ""name"": ""Centers for Medicare & Medicaid Services (CMS)""}, ""released"": ""2024-08-08"", ""theme"": [""Physician office visit costs""], ""title"": ""Dentist Office Visit Costs""}"
c8a8-342e,Critical Care (Intensivists) Office Visit Costs,2024-08-05,2024-08-08,2024-08-05,,https://data.medicare.gov/provider-data/dataset/c8a8-342e,https://data.cms.gov/provider-data/sites/default/files/resources/e5c72925603621ced4c80432cc3bc8fb_1722902721/Critical_Care_Intensivists.csv,Centers for Medicare & Medicaid Services (CMS),Critical Care (Intensivists),Returns critical care (intensivists) office visit costs per zip code for new and established patients.,"{""@type"": ""dcat:Dataset"", ""accessLevel"": ""public"", ""bureauCode"": [""009:38""], ""contactPoint"": {""@type"": ""vcard:Contact"", ""fn"": ""PPL Dataset"", ""hasEmail"": ""mailto:PPL_Dataset@cms.hhs.gov""}, ""description"": ""Returns critical care (intensivists) office visit costs per zip code for new and established patients."", ""distribution"": [{""@type"": ""dcat:Distribution"", ""downloadURL"": ""https://data.cms.gov/provider-data/sites/default/files/resources/e5c72925603621ced4c80432cc3bc8fb_1722902721/Critical_Care_Intensivists.csv"", ""mediaType"": ""text/csv"", ""title"": ""Critical_Care_Intensivists.csv""}], ""identifier"": ""c8a8-342e"", ""issued"": ""2024-08-05"", ""keyword"": [""Critical Care (Intensivists)""], ""landingPage"": ""https://data.medicare.gov/provider-data/dataset/c8a8-342e"", ""modified"": ""2024-08-05"", ""programCode"": [""009:000""], ""publisher"": {""@type"": ""org:Organization"", ""name"": ""Centers for Medicare & Medicaid Services (CMS)""}, ""released"": ""2024-08-08"", ""theme"": [""Physician office visit costs""], ""title"": ""Critical Care (Intensivists) Office Visit Costs""}"
bd7d-078a,Colorectal Surgery (Proctology) Office Visit Costs,2024-08-05,2024-08-08,2024-08-05,,https://data.medicare.gov/provider-data/dataset/bd7d-078a,https://data.cms.gov/provider-data/sites/default/files/resources/9410a43e6a0602517d74b3a8a61f4cce_1722902720/Colorectal_Surgery_Proctology.csv,Centers for Medicare & Medicaid Services (CMS),Colorectal Surgery (Proctology),Returns colorectal surgery (proctology) office visit costs per zip code for new and established patients.,"{""@type"": ""dcat:Dataset"", ""accessLevel"": ""public"", ""bureauCode"": [""009:38""], ""contactPoint"": {""@type"": ""vcard:Contact"", ""fn"": ""PPL Dataset"", ""hasEmail"": ""mailto:PPL_Dataset@cms.hhs.gov""}, ""description"": ""Returns colorectal surgery (proctology) office visit costs per zip code for new and established patients."", ""distribution"": [{""@type"": ""dcat:Distribution"", ""downloadURL"": ""https://data.cms.gov/provider-data/sites/default/files/resources/9410a43e6a0602517d74b3a8a61f4cce_1722902720/Colorectal_Surgery_Proctology.csv"", ""mediaType"": ""text/csv"", ""title"": ""Colorectal_Surgery_Proctology.csv""}], ""identifier"": ""bd7d-078a"", ""issued"": ""2024-08-05"", ""keyword"": [""Colorectal Surgery (Proctology)""], ""landingPage"": ""https://data.medicare.gov/provider-data/dataset/bd7d-078a"", ""modified"": ""2024-08-05"", ""programCode"": [""009:000""], ""publisher"": {""@type"": ""org:Organization"", ""name"": ""Centers for Medicare & Medicaid Services (CMS)""}, ""released"": ""2024-08-08"", ""theme"": [""Physician office visit costs""], ""title"": ""Colorectal Surgery (Proctology) Office Visit Costs""}"
adba-1d45,Clinical Laboratory Office Visit Costs,2024-08-05,2024-08-08,2024-08-05,,https://data.medicare.gov/provider-data/dataset/adba-1d45,https://data.cms.gov/provider-data/sites/default/files/resources/8321aa019ab9c5279adae26ec5cc37af_1722902719/Clinical_Laboratory.csv,Centers for Medicare & Medicaid Services (CMS),Clinical Laboratory,Returns clinical laboratory office visit costs per zip code for new and established patients.,"{""@type"": ""dcat:Dataset"", ""accessLevel"": ""public"", ""bureauCode"": [""009:38""], ""contactPoint"": {""@type"": ""vcard:Contact"", ""fn"": ""PPL Dataset"", ""hasEmail"": ""mailto:PPL_Dataset@cms.hhs.gov""}, ""description"": ""Returns clinical laboratory office visit costs per zip code for new and established patients."", ""distribution"": [{""@type"": ""dcat:Distribution"", ""downloadURL"": ""https://data.cms.gov/provider-data/sites/default/files/resources/8321aa019ab9c5279adae26ec5cc37af_1722902719/Clinical_Laboratory.csv"", ""mediaType"": ""text/csv"", ""title"": ""Clinical_Laboratory.csv""}], ""identifier"": ""adba-1d45"", ""issued"": ""2024-08-05"", ""keyword"": [""Clinical Laboratory""], ""landingPage"": ""https://data.medicare.gov/provider-data/dataset/adba-1d45"", ""modified"": ""2024-08-05"", ""programCode"": [""009:000""], ""publisher"": {""@type"": ""org:Organization"", ""name"": ""Centers for Medicare & Medicaid Services (CMS)""}, ""released"": ""2024-08-08"", ""theme"": [""Physician office visit costs""], ""title"": ""Clinical Laboratory Office Visit Costs""}"
94f7-ab53,Clinical Cardiac Electrophysiology Office Visit Costs,2024-08-05,2024-08-08,2024-08-05,,https://data.medicare.gov/provider-data/dataset/94f7-ab53,https://data.cms.gov/provider-data/sites/default/files/resources/1a50aa4384acd6138ec8312c851b91fb_1722902718/Clinical_Cardiac_Electrophysiology.csv,Centers for Medicare & Medicaid Services (CMS),Clinical Cardiac Electrophysiology,Returns clinical cardiac electrophysiology office visit costs per zip code for new and established patients.,"{""@type"": ""dcat:Dataset"", ""accessLevel"": ""public"", ""bureauCode"": [""009:38""], ""contactPoint"": {""@type"": ""vcard:Contact"", ""fn"": ""PPL Dataset"", ""hasEmail"": ""mailto:PPL_Dataset@cms.hhs.gov""}, ""description"": ""Returns clinical cardiac electrophysiology office visit costs per zip code for new and established patients."", ""distribution"": [{""@type"": ""dcat:Distribution"", ""downloadURL"": ""https://data.cms.gov/provider-data/sites/default/files/resources/1a50aa4384acd6138ec8312c851b91fb_1722902718/Clinical_Cardiac_Electrophysiology.csv"", ""mediaType"": ""text/csv"", ""title"": ""Clinical_Cardiac_Electrophysiology.csv""}], ""identifier"": ""94f7-ab53"", ""issued"": ""2024-08-05"", ""keyword"": [""Clinical Cardiac Electrophysiology""], ""landingPage"": ""https://data.medicare.gov/provider-data/dataset/94f7-ab53"", ""modified"": ""2024-08-05"", ""programCode"": [""009:000""], ""publisher"": {""@type"": ""org:Organization"", ""name"": ""Centers for Medicare & Medicaid Services (CMS)""}, ""released"": ""2024-08-08"", ""theme"": [""Physician office visit costs""], ""title"": ""Clinical Cardiac Electrophysiology Office Visit Costs""}"
98d4-0871,Clinic or Group Practice Office Visit Costs,2024-08-05,2024-08-08,2024-08-05,,https://data.medicare.gov/provider-data/dataset/98d4-0871,https://data.cms.gov/provider-data/sites/default/files/resources/473f702e3bdcf3136e20157ea8561853_1722902717/Clinic_or_Group_Practice.csv,Centers for Medicare & Medicaid Services (CMS),Clinic or Group Practice,Returns clinic or group practice office visit costs per zip code for new and established patients.,"{""@type"": ""dcat:Dataset"", ""accessLevel"": ""public"", ""bureauCode"": [""009:38""], ""contactPoint"": {""@type"": ""vcard:Contact"", ""fn"": ""PPL Dataset"", ""hasEmail"": ""mailto:PPL_Dataset@cms.hhs.gov""}, ""description"": ""Returns clinic or group practice office visit costs per zip code for new and established patients."", ""distribution"": [{""@type"": ""dcat:Distribution"", ""downloadURL"": ""https://data.cms.gov/provider-data/sites/default/files/resources/473f702e3bdcf3136e20157ea8561853_1722902717/Clinic_or_Group_Practice.csv"", ""mediaType"": ""text/csv"", ""title"": ""Clinic_or_Group_Practice.csv""}], ""identifier"": ""98d4-0871"", ""issued"": ""2024-08-05"", ""keyword"": [""Clinic or Group Practice""], ""landingPage"": ""https://data.medicare.gov/provider-data/dataset/98d4-0871"", ""modified"": ""2024-08-05"", ""programCode"": [""009:000""], ""publisher"": {""@type"": ""org:Organization"", ""name"": ""Centers for Medicare & Medicaid Services (CMS)""}, ""released"": ""2024-08-08"", ""theme"": [""Physician office visit costs""], ""title"": ""Clinic or Group Practice Office Visit Costs""}"
3a83-ee2d,Certified Registered Nurse Anesthetist (CRNA) Office Visit Costs,2024-08-05,2024-08-08,2024-08-05,,https://data.medicare.gov/provider-data/dataset/3a83-ee2d,https://data.cms.gov/provider-data/sites/default/files/resources/d3cc3cf2d04ccd5dc696abc182658f85_1722902717/Certified_Registered_Nurse_Anesthetist_CRNA.csv,Centers for Medicare & Medicaid Services (CMS),Certified Registered Nurse Anesthetist (CRNA),Returns certified registered nurse anesthetist (crna) office visit costs per zip code for new and established patients.,"{""@type"": ""dcat:Dataset"", ""accessLevel"": ""public"", ""bureauCode"": [""009:38""], ""contactPoint"": {""@type"": ""vcard:Contact"", ""fn"": ""PPL Dataset"", ""hasEmail"": ""mailto:PPL_Dataset@cms.hhs.gov""}, ""description"": ""Returns certified registered nurse anesthetist (crna) office visit costs per zip code for new and established patients."", ""distribution"": [{""@type"": ""dcat:Distribution"", ""downloadURL"": ""https://data.cms.gov/provider-data/sites/default/files/resources/d3cc3cf2d04ccd5dc696abc182658f85_1722902717/Certified_Registered_Nurse_Anesthetist_CRNA.csv"", ""mediaType"": ""text/csv"", ""title"": ""Certified_Registered_Nurse_Anesthetist_CRNA.csv""}], ""identifier"": ""3a83-ee2d"", ""issued"": ""2024-08-05"", ""keyword"": [""Certified Registered Nurse Anesthetist (CRNA)""], ""landingPage"": ""https://data.medicare.gov/provider-data/dataset/3a83-ee2d"", ""modified"": ""2024-08-05"", ""programCode"": [""009:000""], ""publisher"": {""@type"": ""org:Organization"", ""name"": ""Centers for Medicare & Medicaid Services (CMS)""}, ""released"": ""2024-08-08"", ""theme"": [""Physician office visit costs""], ""title"": ""Certified Registered Nurse Anesthetist (CRNA) Office Visit Costs""}"
9873-722a,Certified Nurse Midwife Office Visit Costs,2024-08-05,2024-08-08,2024-08-05,,https://data.medicare.gov/provider-data/dataset/9873-722a,https://data.cms.gov/provider-data/sites/default/files/resources/7bdbfe969222b47e2f6a44fbb57a8399_1722902716/Certified_Nurse_Midwife.csv,Centers for Medicare & Medicaid Services (CMS),Certified Nurse Midwife,Returns certified nurse midwife office visit costs per zip code for new and established patients.,"{""@type"": ""dcat:Dataset"", ""accessLevel"": ""public"", ""bureauCode"": [""009:38""], ""contactPoint"": {""@type"": ""vcard:Contact"", ""fn"": ""PPL Dataset"", ""hasEmail"": ""mailto:PPL_Dataset@cms.hhs.gov""}, ""description"": ""Returns certified nurse midwife office visit costs per zip code for new and established patients."", ""distribution"": [{""@type"": ""dcat:Distribution"", ""downloadURL"": ""https://data.cms.gov/provider-data/sites/default/files/resources/7bdbfe969222b47e2f6a44fbb57a8399_1722902716/Certified_Nurse_Midwife.csv"", ""mediaType"": ""text/csv"", ""title"": ""Certified_Nurse_Midwife.csv""}], ""identifier"": ""9873-722a"", ""issued"": ""2024-08-05"", ""keyword"": [""Certified Nurse Midwife""], ""landingPage"": ""https://data.medicare.gov/provider-data/dataset/9873-722a"", ""modified"": ""2024-08-05"", ""programCode"": [""009:000""], ""publisher"": {""@type"": ""org:Organization"", ""name"": ""Centers for Medicare & Medicaid Services (CMS)""}, ""released"": ""2024-08-08"", ""theme"": [""Physician office visit costs""], ""title"": ""Certified Nurse Midwife Office Visit Costs""}"
ea2d-9467,Certified Clinical Nurse Specialist Office Visit Costs,2024-08-05,2024-08-08,2024-08-05,,https://data.medicare.gov/provider-data/dataset/ea2d-9467,https://data.cms.gov/provider-data/sites/default/files/resources/7cb7415ea6ecf047dfb7d5e0e93ef7cc_1722902715/Certified_Clinical_Nurse_Specialist.csv,Centers for Medicare & Medicaid Services (CMS),Certified Clinical Nurse Specialist,Returns certified clinical nurse specialist office visit costs per zip code for new and established patients.,"{""@type"": ""dcat:Dataset"", ""accessLevel"": ""public"", ""bureauCode"": [""009:38""], ""contactPoint"": {""@type"": ""vcard:Contact"", ""fn"": ""PPL Dataset"", ""hasEmail"": ""mailto:PPL_Dataset@cms.hhs.gov""}, ""description"": ""Returns certified clinical nurse specialist office visit costs per zip code for new and established patients."", ""distribution"": [{""@type"": ""dcat:Distribution"", ""downloadURL"": ""https://data.cms.gov/provider-data/sites/default/files/resources/7cb7415ea6ecf047dfb7d5e0e93ef7cc_1722902715/Certified_Clinical_Nurse_Specialist.csv"", ""mediaType"": ""text/csv"", ""title"": ""Certified_Clinical_Nurse_Specialist.csv""}], ""identifier"": ""ea2d-9467"", ""issued"": ""2024-08-05"", ""keyword"": [""Certified Clinical Nurse Specialist""], ""landingPage"": ""https://data.medicare.gov/provider-data/dataset/ea2d-9467"", ""modified"": ""2024-08-05"", ""programCode"": [""009:000""], ""publisher"": {""@type"": ""org:Organization"", ""name"": ""Centers for Medicare & Medicaid Services (CMS)""}, ""released"": ""2024-08-08"", ""theme"": [""Physician office visit costs""], ""title"": ""Certified Clinical Nurse Specialist Office Visit Costs""}"
3f64-129e,Cardiology Office Visit Costs,2024-08-05,2024-08-08,2024-08-05,,https://data.medicare.gov/provider-data/dataset/3f64-129e,https://data.cms.gov/provider-data/sites/default/files/resources/be5b5fc720c0215811fe6f7f35d125a1_1722902714/Cardiology.csv,Centers for Medicare & Medicaid Services (CMS),Cardiology,Returns cardiology office visit costs per zip code for new and established patients.,"{""@type"": ""dcat:Dataset"", ""accessLevel"": ""public"", ""bureauCode"": [""009:38""], ""contactPoint"": {""@type"": ""vcard:Contact"", ""fn"": ""PPL Dataset"", ""hasEmail"": ""mailto:PPL_Dataset@cms.hhs.gov""}, ""description"": ""Returns cardiology office visit costs per zip code for new and established patients."", ""distribution"": [{""@type"": ""dcat:Distribution"", ""downloadURL"": ""https://data.cms.gov/provider-data/sites/default/files/resources/be5b5fc720c0215811fe6f7f35d125a1_1722902714/Cardiology.csv"", ""mediaType"": ""text/csv"", ""title"": ""Cardiology.csv""}], ""identifier"": ""3f64-129e"", ""issued"": ""2024-08-05"", ""keyword"": [""Cardiology""], ""landingPage"": ""https://data.medicare.gov/provider-data/dataset/3f64-129e"", ""modified"": ""2024-08-05"", ""programCode"": [""009:000""], ""publisher"": {""@type"": ""org:Organization"", ""name"": ""Centers for Medicare & Medicaid Services (CMS)""}, ""released"": ""2024-08-08"", ""theme"": [""Physician office visit costs""], ""title"": ""Cardiology Office Visit Costs""}"
075a-d487,Cardiac Surgery Office Visit Costs,2024-08-05,2024-08-08,2024-08-05,,https://data.medicare.gov/provider-data/dataset/075a-d487,https://data.cms.gov/provider-data/sites/default/files/resources/07d58122e6e786e1bb50d1031faf18b0_1722902713/Cardiac_Surgery.csv,Centers for Medicare & Medicaid Services (CMS),Cardiac Surgery,Returns cardiac surgery office visit costs per zip code for new and established patients.,"{""@type"": ""dcat:Dataset"", ""accessLevel"": ""public"", ""bureauCode"": [""009:38""], ""contactPoint"": {""@type"": ""vcard:Contact"", ""fn"": ""PPL Dataset"", ""hasEmail"": ""mailto:PPL_Dataset@cms.hhs.gov""}, ""description"": ""Returns cardiac surgery office visit costs per zip code for new and established patients."", ""distribution"": [{""@type"": ""dcat:Distribution"", ""downloadURL"": ""https://data.cms.gov/provider-data/sites/default/files/resources/07d58122e6e786e1bb50d1031faf18b0_1722902713/Cardiac_Surgery.csv"", ""mediaType"": ""text/csv"", ""title"": ""Cardiac_Surgery.csv""}], ""identifier"": ""075a-d487"", ""issued"": ""2024-08-05"", ""keyword"": [""Cardiac Surgery""], ""landingPage"": ""https://data.medicare.gov/provider-data/dataset/075a-d487"", ""modified"": ""2024-08-05"", ""programCode"": [""009:000""], ""publisher"": {""@type"": ""org:Organization"", ""name"": ""Centers for Medicare & Medicaid Services (CMS)""}, ""released"": ""2024-08-08"", ""theme"": [""Physician office visit costs""], ""title"": ""Cardiac Surgery Office Visit Costs""}"
e491-a466,Audiologist Office Visit Costs,2024-08-05,2024-08-08,2024-08-05,,https://data.medicare.gov/provider-data/dataset/e491-a466,https://data.cms.gov/provider-data/sites/default/files/resources/087e2956299a744bd3a07a16e55be62a_1722902713/Audiologist.csv,Centers for Medicare & Medicaid Services (CMS),Audiologist,Returns audiologist office visit costs per zip code for new and established patients.,"{""@type"": ""dcat:Dataset"", ""accessLevel"": ""public"", ""bureauCode"": [""009:38""], ""contactPoint"": {""@type"": ""vcard:Contact"", ""fn"": ""PPL Dataset"", ""hasEmail"": ""mailto:PPL_Dataset@cms.hhs.gov""}, ""description"": ""Returns audiologist office visit costs per zip code for new and established patients."", ""distribution"": [{""@type"": ""dcat:Distribution"", ""downloadURL"": ""https://data.cms.gov/provider-data/sites/default/files/resources/087e2956299a744bd3a07a16e55be62a_1722902713/Audiologist.csv"", ""mediaType"": ""text/csv"", ""title"": ""Audiologist.csv""}], ""identifier"": ""e491-a466"", ""issued"": ""2024-08-05"", ""keyword"": [""Audiologist""], ""landingPage"": ""https://data.medicare.gov/provider-data/dataset/e491-a466"", ""modified"": ""2024-08-05"", ""programCode"": [""009:000""], ""publisher"": {""@type"": ""org:Organization"", ""name"": ""Centers for Medicare & Medicaid Services (CMS)""}, ""released"": ""2024-08-08"", ""theme"": [""Physician office visit costs""], ""title"": ""Audiologist Office Visit Costs""}"
2fbd-6172,Anesthesiology Office Visit Costs,2024-08-05,2024-08-08,2024-08-05,,https://data.medicare.gov/provider-data/dataset/2fbd-6172,https://data.cms.gov/provider-data/sites/default/files/resources/b2865dff92f9fdd8c29f28fb675daf44_1722902712/Anesthesiology.csv,Centers for Medicare & Medicaid Services (CMS),Anesthesiology,Returns anesthesiology office visit costs per zip code for new and established patients.,"{""@type"": ""dcat:Dataset"", ""accessLevel"": ""public"", ""bureauCode"": [""009:38""], ""contactPoint"": {""@type"": ""vcard:Contact"", ""fn"": ""PPL Dataset"", ""hasEmail"": ""mailto:PPL_Dataset@cms.hhs.gov""}, ""description"": ""Returns anesthesiology office visit costs per zip code for new and established patients."", ""distribution"": [{""@type"": ""dcat:Distribution"", ""downloadURL"": ""https://data.cms.gov/provider-data/sites/default/files/resources/b2865dff92f9fdd8c29f28fb675daf44_1722902712/Anesthesiology.csv"", ""mediaType"": ""text/csv"", ""title"": ""Anesthesiology.csv""}], ""identifier"": ""2fbd-6172"", ""issued"": ""2024-08-05"", ""keyword"": [""Anesthesiology""], ""landingPage"": ""https://data.medicare.gov/provider-data/dataset/2fbd-6172"", ""modified"": ""2024-08-05"", ""programCode"": [""009:000""], ""publisher"": {""@type"": ""org:Organization"", ""name"": ""Centers for Medicare & Medicaid Services (CMS)""}, ""released"": ""2024-08-08"", ""theme"": [""Physician office visit costs""], ""title"": ""Anesthesiology Office Visit Costs""}"
4269-8a74,Allergy/ Immunology Office Visit Costs,2024-08-05,2024-08-08,2024-08-05,,https://data.medicare.gov/provider-data/dataset/4269-8a74,https://data.cms.gov/provider-data/sites/default/files/resources/6497f42593cb2186e2a829c73e066587_1722902712/Allergy_Immunology.csv,Centers for Medicare & Medicaid Services (CMS),Allergy/ Immunology,Returns allergy/ immunology office visit costs per zip code for new and established patients.,"{""@type"": ""dcat:Dataset"", ""accessLevel"": ""public"", ""bureauCode"": [""009:38""], ""contactPoint"": {""@type"": ""vcard:Contact"", ""fn"": ""PPL Dataset"", ""hasEmail"": ""mailto:PPL_Dataset@cms.hhs.gov""}, ""description"": ""Returns allergy/ immunology office visit costs per zip code for new and established patients."", ""distribution"": [{""@type"": ""dcat:Distribution"", ""downloadURL"": ""https://data.cms.gov/provider-data/sites/default/files/resources/6497f42593cb2186e2a829c73e066587_1722902712/Allergy_Immunology.csv"", ""mediaType"": ""text/csv"", ""title"": ""Allergy_Immunology.csv""}], ""identifier"": ""4269-8a74"", ""issued"": ""2024-08-05"", ""keyword"": [""Allergy/ Immunology""], ""landingPage"": ""https://data.medicare.gov/provider-data/dataset/4269-8a74"", ""modified"": ""2024-08-05"", ""programCode"": [""009:000""], ""publisher"": {""@type"": ""org:Organization"", ""name"": ""Centers for Medicare & Medicaid Services (CMS)""}, ""released"": ""2024-08-08"", ""theme"": [""Physician office visit costs""], ""title"": ""Allergy/ Immunology Office Visit Costs""}"
bdd5-4a04,Advanced Heart Failure and Transplant Cardiology Office Visit Costs,2024-08-05,2024-08-08,2024-08-05,,https://data.medicare.gov/provider-data/dataset/bdd5-4a04,https://data.cms.gov/provider-data/sites/default/files/resources/0d1cb3f16a5181acc5f88210b2cbb1b9_1722902711/Advanced_Heart_Failure_and_Transplant_Cardiology.csv,Centers for Medicare & Medicaid Services (CMS),Advanced Heart Failure and Transplant Cardiology,Returns advanced heart failure and transplant cardiology office visit costs per zip code for new and established patients.,"{""@type"": ""dcat:Dataset"", ""accessLevel"": ""public"", ""bureauCode"": [""009:38""], ""contactPoint"": {""@type"": ""vcard:Contact"", ""fn"": ""PPL Dataset"", ""hasEmail"": ""mailto:PPL_Dataset@cms.hhs.gov""}, ""description"": ""Returns advanced heart failure and transplant cardiology office visit costs per zip code for new and established patients."", ""distribution"": [{""@type"": ""dcat:Distribution"", ""downloadURL"": ""https://data.cms.gov/provider-data/sites/default/files/resources/0d1cb3f16a5181acc5f88210b2cbb1b9_1722902711/Advanced_Heart_Failure_and_Transplant_Cardiology.csv"", ""mediaType"": ""text/csv"", ""title"": ""Advanced_Heart_Failure_and_Transplant_Cardiology.csv""}], ""identifier"": ""bdd5-4a04"", ""issued"": ""2024-08-05"", ""keyword"": [""Advanced Heart Failure and Transplant Cardiology""], ""landingPage"": ""https://data.medicare.gov/provider-data/dataset/bdd5-4a04"", ""modified"": ""2024-08-05"", ""programCode"": [""009:000""], ""publisher"": {""@type"": ""org:Organization"", ""name"": ""Centers for Medicare & Medicaid Services (CMS)""}, ""released"": ""2024-08-08"", ""theme"": [""Physician office visit costs""], ""title"": ""Advanced Heart Failure and Transplant Cardiology Office Visit Costs""}"
3614-1eef,Addiction Medicine Office Visit Costs,2024-08-05,2024-08-08,2024-08-05,,https://data.medicare.gov/provider-data/dataset/3614-1eef,https://data.cms.gov/provider-data/sites/default/files/resources/d1ab7920355d5e990a5a6820b3fde80a_1722902710/Addiction_Medicine.csv,Centers for Medicare & Medicaid Services (CMS),Addiction Medicine,Returns addiction medicine office visit costs per zip code for new and established patients.,"{""@type"": ""dcat:Dataset"", ""accessLevel"": ""public"", ""bureauCode"": [""009:38""], ""contactPoint"": {""@type"": ""vcard:Contact"", ""fn"": ""PPL Dataset"", ""hasEmail"": ""mailto:PPL_Dataset@cms.hhs.gov""}, ""description"": ""Returns addiction medicine office visit costs per zip code for new and established patients."", ""distribution"": [{""@type"": ""dcat:Distribution"", ""downloadURL"": ""https://data.cms.gov/provider-data/sites/default/files/resources/d1ab7920355d5e990a5a6820b3fde80a_1722902710/Addiction_Medicine.csv"", ""mediaType"": ""text/csv"", ""title"": ""Addiction_Medicine.csv""}], ""identifier"": ""3614-1eef"", ""issued"": ""2024-08-05"", ""keyword"": [""Addiction Medicine""], ""landingPage"": ""https://data.medicare.gov/provider-data/dataset/3614-1eef"", ""modified"": ""2024-08-05"", ""programCode"": [""009:000""], ""publisher"": {""@type"": ""org:Organization"", ""name"": ""Centers for Medicare & Medicaid Services (CMS)""}, ""released"": ""2024-08-08"", ""theme"": [""Physician office visit costs""], ""title"": ""Addiction Medicine Office Visit Costs""}"
