contract_id,source_keys,source_record_ids,lifecycle_status,contract_vehicle,piid,parent_award_id,solicitation_number,title,agency,subagency,office,vendor_key,vendor_name,uei_sam,incumbent_vendor_key,competitor_flag,gwt_relation,known_bid_status,award_date,period_start_date,period_end_date,potential_end_date,recompete_window_start,days_until_end,award_amount,current_total_value,potential_total_value,predictive_value_usd,program_focus,topic_keys,importance_score,score_evidence_json,source_urls,last_checked_at
contract-lifecycle-4a03635d0b5dae33,usaspending,CONT_AWD_91003125C0011_9100_-NONE-_-NONE-,near_expiry,standalone_award,91003125C0011,,,"THE PURPOSE OF DMCS IS TO MANAGE THE DEFAULT LOAN PORTFOLIO, AND STORE, MANAGE, PROTECT, AND PROVIDE STUDENT LOAN DEBTORS IN DEFAULT AVAILABLE INFORMATION UNDER THE HEA. DMCS ENABLES BORROWERS, WHO SO CHOSE, TO MAKE PAYMENTS ON THEIR ACCOUNTS AND SEN",Department of Education,Department of Education,,maximus,"MAXIMUS FEDERAL SERVICES, INC.",,maximus,true,competitor,competitor_awarded,,2025-02-01,2026-07-31,2026-07-31,2023-07-31,5,269052314,269052314,,,unknown,,78,"{""agency"":""Department of Education"",""award_amount"":269052314,""days_until_end"":5,""gwt_relation"":""competitor"",""join_confidence"":""usaspending_only_no_sam_entity_match"",""join_key"":""piid:91003125C0011"",""join_keys"":{""piid"":""91003125C0011"",""solicitation_number"":"""",""source_record_ids"":[""CONT_AWD_91003125C0011_9100_-NONE-_-NONE-""]},""matched_keywords"":[],""matched_vendor_alias"":""MAXIMUS FEDERAL SERVICES INC"",""missing_fields"":[""solicitation_number"",""uei_sam"",""award_date"",""potential_total_value""],""missing_join_inputs"":[],""recompete_signal"":""Expiring soon"",""recompete_window_months"":36,""source_file"":""data/contracts.csv"",""source_key"":""usaspending"",""source_keys"":[""usaspending""],""source_relevance_score"":45,""subagency"":""Department of Education"",""topic_hits"":[],""vendor_entity"":{""matched"":false},""vendor_key"":""maximus""}",https://www.usaspending.gov/search/,2026-07-26T20:22:52Z
contract-lifecycle-a42af0f699e6ec00,usaspending,CONT_AWD_75FCMC22F0001_7530_HHSM500200400007I_7530,near_expiry,task_order,75FCMC22F0001,HHSM500200400007I,,PART C QUALIFIED INDEPENDENT CONTRACTOR (QIC) AWARD,Department of Health and Human Services,Centers for Medicare and Medicaid Services,,maximus,"MAXIMUS FEDERAL SERVICES, INC.",,maximus,true,competitor,competitor_awarded,,2022-04-13,2026-07-31,2026-07-31,2023-07-31,5,108406089,108406089,,,medicaid,medicaid;medicare;cms,100,"{""agency"":""Department of Health and Human Services"",""award_amount"":108406089,""days_until_end"":5,""gwt_relation"":""competitor"",""join_confidence"":""usaspending_only_no_sam_entity_match"",""join_key"":""piid:75FCMC22F0001"",""join_keys"":{""piid"":""75FCMC22F0001"",""solicitation_number"":"""",""source_record_ids"":[""CONT_AWD_75FCMC22F0001_7530_HHSM500200400007I_7530""]},""matched_keywords"":[""Medicaid"",""Medicare""],""matched_vendor_alias"":""MAXIMUS FEDERAL SERVICES INC"",""missing_fields"":[""solicitation_number"",""uei_sam"",""award_date"",""potential_total_value""],""missing_join_inputs"":[],""recompete_signal"":""Expiring soon"",""recompete_window_months"":36,""source_file"":""data/contracts.csv"",""source_key"":""usaspending"",""source_keys"":[""usaspending""],""source_relevance_score"":61,""subagency"":""Centers for Medicare and Medicaid Services"",""topic_hits"":[""medicaid"",""medicare"",""cms""],""vendor_entity"":{""matched"":false},""vendor_key"":""maximus""}",https://www.usaspending.gov/search/,2026-07-26T20:22:52Z
contract-lifecycle-20b9a10d49f76ef9,usaspending;sam_entity_information,CONT_AWD_75D30124F00001_7523_75D30124D19336_7523;R5J6HERC6MJ4,near_expiry,task_order,75D30124F00001,75D30124D19336,,IMMUNIZATION INFORMATION SERVICES IDIQ,Department of Health and Human Services,Centers for Disease Control and Prevention,,gainwell_technologies,GAINWELL TECHNOLOGIES LLC,R5J6HERC6MJ4,gainwell_technologies,false,self,incumbent,,2024-08-30,2026-08-28,2026-08-28,2023-08-28,33,3604500,3604500,,,unknown,,67,"{""agency"":""Department of Health and Human Services"",""award_amount"":3604500,""days_until_end"":33,""gwt_relation"":""self"",""join_confidence"":""medium_usaspending_with_entity"",""join_key"":""piid:75D30124F00001"",""join_keys"":{""piid"":""75D30124F00001"",""solicitation_number"":"""",""source_record_ids"":[""CONT_AWD_75D30124F00001_7523_75D30124D19336_7523"",""R5J6HERC6MJ4""]},""matched_keywords"":[],""matched_vendor_alias"":""Gainwell Technologies LLC"",""missing_fields"":[""solicitation_number"",""award_date"",""potential_total_value""],""missing_join_inputs"":[],""recompete_signal"":""Expiring soon"",""recompete_window_months"":36,""source_file"":""data/contracts.csv"",""source_key"":""usaspending"",""source_keys"":[""usaspending"",""sam_entity_information""],""source_relevance_score"":37,""subagency"":""Centers for Disease Control and Prevention"",""topic_hits"":[],""vendor_entity"":{""cage_code"":""953Y7"",""entity_status"":""Active"",""match_confidence"":""0.80"",""match_reason"":""name containment with UEI/CAGE evidence; UEI/CAGE present; active registration"",""matched"":true,""source_key"":""sam_entity_information"",""source_record_id"":""R5J6HERC6MJ4"",""uei_sam"":""R5J6HERC6MJ4""},""vendor_key"":""gainwell_technologies""}",https://www.usaspending.gov/search/;https://sam.gov/entity/R5J6HERC6MJ4/coreData?status=active,2026-07-26T20:22:52Z
contract-lifecycle-45aa915c10ecc3c8,usaspending,CONT_AWD_91003124F0317_9100_91003123D0001_9100,near_expiry,task_order,91003124F0317,91003123D0001,,OPERATIONS AND MAINTENANCE (O&M) TASK ORDER FOR STUDENT LOAN SERVICING IN ACCORDANCE WITH THE REQUIREMENTS OF THE USDS CONTRACT. ALL WORK AND DELIVERABLES PROVIDED MUST BE IN ACCORDANCE WITH THE REQUIREMENTS OF THE CONTRACT FOR THE TASK ORDER.,Department of Education,Department of Education,,maximus,MAXIMUS EDUCATION LLC,,maximus,true,competitor,competitor_awarded,,2024-07-01,2026-08-29,2026-08-29,2023-08-29,34,303129964,303129964,,,unknown,,78,"{""agency"":""Department of Education"",""award_amount"":303129964,""days_until_end"":34,""gwt_relation"":""competitor"",""join_confidence"":""usaspending_only_no_sam_entity_match"",""join_key"":""piid:91003124F0317"",""join_keys"":{""piid"":""91003124F0317"",""solicitation_number"":"""",""source_record_ids"":[""CONT_AWD_91003124F0317_9100_91003123D0001_9100""]},""matched_keywords"":[],""matched_vendor_alias"":""MAXIMUS FEDERAL SERVICES INC"",""missing_fields"":[""solicitation_number"",""uei_sam"",""award_date"",""potential_total_value""],""missing_join_inputs"":[],""recompete_signal"":""Expiring soon"",""recompete_window_months"":36,""source_file"":""data/contracts.csv"",""source_key"":""usaspending"",""source_keys"":[""usaspending""],""source_relevance_score"":45,""subagency"":""Department of Education"",""topic_hits"":[],""vendor_entity"":{""matched"":false},""vendor_key"":""maximus""}",https://www.usaspending.gov/search/,2026-07-26T20:22:52Z
contract-lifecycle-467c7b777fae24b7,usaspending,CONT_AWD_75D30122F14285_7523_GS35F685GA_4732,near_expiry,task_order,75D30122F14285,GS35F685GA,,CDC INFO,Department of Health and Human Services,Centers for Disease Control and Prevention,,maximus,"MAXIMUS FEDERAL SERVICES, INC.",,maximus,true,competitor,competitor_awarded,,2022-09-01,2026-08-31,2026-08-31,2023-08-31,36,71229539,71229539,,,unknown,,82,"{""agency"":""Department of Health and Human Services"",""award_amount"":71229539,""days_until_end"":36,""gwt_relation"":""competitor"",""join_confidence"":""usaspending_only_no_sam_entity_match"",""join_key"":""piid:75D30122F14285"",""join_keys"":{""piid"":""75D30122F14285"",""solicitation_number"":"""",""source_record_ids"":[""CONT_AWD_75D30122F14285_7523_GS35F685GA_4732""]},""matched_keywords"":[],""matched_vendor_alias"":""MAXIMUS FEDERAL SERVICES INC"",""missing_fields"":[""solicitation_number"",""uei_sam"",""award_date"",""potential_total_value""],""missing_join_inputs"":[],""recompete_signal"":""Expiring soon"",""recompete_window_months"":36,""source_file"":""data/contracts.csv"",""source_key"":""usaspending"",""source_keys"":[""usaspending""],""source_relevance_score"":45,""subagency"":""Centers for Disease Control and Prevention"",""topic_hits"":[],""vendor_entity"":{""matched"":false},""vendor_key"":""maximus""}",https://www.usaspending.gov/search/,2026-07-26T20:22:52Z
contract-lifecycle-9383302259b00d25,usaspending,CONT_AWD_70T02023F7500N004_7013_47QTCK18D0044_4732,near_expiry,task_order,70T02023F7500N004,47QTCK18D0044,,"OPERATIONS, TECHNOLOGY, INNOVATION, AND MANAGEMENT (OPTIMA) SUPPORT SERVICES OF ALL TRANSPORTATION SECURITY ADMINISTRATION / INFORMATION TECHNOLOGY / TECHNOLOGY SOLUTIONS DIVISION MISSION ESSENTIAL SYSTEMS IN VARIOUS LOCATIONS.",Department of Homeland Security,Transportation Security Administration,,maximus,"MAXIMUS FEDERAL SERVICES, INC.",,maximus,true,competitor,competitor_awarded,,2023-06-01,2026-09-05,2026-09-05,2023-09-05,41,52912424,52912424,,,unknown,,78,"{""agency"":""Department of Homeland Security"",""award_amount"":52912424,""days_until_end"":41,""gwt_relation"":""competitor"",""join_confidence"":""usaspending_only_no_sam_entity_match"",""join_key"":""piid:70T02023F7500N004"",""join_keys"":{""piid"":""70T02023F7500N004"",""solicitation_number"":"""",""source_record_ids"":[""CONT_AWD_70T02023F7500N004_7013_47QTCK18D0044_4732""]},""matched_keywords"":[],""matched_vendor_alias"":""MAXIMUS FEDERAL SERVICES INC"",""missing_fields"":[""solicitation_number"",""uei_sam"",""award_date"",""potential_total_value""],""missing_join_inputs"":[],""recompete_signal"":""Expiring soon"",""recompete_window_months"":36,""source_file"":""data/contracts.csv"",""source_key"":""usaspending"",""source_keys"":[""usaspending""],""source_relevance_score"":45,""subagency"":""Transportation Security Administration"",""topic_hits"":[],""vendor_entity"":{""matched"":false},""vendor_key"":""maximus""}",https://www.usaspending.gov/search/,2026-07-26T20:22:52Z
contract-lifecycle-2172984f46b1551e,usaspending,CONT_AWD_75FCMC22C0038_7530_-NONE-_-NONE-,near_expiry,standalone_award,75FCMC22C0038,,,CONTACT CENTER OPERATIONS,Department of Health and Human Services,Centers for Medicare and Medicaid Services,,maximus,"MAXIMUS FEDERAL SERVICES, INC.",,maximus,true,competitor,competitor_awarded,,2022-08-31,2026-09-10,2026-09-10,2023-09-10,46,2779736793,2779736793,,,medicaid,medicaid;medicare;cms;contact_center,100,"{""agency"":""Department of Health and Human Services"",""award_amount"":2779736793,""days_until_end"":46,""gwt_relation"":""competitor"",""join_confidence"":""usaspending_only_no_sam_entity_match"",""join_key"":""piid:75FCMC22C0038"",""join_keys"":{""piid"":""75FCMC22C0038"",""solicitation_number"":"""",""source_record_ids"":[""CONT_AWD_75FCMC22C0038_7530_-NONE-_-NONE-""]},""matched_keywords"":[""contact center"",""Medicaid"",""Medicare""],""matched_vendor_alias"":""MAXIMUS FEDERAL SERVICES INC"",""missing_fields"":[""solicitation_number"",""uei_sam"",""award_date"",""potential_total_value""],""missing_join_inputs"":[],""recompete_signal"":""Expiring soon"",""recompete_window_months"":36,""source_file"":""data/contracts.csv"",""source_key"":""usaspending"",""source_keys"":[""usaspending""],""source_relevance_score"":69,""subagency"":""Centers for Medicare and Medicaid Services"",""topic_hits"":[""medicaid"",""medicare"",""cms"",""contact_center""],""vendor_entity"":{""matched"":false},""vendor_key"":""maximus""}",https://www.usaspending.gov/search/,2026-07-26T20:22:52Z
contract-lifecycle-3fe18815abea5565,usaspending,CONT_AWD_75FCMC23F0107_7530_GS10F0085Y_4732,near_expiry,task_order,75FCMC23F0107,GS10F0085Y,,ELIGIBILITY APPEALS OPERATIONAL SUPPORT (EAOS),Department of Health and Human Services,Centers for Medicare and Medicaid Services,,maximus,"MAXIMUS FEDERAL SERVICES, INC.",,maximus,true,competitor,competitor_awarded,,2023-07-24,2026-09-24,2026-09-24,2023-09-24,60,116236910,116236910,,,medicaid,medicaid;medicare;cms;eligibility,100,"{""agency"":""Department of Health and Human Services"",""award_amount"":116236910,""days_until_end"":60,""gwt_relation"":""competitor"",""join_confidence"":""usaspending_only_no_sam_entity_match"",""join_key"":""piid:75FCMC23F0107"",""join_keys"":{""piid"":""75FCMC23F0107"",""solicitation_number"":"""",""source_record_ids"":[""CONT_AWD_75FCMC23F0107_7530_GS10F0085Y_4732""]},""matched_keywords"":[""eligibility"",""Medicaid"",""Medicare""],""matched_vendor_alias"":""MAXIMUS FEDERAL SERVICES INC"",""missing_fields"":[""solicitation_number"",""uei_sam"",""award_date"",""potential_total_value""],""missing_join_inputs"":[],""recompete_signal"":""Expiring soon"",""recompete_window_months"":36,""source_file"":""data/contracts.csv"",""source_key"":""usaspending"",""source_keys"":[""usaspending""],""source_relevance_score"":69,""subagency"":""Centers for Medicare and Medicaid Services"",""topic_hits"":[""medicaid"",""medicare"",""cms"",""eligibility""],""vendor_entity"":{""matched"":false},""vendor_key"":""maximus""}",https://www.usaspending.gov/search/,2026-07-26T20:22:52Z
contract-lifecycle-1aa1a7b0cd7a92c8,usaspending,CONT_AWD_2032H521F00346_2050_47QTCK18D0044_4732,near_expiry,task_order,2032H521F00346,47QTCK18D0044,,MASTERFILE SYSTEM PROGRAMMING SUPPORT SERVICES COVID-19,Department of the Treasury,Internal Revenue Service,,maximus,"MAXIMUS FEDERAL SERVICES, INC.",,maximus,true,competitor,competitor_awarded,,2021-06-01,2026-11-30,2026-11-30,2023-11-30,127,112456030,112456030,,,unknown,,78,"{""agency"":""Department of the Treasury"",""award_amount"":112456030,""days_until_end"":127,""gwt_relation"":""competitor"",""join_confidence"":""usaspending_only_no_sam_entity_match"",""join_key"":""piid:2032H521F00346"",""join_keys"":{""piid"":""2032H521F00346"",""solicitation_number"":"""",""source_record_ids"":[""CONT_AWD_2032H521F00346_2050_47QTCK18D0044_4732""]},""matched_keywords"":[],""matched_vendor_alias"":""MAXIMUS FEDERAL SERVICES INC"",""missing_fields"":[""solicitation_number"",""uei_sam"",""award_date"",""potential_total_value""],""missing_join_inputs"":[],""recompete_signal"":""Expiring soon"",""recompete_window_months"":36,""source_file"":""data/contracts.csv"",""source_key"":""usaspending"",""source_keys"":[""usaspending""],""source_relevance_score"":45,""subagency"":""Internal Revenue Service"",""topic_hits"":[],""vendor_entity"":{""matched"":false},""vendor_key"":""maximus""}",https://www.usaspending.gov/search/,2026-07-26T20:22:52Z
contract-lifecycle-cedc09ae2f7e4351,usaspending,CONT_AWD_50310221F0112_5000_50310218D0027_5000,near_expiry,task_order,50310221F0112,50310218D0027,,SEC ENTERPRISE EDGAR SYSTEM SUPPORT SERVICES,Securities and Exchange Commission,Securities and Exchange Commission,,maximus,"MAXIMUS FEDERAL TECHNOLOGY SOLUTIONS, LLC",,maximus,true,competitor,competitor_awarded,,2021-09-27,2026-12-15,2026-12-15,2023-12-15,142,159485592,159485592,,,medicaid,mmis,86,"{""agency"":""Securities and Exchange Commission"",""award_amount"":159485592,""days_until_end"":142,""gwt_relation"":""competitor"",""join_confidence"":""usaspending_only_no_sam_entity_match"",""join_key"":""piid:50310221F0112"",""join_keys"":{""piid"":""50310221F0112"",""solicitation_number"":"""",""source_record_ids"":[""CONT_AWD_50310221F0112_5000_50310218D0027_5000""]},""matched_keywords"":[""MMIS""],""matched_vendor_alias"":""MAXIMUS FEDERAL SERVICES INC"",""missing_fields"":[""solicitation_number"",""uei_sam"",""award_date"",""potential_total_value""],""missing_join_inputs"":[],""recompete_signal"":""Expiring soon"",""recompete_window_months"":36,""source_file"":""data/contracts.csv"",""source_key"":""usaspending"",""source_keys"":[""usaspending""],""source_relevance_score"":53,""subagency"":""Securities and Exchange Commission"",""topic_hits"":[""mmis""],""vendor_entity"":{""matched"":false},""vendor_key"":""maximus""}",https://www.usaspending.gov/search/,2026-07-26T20:22:52Z
contract-lifecycle-d65bc0101835bcd4,usaspending,CONT_AWD_91003125F0040_9100_91003123D0001_9100,near_expiry,task_order,91003125F0040,91003123D0001,,OPERATIONS AND MAINTENANCE (O&M) TASK ORDER FOR STUDENT LOAN SERVICING IN ACCORDANCE WITH THE REQUIREMENTS OF THE USDS CONTRACT.,Department of Education,Department of Education,,maximus,MAXIMUS EDUCATION LLC,,maximus,true,competitor,competitor_awarded,,2025-10-01,2027-04-01,2027-04-01,2024-04-01,249,131847210,131847210,,,unknown,,78,"{""agency"":""Department of Education"",""award_amount"":131847210,""days_until_end"":249,""gwt_relation"":""competitor"",""join_confidence"":""usaspending_only_no_sam_entity_match"",""join_key"":""piid:91003125F0040"",""join_keys"":{""piid"":""91003125F0040"",""solicitation_number"":"""",""source_record_ids"":[""CONT_AWD_91003125F0040_9100_91003123D0001_9100""]},""matched_keywords"":[],""matched_vendor_alias"":""MAXIMUS FEDERAL SERVICES INC"",""missing_fields"":[""solicitation_number"",""uei_sam"",""award_date"",""potential_total_value""],""missing_join_inputs"":[],""recompete_signal"":""Expiring soon"",""recompete_window_months"":36,""source_file"":""data/contracts.csv"",""source_key"":""usaspending"",""source_keys"":[""usaspending""],""source_relevance_score"":45,""subagency"":""Department of Education"",""topic_hits"":[],""vendor_entity"":{""matched"":false},""vendor_key"":""maximus""}",https://www.usaspending.gov/search/,2026-07-26T20:22:52Z
contract-lifecycle-f5a2719ced45053f,usaspending,CONT_AWD_2032H524F00296_2050_2032H523A00002_2050,near_expiry,task_order,2032H524F00296,2032H523A00002,,"BUILD, TEST, DELIVER AND MAINTAIN INTEGRATED INFORMATION SYSTEMS THAT SUPPORT MODERNIZED SYSTEMS FOR INTERNAL OPERATIONS AND ACCOUNTING SYSTEMS",Department of the Treasury,Internal Revenue Service,,maximus,"MAXIMUS FEDERAL SERVICES, INC.",,maximus,true,competitor,competitor_awarded,,2024-05-23,2029-05-22,2029-05-22,2026-05-22,1031,92272612,92272612,,,unknown,,65,"{""agency"":""Department of the Treasury"",""award_amount"":92272612,""days_until_end"":1031,""gwt_relation"":""competitor"",""join_confidence"":""usaspending_only_no_sam_entity_match"",""join_key"":""piid:2032H524F00296"",""join_keys"":{""piid"":""2032H524F00296"",""solicitation_number"":"""",""source_record_ids"":[""CONT_AWD_2032H524F00296_2050_2032H523A00002_2050""]},""matched_keywords"":[],""matched_vendor_alias"":""MAXIMUS FEDERAL SERVICES INC"",""missing_fields"":[""solicitation_number"",""uei_sam"",""award_date"",""potential_total_value""],""missing_join_inputs"":[],""recompete_signal"":""Recompete watch"",""recompete_window_months"":36,""source_file"":""data/contracts.csv"",""source_key"":""usaspending"",""source_keys"":[""usaspending""],""source_relevance_score"":38,""subagency"":""Internal Revenue Service"",""topic_hits"":[],""vendor_entity"":{""matched"":false},""vendor_key"":""maximus""}",https://www.usaspending.gov/search/,2026-07-26T20:22:52Z
contract-lifecycle-895378d147a322c8,sam_opportunities,88bf126d92e848abbd3499e4ac114b38,opportunity,opportunity_notice,,,50310226S0027,3-in-1 Credit Reporting,SECURITIES AND EXCHANGE COMMISSION,SECURITIES AND EXCHANGE COMMISSION,SECURITIES AND EXCHANGE COMMISSION,unknown,,,,false,unknown,open_opportunity,,,,,,3,,,,,medicaid,mmis;sources_sought,81,"{""award_notice"":{""award_amount"":null,""award_date"":"""",""award_number"":"""",""cage_code"":"""",""uei_sam"":"""",""vendor_name"":""""},""gwt_relation"":""unknown"",""join_confidence"":""sam_opportunity_notice"",""join_key"":""solicitation:50310226S0027"",""join_keys"":{""piid"":"""",""solicitation_number"":""50310226S0027"",""source_record_id"":""88bf126d92e848abbd3499e4ac114b38""},""missing_fields"":[""piid"",""vendor_name"",""uei_sam"",""award_date"",""period_start_date"",""period_end_date"",""award_amount"",""current_total_value"",""potential_total_value""],""notice_bucket"":""early_signal"",""notice_dates"":{""archive_date"":""2026-08-13"",""due_date"":""2026-07-29"",""posted_date"":""2026-07-21""},""notice_type"":""Sources Sought"",""ptype"":""r"",""source_file"":""data/federal_opportunities.csv"",""source_key"":""sam_opportunities"",""source_keys"":[""sam_opportunities""],""source_lifecycle_status"":""upcoming"",""source_record_id"":""88bf126d92e848abbd3499e4ac114b38"",""topic_hits"":[""mmis"",""sources_sought""],""vendor_entity"":{""matched"":false},""vendor_key"":""unknown""}",https://sam.gov/workspace/contract/opp/88bf126d92e848abbd3499e4ac114b38/view;https://api.sam.gov/opportunities/v2/search;https://api.sam.gov/prod/opportunities/v1/noticedesc?noticeid=88bf126d92e848abbd3499e4ac114b38,2026-07-26T14:18:20Z
contract-lifecycle-267f16585c2137b0,sam_opportunities,d48fa001a79c4211b567f21ae6a7cd09,opportunity,opportunity_notice,,,HQC00826QE011,"Shelf Stocking, Recieving/Storage/Holding Area (RSHA), and Custodial Services at the Camp Pendleton MCB Commissary",DEPT OF DEFENSE,DEFENSE COMMISSARY AGENCY (DECA),DEFENSE COMMISSARY AGENCY,unknown,,,,false,unknown,open_opportunity,,,,,,5,,,,,medicaid,mmis;solicitation,75,"{""award_notice"":{""award_amount"":null,""award_date"":"""",""award_number"":"""",""cage_code"":"""",""uei_sam"":"""",""vendor_name"":""""},""gwt_relation"":""unknown"",""join_confidence"":""sam_opportunity_notice"",""join_key"":""solicitation:HQC00826QE011"",""join_keys"":{""piid"":"""",""solicitation_number"":""HQC00826QE011"",""source_record_id"":""d48fa001a79c4211b567f21ae6a7cd09""},""missing_fields"":[""piid"",""vendor_name"",""uei_sam"",""award_date"",""period_start_date"",""period_end_date"",""award_amount"",""current_total_value"",""potential_total_value""],""notice_bucket"":""early_signal"",""notice_dates"":{""archive_date"":""2026-07-31"",""due_date"":"""",""posted_date"":""2026-07-15""},""notice_type"":""Presolicitation"",""ptype"":""p"",""source_file"":""data/federal_opportunities.csv"",""source_key"":""sam_opportunities"",""source_keys"":[""sam_opportunities""],""source_lifecycle_status"":""upcoming"",""source_record_id"":""d48fa001a79c4211b567f21ae6a7cd09"",""topic_hits"":[""mmis"",""solicitation""],""vendor_entity"":{""matched"":false},""vendor_key"":""unknown""}",https://sam.gov/workspace/contract/opp/d48fa001a79c4211b567f21ae6a7cd09/view;https://api.sam.gov/opportunities/v2/search;https://api.sam.gov/prod/opportunities/v1/noticedesc?noticeid=d48fa001a79c4211b567f21ae6a7cd09,2026-07-26T14:18:22Z
contract-lifecycle-767b01710a9dac44,sam_opportunities,77d8621f56bc40749fc9c71bd52c1488,opportunity,opportunity_notice,,,HQC00826QE010,"Shelf Stocking, Receiving/Storage/Holding Area, and Custodial Services at the Miramar MCAS Commissary",DEPT OF DEFENSE,DEFENSE COMMISSARY AGENCY (DECA),DEFENSE COMMISSARY AGENCY,unknown,,,,false,unknown,open_opportunity,,,,,,5,,,,,medicaid,mmis;solicitation,75,"{""award_notice"":{""award_amount"":null,""award_date"":"""",""award_number"":"""",""cage_code"":"""",""uei_sam"":"""",""vendor_name"":""""},""gwt_relation"":""unknown"",""join_confidence"":""sam_opportunity_notice"",""join_key"":""solicitation:HQC00826QE010"",""join_keys"":{""piid"":"""",""solicitation_number"":""HQC00826QE010"",""source_record_id"":""77d8621f56bc40749fc9c71bd52c1488""},""missing_fields"":[""piid"",""vendor_name"",""uei_sam"",""award_date"",""period_start_date"",""period_end_date"",""award_amount"",""current_total_value"",""potential_total_value""],""notice_bucket"":""early_signal"",""notice_dates"":{""archive_date"":""2026-07-31"",""due_date"":"""",""posted_date"":""2026-07-15""},""notice_type"":""Presolicitation"",""ptype"":""p"",""source_file"":""data/federal_opportunities.csv"",""source_key"":""sam_opportunities"",""source_keys"":[""sam_opportunities""],""source_lifecycle_status"":""upcoming"",""source_record_id"":""77d8621f56bc40749fc9c71bd52c1488"",""topic_hits"":[""mmis"",""solicitation""],""vendor_entity"":{""matched"":false},""vendor_key"":""unknown""}",https://sam.gov/workspace/contract/opp/77d8621f56bc40749fc9c71bd52c1488/view;https://api.sam.gov/opportunities/v2/search;https://api.sam.gov/prod/opportunities/v1/noticedesc?noticeid=77d8621f56bc40749fc9c71bd52c1488,2026-07-26T14:18:22Z
contract-lifecycle-14a644699114e68e,sam_opportunities,162f48f9d13c499da097ec941b7196e0,opportunity,opportunity_notice,,,0000052931,Geotechnical and Structural Document Review for LNG Facilities,"ENERGY, DEPARTMENT OF",FEDERAL ENERGY REGULATORY COMMISSION,FEDERAL ENERGY REGULATORY COMM,unknown,,,,false,unknown,open_opportunity,,,,,,5,,,,,medicaid,mmis;sources_sought,81,"{""award_notice"":{""award_amount"":null,""award_date"":"""",""award_number"":"""",""cage_code"":"""",""uei_sam"":"""",""vendor_name"":""""},""gwt_relation"":""unknown"",""join_confidence"":""sam_opportunity_notice"",""join_key"":""solicitation:0000052931"",""join_keys"":{""piid"":"""",""solicitation_number"":""0000052931"",""source_record_id"":""162f48f9d13c499da097ec941b7196e0""},""missing_fields"":[""piid"",""vendor_name"",""uei_sam"",""award_date"",""period_start_date"",""period_end_date"",""award_amount"",""current_total_value"",""potential_total_value""],""notice_bucket"":""early_signal"",""notice_dates"":{""archive_date"":""2026-08-15"",""due_date"":""2026-07-31"",""posted_date"":""2026-07-22""},""notice_type"":""Sources Sought"",""ptype"":""r"",""source_file"":""data/federal_opportunities.csv"",""source_key"":""sam_opportunities"",""source_keys"":[""sam_opportunities""],""source_lifecycle_status"":""upcoming"",""source_record_id"":""162f48f9d13c499da097ec941b7196e0"",""topic_hits"":[""mmis"",""sources_sought""],""vendor_entity"":{""matched"":false},""vendor_key"":""unknown""}",https://sam.gov/workspace/contract/opp/162f48f9d13c499da097ec941b7196e0/view;https://api.sam.gov/opportunities/v2/search;https://api.sam.gov/prod/opportunities/v1/noticedesc?noticeid=162f48f9d13c499da097ec941b7196e0,2026-07-26T14:18:20Z
contract-lifecycle-fc5289ef281b9671,sam_opportunities,72ab64a7a8fe465ba23b4bfa6df0873c,opportunity,opportunity_notice,,,FY264321005,Trojan UV3000 Plus System Rehabilitation,INTERNATIONAL BOUNDARY AND WATER COMMISSION: US-MEXICO,INTERNATIONAL BOUNDARY AND WATER COMMISSION: US-MEXICO,INTERNAT BOUNDARY AND WATER COMM,unknown,,,,false,unknown,open_opportunity,,,,,,9,,,,,medicaid,mmis;sources_sought,81,"{""award_notice"":{""award_amount"":null,""award_date"":"""",""award_number"":"""",""cage_code"":"""",""uei_sam"":"""",""vendor_name"":""""},""gwt_relation"":""unknown"",""join_confidence"":""sam_opportunity_notice"",""join_key"":""solicitation:FY264321005"",""join_keys"":{""piid"":"""",""solicitation_number"":""FY264321005"",""source_record_id"":""72ab64a7a8fe465ba23b4bfa6df0873c""},""missing_fields"":[""piid"",""vendor_name"",""uei_sam"",""award_date"",""period_start_date"",""period_end_date"",""award_amount"",""current_total_value"",""potential_total_value""],""notice_bucket"":""early_signal"",""notice_dates"":{""archive_date"":""2026-08-05"",""due_date"":""2026-08-04"",""posted_date"":""2026-07-25""},""notice_type"":""Sources Sought"",""ptype"":""r"",""source_file"":""data/federal_opportunities.csv"",""source_key"":""sam_opportunities"",""source_keys"":[""sam_opportunities""],""source_lifecycle_status"":""upcoming"",""source_record_id"":""72ab64a7a8fe465ba23b4bfa6df0873c"",""topic_hits"":[""mmis"",""sources_sought""],""vendor_entity"":{""matched"":false},""vendor_key"":""unknown""}",https://sam.gov/workspace/contract/opp/72ab64a7a8fe465ba23b4bfa6df0873c/view;https://api.sam.gov/opportunities/v2/search;https://api.sam.gov/prod/opportunities/v1/noticedesc?noticeid=72ab64a7a8fe465ba23b4bfa6df0873c,2026-07-26T14:18:20Z
contract-lifecycle-375e2f1b9879bd47,sam_opportunities,f670578d95d3476b94e64d7cea93cd14,opportunity,opportunity_notice,,,273FCC26Q0008,Columbia Landscape & Snow Services,FEDERAL COMMUNICATIONS COMMISSION,FEDERAL COMMUNICATIONS COMMISSION,FCC,unknown,,,,false,unknown,open_opportunity,,,,,,11,,,,,medicaid,mmis;solicitation,83,"{""award_notice"":{""award_amount"":null,""award_date"":"""",""award_number"":"""",""cage_code"":"""",""uei_sam"":"""",""vendor_name"":""""},""gwt_relation"":""unknown"",""join_confidence"":""sam_opportunity_notice"",""join_key"":""solicitation:273FCC26Q0008"",""join_keys"":{""piid"":"""",""solicitation_number"":""273FCC26Q0008"",""source_record_id"":""f670578d95d3476b94e64d7cea93cd14""},""missing_fields"":[""piid"",""vendor_name"",""uei_sam"",""award_date"",""period_start_date"",""period_end_date"",""award_amount"",""current_total_value"",""potential_total_value""],""notice_bucket"":""active_opportunity"",""notice_dates"":{""archive_date"":""2026-08-21"",""due_date"":""2026-08-06"",""posted_date"":""2026-07-24""},""notice_type"":""Combined Synopsis/Solicitation"",""ptype"":""k"",""source_file"":""data/federal_opportunities.csv"",""source_key"":""sam_opportunities"",""source_keys"":[""sam_opportunities""],""source_lifecycle_status"":""active"",""source_record_id"":""f670578d95d3476b94e64d7cea93cd14"",""topic_hits"":[""mmis"",""solicitation""],""vendor_entity"":{""matched"":false},""vendor_key"":""unknown""}",https://sam.gov/workspace/contract/opp/f670578d95d3476b94e64d7cea93cd14/view;https://api.sam.gov/opportunities/v2/search;https://api.sam.gov/prod/opportunities/v1/noticedesc?noticeid=f670578d95d3476b94e64d7cea93cd14,2026-07-26T14:18:18Z
contract-lifecycle-d70862bc3739c4f4,sam_opportunities,2cfdf63486f54af6a4b831afaff604ed,opportunity,opportunity_notice,,,FA813726R0045,"17829397-Decommission & Demo CRAC Units at B3001, Annex G, Tinker AFB",DEPT OF DEFENSE,DEPT OF THE AIR FORCE,AIR FORCE MATERIEL COMMAND.AIR FORCE SUSTAINMENT CENTER.FA8137 AFSC PZIOC,unknown,,,,false,unknown,open_opportunity,,,,,,12,,,,,medicaid,mmis;solicitation,83,"{""award_notice"":{""award_amount"":null,""award_date"":"""",""award_number"":"""",""cage_code"":"""",""uei_sam"":"""",""vendor_name"":""""},""gwt_relation"":""unknown"",""join_confidence"":""sam_opportunity_notice"",""join_key"":""solicitation:FA813726R0045"",""join_keys"":{""piid"":"""",""solicitation_number"":""FA813726R0045"",""source_record_id"":""2cfdf63486f54af6a4b831afaff604ed""},""missing_fields"":[""piid"",""vendor_name"",""uei_sam"",""award_date"",""period_start_date"",""period_end_date"",""award_amount"",""current_total_value"",""potential_total_value""],""notice_bucket"":""early_signal"",""notice_dates"":{""archive_date"":""2026-08-22"",""due_date"":""2026-08-07"",""posted_date"":""2026-07-22""},""notice_type"":""Presolicitation"",""ptype"":""p"",""source_file"":""data/federal_opportunities.csv"",""source_key"":""sam_opportunities"",""source_keys"":[""sam_opportunities""],""source_lifecycle_status"":""upcoming"",""source_record_id"":""2cfdf63486f54af6a4b831afaff604ed"",""topic_hits"":[""mmis"",""solicitation""],""vendor_entity"":{""matched"":false},""vendor_key"":""unknown""}",https://sam.gov/workspace/contract/opp/2cfdf63486f54af6a4b831afaff604ed/view;https://api.sam.gov/opportunities/v2/search;https://api.sam.gov/prod/opportunities/v1/noticedesc?noticeid=2cfdf63486f54af6a4b831afaff604ed,2026-07-26T14:18:22Z
contract-lifecycle-9a8f67ea022d4038,sam_opportunities,28df721a17a74d06933ba79d4281f848,opportunity,opportunity_notice,,,191BWC26R0012,NIWTP Ingress Road Paving,INTERNATIONAL BOUNDARY AND WATER COMMISSION: US-MEXICO,INTERNATIONAL BOUNDARY AND WATER COMMISSION: US-MEXICO,INTERNAT BOUNDARY AND WATER COMM,unknown,,,,false,unknown,open_opportunity,,,,,,13,,,,,medicaid,mmis;solicitation,83,"{""award_notice"":{""award_amount"":null,""award_date"":"""",""award_number"":"""",""cage_code"":"""",""uei_sam"":"""",""vendor_name"":""""},""gwt_relation"":""unknown"",""join_confidence"":""sam_opportunity_notice"",""join_key"":""solicitation:191BWC26R0012"",""join_keys"":{""piid"":"""",""solicitation_number"":""191BWC26R0012"",""source_record_id"":""28df721a17a74d06933ba79d4281f848""},""missing_fields"":[""piid"",""vendor_name"",""uei_sam"",""award_date"",""period_start_date"",""period_end_date"",""award_amount"",""current_total_value"",""potential_total_value""],""notice_bucket"":""early_signal"",""notice_dates"":{""archive_date"":""2026-08-23"",""due_date"":""2026-08-08"",""posted_date"":""2026-07-24""},""notice_type"":""Presolicitation"",""ptype"":""p"",""source_file"":""data/federal_opportunities.csv"",""source_key"":""sam_opportunities"",""source_keys"":[""sam_opportunities""],""source_lifecycle_status"":""upcoming"",""source_record_id"":""28df721a17a74d06933ba79d4281f848"",""topic_hits"":[""mmis"",""solicitation""],""vendor_entity"":{""matched"":false},""vendor_key"":""unknown""}",https://sam.gov/workspace/contract/opp/28df721a17a74d06933ba79d4281f848/view;https://api.sam.gov/opportunities/v2/search;https://api.sam.gov/prod/opportunities/v1/noticedesc?noticeid=28df721a17a74d06933ba79d4281f848,2026-07-26T14:18:22Z
contract-lifecycle-48a56f6846e73231,sam_opportunities,9fe3f2d1fe104e229c0fc3d5e29fec38,opportunity,opportunity_notice,,,DACMS2027,Deployed Automated Cargo Measurement Systems (DACMS),DEPT OF DEFENSE,DEPT OF THE AIR FORCE,AIR MOBILITY COMMAND.FA4452 763 ESS,unknown,,,,false,unknown,open_opportunity,,,,,,16,,,,,medicare,cms;sources_sought,75,"{""award_notice"":{""award_amount"":null,""award_date"":"""",""award_number"":"""",""cage_code"":"""",""uei_sam"":"""",""vendor_name"":""""},""gwt_relation"":""unknown"",""join_confidence"":""sam_opportunity_notice"",""join_key"":""solicitation:DACMS2027"",""join_keys"":{""piid"":"""",""solicitation_number"":""DACMS2027"",""source_record_id"":""9fe3f2d1fe104e229c0fc3d5e29fec38""},""missing_fields"":[""piid"",""vendor_name"",""uei_sam"",""award_date"",""period_start_date"",""period_end_date"",""award_amount"",""current_total_value"",""potential_total_value""],""notice_bucket"":""early_signal"",""notice_dates"":{""archive_date"":""2026-08-26"",""due_date"":""2026-08-11"",""posted_date"":""2026-07-23""},""notice_type"":""Sources Sought"",""ptype"":""r"",""source_file"":""data/federal_opportunities.csv"",""source_key"":""sam_opportunities"",""source_keys"":[""sam_opportunities""],""source_lifecycle_status"":""upcoming"",""source_record_id"":""9fe3f2d1fe104e229c0fc3d5e29fec38"",""topic_hits"":[""cms"",""sources_sought""],""vendor_entity"":{""matched"":false},""vendor_key"":""unknown""}",https://sam.gov/workspace/contract/opp/9fe3f2d1fe104e229c0fc3d5e29fec38/view;https://api.sam.gov/opportunities/v2/search;https://api.sam.gov/prod/opportunities/v1/noticedesc?noticeid=9fe3f2d1fe104e229c0fc3d5e29fec38,2026-07-26T14:18:20Z
contract-lifecycle-a5f8916ecd2d553a,sam_opportunities,d9a4d61c29594398ba6dbf631692328a,opportunity,opportunity_notice,,,140L3626Q0044,LE VEHICLE UPFITS and DECOMMISSION,"INTERIOR, DEPARTMENT OF THE",BUREAU OF LAND MANAGEMENT,MONTANA STATE OFFICE,unknown,,,,false,unknown,open_opportunity,,,,,,16,,,,,medicaid,mmis;solicitation,83,"{""award_notice"":{""award_amount"":null,""award_date"":"""",""award_number"":"""",""cage_code"":"""",""uei_sam"":"""",""vendor_name"":""""},""gwt_relation"":""unknown"",""join_confidence"":""sam_opportunity_notice"",""join_key"":""solicitation:140L3626Q0044"",""join_keys"":{""piid"":"""",""solicitation_number"":""140L3626Q0044"",""source_record_id"":""d9a4d61c29594398ba6dbf631692328a""},""missing_fields"":[""piid"",""vendor_name"",""uei_sam"",""award_date"",""period_start_date"",""period_end_date"",""award_amount"",""current_total_value"",""potential_total_value""],""notice_bucket"":""active_opportunity"",""notice_dates"":{""archive_date"":""2026-08-26"",""due_date"":""2026-08-11"",""posted_date"":""2026-07-22""},""notice_type"":""Solicitation"",""ptype"":""o"",""source_file"":""data/federal_opportunities.csv"",""source_key"":""sam_opportunities"",""source_keys"":[""sam_opportunities""],""source_lifecycle_status"":""active"",""source_record_id"":""d9a4d61c29594398ba6dbf631692328a"",""topic_hits"":[""mmis"",""solicitation""],""vendor_entity"":{""matched"":false},""vendor_key"":""unknown""}",https://sam.gov/workspace/contract/opp/d9a4d61c29594398ba6dbf631692328a/view;https://api.sam.gov/opportunities/v2/search;https://api.sam.gov/prod/opportunities/v1/noticedesc?noticeid=d9a4d61c29594398ba6dbf631692328a,2026-07-26T14:18:11Z
contract-lifecycle-46836a3146c23f4a,sam_opportunities,630420cb57934e5589f93fc9c5e80ac4,opportunity,opportunity_notice,,,36C25026B0040,Z2DA--541-25-501 Address Retro Commissioning - Construction Procurement Package (VA-26-00053441) - VAMC CLEVELAND,"VETERANS AFFAIRS, DEPARTMENT OF","VETERANS AFFAIRS, DEPARTMENT OF",250-NETWORK CONTRACT OFFICE 10 (36C250),unknown,,,,false,unknown,open_opportunity,,,,,,17,,,,,medicaid,mmis;solicitation,83,"{""award_notice"":{""award_amount"":null,""award_date"":"""",""award_number"":"""",""cage_code"":"""",""uei_sam"":"""",""vendor_name"":""""},""gwt_relation"":""unknown"",""join_confidence"":""sam_opportunity_notice"",""join_key"":""solicitation:36C25026B0040"",""join_keys"":{""piid"":"""",""solicitation_number"":""36C25026B0040"",""source_record_id"":""630420cb57934e5589f93fc9c5e80ac4""},""missing_fields"":[""piid"",""vendor_name"",""uei_sam"",""award_date"",""period_start_date"",""period_end_date"",""award_amount"",""current_total_value"",""potential_total_value""],""notice_bucket"":""early_signal"",""notice_dates"":{""archive_date"":""2026-10-13"",""due_date"":""2026-08-12"",""posted_date"":""2026-07-13""},""notice_type"":""Presolicitation"",""ptype"":""p"",""source_file"":""data/federal_opportunities.csv"",""source_key"":""sam_opportunities"",""source_keys"":[""sam_opportunities""],""source_lifecycle_status"":""upcoming"",""source_record_id"":""630420cb57934e5589f93fc9c5e80ac4"",""topic_hits"":[""mmis"",""solicitation""],""vendor_entity"":{""matched"":false},""vendor_key"":""unknown""}",https://sam.gov/workspace/contract/opp/630420cb57934e5589f93fc9c5e80ac4/view;https://api.sam.gov/opportunities/v2/search;https://api.sam.gov/prod/opportunities/v1/noticedesc?noticeid=630420cb57934e5589f93fc9c5e80ac4,2026-07-26T14:18:22Z
contract-lifecycle-fc62b153d8ca38bd,sam_opportunities,e17105dab2844519a2259575504886d9,opportunity,opportunity_notice,,,FA8820-26-SSC-BMC3I-2046,Sustainable Demolition Utilizing Deconstruction of a Decommissioned U.S. Ground-Based Radar Facility,DEPT OF DEFENSE,DEPT OF THE AIR FORCE,SPACE SYSTEMS COMMAND.PEO SPACE DOMAIN AWARENESS ANDCOMBAT POWER.FA8820 SUSTAINMENT SDACP SSC/PKL,unknown,,,,false,unknown,open_opportunity,,,,,,18,,,,,medicaid,mmis;sources_sought;spa,83,"{""award_notice"":{""award_amount"":null,""award_date"":"""",""award_number"":"""",""cage_code"":"""",""uei_sam"":"""",""vendor_name"":""""},""gwt_relation"":""unknown"",""join_confidence"":""sam_opportunity_notice"",""join_key"":""solicitation:FA882026SSCBMC3I2046"",""join_keys"":{""piid"":"""",""solicitation_number"":""FA8820-26-SSC-BMC3I-2046"",""source_record_id"":""e17105dab2844519a2259575504886d9""},""missing_fields"":[""piid"",""vendor_name"",""uei_sam"",""award_date"",""period_start_date"",""period_end_date"",""award_amount"",""current_total_value"",""potential_total_value""],""notice_bucket"":""early_signal"",""notice_dates"":{""archive_date"":""2026-08-28"",""due_date"":""2026-08-13"",""posted_date"":""2026-07-23""},""notice_type"":""Sources Sought"",""ptype"":""r"",""source_file"":""data/federal_opportunities.csv"",""source_key"":""sam_opportunities"",""source_keys"":[""sam_opportunities""],""source_lifecycle_status"":""upcoming"",""source_record_id"":""e17105dab2844519a2259575504886d9"",""topic_hits"":[""mmis"",""sources_sought"",""spa""],""vendor_entity"":{""matched"":false},""vendor_key"":""unknown""}",https://sam.gov/workspace/contract/opp/e17105dab2844519a2259575504886d9/view;https://api.sam.gov/opportunities/v2/search;https://api.sam.gov/prod/opportunities/v1/noticedesc?noticeid=e17105dab2844519a2259575504886d9,2026-07-26T14:18:20Z
contract-lifecycle-2e5364d84a1793ba,sam_opportunities,d59c560660b147269c63ea56f13d7fec,opportunity,opportunity_notice,,,75FCMC26R0057,"Data Analysis for Quality, Safety & Oversight of the End Stage Renal Disease (ESRD), Transplant, and Organ Procurement Organization (OPO) Programs","HEALTH AND HUMAN SERVICES, DEPARTMENT OF",CENTERS FOR MEDICARE AND MEDICAID SERVICES,OFC OF ACQUISITION AND GRANTS MGMT,unknown,,,,false,unknown,open_opportunity,,,,,,18,,,,,medicaid,grant;medicaid;medicare;solicitation,95,"{""award_notice"":{""award_amount"":null,""award_date"":"""",""award_number"":"""",""cage_code"":"""",""uei_sam"":"""",""vendor_name"":""""},""gwt_relation"":""unknown"",""join_confidence"":""sam_opportunity_notice"",""join_key"":""solicitation:75FCMC26R0057"",""join_keys"":{""piid"":"""",""solicitation_number"":""75FCMC26R0057"",""source_record_id"":""d59c560660b147269c63ea56f13d7fec""},""missing_fields"":[""piid"",""vendor_name"",""uei_sam"",""award_date"",""period_start_date"",""period_end_date"",""award_amount"",""current_total_value"",""potential_total_value""],""notice_bucket"":""active_opportunity"",""notice_dates"":{""archive_date"":""2026-08-28"",""due_date"":""2026-08-13"",""posted_date"":""2026-07-22""},""notice_type"":""Solicitation"",""ptype"":""o"",""source_file"":""data/federal_opportunities.csv"",""source_key"":""sam_opportunities"",""source_keys"":[""sam_opportunities""],""source_lifecycle_status"":""active"",""source_record_id"":""d59c560660b147269c63ea56f13d7fec"",""topic_hits"":[""grant"",""medicaid"",""medicare"",""solicitation""],""vendor_entity"":{""matched"":false},""vendor_key"":""unknown""}",https://sam.gov/workspace/contract/opp/d59c560660b147269c63ea56f13d7fec/view;https://api.sam.gov/opportunities/v2/search;https://api.sam.gov/prod/opportunities/v1/noticedesc?noticeid=d59c560660b147269c63ea56f13d7fec,2026-07-26T14:18:11Z
contract-lifecycle-ce8ddc8bc46fca5e,sam_opportunities,c1f08ca8ee7343a0b86db8b1302a80bf,opportunity,opportunity_notice,,,270196,REQUEST FOR INFORMATION (RFI) - Intelligent Coding Assistance Tool,"HEALTH AND HUMAN SERVICES, DEPARTMENT OF",CENTERS FOR MEDICARE AND MEDICAID SERVICES,OFC OF ACQUISITION AND GRANTS MGMT,unknown,,,,false,unknown,open_opportunity,,,,,,25,,,,,medicaid,grant;medicaid;medicare;rfi;sources_sought,100,"{""award_notice"":{""award_amount"":null,""award_date"":"""",""award_number"":"""",""cage_code"":"""",""uei_sam"":"""",""vendor_name"":""""},""gwt_relation"":""unknown"",""join_confidence"":""sam_opportunity_notice"",""join_key"":""solicitation:270196"",""join_keys"":{""piid"":"""",""solicitation_number"":""270196"",""source_record_id"":""c1f08ca8ee7343a0b86db8b1302a80bf""},""missing_fields"":[""piid"",""vendor_name"",""uei_sam"",""award_date"",""period_start_date"",""period_end_date"",""award_amount"",""current_total_value"",""potential_total_value""],""notice_bucket"":""early_signal"",""notice_dates"":{""archive_date"":""2026-09-04"",""due_date"":""2026-08-20"",""posted_date"":""2026-07-22""},""notice_type"":""Sources Sought"",""ptype"":""r"",""source_file"":""data/federal_opportunities.csv"",""source_key"":""sam_opportunities"",""source_keys"":[""sam_opportunities""],""source_lifecycle_status"":""upcoming"",""source_record_id"":""c1f08ca8ee7343a0b86db8b1302a80bf"",""topic_hits"":[""grant"",""medicaid"",""medicare"",""rfi"",""sources_sought""],""vendor_entity"":{""matched"":false},""vendor_key"":""unknown""}",https://sam.gov/workspace/contract/opp/c1f08ca8ee7343a0b86db8b1302a80bf/view;https://api.sam.gov/opportunities/v2/search;https://api.sam.gov/prod/opportunities/v1/noticedesc?noticeid=c1f08ca8ee7343a0b86db8b1302a80bf,2026-07-26T14:18:20Z
contract-lifecycle-c9aef2a9e1bb8869,sam_opportunities,b8f6a765547c4361b203a49d4ea1b26d,opportunity,opportunity_notice,,,36C10B26Q0511,7A20--NEW- Contract Management Solution (CMS)(VA-26-00066426),"VETERANS AFFAIRS, DEPARTMENT OF","VETERANS AFFAIRS, DEPARTMENT OF",TECHNOLOGY ACQUISITION CENTER NJ (36C10B),unknown,,,,false,unknown,open_opportunity,,,,,,55,,,,,medicare,cms;sources_sought,67,"{""award_notice"":{""award_amount"":null,""award_date"":"""",""award_number"":"""",""cage_code"":"""",""uei_sam"":"""",""vendor_name"":""""},""gwt_relation"":""unknown"",""join_confidence"":""sam_opportunity_notice"",""join_key"":""solicitation:36C10B26Q0511"",""join_keys"":{""piid"":"""",""solicitation_number"":""36C10B26Q0511"",""source_record_id"":""b8f6a765547c4361b203a49d4ea1b26d""},""missing_fields"":[""piid"",""vendor_name"",""uei_sam"",""award_date"",""period_start_date"",""period_end_date"",""award_amount"",""current_total_value"",""potential_total_value""],""notice_bucket"":""early_signal"",""notice_dates"":{""archive_date"":""2026-09-19"",""due_date"":"""",""posted_date"":""2026-07-21""},""notice_type"":""Sources Sought"",""ptype"":""r"",""source_file"":""data/federal_opportunities.csv"",""source_key"":""sam_opportunities"",""source_keys"":[""sam_opportunities""],""source_lifecycle_status"":""upcoming"",""source_record_id"":""b8f6a765547c4361b203a49d4ea1b26d"",""topic_hits"":[""cms"",""sources_sought""],""vendor_entity"":{""matched"":false},""vendor_key"":""unknown""}",https://sam.gov/workspace/contract/opp/b8f6a765547c4361b203a49d4ea1b26d/view;https://api.sam.gov/opportunities/v2/search;https://api.sam.gov/prod/opportunities/v1/noticedesc?noticeid=b8f6a765547c4361b203a49d4ea1b26d,2026-07-26T14:18:20Z
contract-lifecycle-48b926a3755a860a,sam_opportunities,dfe85182f54e4ce9a0a05eb49e1eb847,award_notice,award_notice,191BWC26P0059,,FY26r1062052,Human Translation Services,INTERNATIONAL BOUNDARY AND WATER COMMISSION: US-MEXICO,INTERNATIONAL BOUNDARY AND WATER COMMISSION: US-MEXICO,INTERNAT BOUNDARY AND WATER COMM,unknown,LANGUAGERS INC.,FU7UBW4PALD1,,false,unknown,award_notice,2026-07-20,,,,,,125376,125376,125376,125376,medicaid,mmis,49,"{""award_notice"":{""award_amount"":125376,""award_date"":""2026-07-20"",""award_number"":""191BWC26P0059"",""cage_code"":""8CB44"",""uei_sam"":""FU7UBW4PALD1"",""vendor_name"":""LANGUAGERS INC.""},""gwt_relation"":""unknown"",""join_confidence"":""sam_award_notice"",""join_key"":""piid:191BWC26P0059"",""join_keys"":{""piid"":""191BWC26P0059"",""solicitation_number"":""FY26r1062052"",""source_record_id"":""dfe85182f54e4ce9a0a05eb49e1eb847""},""missing_fields"":[""period_start_date"",""period_end_date""],""notice_bucket"":""award_notice"",""notice_dates"":{""archive_date"":""2026-08-20"",""due_date"":"""",""posted_date"":""2026-07-21""},""notice_type"":""Award Notice"",""ptype"":""a"",""source_file"":""data/federal_opportunities.csv"",""source_key"":""sam_opportunities"",""source_keys"":[""sam_opportunities""],""source_lifecycle_status"":""awarded"",""source_record_id"":""dfe85182f54e4ce9a0a05eb49e1eb847"",""topic_hits"":[""mmis""],""vendor_entity"":{""matched"":false},""vendor_key"":""unknown""}",https://sam.gov/workspace/contract/opp/dfe85182f54e4ce9a0a05eb49e1eb847/view;https://api.sam.gov/opportunities/v2/search;https://api.sam.gov/prod/opportunities/v1/noticedesc?noticeid=dfe85182f54e4ce9a0a05eb49e1eb847,2026-07-26T14:18:24Z
contract-lifecycle-1c1b5b5fa5913347,sam_opportunities,4fc632176ba74591b081e03cb41bf391,award_notice,award_notice,31310026A0001,,31310026Q0007,D--GLINDA 2.0 SNCC BPA CALL,NUCLEAR REGULATORY COMMISSION,NUCLEAR REGULATORY COMMISSION,NUCLEAR REGULATORY COMMISSION,unknown,TEKSYNAP CORPORATION,C2T2JWN1D2K4,,false,unknown,award_notice,2026-07-23,,,,,,139923251,139923251,139923251,139923251,medicaid,mmis,57,"{""award_notice"":{""award_amount"":139923251,""award_date"":""2026-07-23"",""award_number"":""31310026A0001"",""cage_code"":""561P9"",""uei_sam"":""C2T2JWN1D2K4"",""vendor_name"":""TEKSYNAP CORPORATION""},""gwt_relation"":""unknown"",""join_confidence"":""sam_award_notice"",""join_key"":""piid:31310026A0001"",""join_keys"":{""piid"":""31310026A0001"",""solicitation_number"":""31310026Q0007"",""source_record_id"":""4fc632176ba74591b081e03cb41bf391""},""missing_fields"":[""period_start_date"",""period_end_date""],""notice_bucket"":""award_notice"",""notice_dates"":{""archive_date"":""2026-08-07"",""due_date"":"""",""posted_date"":""2026-07-23""},""notice_type"":""Award Notice"",""ptype"":""a"",""source_file"":""data/federal_opportunities.csv"",""source_key"":""sam_opportunities"",""source_keys"":[""sam_opportunities""],""source_lifecycle_status"":""awarded"",""source_record_id"":""4fc632176ba74591b081e03cb41bf391"",""topic_hits"":[""mmis""],""vendor_entity"":{""matched"":false},""vendor_key"":""unknown""}",https://sam.gov/workspace/contract/opp/4fc632176ba74591b081e03cb41bf391/view;https://api.sam.gov/opportunities/v2/search;https://api.sam.gov/prod/opportunities/v1/noticedesc?noticeid=4fc632176ba74591b081e03cb41bf391,2026-07-26T14:18:24Z
contract-lifecycle-65ef52eddbe95294,usaspending,CONT_AWD_91003126F0018_9100_91003123D0001_9100,active,task_order,91003126F0018,91003123D0001,,OPERATIONS AND MAINTENANCE (O&M) TASK ORDER FOR STUDENT LOAN SERVICING IN ACCORDANCE WITH THE REQUIREMENTS OF THE USDS CONTRACT. ALL WORK AND DELIVERABLES PROVIDED BY THE USDS SERVICER MUST BE IN ACCORDANCE WITH THE REQUIREMENTS OF THE CONTRACT F,Department of Education,Department of Education,,maximus,MAXIMUS EDUCATION LLC,,maximus,true,competitor,competitor_awarded,,2026-04-01,2033-04-24,2033-04-24,2030-04-24,2464,169185924,169185924,,,unknown,,40,"{""agency"":""Department of Education"",""award_amount"":169185924,""days_until_end"":2464,""gwt_relation"":""competitor"",""join_confidence"":""usaspending_only_no_sam_entity_match"",""join_key"":""piid:91003126F0018"",""join_keys"":{""piid"":""91003126F0018"",""solicitation_number"":"""",""source_record_ids"":[""CONT_AWD_91003126F0018_9100_91003123D0001_9100""]},""matched_keywords"":[],""matched_vendor_alias"":""MAXIMUS FEDERAL SERVICES INC"",""missing_fields"":[""solicitation_number"",""uei_sam"",""award_date"",""potential_total_value""],""missing_join_inputs"":[],""recompete_signal"":""Longer-term contract"",""recompete_window_months"":36,""source_file"":""data/contracts.csv"",""source_key"":""usaspending"",""source_keys"":[""usaspending""],""source_relevance_score"":20,""subagency"":""Department of Education"",""topic_hits"":[],""vendor_entity"":{""matched"":false},""vendor_key"":""maximus""}",https://www.usaspending.gov/search/,2026-07-26T20:22:52Z
contract-lifecycle-f861880331cd0eaf,usaspending,CONT_AWD_V626V85012_3600_VA101049A3BP0015_3600,expired,task_order,V626V85012,VA101049A3BP0015,,HEALTH INSURANCE VERIFICATION SERVICES FOR THE PER,Department of Veterans Affairs,Department of Veterans Affairs,,gainwell_technologies,"HEALTH MANAGEMENT SYSTEMS, INC.",,gainwell_technologies,false,predecessor_alias,incumbent,,2008-05-02,2008-05-02,2008-05-02,2005-05-02,-6659,127550,127550,,,unknown,,9,"{""agency"":""Department of Veterans Affairs"",""award_amount"":127550,""days_until_end"":-6659,""gwt_relation"":""predecessor_alias"",""join_confidence"":""usaspending_only_no_sam_entity_match"",""join_key"":""piid:V626V85012"",""join_keys"":{""piid"":""V626V85012"",""solicitation_number"":"""",""source_record_ids"":[""CONT_AWD_V626V85012_3600_VA101049A3BP0015_3600""]},""matched_keywords"":[],""matched_vendor_alias"":""Health Management Systems Inc"",""missing_fields"":[""solicitation_number"",""uei_sam"",""award_date"",""potential_total_value""],""missing_join_inputs"":[],""recompete_signal"":""Expired/past award"",""recompete_window_months"":36,""source_file"":""data/contracts.csv"",""source_key"":""usaspending"",""source_keys"":[""usaspending""],""source_relevance_score"":4,""subagency"":""Department of Veterans Affairs"",""topic_hits"":[],""vendor_entity"":{""matched"":false},""vendor_key"":""gainwell_technologies""}",https://www.usaspending.gov/search/,2026-07-26T20:22:52Z
contract-lifecycle-4ceb7135a38f0ebf,usaspending,CONT_AWD_DJU4500327251_1540_GS35F4731G_4730,expired,task_order,DJU4500327251,GS35F4731G,,VEHICLE MAINTENANCE INFORMATION SYSTEM SOFTWARE AND LICENSE FOR THREE RIVERS CALL CENTER.,Department of Justice,Federal Prison System / Bureau of Prisons,,maximus,MAXIMUS INC,,maximus,true,competitor,competitor_awarded,,2008-04-22,2008-09-30,2008-09-30,2005-09-30,-6508,50218400,50218400,,,eligibility,contact_center,39,"{""agency"":""Department of Justice"",""award_amount"":50218400,""days_until_end"":-6508,""gwt_relation"":""competitor"",""join_confidence"":""usaspending_only_no_sam_entity_match"",""join_key"":""piid:DJU4500327251"",""join_keys"":{""piid"":""DJU4500327251"",""solicitation_number"":"""",""source_record_ids"":[""CONT_AWD_DJU4500327251_1540_GS35F4731G_4730""]},""matched_keywords"":[],""matched_vendor_alias"":""MAXIMUS FEDERAL SERVICES INC"",""missing_fields"":[""solicitation_number"",""uei_sam"",""award_date"",""potential_total_value""],""missing_join_inputs"":[],""recompete_signal"":""Expired/past award"",""recompete_window_months"":36,""source_file"":""data/contracts.csv"",""source_key"":""usaspending"",""source_keys"":[""usaspending""],""source_relevance_score"":24,""subagency"":""Federal Prison System / Bureau of Prisons"",""topic_hits"":[""contact_center""],""vendor_entity"":{""matched"":false},""vendor_key"":""maximus""}",https://www.usaspending.gov/search/,2026-07-26T20:22:52Z
contract-lifecycle-b0100aadf04a1e31,usaspending,CONT_AWD_V528C86001_3600_VA101049A3BP0015_3600,expired,task_order,V528C86001,VA101049A3BP0015,,INSURANCE VERIFICATION & RE-VERIFICATION,Department of Veterans Affairs,Department of Veterans Affairs,,gainwell_technologies,"HEALTH MANAGEMENT SYSTEMS, INC.",,gainwell_technologies,false,predecessor_alias,incumbent,,2007-10-01,2008-09-30,2008-09-30,2005-09-30,-6508,258000,258000,,,unknown,,15,"{""agency"":""Department of Veterans Affairs"",""award_amount"":258000,""days_until_end"":-6508,""gwt_relation"":""predecessor_alias"",""join_confidence"":""usaspending_only_no_sam_entity_match"",""join_key"":""piid:V528C86001"",""join_keys"":{""piid"":""V528C86001"",""solicitation_number"":"""",""source_record_ids"":[""CONT_AWD_V528C86001_3600_VA101049A3BP0015_3600""]},""matched_keywords"":[],""matched_vendor_alias"":""Health Management Systems Inc"",""missing_fields"":[""solicitation_number"",""uei_sam"",""award_date"",""potential_total_value""],""missing_join_inputs"":[],""recompete_signal"":""Expired/past award"",""recompete_window_months"":36,""source_file"":""data/contracts.csv"",""source_key"":""usaspending"",""source_keys"":[""usaspending""],""source_relevance_score"":10,""subagency"":""Department of Veterans Affairs"",""topic_hits"":[],""vendor_entity"":{""matched"":false},""vendor_key"":""gainwell_technologies""}",https://www.usaspending.gov/search/,2026-07-26T20:22:52Z
contract-lifecycle-44b2946ca83a15f2,usaspending,CONT_AWD_V673C80189_3600_VA101049A3BP0015_3600,expired,task_order,V673C80189,VA101049A3BP0015,,SERVICE TIMEFRAME: 10/01/07 THRU 09/30/08 @ $14.7,Department of Veterans Affairs,Department of Veterans Affairs,,gainwell_technologies,"HEALTH MANAGEMENT SYSTEMS, INC.",,gainwell_technologies,false,predecessor_alias,incumbent,,2007-10-01,2008-09-30,2008-09-30,2005-09-30,-6508,190840,190840,,,unknown,,9,"{""agency"":""Department of Veterans Affairs"",""award_amount"":190840,""days_until_end"":-6508,""gwt_relation"":""predecessor_alias"",""join_confidence"":""usaspending_only_no_sam_entity_match"",""join_key"":""piid:V673C80189"",""join_keys"":{""piid"":""V673C80189"",""solicitation_number"":"""",""source_record_ids"":[""CONT_AWD_V673C80189_3600_VA101049A3BP0015_3600""]},""matched_keywords"":[],""matched_vendor_alias"":""Health Management Systems Inc"",""missing_fields"":[""solicitation_number"",""uei_sam"",""award_date"",""potential_total_value""],""missing_join_inputs"":[],""recompete_signal"":""Expired/past award"",""recompete_window_months"":36,""source_file"":""data/contracts.csv"",""source_key"":""usaspending"",""source_keys"":[""usaspending""],""source_relevance_score"":4,""subagency"":""Department of Veterans Affairs"",""topic_hits"":[],""vendor_entity"":{""matched"":false},""vendor_key"":""gainwell_technologies""}",https://www.usaspending.gov/search/,2026-07-26T20:22:52Z
contract-lifecycle-d8a96e3223b834c5,usaspending,CONT_AWD_V607C80038_3600_VA101049A3BP0015_3600,expired,task_order,V607C80038,VA101049A3BP0015,,VENDOR TO CAPTURE NEW INSURANCE FROM POPULATION RE,Department of Veterans Affairs,Department of Veterans Affairs,,gainwell_technologies,"HEALTH MANAGEMENT SYSTEMS, INC.",,gainwell_technologies,false,predecessor_alias,incumbent,,2007-10-01,2008-09-30,2008-09-30,2005-09-30,-6508,120000,120000,,,unknown,,9,"{""agency"":""Department of Veterans Affairs"",""award_amount"":120000,""days_until_end"":-6508,""gwt_relation"":""predecessor_alias"",""join_confidence"":""usaspending_only_no_sam_entity_match"",""join_key"":""piid:V607C80038"",""join_keys"":{""piid"":""V607C80038"",""solicitation_number"":"""",""source_record_ids"":[""CONT_AWD_V607C80038_3600_VA101049A3BP0015_3600""]},""matched_keywords"":[],""matched_vendor_alias"":""Health Management Systems Inc"",""missing_fields"":[""solicitation_number"",""uei_sam"",""award_date"",""potential_total_value""],""missing_join_inputs"":[],""recompete_signal"":""Expired/past award"",""recompete_window_months"":36,""source_file"":""data/contracts.csv"",""source_key"":""usaspending"",""source_keys"":[""usaspending""],""source_relevance_score"":4,""subagency"":""Department of Veterans Affairs"",""topic_hits"":[],""vendor_entity"":{""matched"":false},""vendor_key"":""gainwell_technologies""}",https://www.usaspending.gov/search/,2026-07-26T20:22:52Z
contract-lifecycle-fb977e7de6ee61f7,usaspending,CONT_AWD_V626V95004_3600_VA101049A3BP0015_3600,expired,task_order,V626V95004,VA101049A3BP0015,,SMALL PURCHASE DATA,Department of Veterans Affairs,Department of Veterans Affairs,,gainwell_technologies,"HEALTH MANAGEMENT SYSTEMS, INC.",,gainwell_technologies,false,predecessor_alias,incumbent,,2008-10-01,2008-10-01,2008-10-01,2005-10-01,-6507,161000,161000,,,unknown,,9,"{""agency"":""Department of Veterans Affairs"",""award_amount"":161000,""days_until_end"":-6507,""gwt_relation"":""predecessor_alias"",""join_confidence"":""usaspending_only_no_sam_entity_match"",""join_key"":""piid:V626V95004"",""join_keys"":{""piid"":""V626V95004"",""solicitation_number"":"""",""source_record_ids"":[""CONT_AWD_V626V95004_3600_VA101049A3BP0015_3600""]},""matched_keywords"":[],""matched_vendor_alias"":""Health Management Systems Inc"",""missing_fields"":[""solicitation_number"",""uei_sam"",""award_date"",""potential_total_value""],""missing_join_inputs"":[],""recompete_signal"":""Expired/past award"",""recompete_window_months"":36,""source_file"":""data/contracts.csv"",""source_key"":""usaspending"",""source_keys"":[""usaspending""],""source_relevance_score"":4,""subagency"":""Department of Veterans Affairs"",""topic_hits"":[],""vendor_entity"":{""matched"":false},""vendor_key"":""gainwell_technologies""}",https://www.usaspending.gov/search/,2026-07-26T20:22:52Z
contract-lifecycle-19de3b242c25cb29,usaspending,CONT_AWD_V607C90086_3600_VA101049A3BP0015_3600,expired,task_order,V607C90086,VA101049A3BP0015,,SMALL PURCHASE DATA,Department of Veterans Affairs,Department of Veterans Affairs,,gainwell_technologies,"HEALTH MANAGEMENT SYSTEMS, INC.",,gainwell_technologies,false,predecessor_alias,incumbent,,2008-10-07,2008-10-07,2008-10-07,2005-10-07,-6501,255000,255000,,,unknown,,15,"{""agency"":""Department of Veterans Affairs"",""award_amount"":255000,""days_until_end"":-6501,""gwt_relation"":""predecessor_alias"",""join_confidence"":""usaspending_only_no_sam_entity_match"",""join_key"":""piid:V607C90086"",""join_keys"":{""piid"":""V607C90086"",""solicitation_number"":"""",""source_record_ids"":[""CONT_AWD_V607C90086_3600_VA101049A3BP0015_3600""]},""matched_keywords"":[],""matched_vendor_alias"":""Health Management Systems Inc"",""missing_fields"":[""solicitation_number"",""uei_sam"",""award_date"",""potential_total_value""],""missing_join_inputs"":[],""recompete_signal"":""Expired/past award"",""recompete_window_months"":36,""source_file"":""data/contracts.csv"",""source_key"":""usaspending"",""source_keys"":[""usaspending""],""source_relevance_score"":10,""subagency"":""Department of Veterans Affairs"",""topic_hits"":[],""vendor_entity"":{""matched"":false},""vendor_key"":""gainwell_technologies""}",https://www.usaspending.gov/search/,2026-07-26T20:22:52Z
contract-lifecycle-a45a3823c42e9cd6,usaspending,CONT_AWD_V549C90269_3600_GS23F0150R_4730,expired,task_order,V549C90269,GS23F0150R,,HEALTH MANAGEMENT - INSURANCE VERIFICATION,Department of Veterans Affairs,Department of Veterans Affairs,,gainwell_technologies,"HEALTH MANAGEMENT SYSTEMS, INC.",,gainwell_technologies,false,predecessor_alias,incumbent,,2008-09-30,2009-05-29,2009-05-29,2006-05-29,-6267,139500,139500,,,unknown,,9,"{""agency"":""Department of Veterans Affairs"",""award_amount"":139500,""days_until_end"":-6267,""gwt_relation"":""predecessor_alias"",""join_confidence"":""usaspending_only_no_sam_entity_match"",""join_key"":""piid:V549C90269"",""join_keys"":{""piid"":""V549C90269"",""solicitation_number"":"""",""source_record_ids"":[""CONT_AWD_V549C90269_3600_GS23F0150R_4730""]},""matched_keywords"":[],""matched_vendor_alias"":""Health Management Systems Inc"",""missing_fields"":[""solicitation_number"",""uei_sam"",""award_date"",""potential_total_value""],""missing_join_inputs"":[],""recompete_signal"":""Expired/past award"",""recompete_window_months"":36,""source_file"":""data/contracts.csv"",""source_key"":""usaspending"",""source_keys"":[""usaspending""],""source_relevance_score"":4,""subagency"":""Department of Veterans Affairs"",""topic_hits"":[],""vendor_entity"":{""matched"":false},""vendor_key"":""gainwell_technologies""}",https://www.usaspending.gov/search/,2026-07-26T20:22:52Z
contract-lifecycle-85ffd4801b6b2286,usaspending,CONT_AWD_VA673C90078_3600_VA101049A3BP0015_3600,expired,task_order,VA673C90078,VA101049A3BP0015,,INSURANCE VERIFICATION FOR THE PERIOD 101/08 - 5/31/09,Department of Veterans Affairs,Department of Veterans Affairs,,gainwell_technologies,"HEALTH MANAGEMENT SYSTEMS, INC.",,gainwell_technologies,false,predecessor_alias,incumbent,,2008-10-01,2009-05-31,2009-05-31,2006-05-31,-6265,128192,128192,,,unknown,,9,"{""agency"":""Department of Veterans Affairs"",""award_amount"":128192,""days_until_end"":-6265,""gwt_relation"":""predecessor_alias"",""join_confidence"":""usaspending_only_no_sam_entity_match"",""join_key"":""piid:VA673C90078"",""join_keys"":{""piid"":""VA673C90078"",""solicitation_number"":"""",""source_record_ids"":[""CONT_AWD_VA673C90078_3600_VA101049A3BP0015_3600""]},""matched_keywords"":[],""matched_vendor_alias"":""Health Management Systems Inc"",""missing_fields"":[""solicitation_number"",""uei_sam"",""award_date"",""potential_total_value""],""missing_join_inputs"":[],""recompete_signal"":""Expired/past award"",""recompete_window_months"":36,""source_file"":""data/contracts.csv"",""source_key"":""usaspending"",""source_keys"":[""usaspending""],""source_relevance_score"":4,""subagency"":""Department of Veterans Affairs"",""topic_hits"":[],""vendor_entity"":{""matched"":false},""vendor_key"":""gainwell_technologies""}",https://www.usaspending.gov/search/,2026-07-26T20:22:52Z
contract-lifecycle-263e1bf0ba4b3dd7,usaspending,CONT_AWD_VA528C90274_3600_GS23F0150R_4730,expired,task_order,VA528C90274,GS23F0150R,,INSURANCE IDENTIFICATION SERVICES - VISN,Department of Veterans Affairs,Department of Veterans Affairs,,gainwell_technologies,"HEALTH MANAGEMENT SYSTEMS, INC.",,gainwell_technologies,false,predecessor_alias,incumbent,,2008-10-01,2009-09-30,2009-09-30,2006-09-30,-6143,310000,310000,,,unknown,,15,"{""agency"":""Department of Veterans Affairs"",""award_amount"":310000,""days_until_end"":-6143,""gwt_relation"":""predecessor_alias"",""join_confidence"":""usaspending_only_no_sam_entity_match"",""join_key"":""piid:VA528C90274"",""join_keys"":{""piid"":""VA528C90274"",""solicitation_number"":"""",""source_record_ids"":[""CONT_AWD_VA528C90274_3600_GS23F0150R_4730""]},""matched_keywords"":[],""matched_vendor_alias"":""Health Management Systems Inc"",""missing_fields"":[""solicitation_number"",""uei_sam"",""award_date"",""potential_total_value""],""missing_join_inputs"":[],""recompete_signal"":""Expired/past award"",""recompete_window_months"":36,""source_file"":""data/contracts.csv"",""source_key"":""usaspending"",""source_keys"":[""usaspending""],""source_relevance_score"":10,""subagency"":""Department of Veterans Affairs"",""topic_hits"":[],""vendor_entity"":{""matched"":false},""vendor_key"":""gainwell_technologies""}",https://www.usaspending.gov/search/,2026-07-26T20:22:52Z
contract-lifecycle-77ed50b8421bcd90,usaspending,CONT_AWD_V528C90274_3600_GS23F0150R_4730,expired,task_order,V528C90274,GS23F0150R,,INSURANCE IDENTIFICATION SERVICES,Department of Veterans Affairs,Department of Veterans Affairs,,gainwell_technologies,"HEALTH MANAGEMENT SYSTEMS, INC.",,gainwell_technologies,false,predecessor_alias,incumbent,,2008-12-18,2009-09-30,2009-09-30,2006-09-30,-6143,300000,300000,,,unknown,,15,"{""agency"":""Department of Veterans Affairs"",""award_amount"":300000,""days_until_end"":-6143,""gwt_relation"":""predecessor_alias"",""join_confidence"":""usaspending_only_no_sam_entity_match"",""join_key"":""piid:V528C90274"",""join_keys"":{""piid"":""V528C90274"",""solicitation_number"":"""",""source_record_ids"":[""CONT_AWD_V528C90274_3600_GS23F0150R_4730""]},""matched_keywords"":[],""matched_vendor_alias"":""Health Management Systems Inc"",""missing_fields"":[""solicitation_number"",""uei_sam"",""award_date"",""potential_total_value""],""missing_join_inputs"":[],""recompete_signal"":""Expired/past award"",""recompete_window_months"":36,""source_file"":""data/contracts.csv"",""source_key"":""usaspending"",""source_keys"":[""usaspending""],""source_relevance_score"":10,""subagency"":""Department of Veterans Affairs"",""topic_hits"":[],""vendor_entity"":{""matched"":false},""vendor_key"":""gainwell_technologies""}",https://www.usaspending.gov/search/,2026-07-26T20:22:52Z
contract-lifecycle-04644872cc22914a,usaspending,CONT_AWD_V671C90152_3600_VA101049A3BP0015_3600,expired,task_order,V671C90152,VA101049A3BP0015,,SERVICE,Department of Veterans Affairs,Department of Veterans Affairs,,gainwell_technologies,"HEALTH MANAGEMENT SYSTEMS, INC.",,gainwell_technologies,false,predecessor_alias,incumbent,,2008-10-01,2009-09-30,2009-09-30,2006-09-30,-6143,180000,180000,,,unknown,,9,"{""agency"":""Department of Veterans Affairs"",""award_amount"":180000,""days_until_end"":-6143,""gwt_relation"":""predecessor_alias"",""join_confidence"":""usaspending_only_no_sam_entity_match"",""join_key"":""piid:V671C90152"",""join_keys"":{""piid"":""V671C90152"",""solicitation_number"":"""",""source_record_ids"":[""CONT_AWD_V671C90152_3600_VA101049A3BP0015_3600""]},""matched_keywords"":[],""matched_vendor_alias"":""Health Management Systems Inc"",""missing_fields"":[""solicitation_number"",""uei_sam"",""award_date"",""potential_total_value""],""missing_join_inputs"":[],""recompete_signal"":""Expired/past award"",""recompete_window_months"":36,""source_file"":""data/contracts.csv"",""source_key"":""usaspending"",""source_keys"":[""usaspending""],""source_relevance_score"":4,""subagency"":""Department of Veterans Affairs"",""topic_hits"":[],""vendor_entity"":{""matched"":false},""vendor_key"":""gainwell_technologies""}",https://www.usaspending.gov/search/,2026-07-26T20:22:52Z
contract-lifecycle-0a3c988f7cbcb882,usaspending,CONT_AWD_VA663C90013_3600_VA261BP0054_3600,expired,task_order,VA663C90013,VA261BP0054,,VA663-C90013 | VA261BP0054 | HEALTH INSURANCE IDENTIFICATION SERVICE | HEALTH MANAGEMENT SYSTEMS | 663,Department of Veterans Affairs,Department of Veterans Affairs,,gainwell_technologies,"HEALTH MANAGEMENT SYSTEMS, INC.",,gainwell_technologies,false,predecessor_alias,incumbent,,2009-01-26,2009-09-30,2009-09-30,2006-09-30,-6143,167760,167760,,,unknown,,9,"{""agency"":""Department of Veterans Affairs"",""award_amount"":167760,""days_until_end"":-6143,""gwt_relation"":""predecessor_alias"",""join_confidence"":""usaspending_only_no_sam_entity_match"",""join_key"":""piid:VA663C90013"",""join_keys"":{""piid"":""VA663C90013"",""solicitation_number"":"""",""source_record_ids"":[""CONT_AWD_VA663C90013_3600_VA261BP0054_3600""]},""matched_keywords"":[],""matched_vendor_alias"":""Health Management Systems Inc"",""missing_fields"":[""solicitation_number"",""uei_sam"",""award_date"",""potential_total_value""],""missing_join_inputs"":[],""recompete_signal"":""Expired/past award"",""recompete_window_months"":36,""source_file"":""data/contracts.csv"",""source_key"":""usaspending"",""source_keys"":[""usaspending""],""source_relevance_score"":4,""subagency"":""Department of Veterans Affairs"",""topic_hits"":[],""vendor_entity"":{""matched"":false},""vendor_key"":""gainwell_technologies""}",https://www.usaspending.gov/search/,2026-07-26T20:22:52Z
contract-lifecycle-018e9175549c045a,usaspending,CONT_AWD_V663C90013_3600_VA261BP0054_3600,expired,task_order,V663C90013,VA261BP0054,,SMALL PURCHASE DATA,Department of Veterans Affairs,Department of Veterans Affairs,,gainwell_technologies,"HEALTH MANAGEMENT SYSTEMS, INC.",,gainwell_technologies,false,predecessor_alias,incumbent,,2008-10-01,2009-09-30,2009-09-30,2006-09-30,-6143,167760,167760,,,unknown,,9,"{""agency"":""Department of Veterans Affairs"",""award_amount"":167760,""days_until_end"":-6143,""gwt_relation"":""predecessor_alias"",""join_confidence"":""usaspending_only_no_sam_entity_match"",""join_key"":""piid:V663C90013"",""join_keys"":{""piid"":""V663C90013"",""solicitation_number"":"""",""source_record_ids"":[""CONT_AWD_V663C90013_3600_VA261BP0054_3600""]},""matched_keywords"":[],""matched_vendor_alias"":""Health Management Systems Inc"",""missing_fields"":[""solicitation_number"",""uei_sam"",""award_date"",""potential_total_value""],""missing_join_inputs"":[],""recompete_signal"":""Expired/past award"",""recompete_window_months"":36,""source_file"":""data/contracts.csv"",""source_key"":""usaspending"",""source_keys"":[""usaspending""],""source_relevance_score"":4,""subagency"":""Department of Veterans Affairs"",""topic_hits"":[],""vendor_entity"":{""matched"":false},""vendor_key"":""gainwell_technologies""}",https://www.usaspending.gov/search/,2026-07-26T20:22:52Z
contract-lifecycle-37f7d6fa420ad447,usaspending,CONT_AWD_VA644C90118_3600_VA261BP0054_3600,expired,task_order,VA644C90118,VA261BP0054,,THIRD PARTY INSURANCE IDENTIFICATION AND VERIFICATION SERVICES,Department of Veterans Affairs,Department of Veterans Affairs,,gainwell_technologies,"HEALTH MANAGEMENT SYSTEMS, INC.",,gainwell_technologies,false,predecessor_alias,incumbent,,2008-10-01,2009-09-30,2009-09-30,2006-09-30,-6143,130273,130273,,,unknown,,9,"{""agency"":""Department of Veterans Affairs"",""award_amount"":130273,""days_until_end"":-6143,""gwt_relation"":""predecessor_alias"",""join_confidence"":""usaspending_only_no_sam_entity_match"",""join_key"":""piid:VA644C90118"",""join_keys"":{""piid"":""VA644C90118"",""solicitation_number"":"""",""source_record_ids"":[""CONT_AWD_VA644C90118_3600_VA261BP0054_3600""]},""matched_keywords"":[],""matched_vendor_alias"":""Health Management Systems Inc"",""missing_fields"":[""solicitation_number"",""uei_sam"",""award_date"",""potential_total_value""],""missing_join_inputs"":[],""recompete_signal"":""Expired/past award"",""recompete_window_months"":36,""source_file"":""data/contracts.csv"",""source_key"":""usaspending"",""source_keys"":[""usaspending""],""source_relevance_score"":4,""subagency"":""Department of Veterans Affairs"",""topic_hits"":[],""vendor_entity"":{""matched"":false},""vendor_key"":""gainwell_technologies""}",https://www.usaspending.gov/search/,2026-07-26T20:22:52Z
contract-lifecycle-03c54c75f1a27807,usaspending,CONT_AWD_V580C90160_3600_GS23F0150R_4730,expired,task_order,V580C90160,GS23F0150R,,INSURANCE IDENTIFICATION AND VERFICATION,Department of Veterans Affairs,Department of Veterans Affairs,,gainwell_technologies,"HEALTH MANAGEMENT SYSTEMS, INC.",,gainwell_technologies,false,predecessor_alias,incumbent,,2008-10-01,2009-09-30,2009-09-30,2006-09-30,-6143,97450,97450,,,unknown,,9,"{""agency"":""Department of Veterans Affairs"",""award_amount"":97450,""days_until_end"":-6143,""gwt_relation"":""predecessor_alias"",""join_confidence"":""usaspending_only_no_sam_entity_match"",""join_key"":""piid:V580C90160"",""join_keys"":{""piid"":""V580C90160"",""solicitation_number"":"""",""source_record_ids"":[""CONT_AWD_V580C90160_3600_GS23F0150R_4730""]},""matched_keywords"":[],""matched_vendor_alias"":""Health Management Systems Inc"",""missing_fields"":[""solicitation_number"",""uei_sam"",""award_date"",""potential_total_value""],""missing_join_inputs"":[],""recompete_signal"":""Expired/past award"",""recompete_window_months"":36,""source_file"":""data/contracts.csv"",""source_key"":""usaspending"",""source_keys"":[""usaspending""],""source_relevance_score"":4,""subagency"":""Department of Veterans Affairs"",""topic_hits"":[],""vendor_entity"":{""matched"":false},""vendor_key"":""gainwell_technologies""}",https://www.usaspending.gov/search/,2026-07-26T20:22:52Z
contract-lifecycle-71bf0b3dd3918bfb,usaspending,CONT_AWD_V528C06006_3600_GS23F0150R_4730,expired,task_order,V528C06006,GS23F0150R,,INSURANCE IDENTIFICATION SERVICES,Department of Veterans Affairs,Department of Veterans Affairs,,gainwell_technologies,"HEALTH MANAGEMENT SYSTEMS, INC.",,gainwell_technologies,false,predecessor_alias,incumbent,,2009-10-01,2010-03-31,2010-03-31,2007-03-31,-5961,93999,93999,,,unknown,,9,"{""agency"":""Department of Veterans Affairs"",""award_amount"":93999,""days_until_end"":-5961,""gwt_relation"":""predecessor_alias"",""join_confidence"":""usaspending_only_no_sam_entity_match"",""join_key"":""piid:V528C06006"",""join_keys"":{""piid"":""V528C06006"",""solicitation_number"":"""",""source_record_ids"":[""CONT_AWD_V528C06006_3600_GS23F0150R_4730""]},""matched_keywords"":[],""matched_vendor_alias"":""Health Management Systems Inc"",""missing_fields"":[""solicitation_number"",""uei_sam"",""award_date"",""potential_total_value""],""missing_join_inputs"":[],""recompete_signal"":""Expired/past award"",""recompete_window_months"":36,""source_file"":""data/contracts.csv"",""source_key"":""usaspending"",""source_keys"":[""usaspending""],""source_relevance_score"":4,""subagency"":""Department of Veterans Affairs"",""topic_hits"":[],""vendor_entity"":{""matched"":false},""vendor_key"":""gainwell_technologies""}",https://www.usaspending.gov/search/,2026-07-26T20:22:52Z
contract-lifecycle-f0348d2832fc3fb4,usaspending,CONT_AWD_V673C90556_3600_VA741BP0007_3600,expired,task_order,V673C90556,VA741BP0007,,2ND FY09 IDENTIFIER USED TO COINCIDE W/NEW GSA CONTRACT'S PERIOD OF PERFORMANCE AND NEW VA BPA NO. VA741-BP-0007. NEW GSA FSS CONTRACT NO. GS-23F-0150R.,Department of Veterans Affairs,Department of Veterans Affairs,,gainwell_technologies,"HEALTH MANAGEMENT SYSTEMS, INC.",,gainwell_technologies,false,predecessor_alias,incumbent,,2009-06-01,2010-05-31,2010-05-31,2007-05-31,-5900,562292,562292,,,unknown,,15,"{""agency"":""Department of Veterans Affairs"",""award_amount"":562292,""days_until_end"":-5900,""gwt_relation"":""predecessor_alias"",""join_confidence"":""usaspending_only_no_sam_entity_match"",""join_key"":""piid:V673C90556"",""join_keys"":{""piid"":""V673C90556"",""solicitation_number"":"""",""source_record_ids"":[""CONT_AWD_V673C90556_3600_VA741BP0007_3600""]},""matched_keywords"":[],""matched_vendor_alias"":""Health Management Systems Inc"",""missing_fields"":[""solicitation_number"",""uei_sam"",""award_date"",""potential_total_value""],""missing_join_inputs"":[],""recompete_signal"":""Expired/past award"",""recompete_window_months"":36,""source_file"":""data/contracts.csv"",""source_key"":""usaspending"",""source_keys"":[""usaspending""],""source_relevance_score"":10,""subagency"":""Department of Veterans Affairs"",""topic_hits"":[],""vendor_entity"":{""matched"":false},""vendor_key"":""gainwell_technologies""}",https://www.usaspending.gov/search/,2026-07-26T20:22:52Z
contract-lifecycle-ef01e5e5ff582885,usaspending,CONT_AWD_VA673C90556_3600_VA741BP0007_3600,expired,task_order,VA673C90556,VA741BP0007,,INSURANCE VERIFICATION FOR THE PERIOD 6/1/09 THRU 5/31/10,Department of Veterans Affairs,Department of Veterans Affairs,,gainwell_technologies,"HEALTH MANAGEMENT SYSTEMS, INC.",,gainwell_technologies,false,predecessor_alias,incumbent,,2009-06-01,2010-05-31,2010-05-31,2007-05-31,-5900,124652,124652,,,unknown,,9,"{""agency"":""Department of Veterans Affairs"",""award_amount"":124652,""days_until_end"":-5900,""gwt_relation"":""predecessor_alias"",""join_confidence"":""usaspending_only_no_sam_entity_match"",""join_key"":""piid:VA673C90556"",""join_keys"":{""piid"":""VA673C90556"",""solicitation_number"":"""",""source_record_ids"":[""CONT_AWD_VA673C90556_3600_VA741BP0007_3600""]},""matched_keywords"":[],""matched_vendor_alias"":""Health Management Systems Inc"",""missing_fields"":[""solicitation_number"",""uei_sam"",""award_date"",""potential_total_value""],""missing_join_inputs"":[],""recompete_signal"":""Expired/past award"",""recompete_window_months"":36,""source_file"":""data/contracts.csv"",""source_key"":""usaspending"",""source_keys"":[""usaspending""],""source_relevance_score"":4,""subagency"":""Department of Veterans Affairs"",""topic_hits"":[],""vendor_entity"":{""matched"":false},""vendor_key"":""gainwell_technologies""}",https://www.usaspending.gov/search/,2026-07-26T20:22:52Z
contract-lifecycle-00d5a05c38729a7e,usaspending,CONT_AWD_VA255589KC9704_3600_VA741BP0011_3600,expired,task_order,VA255589KC9704,VA741BP0011,,BPA INSURANCE ID FOR VISN 15 ALL FACILITIES ONE PO 589-KC9704,Department of Veterans Affairs,Department of Veterans Affairs,,gainwell_technologies,"HEALTH MANAGEMENT SYSTEMS, INC.",,gainwell_technologies,false,predecessor_alias,incumbent,,2009-07-01,2010-06-30,2010-06-30,2007-06-30,-5870,141505,141505,,,unknown,,9,"{""agency"":""Department of Veterans Affairs"",""award_amount"":141505,""days_until_end"":-5870,""gwt_relation"":""predecessor_alias"",""join_confidence"":""usaspending_only_no_sam_entity_match"",""join_key"":""piid:VA255589KC9704"",""join_keys"":{""piid"":""VA255589KC9704"",""solicitation_number"":"""",""source_record_ids"":[""CONT_AWD_VA255589KC9704_3600_VA741BP0011_3600""]},""matched_keywords"":[],""matched_vendor_alias"":""Health Management Systems Inc"",""missing_fields"":[""solicitation_number"",""uei_sam"",""award_date"",""potential_total_value""],""missing_join_inputs"":[],""recompete_signal"":""Expired/past award"",""recompete_window_months"":36,""source_file"":""data/contracts.csv"",""source_key"":""usaspending"",""source_keys"":[""usaspending""],""source_relevance_score"":4,""subagency"":""Department of Veterans Affairs"",""topic_hits"":[],""vendor_entity"":{""matched"":false},""vendor_key"":""gainwell_technologies""}",https://www.usaspending.gov/search/,2026-07-26T20:22:52Z
contract-lifecycle-162a8147541ab9a0,usaspending,CONT_AWD_VA730C00037_3600_GS23F0150R_4730,expired,task_order,VA730C00037,GS23F0150R,,INSURANCE IDENTIFICATION FOR MACPAC,Department of Veterans Affairs,Department of Veterans Affairs,,gainwell_technologies,"HEALTH MANAGEMENT SYSTEMS, INC.",,gainwell_technologies,false,predecessor_alias,incumbent,,2010-04-01,2010-09-30,2010-09-30,2007-09-30,-5778,400000,400000,,,unknown,,15,"{""agency"":""Department of Veterans Affairs"",""award_amount"":400000,""days_until_end"":-5778,""gwt_relation"":""predecessor_alias"",""join_confidence"":""usaspending_only_no_sam_entity_match"",""join_key"":""piid:VA730C00037"",""join_keys"":{""piid"":""VA730C00037"",""solicitation_number"":"""",""source_record_ids"":[""CONT_AWD_VA730C00037_3600_GS23F0150R_4730""]},""matched_keywords"":[],""matched_vendor_alias"":""Health Management Systems Inc"",""missing_fields"":[""solicitation_number"",""uei_sam"",""award_date"",""potential_total_value""],""missing_join_inputs"":[],""recompete_signal"":""Expired/past award"",""recompete_window_months"":36,""source_file"":""data/contracts.csv"",""source_key"":""usaspending"",""source_keys"":[""usaspending""],""source_relevance_score"":10,""subagency"":""Department of Veterans Affairs"",""topic_hits"":[],""vendor_entity"":{""matched"":false},""vendor_key"":""gainwell_technologies""}",https://www.usaspending.gov/search/,2026-07-26T20:22:52Z
contract-lifecycle-8bcc8cbcae4092b0,usaspending,CONT_AWD_VA731C00006_3600_VA741BP0007_3600,expired,task_order,VA731C00006,VA741BP0007,,IDENTIFY BILLABLE 3RD PARTY INSURANCE.,Department of Veterans Affairs,Department of Veterans Affairs,,gainwell_technologies,"HEALTH MANAGEMENT SYSTEMS, INC.",,gainwell_technologies,false,predecessor_alias,incumbent,,2009-10-01,2010-09-30,2010-09-30,2007-09-30,-5778,145200,145200,,,unknown,,9,"{""agency"":""Department of Veterans Affairs"",""award_amount"":145200,""days_until_end"":-5778,""gwt_relation"":""predecessor_alias"",""join_confidence"":""usaspending_only_no_sam_entity_match"",""join_key"":""piid:VA731C00006"",""join_keys"":{""piid"":""VA731C00006"",""solicitation_number"":"""",""source_record_ids"":[""CONT_AWD_VA731C00006_3600_VA741BP0007_3600""]},""matched_keywords"":[],""matched_vendor_alias"":""Health Management Systems Inc"",""missing_fields"":[""solicitation_number"",""uei_sam"",""award_date"",""potential_total_value""],""missing_join_inputs"":[],""recompete_signal"":""Expired/past award"",""recompete_window_months"":36,""source_file"":""data/contracts.csv"",""source_key"":""usaspending"",""source_keys"":[""usaspending""],""source_relevance_score"":4,""subagency"":""Department of Veterans Affairs"",""topic_hits"":[],""vendor_entity"":{""matched"":false},""vendor_key"":""gainwell_technologies""}",https://www.usaspending.gov/search/,2026-07-26T20:22:52Z
contract-lifecycle-ee3acd13a67ad2ae,usaspending,CONT_AWD_V549C00179_3600_GS23F0150R_4730,expired,task_order,V549C00179,GS23F0150R,,INSURANCE VERIFICATION,Department of Veterans Affairs,Department of Veterans Affairs,,gainwell_technologies,"HEALTH MANAGEMENT SYSTEMS, INC.",,gainwell_technologies,false,predecessor_alias,incumbent,,2009-10-01,2010-09-30,2010-09-30,2007-09-30,-5778,139950,139950,,,unknown,,9,"{""agency"":""Department of Veterans Affairs"",""award_amount"":139950,""days_until_end"":-5778,""gwt_relation"":""predecessor_alias"",""join_confidence"":""usaspending_only_no_sam_entity_match"",""join_key"":""piid:V549C00179"",""join_keys"":{""piid"":""V549C00179"",""solicitation_number"":"""",""source_record_ids"":[""CONT_AWD_V549C00179_3600_GS23F0150R_4730""]},""matched_keywords"":[],""matched_vendor_alias"":""Health Management Systems Inc"",""missing_fields"":[""solicitation_number"",""uei_sam"",""award_date"",""potential_total_value""],""missing_join_inputs"":[],""recompete_signal"":""Expired/past award"",""recompete_window_months"":36,""source_file"":""data/contracts.csv"",""source_key"":""usaspending"",""source_keys"":[""usaspending""],""source_relevance_score"":4,""subagency"":""Department of Veterans Affairs"",""topic_hits"":[],""vendor_entity"":{""matched"":false},""vendor_key"":""gainwell_technologies""}",https://www.usaspending.gov/search/,2026-07-26T20:22:52Z
contract-lifecycle-a124f3faed495c7d,usaspending,CONT_AWD_VA618C00044_3600_VA101049A3BP0015_3600,expired,task_order,VA618C00044,VA101049A3BP0015,,NEW INSURANCE VERIFICATION,Department of Veterans Affairs,Department of Veterans Affairs,,gainwell_technologies,"HEALTH MANAGEMENT SYSTEMS, INC.",,gainwell_technologies,false,predecessor_alias,incumbent,,2009-10-01,2010-09-30,2010-09-30,2007-09-30,-5778,120000,120000,,,unknown,,9,"{""agency"":""Department of Veterans Affairs"",""award_amount"":120000,""days_until_end"":-5778,""gwt_relation"":""predecessor_alias"",""join_confidence"":""usaspending_only_no_sam_entity_match"",""join_key"":""piid:VA618C00044"",""join_keys"":{""piid"":""VA618C00044"",""solicitation_number"":"""",""source_record_ids"":[""CONT_AWD_VA618C00044_3600_VA101049A3BP0015_3600""]},""matched_keywords"":[],""matched_vendor_alias"":""Health Management Systems Inc"",""missing_fields"":[""solicitation_number"",""uei_sam"",""award_date"",""potential_total_value""],""missing_join_inputs"":[],""recompete_signal"":""Expired/past award"",""recompete_window_months"":36,""source_file"":""data/contracts.csv"",""source_key"":""usaspending"",""source_keys"":[""usaspending""],""source_relevance_score"":4,""subagency"":""Department of Veterans Affairs"",""topic_hits"":[],""vendor_entity"":{""matched"":false},""vendor_key"":""gainwell_technologies""}",https://www.usaspending.gov/search/,2026-07-26T20:22:52Z
contract-lifecycle-3b7e012f5909ccb1,usaspending,CONT_AWD_VA671C00276_3600_VA741BP0009_3600,expired,task_order,VA671C00276,VA741BP0009,,SERVICE,Department of Veterans Affairs,Department of Veterans Affairs,,gainwell_technologies,"HEALTH MANAGEMENT SYSTEMS, INC.",,gainwell_technologies,false,predecessor_alias,incumbent,,2009-10-01,2010-09-30,2010-09-30,2007-09-30,-5778,119000,119000,,,unknown,,9,"{""agency"":""Department of Veterans Affairs"",""award_amount"":119000,""days_until_end"":-5778,""gwt_relation"":""predecessor_alias"",""join_confidence"":""usaspending_only_no_sam_entity_match"",""join_key"":""piid:VA671C00276"",""join_keys"":{""piid"":""VA671C00276"",""solicitation_number"":"""",""source_record_ids"":[""CONT_AWD_VA671C00276_3600_VA741BP0009_3600""]},""matched_keywords"":[],""matched_vendor_alias"":""Health Management Systems Inc"",""missing_fields"":[""solicitation_number"",""uei_sam"",""award_date"",""potential_total_value""],""missing_join_inputs"":[],""recompete_signal"":""Expired/past award"",""recompete_window_months"":36,""source_file"":""data/contracts.csv"",""source_key"":""usaspending"",""source_keys"":[""usaspending""],""source_relevance_score"":4,""subagency"":""Department of Veterans Affairs"",""topic_hits"":[],""vendor_entity"":{""matched"":false},""vendor_key"":""gainwell_technologies""}",https://www.usaspending.gov/search/,2026-07-26T20:22:52Z
contract-lifecycle-f1937c9f9ab4b24e,usaspending,CONT_AWD_VA649C07094_3600_GS23F0150R_4730,expired,task_order,VA649C07094,GS23F0150R,,INSURANCE VERIFICATION,Department of Veterans Affairs,Department of Veterans Affairs,,gainwell_technologies,"HEALTH MANAGEMENT SYSTEMS, INC.",,gainwell_technologies,false,predecessor_alias,incumbent,,2009-10-01,2010-09-30,2010-09-30,2007-09-30,-5778,110000,110000,,,unknown,,9,"{""agency"":""Department of Veterans Affairs"",""award_amount"":110000,""days_until_end"":-5778,""gwt_relation"":""predecessor_alias"",""join_confidence"":""usaspending_only_no_sam_entity_match"",""join_key"":""piid:VA649C07094"",""join_keys"":{""piid"":""VA649C07094"",""solicitation_number"":"""",""source_record_ids"":[""CONT_AWD_VA649C07094_3600_GS23F0150R_4730""]},""matched_keywords"":[],""matched_vendor_alias"":""Health Management Systems Inc"",""missing_fields"":[""solicitation_number"",""uei_sam"",""award_date"",""potential_total_value""],""missing_join_inputs"":[],""recompete_signal"":""Expired/past award"",""recompete_window_months"":36,""source_file"":""data/contracts.csv"",""source_key"":""usaspending"",""source_keys"":[""usaspending""],""source_relevance_score"":4,""subagency"":""Department of Veterans Affairs"",""topic_hits"":[],""vendor_entity"":{""matched"":false},""vendor_key"":""gainwell_technologies""}",https://www.usaspending.gov/search/,2026-07-26T20:22:52Z
contract-lifecycle-93bc65cdd6487f38,usaspending,CONT_AWD_VA523C04398_3600_GS23F0150R_4730,expired,task_order,VA523C04398,GS23F0150R,,INSURANCE VERIFICATION AND IDENTIFICATION SERVICE,Department of Veterans Affairs,Department of Veterans Affairs,,gainwell_technologies,"HEALTH MANAGEMENT SYSTEMS, INC.",,gainwell_technologies,false,predecessor_alias,incumbent,,2010-06-11,2010-09-30,2010-09-30,2007-09-30,-5778,100000,100000,,,unknown,,9,"{""agency"":""Department of Veterans Affairs"",""award_amount"":100000,""days_until_end"":-5778,""gwt_relation"":""predecessor_alias"",""join_confidence"":""usaspending_only_no_sam_entity_match"",""join_key"":""piid:VA523C04398"",""join_keys"":{""piid"":""VA523C04398"",""solicitation_number"":"""",""source_record_ids"":[""CONT_AWD_VA523C04398_3600_GS23F0150R_4730""]},""matched_keywords"":[],""matched_vendor_alias"":""Health Management Systems Inc"",""missing_fields"":[""solicitation_number"",""uei_sam"",""award_date"",""potential_total_value""],""missing_join_inputs"":[],""recompete_signal"":""Expired/past award"",""recompete_window_months"":36,""source_file"":""data/contracts.csv"",""source_key"":""usaspending"",""source_keys"":[""usaspending""],""source_relevance_score"":4,""subagency"":""Department of Veterans Affairs"",""topic_hits"":[],""vendor_entity"":{""matched"":false},""vendor_key"":""gainwell_technologies""}",https://www.usaspending.gov/search/,2026-07-26T20:22:52Z
contract-lifecycle-a16c4bb4bcaa675f,usaspending,CONT_AWD_VA506C01169_3600_VA741BP0005_3600,expired,task_order,VA506C01169,VA741BP0005,,INSURANCE REPRICING,Department of Veterans Affairs,Department of Veterans Affairs,,gainwell_technologies,"HEALTH MANAGEMENT SYSTEMS, INC.",,gainwell_technologies,false,predecessor_alias,incumbent,,2009-10-01,2010-09-30,2010-09-30,2007-09-30,-5778,98000,98000,,,unknown,,9,"{""agency"":""Department of Veterans Affairs"",""award_amount"":98000,""days_until_end"":-5778,""gwt_relation"":""predecessor_alias"",""join_confidence"":""usaspending_only_no_sam_entity_match"",""join_key"":""piid:VA506C01169"",""join_keys"":{""piid"":""VA506C01169"",""solicitation_number"":"""",""source_record_ids"":[""CONT_AWD_VA506C01169_3600_VA741BP0005_3600""]},""matched_keywords"":[],""matched_vendor_alias"":""Health Management Systems Inc"",""missing_fields"":[""solicitation_number"",""uei_sam"",""award_date"",""potential_total_value""],""missing_join_inputs"":[],""recompete_signal"":""Expired/past award"",""recompete_window_months"":36,""source_file"":""data/contracts.csv"",""source_key"":""usaspending"",""source_keys"":[""usaspending""],""source_relevance_score"":4,""subagency"":""Department of Veterans Affairs"",""topic_hits"":[],""vendor_entity"":{""matched"":false},""vendor_key"":""gainwell_technologies""}",https://www.usaspending.gov/search/,2026-07-26T20:22:52Z
contract-lifecycle-06aca06c0f5aeec4,usaspending,CONT_AWD_VA580C00052_3600_GS23F0150R_4730,expired,task_order,VA580C00052,GS23F0150R,,INSURANCE IDENTIFICATION,Department of Veterans Affairs,Department of Veterans Affairs,,gainwell_technologies,"HEALTH MANAGEMENT SYSTEMS, INC.",,gainwell_technologies,false,predecessor_alias,incumbent,,2009-10-01,2010-09-30,2010-09-30,2007-09-30,-5778,95497,95497,,,unknown,,9,"{""agency"":""Department of Veterans Affairs"",""award_amount"":95497,""days_until_end"":-5778,""gwt_relation"":""predecessor_alias"",""join_confidence"":""usaspending_only_no_sam_entity_match"",""join_key"":""piid:VA580C00052"",""join_keys"":{""piid"":""VA580C00052"",""solicitation_number"":"""",""source_record_ids"":[""CONT_AWD_VA580C00052_3600_GS23F0150R_4730""]},""matched_keywords"":[],""matched_vendor_alias"":""Health Management Systems Inc"",""missing_fields"":[""solicitation_number"",""uei_sam"",""award_date"",""potential_total_value""],""missing_join_inputs"":[],""recompete_signal"":""Expired/past award"",""recompete_window_months"":36,""source_file"":""data/contracts.csv"",""source_key"":""usaspending"",""source_keys"":[""usaspending""],""source_relevance_score"":4,""subagency"":""Department of Veterans Affairs"",""topic_hits"":[],""vendor_entity"":{""matched"":false},""vendor_key"":""gainwell_technologies""}",https://www.usaspending.gov/search/,2026-07-26T20:22:52Z
contract-lifecycle-42cf588c8228df71,usaspending,CONT_AWD_VA541C00104_3600_VA101049A3BP0015_3600,expired,task_order,VA541C00104,VA101049A3BP0015,,PUBLIC CONSULTING GROUP,Department of Veterans Affairs,Department of Veterans Affairs,,gainwell_technologies,"HEALTH MANAGEMENT SYSTEMS, INC.",,gainwell_technologies,false,predecessor_alias,incumbent,,2009-10-01,2010-12-30,2010-12-30,2007-12-30,-5687,124740,124740,,,unknown,,9,"{""agency"":""Department of Veterans Affairs"",""award_amount"":124740,""days_until_end"":-5687,""gwt_relation"":""predecessor_alias"",""join_confidence"":""usaspending_only_no_sam_entity_match"",""join_key"":""piid:VA541C00104"",""join_keys"":{""piid"":""VA541C00104"",""solicitation_number"":"""",""source_record_ids"":[""CONT_AWD_VA541C00104_3600_VA101049A3BP0015_3600""]},""matched_keywords"":[],""matched_vendor_alias"":""Health Management Systems Inc"",""missing_fields"":[""solicitation_number"",""uei_sam"",""award_date"",""potential_total_value""],""missing_join_inputs"":[],""recompete_signal"":""Expired/past award"",""recompete_window_months"":36,""source_file"":""data/contracts.csv"",""source_key"":""usaspending"",""source_keys"":[""usaspending""],""source_relevance_score"":4,""subagency"":""Department of Veterans Affairs"",""topic_hits"":[],""vendor_entity"":{""matched"":false},""vendor_key"":""gainwell_technologies""}",https://www.usaspending.gov/search/,2026-07-26T20:22:52Z
contract-lifecycle-ff8324a2594edea9,usaspending,CONT_AWD_VA673C00611_3600_VA741BP0007_3600,expired,task_order,VA673C00611,VA741BP0007,,INSURANCE VERIFICATION AND RE-VERIFICATION SERVICES,Department of Veterans Affairs,Department of Veterans Affairs,,gainwell_technologies,"HEALTH MANAGEMENT SYSTEMS, INC.",,gainwell_technologies,false,predecessor_alias,incumbent,,2010-06-01,2011-05-31,2011-05-31,2008-05-31,-5535,106701,106701,,,unknown,,9,"{""agency"":""Department of Veterans Affairs"",""award_amount"":106701,""days_until_end"":-5535,""gwt_relation"":""predecessor_alias"",""join_confidence"":""usaspending_only_no_sam_entity_match"",""join_key"":""piid:VA673C00611"",""join_keys"":{""piid"":""VA673C00611"",""solicitation_number"":"""",""source_record_ids"":[""CONT_AWD_VA673C00611_3600_VA741BP0007_3600""]},""matched_keywords"":[],""matched_vendor_alias"":""Health Management Systems Inc"",""missing_fields"":[""solicitation_number"",""uei_sam"",""award_date"",""potential_total_value""],""missing_join_inputs"":[],""recompete_signal"":""Expired/past award"",""recompete_window_months"":36,""source_file"":""data/contracts.csv"",""source_key"":""usaspending"",""source_keys"":[""usaspending""],""source_relevance_score"":4,""subagency"":""Department of Veterans Affairs"",""topic_hits"":[],""vendor_entity"":{""matched"":false},""vendor_key"":""gainwell_technologies""}",https://www.usaspending.gov/search/,2026-07-26T20:22:52Z
contract-lifecycle-207db87ed6fe84da,usaspending,CONT_AWD_VA255657SC0624_3600_VA741BP0011_3600,expired,task_order,VA255657SC0624,VA741BP0011,,BILLABLE THIRD PARTY INSURANCE,Department of Veterans Affairs,Department of Veterans Affairs,,gainwell_technologies,"HEALTH MANAGEMENT SYSTEMS, INC.",,gainwell_technologies,false,predecessor_alias,incumbent,,2010-07-01,2011-06-30,2011-06-30,2008-06-30,-5505,111304,111304,,,unknown,,9,"{""agency"":""Department of Veterans Affairs"",""award_amount"":111304,""days_until_end"":-5505,""gwt_relation"":""predecessor_alias"",""join_confidence"":""usaspending_only_no_sam_entity_match"",""join_key"":""piid:VA255657SC0624"",""join_keys"":{""piid"":""VA255657SC0624"",""solicitation_number"":"""",""source_record_ids"":[""CONT_AWD_VA255657SC0624_3600_VA741BP0011_3600""]},""matched_keywords"":[],""matched_vendor_alias"":""Health Management Systems Inc"",""missing_fields"":[""solicitation_number"",""uei_sam"",""award_date"",""potential_total_value""],""missing_join_inputs"":[],""recompete_signal"":""Expired/past award"",""recompete_window_months"":36,""source_file"":""data/contracts.csv"",""source_key"":""usaspending"",""source_keys"":[""usaspending""],""source_relevance_score"":4,""subagency"":""Department of Veterans Affairs"",""topic_hits"":[],""vendor_entity"":{""matched"":false},""vendor_key"":""gainwell_technologies""}",https://www.usaspending.gov/search/,2026-07-26T20:22:52Z
contract-lifecycle-061125658460fe3b,usaspending,CONT_AWD_VA731C00051_3600_VA741BP0009_3600;CONT_AWD_VA731C00051_3600_VA741BP0007_3600,expired,task_order,VA731C00051,VA741BP0009,,INSURANCE IDENTIFICATION AND VERIFICATION SERVICES,Department of Veterans Affairs,Department of Veterans Affairs,,gainwell_technologies,"HEALTH MANAGEMENT SYSTEMS, INC.",,gainwell_technologies,false,predecessor_alias,incumbent,,2010-09-24,2011-09-14,2011-09-14,2008-09-14,-5429,584862,584862,,,unknown,,15,"{""join_confidence"":""high_piid_single_source"",""join_key"":""piid:VA731C00051"",""missing_fields"":[""solicitation_number"",""uei_sam"",""award_date"",""potential_total_value""],""source_evidence"":[{""agency"":""Department of Veterans Affairs"",""award_amount"":584862,""days_until_end"":-5429,""gwt_relation"":""predecessor_alias"",""join_confidence"":""usaspending_only_no_sam_entity_match"",""join_keys"":{""piid"":""VA731C00051"",""solicitation_number"":"""",""source_record_ids"":[""CONT_AWD_VA731C00051_3600_VA741BP0009_3600""]},""matched_keywords"":[],""matched_vendor_alias"":""Health Management Systems Inc"",""missing_fields"":[""solicitation_number"",""uei_sam"",""award_date"",""potential_total_value""],""missing_join_inputs"":[],""recompete_signal"":""Expired/past award"",""recompete_window_months"":36,""source_file"":""data/contracts.csv"",""source_key"":""usaspending"",""source_relevance_score"":10,""subagency"":""Department of Veterans Affairs"",""topic_hits"":[],""vendor_entity"":{""matched"":false},""vendor_key"":""gainwell_technologies""},{""agency"":""Department of Veterans Affairs"",""award_amount"":258150,""days_until_end"":-5429,""gwt_relation"":""predecessor_alias"",""join_confidence"":""usaspending_only_no_sam_entity_match"",""join_keys"":{""piid"":""VA731C00051"",""solicitation_number"":"""",""source_record_ids"":[""CONT_AWD_VA731C00051_3600_VA741BP0007_3600""]},""matched_keywords"":[],""matched_vendor_alias"":""Health Management Systems Inc"",""missing_fields"":[""solicitation_number"",""uei_sam"",""award_date"",""potential_total_value""],""missing_join_inputs"":[],""recompete_signal"":""Expired/past award"",""recompete_window_months"":36,""source_file"":""data/contracts.csv"",""source_key"":""usaspending"",""source_relevance_score"":10,""subagency"":""Department of Veterans Affairs"",""topic_hits"":[],""vendor_entity"":{""matched"":false},""vendor_key"":""gainwell_technologies""}],""source_keys"":[""usaspending""],""source_record_ids"":[""CONT_AWD_VA731C00051_3600_VA741BP0009_3600"",""CONT_AWD_VA731C00051_3600_VA741BP0007_3600""]}",https://www.usaspending.gov/search/,2026-07-26T20:22:52Z
contract-lifecycle-d2b4feae848c9ddd,usaspending,CONT_AWD_V618C20045_3600_VA741BP0013_3600,expired,task_order,V618C20045,VA741BP0013,,INSURANCE IDENTIFICATION AND VERIFICATION SERVICES,Department of Veterans Affairs,Department of Veterans Affairs,,gainwell_technologies,"HEALTH MANAGEMENT SYSTEMS, INC.",,gainwell_technologies,false,predecessor_alias,incumbent,,2011-09-28,2011-09-28,2011-09-28,2008-09-28,-5415,165000,165000,,,unknown,,9,"{""agency"":""Department of Veterans Affairs"",""award_amount"":165000,""days_until_end"":-5415,""gwt_relation"":""predecessor_alias"",""join_confidence"":""usaspending_only_no_sam_entity_match"",""join_key"":""piid:V618C20045"",""join_keys"":{""piid"":""V618C20045"",""solicitation_number"":"""",""source_record_ids"":[""CONT_AWD_V618C20045_3600_VA741BP0013_3600""]},""matched_keywords"":[],""matched_vendor_alias"":""Health Management Systems Inc"",""missing_fields"":[""solicitation_number"",""uei_sam"",""award_date"",""potential_total_value""],""missing_join_inputs"":[],""recompete_signal"":""Expired/past award"",""recompete_window_months"":36,""source_file"":""data/contracts.csv"",""source_key"":""usaspending"",""source_keys"":[""usaspending""],""source_relevance_score"":4,""subagency"":""Department of Veterans Affairs"",""topic_hits"":[],""vendor_entity"":{""matched"":false},""vendor_key"":""gainwell_technologies""}",https://www.usaspending.gov/search/,2026-07-26T20:22:52Z
contract-lifecycle-ac12b51fa8cb9263,usaspending,CONT_AWD_VA730C10019_3600_GS23F0150R_4730,expired,task_order,VA730C10019,GS23F0150R,,INSURANCE IDENTIFICATION BPA SERVICES,Department of Veterans Affairs,Department of Veterans Affairs,,gainwell_technologies,"HEALTH MANAGEMENT SYSTEMS, INC.",,gainwell_technologies,false,predecessor_alias,incumbent,,2010-10-01,2011-09-30,2011-09-30,2008-09-30,-5413,804000,804000,,,unknown,,15,"{""agency"":""Department of Veterans Affairs"",""award_amount"":804000,""days_until_end"":-5413,""gwt_relation"":""predecessor_alias"",""join_confidence"":""usaspending_only_no_sam_entity_match"",""join_key"":""piid:VA730C10019"",""join_keys"":{""piid"":""VA730C10019"",""solicitation_number"":"""",""source_record_ids"":[""CONT_AWD_VA730C10019_3600_GS23F0150R_4730""]},""matched_keywords"":[],""matched_vendor_alias"":""Health Management Systems Inc"",""missing_fields"":[""solicitation_number"",""uei_sam"",""award_date"",""potential_total_value""],""missing_join_inputs"":[],""recompete_signal"":""Expired/past award"",""recompete_window_months"":36,""source_file"":""data/contracts.csv"",""source_key"":""usaspending"",""source_keys"":[""usaspending""],""source_relevance_score"":10,""subagency"":""Department of Veterans Affairs"",""topic_hits"":[],""vendor_entity"":{""matched"":false},""vendor_key"":""gainwell_technologies""}",https://www.usaspending.gov/search/,2026-07-26T20:22:52Z
contract-lifecycle-cbaf53f890b91ed0,usaspending,CONT_AWD_VA733C10008_3600_GS23F0150R_4730,expired,task_order,VA733C10008,GS23F0150R,,INSURANCE IDENTIFICATION SERVICES,Department of Veterans Affairs,Department of Veterans Affairs,,gainwell_technologies,"HEALTH MANAGEMENT SYSTEMS, INC.",,gainwell_technologies,false,predecessor_alias,incumbent,,2010-11-29,2011-09-30,2011-09-30,2008-09-30,-5413,269512,269512,,,unknown,,15,"{""agency"":""Department of Veterans Affairs"",""award_amount"":269512,""days_until_end"":-5413,""gwt_relation"":""predecessor_alias"",""join_confidence"":""usaspending_only_no_sam_entity_match"",""join_key"":""piid:VA733C10008"",""join_keys"":{""piid"":""VA733C10008"",""solicitation_number"":"""",""source_record_ids"":[""CONT_AWD_VA733C10008_3600_GS23F0150R_4730""]},""matched_keywords"":[],""matched_vendor_alias"":""Health Management Systems Inc"",""missing_fields"":[""solicitation_number"",""uei_sam"",""award_date"",""potential_total_value""],""missing_join_inputs"":[],""recompete_signal"":""Expired/past award"",""recompete_window_months"":36,""source_file"":""data/contracts.csv"",""source_key"":""usaspending"",""source_keys"":[""usaspending""],""source_relevance_score"":10,""subagency"":""Department of Veterans Affairs"",""topic_hits"":[],""vendor_entity"":{""matched"":false},""vendor_key"":""gainwell_technologies""}",https://www.usaspending.gov/search/,2026-07-26T20:22:52Z
contract-lifecycle-8ca89881d1ddada3,usaspending,CONT_AWD_VA523C18231_3600_VA741BP0011_3600,expired,task_order,VA523C18231,VA741BP0011,,INSURANCE VERIFICATION,Department of Veterans Affairs,Department of Veterans Affairs,,gainwell_technologies,"HEALTH MANAGEMENT SYSTEMS, INC.",,gainwell_technologies,false,predecessor_alias,incumbent,,2010-10-14,2011-09-30,2011-09-30,2008-09-30,-5413,180000,180000,,,unknown,,9,"{""agency"":""Department of Veterans Affairs"",""award_amount"":180000,""days_until_end"":-5413,""gwt_relation"":""predecessor_alias"",""join_confidence"":""usaspending_only_no_sam_entity_match"",""join_key"":""piid:VA523C18231"",""join_keys"":{""piid"":""VA523C18231"",""solicitation_number"":"""",""source_record_ids"":[""CONT_AWD_VA523C18231_3600_VA741BP0011_3600""]},""matched_keywords"":[],""matched_vendor_alias"":""Health Management Systems Inc"",""missing_fields"":[""solicitation_number"",""uei_sam"",""award_date"",""potential_total_value""],""missing_join_inputs"":[],""recompete_signal"":""Expired/past award"",""recompete_window_months"":36,""source_file"":""data/contracts.csv"",""source_key"":""usaspending"",""source_keys"":[""usaspending""],""source_relevance_score"":4,""subagency"":""Department of Veterans Affairs"",""topic_hits"":[],""vendor_entity"":{""matched"":false},""vendor_key"":""gainwell_technologies""}",https://www.usaspending.gov/search/,2026-07-26T20:22:52Z
contract-lifecycle-63411386617f4c55,usaspending,CONT_AWD_V618C10077_3600_VA741BP0013_3600,expired,task_order,V618C10077,VA741BP0013,,INSURANCE IDENTIFICATION AND VERIFICATION,Department of Veterans Affairs,Department of Veterans Affairs,,gainwell_technologies,"HEALTH MANAGEMENT SYSTEMS, INC.",,gainwell_technologies,false,predecessor_alias,incumbent,,2010-12-01,2011-09-30,2011-09-30,2008-09-30,-5413,180000,180000,,,unknown,,9,"{""agency"":""Department of Veterans Affairs"",""award_amount"":180000,""days_until_end"":-5413,""gwt_relation"":""predecessor_alias"",""join_confidence"":""usaspending_only_no_sam_entity_match"",""join_key"":""piid:V618C10077"",""join_keys"":{""piid"":""V618C10077"",""solicitation_number"":"""",""source_record_ids"":[""CONT_AWD_V618C10077_3600_VA741BP0013_3600""]},""matched_keywords"":[],""matched_vendor_alias"":""Health Management Systems Inc"",""missing_fields"":[""solicitation_number"",""uei_sam"",""award_date"",""potential_total_value""],""missing_join_inputs"":[],""recompete_signal"":""Expired/past award"",""recompete_window_months"":36,""source_file"":""data/contracts.csv"",""source_key"":""usaspending"",""source_keys"":[""usaspending""],""source_relevance_score"":4,""subagency"":""Department of Veterans Affairs"",""topic_hits"":[],""vendor_entity"":{""matched"":false},""vendor_key"":""gainwell_technologies""}",https://www.usaspending.gov/search/,2026-07-26T20:22:52Z
contract-lifecycle-e0ce282b0bec39fc,usaspending,CONT_AWD_VA528C16013_3600_GS23F0150R_4730,expired,task_order,VA528C16013,GS23F0150R,,THIRD PARTY INSURANCE IDENTIFICATION SERVICES - VISN,Department of Veterans Affairs,Department of Veterans Affairs,,gainwell_technologies,"HEALTH MANAGEMENT SYSTEMS, INC.",,gainwell_technologies,false,predecessor_alias,incumbent,,2011-01-01,2011-09-30,2011-09-30,2008-09-30,-5413,157500,157500,,,unknown,,9,"{""agency"":""Department of Veterans Affairs"",""award_amount"":157500,""days_until_end"":-5413,""gwt_relation"":""predecessor_alias"",""join_confidence"":""usaspending_only_no_sam_entity_match"",""join_key"":""piid:VA528C16013"",""join_keys"":{""piid"":""VA528C16013"",""solicitation_number"":"""",""source_record_ids"":[""CONT_AWD_VA528C16013_3600_GS23F0150R_4730""]},""matched_keywords"":[],""matched_vendor_alias"":""Health Management Systems Inc"",""missing_fields"":[""solicitation_number"",""uei_sam"",""award_date"",""potential_total_value""],""missing_join_inputs"":[],""recompete_signal"":""Expired/past award"",""recompete_window_months"":36,""source_file"":""data/contracts.csv"",""source_key"":""usaspending"",""source_keys"":[""usaspending""],""source_relevance_score"":4,""subagency"":""Department of Veterans Affairs"",""topic_hits"":[],""vendor_entity"":{""matched"":false},""vendor_key"":""gainwell_technologies""}",https://www.usaspending.gov/search/,2026-07-26T20:22:52Z
contract-lifecycle-1c17e1d1bb8a8965,usaspending,CONT_AWD_VA642C10431_3600_VA101049A3BP0015_3600,expired,task_order,VA642C10431,VA101049A3BP0015,,INSURANCE VERIFICATION SERVICES,Department of Veterans Affairs,Department of Veterans Affairs,,gainwell_technologies,"HEALTH MANAGEMENT SYSTEMS, INC.",,gainwell_technologies,false,predecessor_alias,incumbent,,2011-02-24,2011-09-30,2011-09-30,2008-09-30,-5413,125000,125000,,,unknown,,9,"{""agency"":""Department of Veterans Affairs"",""award_amount"":125000,""days_until_end"":-5413,""gwt_relation"":""predecessor_alias"",""join_confidence"":""usaspending_only_no_sam_entity_match"",""join_key"":""piid:VA642C10431"",""join_keys"":{""piid"":""VA642C10431"",""solicitation_number"":"""",""source_record_ids"":[""CONT_AWD_VA642C10431_3600_VA101049A3BP0015_3600""]},""matched_keywords"":[],""matched_vendor_alias"":""Health Management Systems Inc"",""missing_fields"":[""solicitation_number"",""uei_sam"",""award_date"",""potential_total_value""],""missing_join_inputs"":[],""recompete_signal"":""Expired/past award"",""recompete_window_months"":36,""source_file"":""data/contracts.csv"",""source_key"":""usaspending"",""source_keys"":[""usaspending""],""source_relevance_score"":4,""subagency"":""Department of Veterans Affairs"",""topic_hits"":[],""vendor_entity"":{""matched"":false},""vendor_key"":""gainwell_technologies""}",https://www.usaspending.gov/search/,2026-07-26T20:22:52Z
contract-lifecycle-f8fe82de16cba66f,usaspending,CONT_AWD_VA255657SC1616_3600_VA741BP0011_3600,expired,task_order,VA255657SC1616,VA741BP0011,,BILLABLE THIRD PARTY INSURANCE,Department of Veterans Affairs,Department of Veterans Affairs,,gainwell_technologies,"HEALTH MANAGEMENT SYSTEMS, INC.",,gainwell_technologies,false,predecessor_alias,incumbent,,2011-07-01,2012-06-30,2012-06-30,2009-06-30,-5139,100000,100000,,,unknown,,9,"{""agency"":""Department of Veterans Affairs"",""award_amount"":100000,""days_until_end"":-5139,""gwt_relation"":""predecessor_alias"",""join_confidence"":""usaspending_only_no_sam_entity_match"",""join_key"":""piid:VA255657SC1616"",""join_keys"":{""piid"":""VA255657SC1616"",""solicitation_number"":"""",""source_record_ids"":[""CONT_AWD_VA255657SC1616_3600_VA741BP0011_3600""]},""matched_keywords"":[],""matched_vendor_alias"":""Health Management Systems Inc"",""missing_fields"":[""solicitation_number"",""uei_sam"",""award_date"",""potential_total_value""],""missing_join_inputs"":[],""recompete_signal"":""Expired/past award"",""recompete_window_months"":36,""source_file"":""data/contracts.csv"",""source_key"":""usaspending"",""source_keys"":[""usaspending""],""source_relevance_score"":4,""subagency"":""Department of Veterans Affairs"",""topic_hits"":[],""vendor_entity"":{""matched"":false},""vendor_key"":""gainwell_technologies""}",https://www.usaspending.gov/search/,2026-07-26T20:22:52Z
contract-lifecycle-aaa6d63901534c4d,usaspending,CONT_AWD_VA644C20041_3600_VA741BP0013_3600,expired,task_order,VA644C20041,VA741BP0013,,INSURANCE IDENTIFICATION AND VERIFICATION SERVICES-PVAHCS,Department of Veterans Affairs,Department of Veterans Affairs,,gainwell_technologies,"HEALTH MANAGEMENT SYSTEMS, INC.",,gainwell_technologies,false,predecessor_alias,incumbent,,2011-10-01,2012-09-30,2012-09-30,2009-09-30,-5047,100000,100000,,,unknown,,9,"{""agency"":""Department of Veterans Affairs"",""award_amount"":100000,""days_until_end"":-5047,""gwt_relation"":""predecessor_alias"",""join_confidence"":""usaspending_only_no_sam_entity_match"",""join_key"":""piid:VA644C20041"",""join_keys"":{""piid"":""VA644C20041"",""solicitation_number"":"""",""source_record_ids"":[""CONT_AWD_VA644C20041_3600_VA741BP0013_3600""]},""matched_keywords"":[],""matched_vendor_alias"":""Health Management Systems Inc"",""missing_fields"":[""solicitation_number"",""uei_sam"",""award_date"",""potential_total_value""],""missing_join_inputs"":[],""recompete_signal"":""Expired/past award"",""recompete_window_months"":36,""source_file"":""data/contracts.csv"",""source_key"":""usaspending"",""source_keys"":[""usaspending""],""source_relevance_score"":4,""subagency"":""Department of Veterans Affairs"",""topic_hits"":[],""vendor_entity"":{""matched"":false},""vendor_key"":""gainwell_technologies""}",https://www.usaspending.gov/search/,2026-07-26T20:22:52Z
contract-lifecycle-477ac4e894e595e5,usaspending,CONT_AWD_0005_9700_W81XWH08D0034_9700,expired,task_order,0005,W81XWH08D0034,,IT PROVISIONING PHASE I,Department of Defense,Defense Contract Management Agency,,maximus,INTERACTIVE TECHNOLOGY SOLUTIONS LLC,,maximus,true,competitor,competitor_awarded,,2010-08-13,2013-04-30,2013-04-30,2010-04-30,-4835,105318305,105318305,,,unknown,,39,"{""agency"":""Department of Defense"",""award_amount"":105318305,""days_until_end"":-4835,""gwt_relation"":""competitor"",""join_confidence"":""usaspending_only_no_sam_entity_match"",""join_key"":""piid:0005"",""join_keys"":{""piid"":""0005"",""solicitation_number"":"""",""source_record_ids"":[""CONT_AWD_0005_9700_W81XWH08D0034_9700""]},""matched_keywords"":[],""matched_vendor_alias"":""MAXIMUS FEDERAL SERVICES INC"",""missing_fields"":[""solicitation_number"",""uei_sam"",""award_date"",""potential_total_value""],""missing_join_inputs"":[],""recompete_signal"":""Expired/past award"",""recompete_window_months"":36,""source_file"":""data/contracts.csv"",""source_key"":""usaspending"",""source_keys"":[""usaspending""],""source_relevance_score"":24,""subagency"":""Defense Contract Management Agency"",""topic_hits"":[],""vendor_entity"":{""matched"":false},""vendor_key"":""maximus""}",https://www.usaspending.gov/search/,2026-07-26T20:22:52Z
contract-lifecycle-ea98954e4eeb10f6,usaspending,CONT_AWD_VA73012J0135_3600_VA741BP0013_3600,expired,task_order,VA73012J0135,VA741BP0013,,"INSURANCE IDENTIFICATION AND VERIFICATION FOR CPCPAC, LEAVENWORTH, KS IGF::CL::IGF",Department of Veterans Affairs,Department of Veterans Affairs,,gainwell_technologies,"HEALTH MANAGEMENT SYSTEMS, INC.",,gainwell_technologies,false,predecessor_alias,incumbent,,2012-05-07,2013-05-31,2013-05-31,2010-05-31,-4804,244233,244233,,,unknown,,9,"{""agency"":""Department of Veterans Affairs"",""award_amount"":244233,""days_until_end"":-4804,""gwt_relation"":""predecessor_alias"",""join_confidence"":""usaspending_only_no_sam_entity_match"",""join_key"":""piid:VA73012J0135"",""join_keys"":{""piid"":""VA73012J0135"",""solicitation_number"":"""",""source_record_ids"":[""CONT_AWD_VA73012J0135_3600_VA741BP0013_3600""]},""matched_keywords"":[],""matched_vendor_alias"":""Health Management Systems Inc"",""missing_fields"":[""solicitation_number"",""uei_sam"",""award_date"",""potential_total_value""],""missing_join_inputs"":[],""recompete_signal"":""Expired/past award"",""recompete_window_months"":36,""source_file"":""data/contracts.csv"",""source_key"":""usaspending"",""source_keys"":[""usaspending""],""source_relevance_score"":4,""subagency"":""Department of Veterans Affairs"",""topic_hits"":[],""vendor_entity"":{""matched"":false},""vendor_key"":""gainwell_technologies""}",https://www.usaspending.gov/search/,2026-07-26T20:22:52Z
contract-lifecycle-696656bed410334a,usaspending,CONT_AWD_VA73012J0133_3600_VA741BP0009_3600,expired,task_order,VA73012J0133,VA741BP0009,,INSURANCE AND IDENTIFICATION FOR NCCPAC IGF::CL::IGF,Department of Veterans Affairs,Department of Veterans Affairs,,gainwell_technologies,"HEALTH MANAGEMENT SYSTEMS, INC.",,gainwell_technologies,false,predecessor_alias,incumbent,,2012-05-07,2013-05-31,2013-05-31,2010-05-31,-4804,160893,160893,,,unknown,,9,"{""agency"":""Department of Veterans Affairs"",""award_amount"":160893,""days_until_end"":-4804,""gwt_relation"":""predecessor_alias"",""join_confidence"":""usaspending_only_no_sam_entity_match"",""join_key"":""piid:VA73012J0133"",""join_keys"":{""piid"":""VA73012J0133"",""solicitation_number"":"""",""source_record_ids"":[""CONT_AWD_VA73012J0133_3600_VA741BP0009_3600""]},""matched_keywords"":[],""matched_vendor_alias"":""Health Management Systems Inc"",""missing_fields"":[""solicitation_number"",""uei_sam"",""award_date"",""potential_total_value""],""missing_join_inputs"":[],""recompete_signal"":""Expired/past award"",""recompete_window_months"":36,""source_file"":""data/contracts.csv"",""source_key"":""usaspending"",""source_keys"":[""usaspending""],""source_relevance_score"":4,""subagency"":""Department of Veterans Affairs"",""topic_hits"":[],""vendor_entity"":{""matched"":false},""vendor_key"":""gainwell_technologies""}",https://www.usaspending.gov/search/,2026-07-26T20:22:52Z
contract-lifecycle-c6bfeb9e0648cc4e,usaspending,CONT_AWD_SS000560079_2800_-NONE-_-NONE-,expired,standalone_award,SS000560079,,,TO SUPPORT THE DAILY OPERATION OF SSA'S TICKET-TO-WORK PROGRAM.,Social Security Administration,Social Security Administration,,maximus,MAXIMUS INC,,maximus,true,competitor,competitor_awarded,,2005-09-29,2013-09-12,2013-09-12,2010-09-12,-4700,52241281,52241281,,,unknown,,39,"{""agency"":""Social Security Administration"",""award_amount"":52241281,""days_until_end"":-4700,""gwt_relation"":""competitor"",""join_confidence"":""usaspending_only_no_sam_entity_match"",""join_key"":""piid:SS000560079"",""join_keys"":{""piid"":""SS000560079"",""solicitation_number"":"""",""source_record_ids"":[""CONT_AWD_SS000560079_2800_-NONE-_-NONE-""]},""matched_keywords"":[],""matched_vendor_alias"":""MAXIMUS FEDERAL SERVICES INC"",""missing_fields"":[""solicitation_number"",""uei_sam"",""award_date"",""potential_total_value""],""missing_join_inputs"":[],""recompete_signal"":""Expired/past award"",""recompete_window_months"":36,""source_file"":""data/contracts.csv"",""source_key"":""usaspending"",""source_keys"":[""usaspending""],""source_relevance_score"":24,""subagency"":""Social Security Administration"",""topic_hits"":[],""vendor_entity"":{""matched"":false},""vendor_key"":""maximus""}",https://www.usaspending.gov/search/,2026-07-26T20:22:52Z
contract-lifecycle-7b2af8535f51f40e,usaspending,CONT_AWD_HHSM500T0005_7530_HHSM500200400007I_7530,expired,task_order,HHSM500T0005,HHSM500200400007I,,TAS::05 0511::TAS MEDICARE 2ND LEVEL APPEALS,Department of Health and Human Services,Centers for Medicare and Medicaid Services,,maximus,"MAXIMUS FEDERAL SERVICES, INC.",,maximus,true,competitor,competitor_awarded,,2010-09-01,2015-05-31,2015-05-31,2012-05-31,-4074,49541513,49541513,,,medicaid,medicaid;medicare;cms,60,"{""agency"":""Department of Health and Human Services"",""award_amount"":49541513,""days_until_end"":-4074,""gwt_relation"":""competitor"",""join_confidence"":""usaspending_only_no_sam_entity_match"",""join_key"":""piid:HHSM500T0005"",""join_keys"":{""piid"":""HHSM500T0005"",""solicitation_number"":"""",""source_record_ids"":[""CONT_AWD_HHSM500T0005_7530_HHSM500200400007I_7530""]},""matched_keywords"":[""Medicaid"",""Medicare""],""matched_vendor_alias"":""MAXIMUS FEDERAL SERVICES INC"",""missing_fields"":[""solicitation_number"",""uei_sam"",""award_date"",""potential_total_value""],""missing_join_inputs"":[],""recompete_signal"":""Expired/past award"",""recompete_window_months"":36,""source_file"":""data/contracts.csv"",""source_key"":""usaspending"",""source_keys"":[""usaspending""],""source_relevance_score"":40,""subagency"":""Centers for Medicare and Medicaid Services"",""topic_hits"":[""medicaid"",""medicare"",""cms""],""vendor_entity"":{""matched"":false},""vendor_key"":""maximus""}",https://www.usaspending.gov/search/,2026-07-26T20:22:52Z
contract-lifecycle-83db38b5cf4a53b4,usaspending,CONT_AWD_SS001060102_2800_-NONE-_-NONE-,expired,standalone_award,SS001060102,,,"OPERATIONS SUPPORT MANAGER (OSM) CONTRACT--SUPPORTS DAILY EMPLOYMENT NETWORK (EN) TICKET OPERATIONS, ADMINISTERS & SUPPORTS THE EN TECHNICAL ASSISTANCE AND SUPPORT CENTER.",Social Security Administration,Social Security Administration,,maximus,"MAXIMUS FEDERAL SERVICES, INC.",,maximus,true,competitor,competitor_awarded,,2010-09-29,2015-09-28,2015-09-28,2012-09-28,-3954,54987248,54987248,,,unknown,,39,"{""agency"":""Social Security Administration"",""award_amount"":54987248,""days_until_end"":-3954,""gwt_relation"":""competitor"",""join_confidence"":""usaspending_only_no_sam_entity_match"",""join_key"":""piid:SS001060102"",""join_keys"":{""piid"":""SS001060102"",""solicitation_number"":"""",""source_record_ids"":[""CONT_AWD_SS001060102_2800_-NONE-_-NONE-""]},""matched_keywords"":[],""matched_vendor_alias"":""MAXIMUS FEDERAL SERVICES INC"",""missing_fields"":[""solicitation_number"",""uei_sam"",""award_date"",""potential_total_value""],""missing_join_inputs"":[],""recompete_signal"":""Expired/past award"",""recompete_window_months"":36,""source_file"":""data/contracts.csv"",""source_key"":""usaspending"",""source_keys"":[""usaspending""],""source_relevance_score"":24,""subagency"":""Social Security Administration"",""topic_hits"":[],""vendor_entity"":{""matched"":false},""vendor_key"":""maximus""}",https://www.usaspending.gov/search/,2026-07-26T20:22:52Z
contract-lifecycle-6cb8d10082173c2e,usaspending,CONT_AWD_TFSACFP11K00019_2036_GS00V08PDD0068_4732,expired,task_order,TFSACFP11K00019,GS00V08PDD0068,,IMPLEMENTATION AND OPERATION OF CFPB'S CONTACT CENTER,Department of the Treasury,Bureau of the Fiscal Service,,maximus,"MAXIMUS FEDERAL SERVICES, INC.",,maximus,true,competitor,competitor_awarded,,2011-06-08,2016-12-07,2016-12-07,2013-12-07,-3518,86855280,86855280,,,eligibility,contact_center,47,"{""agency"":""Department of the Treasury"",""award_amount"":86855280,""days_until_end"":-3518,""gwt_relation"":""competitor"",""join_confidence"":""usaspending_only_no_sam_entity_match"",""join_key"":""piid:TFSACFP11K00019"",""join_keys"":{""piid"":""TFSACFP11K00019"",""solicitation_number"":"""",""source_record_ids"":[""CONT_AWD_TFSACFP11K00019_2036_GS00V08PDD0068_4732""]},""matched_keywords"":[""contact center""],""matched_vendor_alias"":""MAXIMUS FEDERAL SERVICES INC"",""missing_fields"":[""solicitation_number"",""uei_sam"",""award_date"",""potential_total_value""],""missing_join_inputs"":[],""recompete_signal"":""Expired/past award"",""recompete_window_months"":36,""source_file"":""data/contracts.csv"",""source_key"":""usaspending"",""source_keys"":[""usaspending""],""source_relevance_score"":32,""subagency"":""Bureau of the Fiscal Service"",""topic_hits"":[""contact_center""],""vendor_entity"":{""matched"":false},""vendor_key"":""maximus""}",https://www.usaspending.gov/search/,2026-07-26T20:22:52Z
contract-lifecycle-4319898a950b5e52,usaspending,CONT_AWD_HHSM500T0007_7530_HHSM500200400007I_7530,expired,task_order,HHSM500T0007,HHSM500200400007I,,QUALIFIED INDEPENDENT CONTRACTOR PART A WEST RECONSIDERATIONS,Department of Health and Human Services,Centers for Medicare and Medicaid Services,,maximus,"MAXIMUS FEDERAL SERVICES, INC.",,maximus,true,competitor,competitor_awarded,,2011-09-14,2017-03-31,2017-03-31,2014-03-31,-3404,67823318,67823318,,,medicaid,medicaid;medicare;cms,64,"{""agency"":""Department of Health and Human Services"",""award_amount"":67823318,""days_until_end"":-3404,""gwt_relation"":""competitor"",""join_confidence"":""usaspending_only_no_sam_entity_match"",""join_key"":""piid:HHSM500T0007"",""join_keys"":{""piid"":""HHSM500T0007"",""solicitation_number"":"""",""source_record_ids"":[""CONT_AWD_HHSM500T0007_7530_HHSM500200400007I_7530""]},""matched_keywords"":[""Medicaid"",""Medicare""],""matched_vendor_alias"":""MAXIMUS FEDERAL SERVICES INC"",""missing_fields"":[""solicitation_number"",""uei_sam"",""award_date"",""potential_total_value""],""missing_join_inputs"":[],""recompete_signal"":""Expired/past award"",""recompete_window_months"":36,""source_file"":""data/contracts.csv"",""source_key"":""usaspending"",""source_keys"":[""usaspending""],""source_relevance_score"":40,""subagency"":""Centers for Medicare and Medicaid Services"",""topic_hits"":[""medicaid"",""medicare"",""cms""],""vendor_entity"":{""matched"":false},""vendor_key"":""maximus""}",https://www.usaspending.gov/search/,2026-07-26T20:22:52Z
contract-lifecycle-dbbcb3305bfac1b5,usaspending,CONT_AWD_HHSM500T0012_7530_HHSM500200400007I_7530,expired,task_order,HHSM500T0012,HHSM500200400007I,,IGF::OT::IGF - PROVIDE QUALIFIED INDEPENDENT CONTRACTOR PART C APPEALS SERVICES.,Department of Health and Human Services,Centers for Medicare and Medicaid Services,,maximus,"MAXIMUS FEDERAL SERVICES, INC.",,maximus,true,competitor,competitor_awarded,,2017-05-01,2017-05-01,2017-05-01,2014-05-01,-3373,56650816,56650816,,,medicaid,medicaid;medicare;cms,64,"{""agency"":""Department of Health and Human Services"",""award_amount"":56650816,""days_until_end"":-3373,""gwt_relation"":""competitor"",""join_confidence"":""usaspending_only_no_sam_entity_match"",""join_key"":""piid:HHSM500T0012"",""join_keys"":{""piid"":""HHSM500T0012"",""solicitation_number"":"""",""source_record_ids"":[""CONT_AWD_HHSM500T0012_7530_HHSM500200400007I_7530""]},""matched_keywords"":[""Medicaid"",""Medicare""],""matched_vendor_alias"":""MAXIMUS FEDERAL SERVICES INC"",""missing_fields"":[""solicitation_number"",""uei_sam"",""award_date"",""potential_total_value""],""missing_join_inputs"":[],""recompete_signal"":""Expired/past award"",""recompete_window_months"":36,""source_file"":""data/contracts.csv"",""source_key"":""usaspending"",""source_keys"":[""usaspending""],""source_relevance_score"":40,""subagency"":""Centers for Medicare and Medicaid Services"",""topic_hits"":[""medicaid"",""medicare"",""cms""],""vendor_entity"":{""matched"":false},""vendor_key"":""maximus""}",https://www.usaspending.gov/search/,2026-07-26T20:22:52Z
contract-lifecycle-3a02a8d333ae5891,usaspending,CONT_AWD_HHSM500T0008_7530_HHSM500200400007I_7530,expired,task_order,HHSM500T0008,HHSM500200400007I,,QUALIFIED INDEPENDENT CONTRACTOR PART A EAST JURISDICTION,Department of Health and Human Services,Centers for Medicare and Medicaid Services,,maximus,"MAXIMUS FEDERAL SERVICES, INC.",,maximus,true,competitor,competitor_awarded,,2011-12-01,2017-06-13,2017-06-13,2014-06-13,-3330,158646568,158646568,,,medicaid,medicaid;medicare;cms,64,"{""agency"":""Department of Health and Human Services"",""award_amount"":158646568,""days_until_end"":-3330,""gwt_relation"":""competitor"",""join_confidence"":""usaspending_only_no_sam_entity_match"",""join_key"":""piid:HHSM500T0008"",""join_keys"":{""piid"":""HHSM500T0008"",""solicitation_number"":"""",""source_record_ids"":[""CONT_AWD_HHSM500T0008_7530_HHSM500200400007I_7530""]},""matched_keywords"":[""Medicaid"",""Medicare""],""matched_vendor_alias"":""MAXIMUS FEDERAL SERVICES INC"",""missing_fields"":[""solicitation_number"",""uei_sam"",""award_date"",""potential_total_value""],""missing_join_inputs"":[],""recompete_signal"":""Expired/past award"",""recompete_window_months"":36,""source_file"":""data/contracts.csv"",""source_key"":""usaspending"",""source_keys"":[""usaspending""],""source_relevance_score"":40,""subagency"":""Centers for Medicare and Medicaid Services"",""topic_hits"":[""medicaid"",""medicare"",""cms""],""vendor_entity"":{""matched"":false},""vendor_key"":""maximus""}",https://www.usaspending.gov/search/,2026-07-26T20:22:52Z
contract-lifecycle-21354b587cbe74fa,usaspending,CONT_AWD_36C10X18N0033_3600_36C10X18D0014_3600,expired,task_order,36C10X18N0033,36C10X18D0014,,THE PURPOSE OF THIS ACTION IS TO AWARD A TASK ORDER AGAINST AN IDIQ CONTRACT FOR THE PROVISION OF MEDICAL DISABILITY EXAMS IN VARIOUS US LOCATIONS.,Department of Veterans Affairs,Department of Veterans Affairs,,maximus,"VETERANS EVALUATION SERVICES, INC",,maximus,true,competitor,competitor_awarded,,2017-12-13,2018-03-12,2018-03-12,2015-03-12,-3058,196155542,196155542,,,unknown,,39,"{""agency"":""Department of Veterans Affairs"",""award_amount"":196155542,""days_until_end"":-3058,""gwt_relation"":""competitor"",""join_confidence"":""usaspending_only_no_sam_entity_match"",""join_key"":""piid:36C10X18N0033"",""join_keys"":{""piid"":""36C10X18N0033"",""solicitation_number"":"""",""source_record_ids"":[""CONT_AWD_36C10X18N0033_3600_36C10X18D0014_3600""]},""matched_keywords"":[],""matched_vendor_alias"":""MAXIMUS FEDERAL SERVICES INC"",""missing_fields"":[""solicitation_number"",""uei_sam"",""award_date"",""potential_total_value""],""missing_join_inputs"":[],""recompete_signal"":""Expired/past award"",""recompete_window_months"":36,""source_file"":""data/contracts.csv"",""source_key"":""usaspending"",""source_keys"":[""usaspending""],""source_relevance_score"":24,""subagency"":""Department of Veterans Affairs"",""topic_hits"":[],""vendor_entity"":{""matched"":false},""vendor_key"":""maximus""}",https://www.usaspending.gov/search/,2026-07-26T20:22:52Z
contract-lifecycle-ea658ffb268beb8f,usaspending,CONT_AWD_HHSM500201300167C_7530_-NONE-_-NONE-,expired,standalone_award,HHSM500201300167C,,,IGF::OT::IGF ELIGIBILITY APPEALS OPERATIONS SUPPORT,Department of Health and Human Services,Centers for Medicare and Medicaid Services,,maximus,"MAXIMUS FEDERAL SERVICES, INC.",,maximus,true,competitor,competitor_awarded,,2013-09-25,2018-09-24,2018-09-24,2015-09-24,-2862,286915228,286915228,,,medicaid,medicaid;medicare;cms;eligibility,72,"{""agency"":""Department of Health and Human Services"",""award_amount"":286915228,""days_until_end"":-2862,""gwt_relation"":""competitor"",""join_confidence"":""usaspending_only_no_sam_entity_match"",""join_key"":""piid:HHSM500201300167C"",""join_keys"":{""piid"":""HHSM500201300167C"",""solicitation_number"":"""",""source_record_ids"":[""CONT_AWD_HHSM500201300167C_7530_-NONE-_-NONE-""]},""matched_keywords"":[""eligibility"",""Medicaid"",""Medicare""],""matched_vendor_alias"":""MAXIMUS FEDERAL SERVICES INC"",""missing_fields"":[""solicitation_number"",""uei_sam"",""award_date"",""potential_total_value""],""missing_join_inputs"":[],""recompete_signal"":""Expired/past award"",""recompete_window_months"":36,""source_file"":""data/contracts.csv"",""source_key"":""usaspending"",""source_keys"":[""usaspending""],""source_relevance_score"":48,""subagency"":""Centers for Medicare and Medicaid Services"",""topic_hits"":[""medicaid"",""medicare"",""cms"",""eligibility""],""vendor_entity"":{""matched"":false},""vendor_key"":""maximus""}",https://www.usaspending.gov/search/,2026-07-26T20:22:52Z
contract-lifecycle-9106a40d080ff7b7,usaspending,CONT_AWD_15F06718P0003426_1549_-NONE-_-NONE-,expired,standalone_award,15F06718P0003426,,,SUBSCRIPTION SERVICES TO THE GM SITE FOR BUCARS,Department of Justice,Federal Bureau of Investigation,,gainwell_technologies,DXC TECHNOLOGY SERVICES LLC,,gainwell_technologies,false,predecessor_alias,incumbent,,2018-03-12,2019-03-11,2019-03-11,2016-03-11,-2694,8364,8364,,,unknown,,9,"{""agency"":""Department of Justice"",""award_amount"":8364,""days_until_end"":-2694,""gwt_relation"":""predecessor_alias"",""join_confidence"":""usaspending_only_no_sam_entity_match"",""join_key"":""piid:15F06718P0003426"",""join_keys"":{""piid"":""15F06718P0003426"",""solicitation_number"":"""",""source_record_ids"":[""CONT_AWD_15F06718P0003426_1549_-NONE-_-NONE-""]},""matched_keywords"":[],""matched_vendor_alias"":""DXC Technology Services LLC"",""missing_fields"":[""solicitation_number"",""uei_sam"",""award_date"",""potential_total_value""],""missing_join_inputs"":[],""recompete_signal"":""Expired/past award"",""recompete_window_months"":36,""source_file"":""data/contracts.csv"",""source_key"":""usaspending"",""source_keys"":[""usaspending""],""source_relevance_score"":4,""subagency"":""Federal Bureau of Investigation"",""topic_hits"":[],""vendor_entity"":{""matched"":false},""vendor_key"":""gainwell_technologies""}",https://www.usaspending.gov/search/,2026-07-26T20:22:52Z
contract-lifecycle-035e060c200e7f57,usaspending,CONT_AWD_DOLOPS16F00132_1605_HHSN316201600006W_7529,expired,task_order,DOLOPS16F00132,HHSN316201600006W,,"IGF::CL::IGF - TASK ORDER TO REPLACE DOL-OPS-16-F-00002 IN IT'S ENTIRETY. IT OPERATIONS, MAINTENANCE AND SUPPORT SERVICES TO THE GSS",Department of Labor,Office of the Assistant Secretary for Administration and Management,,maximus,"MAXIMUS FEDERAL SERVICES, INC.",,maximus,true,competitor,competitor_awarded,,2016-09-08,2019-05-31,2019-05-31,2016-05-31,-2613,87883198,87883198,,,unknown,,39,"{""agency"":""Department of Labor"",""award_amount"":87883198,""days_until_end"":-2613,""gwt_relation"":""competitor"",""join_confidence"":""usaspending_only_no_sam_entity_match"",""join_key"":""piid:DOLOPS16F00132"",""join_keys"":{""piid"":""DOLOPS16F00132"",""solicitation_number"":"""",""source_record_ids"":[""CONT_AWD_DOLOPS16F00132_1605_HHSN316201600006W_7529""]},""matched_keywords"":[],""matched_vendor_alias"":""MAXIMUS FEDERAL SERVICES INC"",""missing_fields"":[""solicitation_number"",""uei_sam"",""award_date"",""potential_total_value""],""missing_join_inputs"":[],""recompete_signal"":""Expired/past award"",""recompete_window_months"":36,""source_file"":""data/contracts.csv"",""source_key"":""usaspending"",""source_keys"":[""usaspending""],""source_relevance_score"":24,""subagency"":""Office of the Assistant Secretary for Administration and Management"",""topic_hits"":[],""vendor_entity"":{""matched"":false},""vendor_key"":""maximus""}",https://www.usaspending.gov/search/,2026-07-26T20:22:52Z
contract-lifecycle-d2694132ae079c96,usaspending,CONT_AWD_DOCT0016_1330_DOCDG133W10CQ0041_1330,expired,task_order,DOCT0016,DOCDG133W10CQ0041,,"SATELLITE MISSION OPERATIONS AND MAINTENANCE SUPPORT (SMOMS) IGF::CL,CT::IGF OR IGF::CT,CL::IGF",Department of Commerce,National Oceanic and Atmospheric Administration,,maximus,"2020 COMPANY, LLC",,maximus,true,competitor,competitor_awarded,,2014-05-13,2019-07-26,2019-07-26,2016-07-26,-2557,95601396,95601396,,,unknown,,39,"{""agency"":""Department of Commerce"",""award_amount"":95601396,""days_until_end"":-2557,""gwt_relation"":""competitor"",""join_confidence"":""usaspending_only_no_sam_entity_match"",""join_key"":""piid:DOCT0016"",""join_keys"":{""piid"":""DOCT0016"",""solicitation_number"":"""",""source_record_ids"":[""CONT_AWD_DOCT0016_1330_DOCDG133W10CQ0041_1330""]},""matched_keywords"":[],""matched_vendor_alias"":""MAXIMUS FEDERAL SERVICES INC"",""missing_fields"":[""solicitation_number"",""uei_sam"",""award_date"",""potential_total_value""],""missing_join_inputs"":[],""recompete_signal"":""Expired/past award"",""recompete_window_months"":36,""source_file"":""data/contracts.csv"",""source_key"":""usaspending"",""source_keys"":[""usaspending""],""source_relevance_score"":24,""subagency"":""National Oceanic and Atmospheric Administration"",""topic_hits"":[],""vendor_entity"":{""matched"":false},""vendor_key"":""maximus""}",https://www.usaspending.gov/search/,2026-07-26T20:22:52Z
contract-lifecycle-f943c91ee74fde9d,usaspending,CONT_AWD_15JATR19P00000119_1501_-NONE-_-NONE-,expired,standalone_award,15JATR19P00000119,,,"TOOLBOX, LEGAL EDITION TWENTY-FIVE (25) NAMED USER LICENSES TOOLBOX, PROFESSIONAL EDITION THREE (3) NAMED-USER LICENSES SOFTWARE PROVIDES HYPERLINKS FOR TRIAL BRIEFS",Department of Justice,"Offices, Boards and Divisions",,gainwell_technologies,DXC TECHNOLOGY SERVICES LLC,,gainwell_technologies,false,predecessor_alias,incumbent,,2019-04-15,2019-09-30,2019-09-30,2016-09-30,-2491,10310,10310,,,unknown,,9,"{""agency"":""Department of Justice"",""award_amount"":10310,""days_until_end"":-2491,""gwt_relation"":""predecessor_alias"",""join_confidence"":""usaspending_only_no_sam_entity_match"",""join_key"":""piid:15JATR19P00000119"",""join_keys"":{""piid"":""15JATR19P00000119"",""solicitation_number"":"""",""source_record_ids"":[""CONT_AWD_15JATR19P00000119_1501_-NONE-_-NONE-""]},""matched_keywords"":[],""matched_vendor_alias"":""DXC Technology Services LLC"",""missing_fields"":[""solicitation_number"",""uei_sam"",""award_date"",""potential_total_value""],""missing_join_inputs"":[],""recompete_signal"":""Expired/past award"",""recompete_window_months"":36,""source_file"":""data/contracts.csv"",""source_key"":""usaspending"",""source_keys"":[""usaspending""],""source_relevance_score"":4,""subagency"":""Offices, Boards and Divisions"",""topic_hits"":[],""vendor_entity"":{""matched"":false},""vendor_key"":""gainwell_technologies""}",https://www.usaspending.gov/search/,2026-07-26T20:22:52Z
contract-lifecycle-fc808d51cf66a268,usaspending,CONT_AWD_NAMA14G0003_8800_HHSN316201200117W_7529,expired,task_order,NAMA14G0003,HHSN316201200117W,,IGF::OT::IGF,National Archives and Records Administration,National Archives and Records Administration,,maximus,"MAXIMUS FEDERAL TECHNOLOGY SOLUTIONS, LLC",,maximus,true,competitor,competitor_awarded,,2014-06-11,2019-12-31,2019-12-31,2016-12-31,-2399,67578195,67578195,,,unknown,,39,"{""agency"":""National Archives and Records Administration"",""award_amount"":67578195,""days_until_end"":-2399,""gwt_relation"":""competitor"",""join_confidence"":""usaspending_only_no_sam_entity_match"",""join_key"":""piid:NAMA14G0003"",""join_keys"":{""piid"":""NAMA14G0003"",""solicitation_number"":"""",""source_record_ids"":[""CONT_AWD_NAMA14G0003_8800_HHSN316201200117W_7529""]},""matched_keywords"":[],""matched_vendor_alias"":""MAXIMUS FEDERAL SERVICES INC"",""missing_fields"":[""solicitation_number"",""uei_sam"",""award_date"",""potential_total_value""],""missing_join_inputs"":[],""recompete_signal"":""Expired/past award"",""recompete_window_months"":36,""source_file"":""data/contracts.csv"",""source_key"":""usaspending"",""source_keys"":[""usaspending""],""source_relevance_score"":24,""subagency"":""National Archives and Records Administration"",""topic_hits"":[],""vendor_entity"":{""matched"":false},""vendor_key"":""maximus""}",https://www.usaspending.gov/search/,2026-07-26T20:22:52Z
contract-lifecycle-ef514f5876b8f49f,usaspending,CONT_AWD_EPG15H01113_6800_HHSN316201200117W_7529,expired,task_order,EPG15H01113,HHSN316201200117W,,IGF::OT::IGF OFFICE OF WATER AND CHESAPEAKE BAY PROGRAM OFFICE IT PORTFOLIO SUPPORT SERVICES.,Environmental Protection Agency,Environmental Protection Agency,,maximus,"MAXIMUS FEDERAL TECHNOLOGY SOLUTIONS, LLC",,maximus,true,competitor,competitor_awarded,,2015-04-27,2021-02-26,2021-02-26,2018-02-26,-1976,50124633,50124633,,,unknown,,39,"{""agency"":""Environmental Protection Agency"",""award_amount"":50124633,""days_until_end"":-1976,""gwt_relation"":""competitor"",""join_confidence"":""usaspending_only_no_sam_entity_match"",""join_key"":""piid:EPG15H01113"",""join_keys"":{""piid"":""EPG15H01113"",""solicitation_number"":"""",""source_record_ids"":[""CONT_AWD_EPG15H01113_6800_HHSN316201200117W_7529""]},""matched_keywords"":[],""matched_vendor_alias"":""MAXIMUS FEDERAL SERVICES INC"",""missing_fields"":[""solicitation_number"",""uei_sam"",""award_date"",""potential_total_value""],""missing_join_inputs"":[],""recompete_signal"":""Expired/past award"",""recompete_window_months"":36,""source_file"":""data/contracts.csv"",""source_key"":""usaspending"",""source_keys"":[""usaspending""],""source_relevance_score"":24,""subagency"":""Environmental Protection Agency"",""topic_hits"":[],""vendor_entity"":{""matched"":false},""vendor_key"":""maximus""}",https://www.usaspending.gov/search/,2026-07-26T20:22:52Z
contract-lifecycle-eab0605eb10fcf70,usaspending,CONT_AWD_2032H520F00326_2050_GS35F685GA_4732,expired,task_order,2032H520F00326,GS35F685GA,,AGENT CONTACT CENTER CUSTOMER SERVICE REPRESENTATIVE I** FTE 410 COVID-19,Department of the Treasury,Internal Revenue Service,,maximus,"MAXIMUS FEDERAL SERVICES, INC.",,maximus,true,competitor,competitor_awarded,,2020-05-12,2021-05-12,2021-05-12,2018-05-12,-1901,98438156,98438156,,,eligibility,contact_center,47,"{""agency"":""Department of the Treasury"",""award_amount"":98438156,""days_until_end"":-1901,""gwt_relation"":""competitor"",""join_confidence"":""usaspending_only_no_sam_entity_match"",""join_key"":""piid:2032H520F00326"",""join_keys"":{""piid"":""2032H520F00326"",""solicitation_number"":"""",""source_record_ids"":[""CONT_AWD_2032H520F00326_2050_GS35F685GA_4732""]},""matched_keywords"":[""contact center""],""matched_vendor_alias"":""MAXIMUS FEDERAL SERVICES INC"",""missing_fields"":[""solicitation_number"",""uei_sam"",""award_date"",""potential_total_value""],""missing_join_inputs"":[],""recompete_signal"":""Expired/past award"",""recompete_window_months"":36,""source_file"":""data/contracts.csv"",""source_key"":""usaspending"",""source_keys"":[""usaspending""],""source_relevance_score"":32,""subagency"":""Internal Revenue Service"",""topic_hits"":[""contact_center""],""vendor_entity"":{""matched"":false},""vendor_key"":""maximus""}",https://www.usaspending.gov/search/,2026-07-26T20:22:52Z
contract-lifecycle-9b1189c433c1c291,usaspending,CONT_AWD_DOCYA132316CN0017_1323_-NONE-_-NONE-,expired,standalone_award,DOCYA132316CN0017,,,IGF::OT::IGF 2020 CENSUS QUESTIONNAIRE ASSISTANCE (2020 CQA),Department of Commerce,U.S. Census Bureau,,maximus,"MAXIMUS FEDERAL SERVICES, INC.",,maximus,true,competitor,competitor_awarded,,2016-07-11,2021-06-14,2021-06-14,2018-06-14,-1868,918336629,918336629,,,unknown,,39,"{""agency"":""Department of Commerce"",""award_amount"":918336629,""days_until_end"":-1868,""gwt_relation"":""competitor"",""join_confidence"":""usaspending_only_no_sam_entity_match"",""join_key"":""piid:DOCYA132316CN0017"",""join_keys"":{""piid"":""DOCYA132316CN0017"",""solicitation_number"":"""",""source_record_ids"":[""CONT_AWD_DOCYA132316CN0017_1323_-NONE-_-NONE-""]},""matched_keywords"":[],""matched_vendor_alias"":""MAXIMUS FEDERAL SERVICES INC"",""missing_fields"":[""solicitation_number"",""uei_sam"",""award_date"",""potential_total_value""],""missing_join_inputs"":[],""recompete_signal"":""Expired/past award"",""recompete_window_months"":36,""source_file"":""data/contracts.csv"",""source_key"":""usaspending"",""source_keys"":[""usaspending""],""source_relevance_score"":24,""subagency"":""U.S. Census Bureau"",""topic_hits"":[],""vendor_entity"":{""matched"":false},""vendor_key"":""maximus""}",https://www.usaspending.gov/search/,2026-07-26T20:22:52Z
contract-lifecycle-f154d0436b4a5a32,usaspending,CONT_AWD_HHSM500T0009_7530_HHSM500200400007I_7530,expired,task_order,HHSM500T0009,HHSM500200400007I,,IGF::CL::IGF QUALIFIED INDEPENDENT CONTRACTORS - PART D QIC,Department of Health and Human Services,Centers for Medicare and Medicaid Services,,maximus,"MAXIMUS FEDERAL SERVICES, INC.",,maximus,true,competitor,competitor_awarded,,2015-06-01,2021-06-14,2021-06-14,2018-06-14,-1868,50969792,50969792,,,medicaid,medicaid;medicare;cms,64,"{""agency"":""Department of Health and Human Services"",""award_amount"":50969792,""days_until_end"":-1868,""gwt_relation"":""competitor"",""join_confidence"":""usaspending_only_no_sam_entity_match"",""join_key"":""piid:HHSM500T0009"",""join_keys"":{""piid"":""HHSM500T0009"",""solicitation_number"":"""",""source_record_ids"":[""CONT_AWD_HHSM500T0009_7530_HHSM500200400007I_7530""]},""matched_keywords"":[""Medicaid"",""Medicare""],""matched_vendor_alias"":""MAXIMUS FEDERAL SERVICES INC"",""missing_fields"":[""solicitation_number"",""uei_sam"",""award_date"",""potential_total_value""],""missing_join_inputs"":[],""recompete_signal"":""Expired/past award"",""recompete_window_months"":36,""source_file"":""data/contracts.csv"",""source_key"":""usaspending"",""source_keys"":[""usaspending""],""source_relevance_score"":40,""subagency"":""Centers for Medicare and Medicaid Services"",""topic_hits"":[""medicaid"",""medicare"",""cms""],""vendor_entity"":{""matched"":false},""vendor_key"":""maximus""}",https://www.usaspending.gov/search/,2026-07-26T20:22:52Z
contract-lifecycle-f8031b1f52862d1c,usaspending,CONT_AWD_15F06721P0003174_1549_-NONE-_-NONE-,expired,standalone_award,15F06721P0003174,,,TECHLINE INTERNET-BASED SUBSCRIPTION SERVICE.,Department of Justice,Federal Bureau of Investigation,,gainwell_technologies,DXC TECHNOLOGY SERVICES LLC,,gainwell_technologies,false,predecessor_alias,incumbent,,2021-04-29,2022-03-01,2022-03-01,2019-03-01,-1608,8364,8364,,,unknown,,9,"{""agency"":""Department of Justice"",""award_amount"":8364,""days_until_end"":-1608,""gwt_relation"":""predecessor_alias"",""join_confidence"":""usaspending_only_no_sam_entity_match"",""join_key"":""piid:15F06721P0003174"",""join_keys"":{""piid"":""15F06721P0003174"",""solicitation_number"":"""",""source_record_ids"":[""CONT_AWD_15F06721P0003174_1549_-NONE-_-NONE-""]},""matched_keywords"":[],""matched_vendor_alias"":""DXC Technology Services LLC"",""missing_fields"":[""solicitation_number"",""uei_sam"",""award_date"",""potential_total_value""],""missing_join_inputs"":[],""recompete_signal"":""Expired/past award"",""recompete_window_months"":36,""source_file"":""data/contracts.csv"",""source_key"":""usaspending"",""source_keys"":[""usaspending""],""source_relevance_score"":4,""subagency"":""Federal Bureau of Investigation"",""topic_hits"":[],""vendor_entity"":{""matched"":false},""vendor_key"":""gainwell_technologies""}",https://www.usaspending.gov/search/,2026-07-26T20:22:52Z
contract-lifecycle-8df888402079bad6,usaspending,CONT_AWD_SS001560057_2800_-NONE-_-NONE-,expired,standalone_award,SS001560057,,,IGF::CT::IGF - COMBINED RECOMPETE OF SS00-10-60103 FOR BENEFICIARY ACCESS&SUPPORT SERVICES (BASS) AND SS00-10-60102 FOR OPERATIONS SUPPORT MANAGER (OSM) FOR OPERATIONAL SUPPORT OF THE TICKET TO WORK PROGRAM.,Social Security Administration,Social Security Administration,,maximus,"MAXIMUS FEDERAL SERVICES, INC.",,maximus,true,competitor,competitor_awarded,,2015-09-29,2022-03-31,2022-03-31,2019-03-31,-1578,79633453,79633453,,,unknown,,39,"{""agency"":""Social Security Administration"",""award_amount"":79633453,""days_until_end"":-1578,""gwt_relation"":""competitor"",""join_confidence"":""usaspending_only_no_sam_entity_match"",""join_key"":""piid:SS001560057"",""join_keys"":{""piid"":""SS001560057"",""solicitation_number"":"""",""source_record_ids"":[""CONT_AWD_SS001560057_2800_-NONE-_-NONE-""]},""matched_keywords"":[],""matched_vendor_alias"":""MAXIMUS FEDERAL SERVICES INC"",""missing_fields"":[""solicitation_number"",""uei_sam"",""award_date"",""potential_total_value""],""missing_join_inputs"":[],""recompete_signal"":""Expired/past award"",""recompete_window_months"":36,""source_file"":""data/contracts.csv"",""source_key"":""usaspending"",""source_keys"":[""usaspending""],""source_relevance_score"":24,""subagency"":""Social Security Administration"",""topic_hits"":[],""vendor_entity"":{""matched"":false},""vendor_key"":""maximus""}",https://www.usaspending.gov/search/,2026-07-26T20:22:52Z
contract-lifecycle-ed073d6031e3adab,usaspending,CONT_AWD_HHSM500201300103C_7530_-NONE-_-NONE-,expired,standalone_award,HHSM500201300103C,,,IGF::OT::IGF CONTACT CENTER OPERATIONS (CCO),Department of Health and Human Services,Centers for Medicare and Medicaid Services,,maximus,"MAXIMUS FEDERAL SERVICES, INC.",,maximus,true,competitor,competitor_awarded,,2013-04-15,2022-05-31,2022-05-31,2019-05-31,-1517,5536080055,5536080055,,,medicaid,medicaid;medicare;cms;contact_center,72,"{""agency"":""Department of Health and Human Services"",""award_amount"":5536080055,""days_until_end"":-1517,""gwt_relation"":""competitor"",""join_confidence"":""usaspending_only_no_sam_entity_match"",""join_key"":""piid:HHSM500201300103C"",""join_keys"":{""piid"":""HHSM500201300103C"",""solicitation_number"":"""",""source_record_ids"":[""CONT_AWD_HHSM500201300103C_7530_-NONE-_-NONE-""]},""matched_keywords"":[""contact center"",""Medicaid"",""Medicare""],""matched_vendor_alias"":""MAXIMUS FEDERAL SERVICES INC"",""missing_fields"":[""solicitation_number"",""uei_sam"",""award_date"",""potential_total_value""],""missing_join_inputs"":[],""recompete_signal"":""Expired/past award"",""recompete_window_months"":36,""source_file"":""data/contracts.csv"",""source_key"":""usaspending"",""source_keys"":[""usaspending""],""source_relevance_score"":48,""subagency"":""Centers for Medicare and Medicaid Services"",""topic_hits"":[""medicaid"",""medicare"",""cms"",""contact_center""],""vendor_entity"":{""matched"":false},""vendor_key"":""maximus""}",https://www.usaspending.gov/search/,2026-07-26T20:22:52Z
contract-lifecycle-a2eb3a23887054d7,usaspending,CONT_AWD_2032H521F00353_2050_GS35F685GA_4732,expired,task_order,2032H521F00353,GS35F685GA,,WAGES AND INVESTMENTS DIVISION ECONOMIC IMPACT PAYMENT (EIP) III LIVE AGENT CONTACT CENTER COVID-19,Department of the Treasury,Internal Revenue Service,,maximus,"MAXIMUS FEDERAL SERVICES, INC.",,maximus,true,competitor,competitor_awarded,,2021-05-05,2022-06-13,2022-06-13,2019-06-13,-1504,72427927,72427927,,,eligibility,contact_center,47,"{""agency"":""Department of the Treasury"",""award_amount"":72427927,""days_until_end"":-1504,""gwt_relation"":""competitor"",""join_confidence"":""usaspending_only_no_sam_entity_match"",""join_key"":""piid:2032H521F00353"",""join_keys"":{""piid"":""2032H521F00353"",""solicitation_number"":"""",""source_record_ids"":[""CONT_AWD_2032H521F00353_2050_GS35F685GA_4732""]},""matched_keywords"":[""contact center""],""matched_vendor_alias"":""MAXIMUS FEDERAL SERVICES INC"",""missing_fields"":[""solicitation_number"",""uei_sam"",""award_date"",""potential_total_value""],""missing_join_inputs"":[],""recompete_signal"":""Expired/past award"",""recompete_window_months"":36,""source_file"":""data/contracts.csv"",""source_key"":""usaspending"",""source_keys"":[""usaspending""],""source_relevance_score"":32,""subagency"":""Internal Revenue Service"",""topic_hits"":[""contact_center""],""vendor_entity"":{""matched"":false},""vendor_key"":""maximus""}",https://www.usaspending.gov/search/,2026-07-26T20:22:52Z
contract-lifecycle-b70fd3e6b2dcb437,usaspending,CONT_AWD_47QFSA18F0008_4732_GS00V08PDD0068_4732,expired,task_order,47QFSA18F0008,GS00V08PDD0068,,CDCINFO CONTACT CENTER SERVICES IGF::OT::IGF,General Services Administration,Federal Acquisition Service,,maximus,"MAXIMUS FEDERAL SERVICES, INC.",,maximus,true,competitor,competitor_awarded,,2017-12-01,2022-08-31,2022-08-31,2019-08-31,-1425,65725770,65725770,,,eligibility,contact_center,47,"{""agency"":""General Services Administration"",""award_amount"":65725770,""days_until_end"":-1425,""gwt_relation"":""competitor"",""join_confidence"":""usaspending_only_no_sam_entity_match"",""join_key"":""piid:47QFSA18F0008"",""join_keys"":{""piid"":""47QFSA18F0008"",""solicitation_number"":"""",""source_record_ids"":[""CONT_AWD_47QFSA18F0008_4732_GS00V08PDD0068_4732""]},""matched_keywords"":[""contact center""],""matched_vendor_alias"":""MAXIMUS FEDERAL SERVICES INC"",""missing_fields"":[""solicitation_number"",""uei_sam"",""award_date"",""potential_total_value""],""missing_join_inputs"":[],""recompete_signal"":""Expired/past award"",""recompete_window_months"":36,""source_file"":""data/contracts.csv"",""source_key"":""usaspending"",""source_keys"":[""usaspending""],""source_relevance_score"":32,""subagency"":""Federal Acquisition Service"",""topic_hits"":[""contact_center""],""vendor_entity"":{""matched"":false},""vendor_key"":""maximus""}",https://www.usaspending.gov/search/,2026-07-26T20:22:52Z
contract-lifecycle-fa335c05bb3ebe2e,usaspending,CONT_AWD_BA07_9700_W91QUZ11D0016_9700,expired,task_order,BA07,W91QUZ11D0016,,"IGF::OT::IGF ARMY SHARED SERVICES CENTER SMALL BUSINESS TASK ORDER FOR LOGISTICS MODERNIZATION PROGRAM (LMP) SUSTAINMENT SUPPORT SERVICES, INCLUSIVE OF TRAVEL.",Department of Defense,Department of the Army,,maximus,"MAXIMUS FEDERAL TECHNOLOGY SOLUTIONS, LLC",,maximus,true,competitor,competitor_awarded,,2015-06-04,2022-09-01,2022-09-01,2019-09-01,-1424,129365388,129365388,,,unknown,,39,"{""agency"":""Department of Defense"",""award_amount"":129365388,""days_until_end"":-1424,""gwt_relation"":""competitor"",""join_confidence"":""usaspending_only_no_sam_entity_match"",""join_key"":""piid:BA07"",""join_keys"":{""piid"":""BA07"",""solicitation_number"":"""",""source_record_ids"":[""CONT_AWD_BA07_9700_W91QUZ11D0016_9700""]},""matched_keywords"":[],""matched_vendor_alias"":""MAXIMUS FEDERAL SERVICES INC"",""missing_fields"":[""solicitation_number"",""uei_sam"",""award_date"",""potential_total_value""],""missing_join_inputs"":[],""recompete_signal"":""Expired/past award"",""recompete_window_months"":36,""source_file"":""data/contracts.csv"",""source_key"":""usaspending"",""source_keys"":[""usaspending""],""source_relevance_score"":24,""subagency"":""Department of the Army"",""topic_hits"":[],""vendor_entity"":{""matched"":false},""vendor_key"":""maximus""}",https://www.usaspending.gov/search/,2026-07-26T20:22:52Z
contract-lifecycle-7464e3d4aeedb3c3,usaspending,CONT_AWD_75FCMC22C0025_7530_-NONE-_-NONE-,expired,standalone_award,75FCMC22C0025,,,CONTACT CENTER OPERATIONS - BRIDGE CONTRACT,Department of Health and Human Services,Centers for Medicare and Medicaid Services,,maximus,"MAXIMUS FEDERAL SERVICES, INC.",,maximus,true,competitor,competitor_awarded,,2022-06-01,2022-09-10,2022-09-10,2019-09-10,-1415,176432657,176432657,,,medicaid,medicaid;medicare;cms;contact_center,72,"{""agency"":""Department of Health and Human Services"",""award_amount"":176432657,""days_until_end"":-1415,""gwt_relation"":""competitor"",""join_confidence"":""usaspending_only_no_sam_entity_match"",""join_key"":""piid:75FCMC22C0025"",""join_keys"":{""piid"":""75FCMC22C0025"",""solicitation_number"":"""",""source_record_ids"":[""CONT_AWD_75FCMC22C0025_7530_-NONE-_-NONE-""]},""matched_keywords"":[""contact center"",""Medicaid"",""Medicare""],""matched_vendor_alias"":""MAXIMUS FEDERAL SERVICES INC"",""missing_fields"":[""solicitation_number"",""uei_sam"",""award_date"",""potential_total_value""],""missing_join_inputs"":[],""recompete_signal"":""Expired/past award"",""recompete_window_months"":36,""source_file"":""data/contracts.csv"",""source_key"":""usaspending"",""source_keys"":[""usaspending""],""source_relevance_score"":48,""subagency"":""Centers for Medicare and Medicaid Services"",""topic_hits"":[""medicaid"",""medicare"",""cms"",""contact_center""],""vendor_entity"":{""matched"":false},""vendor_key"":""maximus""}",https://www.usaspending.gov/search/,2026-07-26T20:22:52Z
contract-lifecycle-7e14a84817e3578d,usaspending,CONT_AWD_SECHQ114F0003_5000_HHSN316201200117W_7529,expired,task_order,SECHQ114F0003,HHSN316201200117W,,IGF::OT::IGF FOR OTHER FUNCTIONS OPERATIONS AND MAINTENANCE SUPPORT FOR SOFTWARE APPLICATIONS.,Securities and Exchange Commission,Securities and Exchange Commission,,maximus,"MAXIMUS FEDERAL TECHNOLOGY SOLUTIONS, LLC",,maximus,true,competitor,competitor_awarded,,2013-12-19,2022-10-26,2022-10-26,2019-10-26,-1369,150879898,150879898,,,medicaid,mmis,47,"{""agency"":""Securities and Exchange Commission"",""award_amount"":150879898,""days_until_end"":-1369,""gwt_relation"":""competitor"",""join_confidence"":""usaspending_only_no_sam_entity_match"",""join_key"":""piid:SECHQ114F0003"",""join_keys"":{""piid"":""SECHQ114F0003"",""solicitation_number"":"""",""source_record_ids"":[""CONT_AWD_SECHQ114F0003_5000_HHSN316201200117W_7529""]},""matched_keywords"":[""MMIS""],""matched_vendor_alias"":""MAXIMUS FEDERAL SERVICES INC"",""missing_fields"":[""solicitation_number"",""uei_sam"",""award_date"",""potential_total_value""],""missing_join_inputs"":[],""recompete_signal"":""Expired/past award"",""recompete_window_months"":36,""source_file"":""data/contracts.csv"",""source_key"":""usaspending"",""source_keys"":[""usaspending""],""source_relevance_score"":32,""subagency"":""Securities and Exchange Commission"",""topic_hits"":[""mmis""],""vendor_entity"":{""matched"":false},""vendor_key"":""maximus""}",https://www.usaspending.gov/search/,2026-07-26T20:22:52Z
contract-lifecycle-cb9303b020a83f16,usaspending,CONT_AWD_47QFSA21F0040_4732_GS35F685GA_4732,expired,task_order,47QFSA21F0040,GS35F685GA,,CDC INFO SURGE SUPPORT AND NATIONAL COVID 19 VACCINATION ASSISTANCE HOTLINE,General Services Administration,Federal Acquisition Service,,maximus,"MAXIMUS FEDERAL SERVICES, INC.",,maximus,true,competitor,competitor_awarded,,2021-04-19,2023-01-24,2023-01-24,2020-01-24,-1279,354565647,354565647,,,unknown,,39,"{""agency"":""General Services Administration"",""award_amount"":354565647,""days_until_end"":-1279,""gwt_relation"":""competitor"",""join_confidence"":""usaspending_only_no_sam_entity_match"",""join_key"":""piid:47QFSA21F0040"",""join_keys"":{""piid"":""47QFSA21F0040"",""solicitation_number"":"""",""source_record_ids"":[""CONT_AWD_47QFSA21F0040_4732_GS35F685GA_4732""]},""matched_keywords"":[],""matched_vendor_alias"":""MAXIMUS FEDERAL SERVICES INC"",""missing_fields"":[""solicitation_number"",""uei_sam"",""award_date"",""potential_total_value""],""missing_join_inputs"":[],""recompete_signal"":""Expired/past award"",""recompete_window_months"":36,""source_file"":""data/contracts.csv"",""source_key"":""usaspending"",""source_keys"":[""usaspending""],""source_relevance_score"":24,""subagency"":""Federal Acquisition Service"",""topic_hits"":[],""vendor_entity"":{""matched"":false},""vendor_key"":""maximus""}",https://www.usaspending.gov/search/,2026-07-26T20:22:52Z
contract-lifecycle-fc68ae7af8e4cabd,usaspending,CONT_AWD_70SBUR20F00000025_7003_GS35F0534W_4730,expired,task_order,70SBUR20F00000025,GS35F0534W,,MDAS II,Department of Homeland Security,U.S. Citizenship and Immigration Services,,maximus,"MAXIMUS FEDERAL TECHNOLOGY SOLUTIONS, LLC",,maximus,true,competitor,competitor_awarded,,2020-01-03,2023-06-02,2023-06-02,2020-06-02,-1150,85524551,85524551,,,unknown,,39,"{""agency"":""Department of Homeland Security"",""award_amount"":85524551,""days_until_end"":-1150,""gwt_relation"":""competitor"",""join_confidence"":""usaspending_only_no_sam_entity_match"",""join_key"":""piid:70SBUR20F00000025"",""join_keys"":{""piid"":""70SBUR20F00000025"",""solicitation_number"":"""",""source_record_ids"":[""CONT_AWD_70SBUR20F00000025_7003_GS35F0534W_4730""]},""matched_keywords"":[],""matched_vendor_alias"":""MAXIMUS FEDERAL SERVICES INC"",""missing_fields"":[""solicitation_number"",""uei_sam"",""award_date"",""potential_total_value""],""missing_join_inputs"":[],""recompete_signal"":""Expired/past award"",""recompete_window_months"":36,""source_file"":""data/contracts.csv"",""source_key"":""usaspending"",""source_keys"":[""usaspending""],""source_relevance_score"":24,""subagency"":""U.S. Citizenship and Immigration Services"",""topic_hits"":[],""vendor_entity"":{""matched"":false},""vendor_key"":""maximus""}",https://www.usaspending.gov/search/,2026-07-26T20:22:52Z
contract-lifecycle-9b1f3852808552eb,usaspending,CONT_AWD_DEDT0013924_8900_HHSN316201200117W_7529,expired,task_order,DEDT0013924,HHSN316201200117W,,"""IGF::OT::IGF"" TASK ORDER FOR INFORMATION TECHNOLOGY SUPPORT SERVICES",Department of Energy,Department of Energy,,maximus,"MAXIMUS FEDERAL TECHNOLOGY SOLUTIONS, LLC",,maximus,true,competitor,competitor_awarded,,2017-10-26,2023-07-31,2023-07-31,2020-07-31,-1091,96486600,96486600,,,unknown,,39,"{""agency"":""Department of Energy"",""award_amount"":96486600,""days_until_end"":-1091,""gwt_relation"":""competitor"",""join_confidence"":""usaspending_only_no_sam_entity_match"",""join_key"":""piid:DEDT0013924"",""join_keys"":{""piid"":""DEDT0013924"",""solicitation_number"":"""",""source_record_ids"":[""CONT_AWD_DEDT0013924_8900_HHSN316201200117W_7529""]},""matched_keywords"":[],""matched_vendor_alias"":""MAXIMUS FEDERAL SERVICES INC"",""missing_fields"":[""solicitation_number"",""uei_sam"",""award_date"",""potential_total_value""],""missing_join_inputs"":[],""recompete_signal"":""Expired/past award"",""recompete_window_months"":36,""source_file"":""data/contracts.csv"",""source_key"":""usaspending"",""source_keys"":[""usaspending""],""source_relevance_score"":24,""subagency"":""Department of Energy"",""topic_hits"":[],""vendor_entity"":{""matched"":false},""vendor_key"":""maximus""}",https://www.usaspending.gov/search/,2026-07-26T20:22:52Z
contract-lifecycle-3e8409de9f208ea9,usaspending,CONT_AWD_36C10X22N0214_3600_36C10X19D0006_3600,expired,task_order,36C10X22N0214,36C10X19D0006,,MEDICAL DISABILITY EXAMINATIONS (MDE) - THIS TASK ORDER IS SUBJECT TO THE AVAILABILITY OF FUNDS AS PRESCRIBED IN FAR 52.232-18 AVAILABILITY OF FUNDS.,Department of Veterans Affairs,Department of Veterans Affairs,,maximus,"VETERANS EVALUATION SERVICES, INC",,maximus,true,competitor,competitor_awarded,,2022-10-01,2023-09-30,2023-09-30,2020-09-30,-1030,311183536,311183536,,,unknown,,39,"{""agency"":""Department of Veterans Affairs"",""award_amount"":311183536,""days_until_end"":-1030,""gwt_relation"":""competitor"",""join_confidence"":""usaspending_only_no_sam_entity_match"",""join_key"":""piid:36C10X22N0214"",""join_keys"":{""piid"":""36C10X22N0214"",""solicitation_number"":"""",""source_record_ids"":[""CONT_AWD_36C10X22N0214_3600_36C10X19D0006_3600""]},""matched_keywords"":[],""matched_vendor_alias"":""MAXIMUS FEDERAL SERVICES INC"",""missing_fields"":[""solicitation_number"",""uei_sam"",""award_date"",""potential_total_value""],""missing_join_inputs"":[],""recompete_signal"":""Expired/past award"",""recompete_window_months"":36,""source_file"":""data/contracts.csv"",""source_key"":""usaspending"",""source_keys"":[""usaspending""],""source_relevance_score"":24,""subagency"":""Department of Veterans Affairs"",""topic_hits"":[],""vendor_entity"":{""matched"":false},""vendor_key"":""maximus""}",https://www.usaspending.gov/search/,2026-07-26T20:22:52Z
contract-lifecycle-dd357f080cca067a,usaspending,CONT_AWD_75FCMC18F0086_7530_HHSN316201600006W_7529,expired,task_order,75FCMC18F0086,HHSN316201600006W,,ELIGIBILITY APPEALS OPERATIONS SUPPORT (EAOS),Department of Health and Human Services,Centers for Medicare and Medicaid Services,,maximus,"MAXIMUS FEDERAL SERVICES, INC.",,maximus,true,competitor,competitor_awarded,,2018-09-25,2024-03-24,2024-03-24,2021-03-24,-854,284575263,284575263,,,medicaid,medicaid;medicare;cms;eligibility,72,"{""agency"":""Department of Health and Human Services"",""award_amount"":284575263,""days_until_end"":-854,""gwt_relation"":""competitor"",""join_confidence"":""usaspending_only_no_sam_entity_match"",""join_key"":""piid:75FCMC18F0086"",""join_keys"":{""piid"":""75FCMC18F0086"",""solicitation_number"":"""",""source_record_ids"":[""CONT_AWD_75FCMC18F0086_7530_HHSN316201600006W_7529""]},""matched_keywords"":[""eligibility"",""Medicaid"",""Medicare""],""matched_vendor_alias"":""MAXIMUS FEDERAL SERVICES INC"",""missing_fields"":[""solicitation_number"",""uei_sam"",""award_date"",""potential_total_value""],""missing_join_inputs"":[],""recompete_signal"":""Expired/past award"",""recompete_window_months"":36,""source_file"":""data/contracts.csv"",""source_key"":""usaspending"",""source_keys"":[""usaspending""],""source_relevance_score"":48,""subagency"":""Centers for Medicare and Medicaid Services"",""topic_hits"":[""medicaid"",""medicare"",""cms"",""eligibility""],""vendor_entity"":{""matched"":false},""vendor_key"":""maximus""}",https://www.usaspending.gov/search/,2026-07-26T20:22:52Z
contract-lifecycle-d7aee149c4073ce1,usaspending,CONT_AWD_1333BJ21F00280029_1344_47QTCK18D0044_4732,expired,task_order,1333BJ21F00280029,47QTCK18D0044,,PATENT PRODUCT BUCKET A: CLASSIFICATION AND PALM,Department of Commerce,U.S. Patent and Trademark Office,,maximus,"MAXIMUS FEDERAL SERVICES, INC.",,maximus,true,competitor,competitor_awarded,,2021-04-05,2024-04-30,2024-04-30,2021-04-30,-817,69226405,69226405,,,unknown,,39,"{""agency"":""Department of Commerce"",""award_amount"":69226405,""days_until_end"":-817,""gwt_relation"":""competitor"",""join_confidence"":""usaspending_only_no_sam_entity_match"",""join_key"":""piid:1333BJ21F00280029"",""join_keys"":{""piid"":""1333BJ21F00280029"",""solicitation_number"":"""",""source_record_ids"":[""CONT_AWD_1333BJ21F00280029_1344_47QTCK18D0044_4732""]},""matched_keywords"":[],""matched_vendor_alias"":""MAXIMUS FEDERAL SERVICES INC"",""missing_fields"":[""solicitation_number"",""uei_sam"",""award_date"",""potential_total_value""],""missing_join_inputs"":[],""recompete_signal"":""Expired/past award"",""recompete_window_months"":36,""source_file"":""data/contracts.csv"",""source_key"":""usaspending"",""source_keys"":[""usaspending""],""source_relevance_score"":24,""subagency"":""U.S. Patent and Trademark Office"",""topic_hits"":[],""vendor_entity"":{""matched"":false},""vendor_key"":""maximus""}",https://www.usaspending.gov/search/,2026-07-26T20:22:52Z
contract-lifecycle-093c29eaee9f1f3e,usaspending;sam_entity_information,CONT_AWD_75D30121C12653_7523_-NONE-_-NONE-;R5J6HERC6MJ4,expired,standalone_award,75D30121C12653,,,CONNECTING IIS PRODUCTS TO THE IZ GATEWAY AND TO CDC FOR DATA REPORTING,Department of Health and Human Services,Centers for Disease Control and Prevention,,gainwell_technologies,GAINWELL TECHNOLOGIES LLC,R5J6HERC6MJ4,gainwell_technologies,false,self,incumbent,,2021-09-21,2024-07-21,2024-07-21,2021-07-21,-735,2840009,2840009,,,unknown,,28,"{""agency"":""Department of Health and Human Services"",""award_amount"":2840009,""days_until_end"":-735,""gwt_relation"":""self"",""join_confidence"":""medium_usaspending_with_entity"",""join_key"":""piid:75D30121C12653"",""join_keys"":{""piid"":""75D30121C12653"",""solicitation_number"":"""",""source_record_ids"":[""CONT_AWD_75D30121C12653_7523_-NONE-_-NONE-"",""R5J6HERC6MJ4""]},""matched_keywords"":[],""matched_vendor_alias"":""Gainwell Technologies LLC"",""missing_fields"":[""solicitation_number"",""award_date"",""potential_total_value""],""missing_join_inputs"":[],""recompete_signal"":""Expired/past award"",""recompete_window_months"":36,""source_file"":""data/contracts.csv"",""source_key"":""usaspending"",""source_keys"":[""usaspending"",""sam_entity_information""],""source_relevance_score"":16,""subagency"":""Centers for Disease Control and Prevention"",""topic_hits"":[],""vendor_entity"":{""cage_code"":""953Y7"",""entity_status"":""Active"",""match_confidence"":""0.80"",""match_reason"":""name containment with UEI/CAGE evidence; UEI/CAGE present; active registration"",""matched"":true,""source_key"":""sam_entity_information"",""source_record_id"":""R5J6HERC6MJ4"",""uei_sam"":""R5J6HERC6MJ4""},""vendor_key"":""gainwell_technologies""}",https://www.usaspending.gov/search/;https://sam.gov/entity/R5J6HERC6MJ4/coreData?status=active,2026-07-26T20:22:52Z
contract-lifecycle-92c8e96e5ad4626f,usaspending,CONT_AWD_2032H521F00374_2050_47QTCK18D0044_4732,expired,task_order,2032H521F00374,47QTCK18D0044,,"DEVELOPMENT, INFRASTRUCTURE, SECURITY AND MODERNIZATION (DISM)",Department of the Treasury,Internal Revenue Service,,maximus,"MAXIMUS FEDERAL SERVICES, INC.",,maximus,true,competitor,competitor_awarded,,2021-06-17,2024-12-16,2024-12-16,2021-12-16,-587,88494312,88494312,,,unknown,,39,"{""agency"":""Department of the Treasury"",""award_amount"":88494312,""days_until_end"":-587,""gwt_relation"":""competitor"",""join_confidence"":""usaspending_only_no_sam_entity_match"",""join_key"":""piid:2032H521F00374"",""join_keys"":{""piid"":""2032H521F00374"",""solicitation_number"":"""",""source_record_ids"":[""CONT_AWD_2032H521F00374_2050_47QTCK18D0044_4732""]},""matched_keywords"":[],""matched_vendor_alias"":""MAXIMUS FEDERAL SERVICES INC"",""missing_fields"":[""solicitation_number"",""uei_sam"",""award_date"",""potential_total_value""],""missing_join_inputs"":[],""recompete_signal"":""Expired/past award"",""recompete_window_months"":36,""source_file"":""data/contracts.csv"",""source_key"":""usaspending"",""source_keys"":[""usaspending""],""source_relevance_score"":24,""subagency"":""Internal Revenue Service"",""topic_hits"":[],""vendor_entity"":{""matched"":false},""vendor_key"":""maximus""}",https://www.usaspending.gov/search/,2026-07-26T20:22:52Z
contract-lifecycle-e096b5dcf8afde7c,usaspending,CONT_AWD_91003120F0314_9100_EDFSA09D0015_9100,expired,task_order,91003120F0314,EDFSA09D0015,,PROVIDE DIRECT LOAN SERVICES SUCH AS CALL CENTER AND FINANCIAL REPORTING - NAVIENT FROM 12/15/2019 THROUGH 12/14/2020,Department of Education,Department of Education,,maximus,MAXIMUS EDUCATION LLC,,maximus,true,competitor,competitor_awarded,,2019-12-14,2024-12-31,2024-12-31,2021-12-31,-572,762138897,762138897,,,eligibility,contact_center,39,"{""agency"":""Department of Education"",""award_amount"":762138897,""days_until_end"":-572,""gwt_relation"":""competitor"",""join_confidence"":""usaspending_only_no_sam_entity_match"",""join_key"":""piid:91003120F0314"",""join_keys"":{""piid"":""91003120F0314"",""solicitation_number"":"""",""source_record_ids"":[""CONT_AWD_91003120F0314_9100_EDFSA09D0015_9100""]},""matched_keywords"":[],""matched_vendor_alias"":""MAXIMUS FEDERAL SERVICES INC"",""missing_fields"":[""solicitation_number"",""uei_sam"",""award_date"",""potential_total_value""],""missing_join_inputs"":[],""recompete_signal"":""Expired/past award"",""recompete_window_months"":36,""source_file"":""data/contracts.csv"",""source_key"":""usaspending"",""source_keys"":[""usaspending""],""source_relevance_score"":24,""subagency"":""Department of Education"",""topic_hits"":[""contact_center""],""vendor_entity"":{""matched"":false},""vendor_key"":""maximus""}",https://www.usaspending.gov/search/,2026-07-26T20:22:52Z
contract-lifecycle-076ce04914d8cac0,usaspending,CONT_AWD_EDFSA13C0021_9100_-NONE-_-NONE-,expired,standalone_award,EDFSA13C0021,,,DEBT MANAGEMENT AND COLLECTIONS SYSTEM (DMCS) IGF::CT::IGF,Department of Education,Department of Education,,maximus,"MAXIMUS FEDERAL SERVICES, INC.",,maximus,true,competitor,competitor_awarded,,2013-09-27,2025-01-31,2025-01-31,2022-01-31,-541,906920531,906920531,,,unknown,,39,"{""agency"":""Department of Education"",""award_amount"":906920531,""days_until_end"":-541,""gwt_relation"":""competitor"",""join_confidence"":""usaspending_only_no_sam_entity_match"",""join_key"":""piid:EDFSA13C0021"",""join_keys"":{""piid"":""EDFSA13C0021"",""solicitation_number"":"""",""source_record_ids"":[""CONT_AWD_EDFSA13C0021_9100_-NONE-_-NONE-""]},""matched_keywords"":[],""matched_vendor_alias"":""MAXIMUS FEDERAL SERVICES INC"",""missing_fields"":[""solicitation_number"",""uei_sam"",""award_date"",""potential_total_value""],""missing_join_inputs"":[],""recompete_signal"":""Expired/past award"",""recompete_window_months"":36,""source_file"":""data/contracts.csv"",""source_key"":""usaspending"",""source_keys"":[""usaspending""],""source_relevance_score"":24,""subagency"":""Department of Education"",""topic_hits"":[],""vendor_entity"":{""matched"":false},""vendor_key"":""maximus""}",https://www.usaspending.gov/search/,2026-07-26T20:22:52Z
contract-lifecycle-d334789ac924afc0,usaspending,CONT_AWD_2032H519F00785_2050_47QTCK18D0044_4732,expired,task_order,2032H519F00785,47QTCK18D0044,,ITSI,Department of the Treasury,Internal Revenue Service,,maximus,"MAXIMUS FEDERAL SERVICES, INC.",,maximus,true,competitor,competitor_awarded,,2019-09-27,2025-03-26,2025-03-26,2022-03-26,-487,171182965,171182965,,,unknown,,39,"{""agency"":""Department of the Treasury"",""award_amount"":171182965,""days_until_end"":-487,""gwt_relation"":""competitor"",""join_confidence"":""usaspending_only_no_sam_entity_match"",""join_key"":""piid:2032H519F00785"",""join_keys"":{""piid"":""2032H519F00785"",""solicitation_number"":"""",""source_record_ids"":[""CONT_AWD_2032H519F00785_2050_47QTCK18D0044_4732""]},""matched_keywords"":[],""matched_vendor_alias"":""MAXIMUS FEDERAL SERVICES INC"",""missing_fields"":[""solicitation_number"",""uei_sam"",""award_date"",""potential_total_value""],""missing_join_inputs"":[],""recompete_signal"":""Expired/past award"",""recompete_window_months"":36,""source_file"":""data/contracts.csv"",""source_key"":""usaspending"",""source_keys"":[""usaspending""],""source_relevance_score"":24,""subagency"":""Internal Revenue Service"",""topic_hits"":[],""vendor_entity"":{""matched"":false},""vendor_key"":""maximus""}",https://www.usaspending.gov/search/,2026-07-26T20:22:52Z
contract-lifecycle-68eb324763da4bae,usaspending,CONT_AWD_91003124F0308_9100_91003123D0001_9100,expired,task_order,91003124F0308,91003123D0001,,OPERATIONS AND MAINTENANCE (O&M) TASK ORDER FOR STUDENT LOAN SERVICING IN ACCORDANCE WITH THE REQUIREMENTS OF THE USDS CONTRACT. ALL WORK AND DELIVERABLES PROVIDED MUST BE IN ACCORDANCE WITH THE REQUIREMENTS OF THE CONTRACT FOR THE TASK ORDER.,Department of Education,Department of Education,,maximus,MAXIMUS EDUCATION LLC,,maximus,true,competitor,competitor_awarded,,2024-04-01,2025-11-20,2025-11-20,2022-11-20,-248,56815000,56815000,,,unknown,,39,"{""agency"":""Department of Education"",""award_amount"":56815000,""days_until_end"":-248,""gwt_relation"":""competitor"",""join_confidence"":""usaspending_only_no_sam_entity_match"",""join_key"":""piid:91003124F0308"",""join_keys"":{""piid"":""91003124F0308"",""solicitation_number"":"""",""source_record_ids"":[""CONT_AWD_91003124F0308_9100_91003123D0001_9100""]},""matched_keywords"":[],""matched_vendor_alias"":""MAXIMUS FEDERAL SERVICES INC"",""missing_fields"":[""solicitation_number"",""uei_sam"",""award_date"",""potential_total_value""],""missing_join_inputs"":[],""recompete_signal"":""Expired/past award"",""recompete_window_months"":36,""source_file"":""data/contracts.csv"",""source_key"":""usaspending"",""source_keys"":[""usaspending""],""source_relevance_score"":24,""subagency"":""Department of Education"",""topic_hits"":[],""vendor_entity"":{""matched"":false},""vendor_key"":""maximus""}",https://www.usaspending.gov/search/,2026-07-26T20:22:52Z
contract-lifecycle-8bbe0496402965a1,usaspending,CONT_AWD_70FBTX25F00000026_7022_70FBTX21A00000003_7022,expired,task_order,70FBTX25F00000026,70FBTX21A00000003,,OC3 CALL ORDER 15,Department of Homeland Security,Federal Emergency Management Agency,,maximus,"MAXIMUS FEDERAL SERVICES, INC.",,maximus,true,competitor,competitor_awarded,,2024-11-08,2025-11-30,2025-11-30,2022-11-30,-238,49759706,49759706,,,unknown,,35,"{""agency"":""Department of Homeland Security"",""award_amount"":49759706,""days_until_end"":-238,""gwt_relation"":""competitor"",""join_confidence"":""usaspending_only_no_sam_entity_match"",""join_key"":""piid:70FBTX25F00000026"",""join_keys"":{""piid"":""70FBTX25F00000026"",""solicitation_number"":"""",""source_record_ids"":[""CONT_AWD_70FBTX25F00000026_7022_70FBTX21A00000003_7022""]},""matched_keywords"":[],""matched_vendor_alias"":""MAXIMUS FEDERAL SERVICES INC"",""missing_fields"":[""solicitation_number"",""uei_sam"",""award_date"",""potential_total_value""],""missing_join_inputs"":[],""recompete_signal"":""Expired/past award"",""recompete_window_months"":36,""source_file"":""data/contracts.csv"",""source_key"":""usaspending"",""source_keys"":[""usaspending""],""source_relevance_score"":24,""subagency"":""Federal Emergency Management Agency"",""topic_hits"":[],""vendor_entity"":{""matched"":false},""vendor_key"":""maximus""}",https://www.usaspending.gov/search/,2026-07-26T20:22:52Z
contract-lifecycle-757d0599288a8c38,usaspending,CONT_AWD_140D0420F0343_1406_GS35F0534W_4730,expired,task_order,140D0420F0343,GS35F0534W,,DOD SAP CIO SETA AND FACILITY REQUIREMENTS,Department of the Interior,Departmental Offices,,maximus,"MAXIMUS FEDERAL TECHNOLOGY SOLUTIONS, LLC",,maximus,true,competitor,competitor_awarded,,2020-07-02,2026-01-01,2026-01-01,2023-01-01,-206,106321580,106321580,,,unknown,,39,"{""agency"":""Department of the Interior"",""award_amount"":106321580,""days_until_end"":-206,""gwt_relation"":""competitor"",""join_confidence"":""usaspending_only_no_sam_entity_match"",""join_key"":""piid:140D0420F0343"",""join_keys"":{""piid"":""140D0420F0343"",""solicitation_number"":"""",""source_record_ids"":[""CONT_AWD_140D0420F0343_1406_GS35F0534W_4730""]},""matched_keywords"":[],""matched_vendor_alias"":""MAXIMUS FEDERAL SERVICES INC"",""missing_fields"":[""solicitation_number"",""uei_sam"",""award_date"",""potential_total_value""],""missing_join_inputs"":[],""recompete_signal"":""Expired/past award"",""recompete_window_months"":36,""source_file"":""data/contracts.csv"",""source_key"":""usaspending"",""source_keys"":[""usaspending""],""source_relevance_score"":24,""subagency"":""Departmental Offices"",""topic_hits"":[],""vendor_entity"":{""matched"":false},""vendor_key"":""maximus""}",https://www.usaspending.gov/search/,2026-07-26T20:22:52Z
contract-lifecycle-ab390f1f1b995fcb,usaspending;sam_entity_information,CONT_AWD_75FCMC25PJ031_7530_-NONE-_-NONE-;R5J6HERC6MJ4,expired,standalone_award,75FCMC25PJ031,,,THE PURPOSE OF THIS REQUIREMENT IS TO PROCURE PROFESSIONAL IT SERVICES FOR PROOF OF CONCEPTS FOR THE DEVELOPMENT OF THE NATIONAL PROVIDER DIRECTORY (NPD).,Department of Health and Human Services,Centers for Medicare and Medicaid Services,,gainwell_technologies,GAINWELL TECHNOLOGIES LLC,R5J6HERC6MJ4,gainwell_technologies,false,self,incumbent,,2025-09-30,2026-01-30,2026-01-30,2023-01-30,-177,1,1,,,medicaid,medicaid;medicare;cms;provider_data,34,"{""agency"":""Department of Health and Human Services"",""award_amount"":1,""days_until_end"":-177,""gwt_relation"":""self"",""join_confidence"":""medium_usaspending_with_entity"",""join_key"":""piid:75FCMC25PJ031"",""join_keys"":{""piid"":""75FCMC25PJ031"",""solicitation_number"":"""",""source_record_ids"":[""CONT_AWD_75FCMC25PJ031_7530_-NONE-_-NONE-"",""R5J6HERC6MJ4""]},""matched_keywords"":[""Medicaid"",""Medicare""],""matched_vendor_alias"":""Gainwell Technologies LLC"",""missing_fields"":[""solicitation_number"",""award_date"",""potential_total_value""],""missing_join_inputs"":[],""recompete_signal"":""Expired/past award"",""recompete_window_months"":36,""source_file"":""data/contracts.csv"",""source_key"":""usaspending"",""source_keys"":[""usaspending"",""sam_entity_information""],""source_relevance_score"":20,""subagency"":""Centers for Medicare and Medicaid Services"",""topic_hits"":[""medicaid"",""medicare"",""cms"",""provider_data""],""vendor_entity"":{""cage_code"":""953Y7"",""entity_status"":""Active"",""match_confidence"":""0.80"",""match_reason"":""name containment with UEI/CAGE evidence; UEI/CAGE present; active registration"",""matched"":true,""source_key"":""sam_entity_information"",""source_record_id"":""R5J6HERC6MJ4"",""uei_sam"":""R5J6HERC6MJ4""},""vendor_key"":""gainwell_technologies""}",https://www.usaspending.gov/search/;https://sam.gov/entity/R5J6HERC6MJ4/coreData?status=active,2026-07-26T20:22:52Z
contract-lifecycle-d622771c0293355e,sam_opportunities,e7897ffdf54e429aa4459d960723496b,expired,opportunity_notice,,,1232SA26R0037,Biocontainment Facility Operational Readiness and Commissioning,"AGRICULTURE, DEPARTMENT OF",AGRICULTURAL RESEARCH SERVICE,USDA ARS AFM APD,unknown,,,,false,unknown,unknown,,,,,,,,,,,medicaid,mmis;sources_sought,73,"{""award_notice"":{""award_amount"":null,""award_date"":"""",""award_number"":"""",""cage_code"":"""",""uei_sam"":"""",""vendor_name"":""""},""gwt_relation"":""unknown"",""join_confidence"":""sam_opportunity_notice"",""join_key"":""solicitation:1232SA26R0037"",""join_keys"":{""piid"":"""",""solicitation_number"":""1232SA26R0037"",""source_record_id"":""e7897ffdf54e429aa4459d960723496b""},""missing_fields"":[""piid"",""vendor_name"",""uei_sam"",""award_date"",""period_start_date"",""period_end_date"",""award_amount"",""current_total_value"",""potential_total_value""],""notice_bucket"":""early_signal"",""notice_dates"":{""archive_date"":""2026-08-06"",""due_date"":""2026-07-22"",""posted_date"":""2026-07-15""},""notice_type"":""Sources Sought"",""ptype"":""r"",""source_file"":""data/federal_opportunities.csv"",""source_key"":""sam_opportunities"",""source_keys"":[""sam_opportunities""],""source_lifecycle_status"":""expired"",""source_record_id"":""e7897ffdf54e429aa4459d960723496b"",""topic_hits"":[""mmis"",""sources_sought""],""vendor_entity"":{""matched"":false},""vendor_key"":""unknown""}",https://sam.gov/workspace/contract/opp/e7897ffdf54e429aa4459d960723496b/view;https://api.sam.gov/opportunities/v2/search;https://api.sam.gov/prod/opportunities/v1/noticedesc?noticeid=e7897ffdf54e429aa4459d960723496b,2026-07-26T14:18:20Z
contract-lifecycle-fe60a17c23257c18,sam_opportunities,2fd429d78f8745d8b556033cceb9bae5,expired,opportunity_notice,,,HQC01026RE003,DECA A-E MATOC PROJECT,DEPT OF DEFENSE,DEFENSE COMMISSARY AGENCY (DECA),DEFENSE COMMISSARY AGENCY- EUR AREA,unknown,,,,false,unknown,unknown,,,,,,,,,,,medicaid,mmis;sources_sought,73,"{""award_notice"":{""award_amount"":null,""award_date"":"""",""award_number"":"""",""cage_code"":"""",""uei_sam"":"""",""vendor_name"":""""},""gwt_relation"":""unknown"",""join_confidence"":""sam_opportunity_notice"",""join_key"":""solicitation:HQC01026RE003"",""join_keys"":{""piid"":"""",""solicitation_number"":""HQC01026RE003"",""source_record_id"":""2fd429d78f8745d8b556033cceb9bae5""},""missing_fields"":[""piid"",""vendor_name"",""uei_sam"",""award_date"",""period_start_date"",""period_end_date"",""award_amount"",""current_total_value"",""potential_total_value""],""notice_bucket"":""early_signal"",""notice_dates"":{""archive_date"":""2026-08-01"",""due_date"":""2026-07-24"",""posted_date"":""2026-07-20""},""notice_type"":""Sources Sought"",""ptype"":""r"",""source_file"":""data/federal_opportunities.csv"",""source_key"":""sam_opportunities"",""source_keys"":[""sam_opportunities""],""source_lifecycle_status"":""expired"",""source_record_id"":""2fd429d78f8745d8b556033cceb9bae5"",""topic_hits"":[""mmis"",""sources_sought""],""vendor_entity"":{""matched"":false},""vendor_key"":""unknown""}",https://sam.gov/workspace/contract/opp/2fd429d78f8745d8b556033cceb9bae5/view;https://api.sam.gov/opportunities/v2/search;https://api.sam.gov/prod/opportunities/v1/noticedesc?noticeid=2fd429d78f8745d8b556033cceb9bae5,2026-07-26T14:18:20Z
contract-lifecycle-e95aeb26207be458,sam_opportunities,ae7b517543d94b4c8fb8096b82e7e6cd,expired,opportunity_notice,,,ICE_Medical_Claims_,ICE Medical Claims,"HOMELAND SECURITY, DEPARTMENT OF",US IMMIGRATION AND CUSTOMS ENFORCEMENT,DETENTION COMPLIANCE AND REMOVALS,unknown,,,,false,unknown,unknown,,,,,,,,,,,medicaid,claims;sources_sought,69,"{""award_notice"":{""award_amount"":null,""award_date"":"""",""award_number"":"""",""cage_code"":"""",""uei_sam"":"""",""vendor_name"":""""},""gwt_relation"":""unknown"",""join_confidence"":""sam_opportunity_notice"",""join_key"":""solicitation:ICEMEDICALCLAIMS"",""join_keys"":{""piid"":"""",""solicitation_number"":""ICE_Medical_Claims_"",""source_record_id"":""ae7b517543d94b4c8fb8096b82e7e6cd""},""missing_fields"":[""piid"",""vendor_name"",""uei_sam"",""award_date"",""period_start_date"",""period_end_date"",""award_amount"",""current_total_value"",""potential_total_value""],""notice_bucket"":""early_signal"",""notice_dates"":{""archive_date"":""2026-08-08"",""due_date"":""2026-07-24"",""posted_date"":""2026-07-17""},""notice_type"":""Sources Sought"",""ptype"":""r"",""source_file"":""data/federal_opportunities.csv"",""source_key"":""sam_opportunities"",""source_keys"":[""sam_opportunities""],""source_lifecycle_status"":""expired"",""source_record_id"":""ae7b517543d94b4c8fb8096b82e7e6cd"",""topic_hits"":[""claims"",""sources_sought""],""vendor_entity"":{""matched"":false},""vendor_key"":""unknown""}",https://sam.gov/workspace/contract/opp/ae7b517543d94b4c8fb8096b82e7e6cd/view;https://api.sam.gov/opportunities/v2/search;https://api.sam.gov/prod/opportunities/v1/noticedesc?noticeid=ae7b517543d94b4c8fb8096b82e7e6cd,2026-07-26T14:18:20Z
contract-lifecycle-692f9b42b5b85572,sam_opportunities,b4d0e58037c14c25b00c625135895491,expired,opportunity_notice,,,50310226Q0184,Sources Sought for Library Support Services,SECURITIES AND EXCHANGE COMMISSION,SECURITIES AND EXCHANGE COMMISSION,SECURITIES AND EXCHANGE COMMISSION,unknown,,,,false,unknown,unknown,,,,,,,,,,,medicaid,mmis;sources_sought,73,"{""award_notice"":{""award_amount"":null,""award_date"":"""",""award_number"":"""",""cage_code"":"""",""uei_sam"":"""",""vendor_name"":""""},""gwt_relation"":""unknown"",""join_confidence"":""sam_opportunity_notice"",""join_key"":""solicitation:50310226Q0184"",""join_keys"":{""piid"":"""",""solicitation_number"":""50310226Q0184"",""source_record_id"":""b4d0e58037c14c25b00c625135895491""},""missing_fields"":[""piid"",""vendor_name"",""uei_sam"",""award_date"",""period_start_date"",""period_end_date"",""award_amount"",""current_total_value"",""potential_total_value""],""notice_bucket"":""early_signal"",""notice_dates"":{""archive_date"":""2026-08-01"",""due_date"":""2026-07-17"",""posted_date"":""2026-07-16""},""notice_type"":""Sources Sought"",""ptype"":""r"",""source_file"":""data/federal_opportunities.csv"",""source_key"":""sam_opportunities"",""source_keys"":[""sam_opportunities""],""source_lifecycle_status"":""expired"",""source_record_id"":""b4d0e58037c14c25b00c625135895491"",""topic_hits"":[""mmis"",""sources_sought""],""vendor_entity"":{""matched"":false},""vendor_key"":""unknown""}",https://sam.gov/workspace/contract/opp/b4d0e58037c14c25b00c625135895491/view;https://api.sam.gov/opportunities/v2/search;https://api.sam.gov/prod/opportunities/v1/noticedesc?noticeid=b4d0e58037c14c25b00c625135895491,2026-07-26T14:18:20Z
contract-lifecycle-890c39d2c03d52fb,sam_contract_awards,7529|75N92B25F00003|0|0|75N98022A00032|0,unknown,task_order,75N92B25F00003,75N98022A00032,,LABORATORY EQUIPMENT AND SUPPLIES,"HEALTH AND HUMAN SERVICES, DEPARTMENT OF",NATIONAL INSTITUTES OF HEALTH,NIH NIAMS,10x_genomics_inc,"10X GENOMICS, INC.",D1NLDEZ14TV5,10x_genomics_inc,true,competitor,competitor_awarded,,,,,,,,,,,review,,37,"{""agency"":""HEALTH AND HUMAN SERVICES, DEPARTMENT OF"",""award_amount"":null,""current_total_value"":null,""days_until_end"":null,""gwt_relation"":""competitor"",""join_confidence"":""sam_contract_awards_normalized"",""join_key"":""piid:75N92B25F00003"",""join_keys"":{""piid"":""75N92B25F00003"",""solicitation_number"":"""",""source_record_ids"":[""7529|75N92B25F00003|0|0|75N98022A00032|0""]},""missing_fields"":[""solicitation_number"",""award_date"",""period_start_date"",""period_end_date"",""award_amount"",""current_total_value"",""potential_total_value""],""naics"":""325413"",""office"":""NIH NIAMS"",""potential_total_value"":null,""psc"":""6640"",""recompete_window_months"":36,""source_file"":""data/sam_contract_awards.csv"",""source_key"":""sam_contract_awards"",""source_keys"":[""sam_contract_awards""],""source_record_id"":""7529|75N92B25F00003|0|0|75N98022A00032|0"",""subagency"":""NATIONAL INSTITUTES OF HEALTH"",""topic_hits"":[],""vendor_entity"":{""matched"":false},""vendor_key"":""10x_genomics_inc""}",https://sam.gov/search/?index=awards&keywords=75N92B25F00003,2026-07-26T20:08:36Z
contract-lifecycle-14b134ea168b9e35,sam_contract_awards,7529|75N95021D00019|P00013,unknown,standalone_award,75N95021D00019,,HHSNIHNIDASOL2021001,SUPPORT- PROFESSIONAL: PROGRAM MANAGEMENT/SUPPORT,"HEALTH AND HUMAN SERVICES, DEPARTMENT OF",NATIONAL INSTITUTES OF HEALTH,NATIONAL INSTITUTES OF HEALTH NIDA,22nd_century_technologies_inc,22ND CENTURY TECHNOLOGIES INC.,QT2VZ9L1VPQ1,22nd_century_technologies_inc,true,competitor,competitor_awarded,,,,,,,,,,,review,,37,"{""agency"":""HEALTH AND HUMAN SERVICES, DEPARTMENT OF"",""award_amount"":null,""current_total_value"":null,""days_until_end"":null,""gwt_relation"":""competitor"",""join_confidence"":""sam_contract_awards_normalized"",""join_key"":""piid:75N95021D00019"",""join_keys"":{""piid"":""75N95021D00019"",""solicitation_number"":""HHSNIHNIDASOL2021001"",""source_record_ids"":[""7529|75N95021D00019|P00013""]},""missing_fields"":[""award_date"",""period_start_date"",""period_end_date"",""award_amount"",""current_total_value"",""potential_total_value""],""naics"":""541690"",""office"":""NATIONAL INSTITUTES OF HEALTH NIDA"",""potential_total_value"":null,""psc"":""R408"",""recompete_window_months"":36,""source_file"":""data/sam_contract_awards.csv"",""source_key"":""sam_contract_awards"",""source_keys"":[""sam_contract_awards""],""source_record_id"":""7529|75N95021D00019|P00013"",""subagency"":""NATIONAL INSTITUTES OF HEALTH"",""topic_hits"":[],""vendor_entity"":{""matched"":false},""vendor_key"":""22nd_century_technologies_inc""}",https://sam.gov/search/?index=awards&keywords=75N95021D00019,2026-07-26T20:08:36Z
contract-lifecycle-bab1bc180d1e8adc,sam_contract_awards,7527|75H70625F80020|P00001|0|V797D70087|P00015,unknown,task_order,75H70625F80020,V797D70087,,GRANT.AUSTIN@A-DEC.COM,"HEALTH AND HUMAN SERVICES, DEPARTMENT OF",INDIAN HEALTH SERVICE,GREAT PLAINS AREA INDIAN HEALTH SVC,a_dec_inc,"A-DEC, INC.",UM2HYYSE69R7,a_dec_inc,true,competitor,competitor_awarded,,,,,,,,,,,review,,37,"{""agency"":""HEALTH AND HUMAN SERVICES, DEPARTMENT OF"",""award_amount"":null,""current_total_value"":null,""days_until_end"":null,""gwt_relation"":""competitor"",""join_confidence"":""sam_contract_awards_normalized"",""join_key"":""piid:75H70625F80020"",""join_keys"":{""piid"":""75H70625F80020"",""solicitation_number"":"""",""source_record_ids"":[""7527|75H70625F80020|P00001|0|V797D70087|P00015""]},""missing_fields"":[""solicitation_number"",""award_date"",""period_start_date"",""period_end_date"",""award_amount"",""current_total_value"",""potential_total_value""],""naics"":""339114"",""office"":""GREAT PLAINS AREA INDIAN HEALTH SVC"",""potential_total_value"":null,""psc"":""N065"",""recompete_window_months"":36,""source_file"":""data/sam_contract_awards.csv"",""source_key"":""sam_contract_awards"",""source_keys"":[""sam_contract_awards""],""source_record_id"":""7527|75H70625F80020|P00001|0|V797D70087|P00015"",""subagency"":""INDIAN HEALTH SERVICE"",""topic_hits"":[],""vendor_entity"":{""matched"":false},""vendor_key"":""a_dec_inc""}",https://sam.gov/search/?index=awards&keywords=75H70625F80020,2026-07-26T20:08:36Z
contract-lifecycle-30a0b966016f8223,sam_contract_awards,7527|75H71023F80085|P00023|0|V797D70049|P00001,unknown,task_order,75H71023F80085,V797D70049,,MEDICAL- NURSING,"HEALTH AND HUMAN SERVICES, DEPARTMENT OF",INDIAN HEALTH SERVICE,NAVAJO AREA INDIAN HEALTH SVC,access_therapies_inc,ACCESS THERAPIES INC.,WK93NPH24UW5,access_therapies_inc,true,competitor,competitor_awarded,,,,,,,,,,,review,interoperability,37,"{""agency"":""HEALTH AND HUMAN SERVICES, DEPARTMENT OF"",""award_amount"":null,""current_total_value"":null,""days_until_end"":null,""gwt_relation"":""competitor"",""join_confidence"":""sam_contract_awards_normalized"",""join_key"":""piid:75H71023F80085"",""join_keys"":{""piid"":""75H71023F80085"",""solicitation_number"":"""",""source_record_ids"":[""7527|75H71023F80085|P00023|0|V797D70049|P00001""]},""missing_fields"":[""solicitation_number"",""award_date"",""period_start_date"",""period_end_date"",""award_amount"",""current_total_value"",""potential_total_value""],""naics"":""561320"",""office"":""NAVAJO AREA INDIAN HEALTH SVC"",""potential_total_value"":null,""psc"":""Q401"",""recompete_window_months"":36,""source_file"":""data/sam_contract_awards.csv"",""source_key"":""sam_contract_awards"",""source_keys"":[""sam_contract_awards""],""source_record_id"":""7527|75H71023F80085|P00023|0|V797D70049|P00001"",""subagency"":""INDIAN HEALTH SERVICE"",""topic_hits"":[""interoperability""],""vendor_entity"":{""matched"":false},""vendor_key"":""access_therapies_inc""}",https://sam.gov/search/?index=awards&keywords=75H71023F80085,2026-07-26T20:08:36Z
contract-lifecycle-c6964e9df6285211,sam_contract_awards,7527|75H71126F80052|0|0|47QTCA18D002Y|PA0009,unknown,task_order,75H71126F80052,47QTCA18D002Y,,IT AND TELECOM - BUSINESS APPLICATION/APPLICATION DEVELOPMENT SOFTWARE AS A SERVICE,"HEALTH AND HUMAN SERVICES, DEPARTMENT OF",INDIAN HEALTH SERVICE,INDIAN HEALTH SERVICE,acf_technologies_inc,"ACF TECHNOLOGIES, INC.",FLCDDJ375QL1,acf_technologies_inc,true,competitor,competitor_awarded,,,,,,,,,,,review,,37,"{""agency"":""HEALTH AND HUMAN SERVICES, DEPARTMENT OF"",""award_amount"":null,""current_total_value"":null,""days_until_end"":null,""gwt_relation"":""competitor"",""join_confidence"":""sam_contract_awards_normalized"",""join_key"":""piid:75H71126F80052"",""join_keys"":{""piid"":""75H71126F80052"",""solicitation_number"":"""",""source_record_ids"":[""7527|75H71126F80052|0|0|47QTCA18D002Y|PA0009""]},""missing_fields"":[""solicitation_number"",""award_date"",""period_start_date"",""period_end_date"",""award_amount"",""current_total_value"",""potential_total_value""],""naics"":""511210"",""office"":""INDIAN HEALTH SERVICE"",""potential_total_value"":null,""psc"":""DA10"",""recompete_window_months"":36,""source_file"":""data/sam_contract_awards.csv"",""source_key"":""sam_contract_awards"",""source_keys"":[""sam_contract_awards""],""source_record_id"":""7527|75H71126F80052|0|0|47QTCA18D002Y|PA0009"",""subagency"":""INDIAN HEALTH SERVICE"",""topic_hits"":[],""vendor_entity"":{""matched"":false},""vendor_key"":""acf_technologies_inc""}",https://sam.gov/search/?index=awards&keywords=75H71126F80052,2026-07-26T20:08:36Z
contract-lifecycle-07e5db5cdf0e9d67,sam_contract_awards,7524|75F40125C00096|P00002|0,unknown,standalone_award,75F40125C00096,,75F40125Q00395,SPECIAL STUDIES/ANALYSIS- MEDICAL/HEALTH,"HEALTH AND HUMAN SERVICES, DEPARTMENT OF",FOOD AND DRUG ADMINISTRATION,FDA OFFICE OF ACQ GRANT SVCS,acumen_llc,ACUMEN LLC,XVMTJF1497P1,acumen_llc,true,competitor,competitor_awarded,,,,,,,,,,,review,,37,"{""agency"":""HEALTH AND HUMAN SERVICES, DEPARTMENT OF"",""award_amount"":null,""current_total_value"":null,""days_until_end"":null,""gwt_relation"":""competitor"",""join_confidence"":""sam_contract_awards_normalized"",""join_key"":""piid:75F40125C00096"",""join_keys"":{""piid"":""75F40125C00096"",""solicitation_number"":""75F40125Q00395"",""source_record_ids"":[""7524|75F40125C00096|P00002|0""]},""missing_fields"":[""award_date"",""period_start_date"",""period_end_date"",""award_amount"",""current_total_value"",""potential_total_value""],""naics"":""518210"",""office"":""FDA OFFICE OF ACQ GRANT SVCS"",""potential_total_value"":null,""psc"":""B537"",""recompete_window_months"":36,""source_file"":""data/sam_contract_awards.csv"",""source_key"":""sam_contract_awards"",""source_keys"":[""sam_contract_awards""],""source_record_id"":""7524|75F40125C00096|P00002|0"",""subagency"":""FOOD AND DRUG ADMINISTRATION"",""topic_hits"":[],""vendor_entity"":{""matched"":false},""vendor_key"":""acumen_llc""}",https://sam.gov/search/?index=awards&keywords=75F40125C00096,2026-07-26T20:08:36Z
contract-lifecycle-d9e1194465b2ccf7,sam_contract_awards,7527|75H70726F80011|P00001|0|36F79724D0165|P00001,unknown,task_order,75H70726F80011,36F79724D0165,75H70726Q00003,BEHAVIORAL AND MENTAL HEALTH,"HEALTH AND HUMAN SERVICES, DEPARTMENT OF",INDIAN HEALTH SERVICE,ALBUQUERQUE AREA INDIAN HEALTH SVC,adelphi_staffing_llc,"ADELPHI STAFFING, LLC",JS26ZQ5GZ6P5,adelphi_staffing_llc,true,competitor,competitor_awarded,,,,,,,,,,,review,behavioral_health;workforce,37,"{""agency"":""HEALTH AND HUMAN SERVICES, DEPARTMENT OF"",""award_amount"":null,""current_total_value"":null,""days_until_end"":null,""gwt_relation"":""competitor"",""join_confidence"":""sam_contract_awards_normalized"",""join_key"":""piid:75H70726F80011"",""join_keys"":{""piid"":""75H70726F80011"",""solicitation_number"":""75H70726Q00003"",""source_record_ids"":[""7527|75H70726F80011|P00001|0|36F79724D0165|P00001""]},""missing_fields"":[""award_date"",""period_start_date"",""period_end_date"",""award_amount"",""current_total_value"",""potential_total_value""],""naics"":""561320"",""office"":""ALBUQUERQUE AREA INDIAN HEALTH SVC"",""potential_total_value"":null,""psc"":""Q519"",""recompete_window_months"":36,""source_file"":""data/sam_contract_awards.csv"",""source_key"":""sam_contract_awards"",""source_keys"":[""sam_contract_awards""],""source_record_id"":""7527|75H70726F80011|P00001|0|36F79724D0165|P00001"",""subagency"":""INDIAN HEALTH SERVICE"",""topic_hits"":[""behavioral_health"",""workforce""],""vendor_entity"":{""matched"":false},""vendor_key"":""adelphi_staffing_llc""}",https://sam.gov/search/?index=awards&keywords=75H70726F80011,2026-07-26T20:08:36Z
contract-lifecycle-1d6fea7f4c6fe385,sam_contract_awards,7523|75D30126C20758|P00001|0,unknown,standalone_award,75D30126C20758,,,QUALITY CONTROL- INSTRUMENTS AND LABORATORY EQUIPMENT,"HEALTH AND HUMAN SERVICES, DEPARTMENT OF",CENTERS FOR DISEASE CONTROL AND PREVENTION,CDC OFFICE OF ACQUISITION SERVICES,advanced_monitoring_methods_llc,ADVANCED MONITORING METHODS LLC,JLU5LPJDFBJ1,advanced_monitoring_methods_llc,true,competitor,competitor_awarded,,,,,,,,,,,review,quality,37,"{""agency"":""HEALTH AND HUMAN SERVICES, DEPARTMENT OF"",""award_amount"":null,""current_total_value"":null,""days_until_end"":null,""gwt_relation"":""competitor"",""join_confidence"":""sam_contract_awards_normalized"",""join_key"":""piid:75D30126C20758"",""join_keys"":{""piid"":""75D30126C20758"",""solicitation_number"":"""",""source_record_ids"":[""7523|75D30126C20758|P00001|0""]},""missing_fields"":[""solicitation_number"",""award_date"",""period_start_date"",""period_end_date"",""award_amount"",""current_total_value"",""potential_total_value""],""naics"":""811210"",""office"":""CDC OFFICE OF ACQUISITION SERVICES"",""potential_total_value"":null,""psc"":""H166"",""recompete_window_months"":36,""source_file"":""data/sam_contract_awards.csv"",""source_key"":""sam_contract_awards"",""source_keys"":[""sam_contract_awards""],""source_record_id"":""7523|75D30126C20758|P00001|0"",""subagency"":""CENTERS FOR DISEASE CONTROL AND PREVENTION"",""topic_hits"":[""quality""],""vendor_entity"":{""matched"":false},""vendor_key"":""advanced_monitoring_methods_llc""}",https://sam.gov/search/?index=awards&keywords=75D30126C20758,2026-07-26T20:08:36Z
contract-lifecycle-f09471f6337f884e,sam_contract_awards,7505|75A50324F80006|P00003|0|V797D50583|P00003,unknown,task_order,75A50324F80006,V797D50583,,"MAINT/REPAIR/REBUILD OF EQUIPMENT- MEDICAL, DENTAL, AND VETERINARY EQUIPMENT AND SUPPLIES","HEALTH AND HUMAN SERVICES, DEPARTMENT OF",ADMINISTRATION FOR STRATEGIC PREPAREDNESS AND RESPONSE,ASPR/ORM-SNS,agiliti_health_inc,"AGILITI HEALTH, INC.",M3DQYY15GLP8,agiliti_health_inc,true,competitor,competitor_awarded,,,,,,,,,,,review,,37,"{""agency"":""HEALTH AND HUMAN SERVICES, DEPARTMENT OF"",""award_amount"":null,""current_total_value"":null,""days_until_end"":null,""gwt_relation"":""competitor"",""join_confidence"":""sam_contract_awards_normalized"",""join_key"":""piid:75A50324F80006"",""join_keys"":{""piid"":""75A50324F80006"",""solicitation_number"":"""",""source_record_ids"":[""7505|75A50324F80006|P00003|0|V797D50583|P00003""]},""missing_fields"":[""solicitation_number"",""award_date"",""period_start_date"",""period_end_date"",""award_amount"",""current_total_value"",""potential_total_value""],""naics"":""339113"",""office"":""ASPR/ORM-SNS"",""potential_total_value"":null,""psc"":""J065"",""recompete_window_months"":36,""source_file"":""data/sam_contract_awards.csv"",""source_key"":""sam_contract_awards"",""source_keys"":[""sam_contract_awards""],""source_record_id"":""7505|75A50324F80006|P00003|0|V797D50583|P00003"",""subagency"":""ADMINISTRATION FOR STRATEGIC PREPAREDNESS AND RESPONSE"",""topic_hits"":[],""vendor_entity"":{""matched"":false},""vendor_key"":""agiliti_health_inc""}",https://sam.gov/search/?index=awards&keywords=75A50324F80006,2026-07-26T20:08:36Z
contract-lifecycle-3d29245fc1dbda40,sam_contract_awards,7527|75H70324F08014|P00002|0|75H70323D00004|0,unknown,task_order,75H70324F08014,75H70323D00004,,CONSTRUCTION OF WASTE TREATMENT AND STORAGE FACILITIES,"HEALTH AND HUMAN SERVICES, DEPARTMENT OF",INDIAN HEALTH SERVICE,CALIFORNIA INDIAN HEALTH SERVICE,allen_gill_construction_inc,ALLEN GILL CONSTRUCTION INC,J8MEAL98B699,allen_gill_construction_inc,true,competitor,competitor_awarded,,,,,,,,,,,review,,37,"{""agency"":""HEALTH AND HUMAN SERVICES, DEPARTMENT OF"",""award_amount"":null,""current_total_value"":null,""days_until_end"":null,""gwt_relation"":""competitor"",""join_confidence"":""sam_contract_awards_normalized"",""join_key"":""piid:75H70324F08014"",""join_keys"":{""piid"":""75H70324F08014"",""solicitation_number"":"""",""source_record_ids"":[""7527|75H70324F08014|P00002|0|75H70323D00004|0""]},""missing_fields"":[""solicitation_number"",""award_date"",""period_start_date"",""period_end_date"",""award_amount"",""current_total_value"",""potential_total_value""],""naics"":""237110"",""office"":""CALIFORNIA INDIAN HEALTH SERVICE"",""potential_total_value"":null,""psc"":""Y1PD"",""recompete_window_months"":36,""source_file"":""data/sam_contract_awards.csv"",""source_key"":""sam_contract_awards"",""source_keys"":[""sam_contract_awards""],""source_record_id"":""7527|75H70324F08014|P00002|0|75H70323D00004|0"",""subagency"":""INDIAN HEALTH SERVICE"",""topic_hits"":[],""vendor_entity"":{""matched"":false},""vendor_key"":""allen_gill_construction_inc""}",https://sam.gov/search/?index=awards&keywords=75H70324F08014,2026-07-26T20:08:36Z
contract-lifecycle-98e8c732886e707b,sam_contract_awards,7527|75H70525D00007|P00001,unknown,standalone_award,75H70525D00007,,,EDUCATION/TRAINING- OTHER,"HEALTH AND HUMAN SERVICES, DEPARTMENT OF",INDIAN HEALTH SERVICE,BEMIDJI AREA INDIAN HEALTH SERVICE,alosa_health_inc,ALOSA HEALTH INC,QMNMMUXN4MG6,alosa_health_inc,true,competitor,competitor_awarded,,,,,,,,,,,review,,37,"{""agency"":""HEALTH AND HUMAN SERVICES, DEPARTMENT OF"",""award_amount"":null,""current_total_value"":null,""days_until_end"":null,""gwt_relation"":""competitor"",""join_confidence"":""sam_contract_awards_normalized"",""join_key"":""piid:75H70525D00007"",""join_keys"":{""piid"":""75H70525D00007"",""solicitation_number"":"""",""source_record_ids"":[""7527|75H70525D00007|P00001""]},""missing_fields"":[""solicitation_number"",""award_date"",""period_start_date"",""period_end_date"",""award_amount"",""current_total_value"",""potential_total_value""],""naics"":""611710"",""office"":""BEMIDJI AREA INDIAN HEALTH SERVICE"",""potential_total_value"":null,""psc"":""U099"",""recompete_window_months"":36,""source_file"":""data/sam_contract_awards.csv"",""source_key"":""sam_contract_awards"",""source_keys"":[""sam_contract_awards""],""source_record_id"":""7527|75H70525D00007|P00001"",""subagency"":""INDIAN HEALTH SERVICE"",""topic_hits"":[],""vendor_entity"":{""matched"":false},""vendor_key"":""alosa_health_inc""}",https://sam.gov/search/?index=awards&keywords=75H70525D00007,2026-07-26T20:08:36Z
contract-lifecycle-c5dfca6f8cdc1110,sam_contract_awards,7527|75H71025P00918|P00002|0,unknown,standalone_award,75H71025P00918,,75H71025Q00131,MEDICAL- NURSING,"HEALTH AND HUMAN SERVICES, DEPARTMENT OF",INDIAN HEALTH SERVICE,NAVAJO AREA INDIAN HEALTH SVC,amedistaf_llc,"AMEDISTAF, LLC",T36QLM7LRNN1,amedistaf_llc,true,competitor,competitor_awarded,,,,,,,,,,,review,,37,"{""agency"":""HEALTH AND HUMAN SERVICES, DEPARTMENT OF"",""award_amount"":null,""current_total_value"":null,""days_until_end"":null,""gwt_relation"":""competitor"",""join_confidence"":""sam_contract_awards_normalized"",""join_key"":""piid:75H71025P00918"",""join_keys"":{""piid"":""75H71025P00918"",""solicitation_number"":""75H71025Q00131"",""source_record_ids"":[""7527|75H71025P00918|P00002|0""]},""missing_fields"":[""award_date"",""period_start_date"",""period_end_date"",""award_amount"",""current_total_value"",""potential_total_value""],""naics"":""561320"",""office"":""NAVAJO AREA INDIAN HEALTH SVC"",""potential_total_value"":null,""psc"":""Q401"",""recompete_window_months"":36,""source_file"":""data/sam_contract_awards.csv"",""source_key"":""sam_contract_awards"",""source_keys"":[""sam_contract_awards""],""source_record_id"":""7527|75H71025P00918|P00002|0"",""subagency"":""INDIAN HEALTH SERVICE"",""topic_hits"":[],""vendor_entity"":{""matched"":false},""vendor_key"":""amedistaf_llc""}",https://sam.gov/search/?index=awards&keywords=75H71025P00918,2026-07-26T20:08:36Z
contract-lifecycle-90f9f2e98dae0c26,sam_contract_awards,7527|75H71025P00941|P00002|0,unknown,standalone_award,75H71025P00941,,75H71025Q00131,MEDICAL- NURSING,"HEALTH AND HUMAN SERVICES, DEPARTMENT OF",INDIAN HEALTH SERVICE,NAVAJO AREA INDIAN HEALTH SVC,amedistaf_llc,"AMEDISTAF, LLC",T36QLM7LRNN1,amedistaf_llc,true,competitor,competitor_awarded,,,,,,,,,,,review,,37,"{""agency"":""HEALTH AND HUMAN SERVICES, DEPARTMENT OF"",""award_amount"":null,""current_total_value"":null,""days_until_end"":null,""gwt_relation"":""competitor"",""join_confidence"":""sam_contract_awards_normalized"",""join_key"":""piid:75H71025P00941"",""join_keys"":{""piid"":""75H71025P00941"",""solicitation_number"":""75H71025Q00131"",""source_record_ids"":[""7527|75H71025P00941|P00002|0""]},""missing_fields"":[""award_date"",""period_start_date"",""period_end_date"",""award_amount"",""current_total_value"",""potential_total_value""],""naics"":""561320"",""office"":""NAVAJO AREA INDIAN HEALTH SVC"",""potential_total_value"":null,""psc"":""Q401"",""recompete_window_months"":36,""source_file"":""data/sam_contract_awards.csv"",""source_key"":""sam_contract_awards"",""source_keys"":[""sam_contract_awards""],""source_record_id"":""7527|75H71025P00941|P00002|0"",""subagency"":""INDIAN HEALTH SERVICE"",""topic_hits"":[],""vendor_entity"":{""matched"":false},""vendor_key"":""amedistaf_llc""}",https://sam.gov/search/?index=awards&keywords=75H71025P00941,2026-07-26T20:08:36Z
contract-lifecycle-c4736340939decf4,sam_contract_awards,7524|75F40123C00184|P00003|0,unknown,standalone_award,75F40123C00184,,,HEALTH R&D SERVICES; HEALTH CARE - OTHER; BASIC RESEARCH,"HEALTH AND HUMAN SERVICES, DEPARTMENT OF",FOOD AND DRUG ADMINISTRATION,FDA OFFICE OF ACQ GRANT SVCS,american_college_of_medical_toxicology_inc,"AMERICAN COLLEGE OF MEDICAL TOXICOLOGY, INC.",SENNVSJDUES4,american_college_of_medical_toxicology_inc,true,competitor,competitor_awarded,,,,,,,,,,,review,,37,"{""agency"":""HEALTH AND HUMAN SERVICES, DEPARTMENT OF"",""award_amount"":null,""current_total_value"":null,""days_until_end"":null,""gwt_relation"":""competitor"",""join_confidence"":""sam_contract_awards_normalized"",""join_key"":""piid:75F40123C00184"",""join_keys"":{""piid"":""75F40123C00184"",""solicitation_number"":"""",""source_record_ids"":[""7524|75F40123C00184|P00003|0""]},""missing_fields"":[""solicitation_number"",""award_date"",""period_start_date"",""period_end_date"",""award_amount"",""current_total_value"",""potential_total_value""],""naics"":""541990"",""office"":""FDA OFFICE OF ACQ GRANT SVCS"",""potential_total_value"":null,""psc"":""AN41"",""recompete_window_months"":36,""source_file"":""data/sam_contract_awards.csv"",""source_key"":""sam_contract_awards"",""source_keys"":[""sam_contract_awards""],""source_record_id"":""7524|75F40123C00184|P00003|0"",""subagency"":""FOOD AND DRUG ADMINISTRATION"",""topic_hits"":[],""vendor_entity"":{""matched"":false},""vendor_key"":""american_college_of_medical_toxicology_inc""}",https://sam.gov/search/?index=awards&keywords=75F40123C00184,2026-07-26T20:08:36Z
contract-lifecycle-dd982887825d64ff,sam_contract_awards,7527|75H71224C00027|P00004|0,unknown,standalone_award,75H71224C00027,,RFP-24-PHX-06,MEDICAL- RADIOLOGY,"HEALTH AND HUMAN SERVICES, DEPARTMENT OF",INDIAN HEALTH SERVICE,PHOENIX AREA INDIAN HEALTH SVC,amg_company_inc,"AMG COMPANY, INC.",TNGWK8DF2LU1,amg_company_inc,true,competitor,competitor_awarded,,,,,,,,,,,review,,37,"{""agency"":""HEALTH AND HUMAN SERVICES, DEPARTMENT OF"",""award_amount"":null,""current_total_value"":null,""days_until_end"":null,""gwt_relation"":""competitor"",""join_confidence"":""sam_contract_awards_normalized"",""join_key"":""piid:75H71224C00027"",""join_keys"":{""piid"":""75H71224C00027"",""solicitation_number"":""RFP-24-PHX-06"",""source_record_ids"":[""7527|75H71224C00027|P00004|0""]},""missing_fields"":[""award_date"",""period_start_date"",""period_end_date"",""award_amount"",""current_total_value"",""potential_total_value""],""naics"":""621111"",""office"":""PHOENIX AREA INDIAN HEALTH SVC"",""potential_total_value"":null,""psc"":""Q522"",""recompete_window_months"":36,""source_file"":""data/sam_contract_awards.csv"",""source_key"":""sam_contract_awards"",""source_keys"":[""sam_contract_awards""],""source_record_id"":""7527|75H71224C00027|P00004|0"",""subagency"":""INDIAN HEALTH SERVICE"",""topic_hits"":[],""vendor_entity"":{""matched"":false},""vendor_key"":""amg_company_inc""}",https://sam.gov/search/?index=awards&keywords=75H71224C00027,2026-07-26T20:08:36Z
contract-lifecycle-d35cfdece6ed0c5e,sam_contract_awards,7527|75H71023F80271|P00015|0|V797D40199|P00007,unknown,task_order,75H71023F80271,V797D40199,,MEDICAL- RADIOLOGY,"HEALTH AND HUMAN SERVICES, DEPARTMENT OF",INDIAN HEALTH SERVICE,NAVAJO AREA INDIAN HEALTH SVC,anders_group_llc,"ANDERS GROUP, LLC",NGGRLTCVF7T6,anders_group_llc,true,competitor,competitor_awarded,,,,,,,,,,,review,,37,"{""agency"":""HEALTH AND HUMAN SERVICES, DEPARTMENT OF"",""award_amount"":null,""current_total_value"":null,""days_until_end"":null,""gwt_relation"":""competitor"",""join_confidence"":""sam_contract_awards_normalized"",""join_key"":""piid:75H71023F80271"",""join_keys"":{""piid"":""75H71023F80271"",""solicitation_number"":"""",""source_record_ids"":[""7527|75H71023F80271|P00015|0|V797D40199|P00007""]},""missing_fields"":[""solicitation_number"",""award_date"",""period_start_date"",""period_end_date"",""award_amount"",""current_total_value"",""potential_total_value""],""naics"":""561320"",""office"":""NAVAJO AREA INDIAN HEALTH SVC"",""potential_total_value"":null,""psc"":""Q522"",""recompete_window_months"":36,""source_file"":""data/sam_contract_awards.csv"",""source_key"":""sam_contract_awards"",""source_keys"":[""sam_contract_awards""],""source_record_id"":""7527|75H71023F80271|P00015|0|V797D40199|P00007"",""subagency"":""INDIAN HEALTH SERVICE"",""topic_hits"":[],""vendor_entity"":{""matched"":false},""vendor_key"":""anders_group_llc""}",https://sam.gov/search/?index=awards&keywords=75H71023F80271,2026-07-26T20:08:36Z
contract-lifecycle-6010537c3ebbaa6a,sam_contract_awards,7523|75D30126F21199|0|0|GS03F047CA|0,unknown,task_order,75D30126F21199,GS03F047CA,75D301-26-Q-78915,SUPPORT- MANAGEMENT: OTHER,"HEALTH AND HUMAN SERVICES, DEPARTMENT OF",CENTERS FOR DISEASE CONTROL AND PREVENTION,CDC OFFICE OF ACQUISITION SERVICES,aquila_fitness_consulting_systems_ltd,"AQUILA FITNESS CONSULTING SYSTEMS, LTD.",MCMGH44PNB95,aquila_fitness_consulting_systems_ltd,true,competitor,competitor_awarded,,,,,,,,,,,review,,37,"{""agency"":""HEALTH AND HUMAN SERVICES, DEPARTMENT OF"",""award_amount"":null,""current_total_value"":null,""days_until_end"":null,""gwt_relation"":""competitor"",""join_confidence"":""sam_contract_awards_normalized"",""join_key"":""piid:75D30126F21199"",""join_keys"":{""piid"":""75D30126F21199"",""solicitation_number"":""75D301-26-Q-78915"",""source_record_ids"":[""7523|75D30126F21199|0|0|GS03F047CA|0""]},""missing_fields"":[""award_date"",""period_start_date"",""period_end_date"",""award_amount"",""current_total_value"",""potential_total_value""],""naics"":""713940"",""office"":""CDC OFFICE OF ACQUISITION SERVICES"",""potential_total_value"":null,""psc"":""R799"",""recompete_window_months"":36,""source_file"":""data/sam_contract_awards.csv"",""source_key"":""sam_contract_awards"",""source_keys"":[""sam_contract_awards""],""source_record_id"":""7523|75D30126F21199|0|0|GS03F047CA|0"",""subagency"":""CENTERS FOR DISEASE CONTROL AND PREVENTION"",""topic_hits"":[],""vendor_entity"":{""matched"":false},""vendor_key"":""aquila_fitness_consulting_systems_ltd""}",https://sam.gov/search/?index=awards&keywords=75D30126F21199,2026-07-26T20:08:36Z
contract-lifecycle-834700b06686dc36,sam_contract_awards,7527|75H71526P00006|P00001|0,unknown,standalone_award,75H71526P00006,,75H71526Q00007,HOUSEKEEPING- LANDSCAPING/GROUNDSKEEPING,"HEALTH AND HUMAN SERVICES, DEPARTMENT OF",INDIAN HEALTH SERVICE,NASHVILLE AREA INDIAN HEALTH SVC,aquinna_builders_group_llc,AQUINNA BUILDERS GROUP LLC,KUT2NMEM37N3,aquinna_builders_group_llc,true,competitor,competitor_awarded,,,,,,,,,,,review,interoperability,37,"{""agency"":""HEALTH AND HUMAN SERVICES, DEPARTMENT OF"",""award_amount"":null,""current_total_value"":null,""days_until_end"":null,""gwt_relation"":""competitor"",""join_confidence"":""sam_contract_awards_normalized"",""join_key"":""piid:75H71526P00006"",""join_keys"":{""piid"":""75H71526P00006"",""solicitation_number"":""75H71526Q00007"",""source_record_ids"":[""7527|75H71526P00006|P00001|0""]},""missing_fields"":[""award_date"",""period_start_date"",""period_end_date"",""award_amount"",""current_total_value"",""potential_total_value""],""naics"":""561730"",""office"":""NASHVILLE AREA INDIAN HEALTH SVC"",""potential_total_value"":null,""psc"":""S208"",""recompete_window_months"":36,""source_file"":""data/sam_contract_awards.csv"",""source_key"":""sam_contract_awards"",""source_keys"":[""sam_contract_awards""],""source_record_id"":""7527|75H71526P00006|P00001|0"",""subagency"":""INDIAN HEALTH SERVICE"",""topic_hits"":[""interoperability""],""vendor_entity"":{""matched"":false},""vendor_key"":""aquinna_builders_group_llc""}",https://sam.gov/search/?index=awards&keywords=75H71526P00006,2026-07-26T20:08:36Z
contract-lifecycle-febf7f717d6cc895,sam_contract_awards,7529|75N95025P00406|P00001|0,unknown,standalone_award,75N95025P00406,,75N95025Q00052,SUPPORT- PROFESSIONAL: OTHER,"HEALTH AND HUMAN SERVICES, DEPARTMENT OF",NATIONAL INSTITUTES OF HEALTH,NATIONAL INSTITUTES OF HEALTH NIDA,araldi_gian_luca,ARALDI GIAN LUCA,R6H9XGXZKML8,araldi_gian_luca,true,competitor,competitor_awarded,,,,,,,,,,,review,,37,"{""agency"":""HEALTH AND HUMAN SERVICES, DEPARTMENT OF"",""award_amount"":null,""current_total_value"":null,""days_until_end"":null,""gwt_relation"":""competitor"",""join_confidence"":""sam_contract_awards_normalized"",""join_key"":""piid:75N95025P00406"",""join_keys"":{""piid"":""75N95025P00406"",""solicitation_number"":""75N95025Q00052"",""source_record_ids"":[""7529|75N95025P00406|P00001|0""]},""missing_fields"":[""award_date"",""period_start_date"",""period_end_date"",""award_amount"",""current_total_value"",""potential_total_value""],""naics"":""541690"",""office"":""NATIONAL INSTITUTES OF HEALTH NIDA"",""potential_total_value"":null,""psc"":""R499"",""recompete_window_months"":36,""source_file"":""data/sam_contract_awards.csv"",""source_key"":""sam_contract_awards"",""source_keys"":[""sam_contract_awards""],""source_record_id"":""7529|75N95025P00406|P00001|0"",""subagency"":""NATIONAL INSTITUTES OF HEALTH"",""topic_hits"":[],""vendor_entity"":{""matched"":false},""vendor_key"":""araldi_gian_luca""}",https://sam.gov/search/?index=awards&keywords=75N95025P00406,2026-07-26T20:08:36Z
contract-lifecycle-fb7f5e15c4e686b0,sam_contract_awards,7530|75FCMC23C0053|P00005|0,unknown,standalone_award,75FCMC23C0053,,,QUALITY TECHNICAL ARCHITECTURE SERVICES (QTAS),"HEALTH AND HUMAN SERVICES, DEPARTMENT OF",CENTERS FOR MEDICARE AND MEDICAID SERVICES,OFC OF ACQUISITION AND GRANTS MGMT,archesys_inc,ARCHESYS INC,LRFGVEGABLY9,archesys_inc,true,competitor,competitor_awarded,,,,,,,,,,,medicaid,centers for medicare;medicaid;medicare,58,"{""agency"":""HEALTH AND HUMAN SERVICES, DEPARTMENT OF"",""award_amount"":null,""current_total_value"":null,""days_until_end"":null,""gwt_relation"":""competitor"",""join_confidence"":""sam_contract_awards_normalized"",""join_key"":""piid:75FCMC23C0053"",""join_keys"":{""piid"":""75FCMC23C0053"",""solicitation_number"":"""",""source_record_ids"":[""7530|75FCMC23C0053|P00005|0""]},""missing_fields"":[""solicitation_number"",""award_date"",""period_start_date"",""period_end_date"",""award_amount"",""current_total_value"",""potential_total_value""],""naics"":""541618"",""office"":""OFC OF ACQUISITION AND GRANTS MGMT"",""potential_total_value"":null,""psc"":""DF01"",""recompete_window_months"":36,""source_file"":""data/sam_contract_awards.csv"",""source_key"":""sam_contract_awards"",""source_keys"":[""sam_contract_awards""],""source_record_id"":""7530|75FCMC23C0053|P00005|0"",""subagency"":""CENTERS FOR MEDICARE AND MEDICAID SERVICES"",""topic_hits"":[""centers for medicare"",""medicaid"",""medicare""],""vendor_entity"":{""matched"":false},""vendor_key"":""archesys_inc""}",https://sam.gov/search/?index=awards&keywords=75FCMC23C0053,2026-07-26T20:08:36Z
contract-lifecycle-fe9b05d166ce3b5f,sam_contract_awards,7529|75N98026F00013|0|0|75N98022A00040|P00006,unknown,task_order,75N98026F00013,75N98022A00040,,SUPPORT- PROFESSIONAL: OTHER,"HEALTH AND HUMAN SERVICES, DEPARTMENT OF",NATIONAL INSTITUTES OF HEALTH,NATIONAL INSTITUTES OF HEALTH OLAO,astrix_technology_llc,"ASTRIX TECHNOLOGY, LLC",NRVNN8E6NCK4,astrix_technology_llc,true,competitor,competitor_awarded,,,,,,,,,,,review,,37,"{""agency"":""HEALTH AND HUMAN SERVICES, DEPARTMENT OF"",""award_amount"":null,""current_total_value"":null,""days_until_end"":null,""gwt_relation"":""competitor"",""join_confidence"":""sam_contract_awards_normalized"",""join_key"":""piid:75N98026F00013"",""join_keys"":{""piid"":""75N98026F00013"",""solicitation_number"":"""",""source_record_ids"":[""7529|75N98026F00013|0|0|75N98022A00040|P00006""]},""missing_fields"":[""solicitation_number"",""award_date"",""period_start_date"",""period_end_date"",""award_amount"",""current_total_value"",""potential_total_value""],""naics"":""541712"",""office"":""NATIONAL INSTITUTES OF HEALTH OLAO"",""potential_total_value"":null,""psc"":""R499"",""recompete_window_months"":36,""source_file"":""data/sam_contract_awards.csv"",""source_key"":""sam_contract_awards"",""source_keys"":[""sam_contract_awards""],""source_record_id"":""7529|75N98026F00013|0|0|75N98022A00040|P00006"",""subagency"":""NATIONAL INSTITUTES OF HEALTH"",""topic_hits"":[],""vendor_entity"":{""matched"":false},""vendor_key"":""astrix_technology_llc""}",https://sam.gov/search/?index=awards&keywords=75N98026F00013,2026-07-26T20:08:36Z
contract-lifecycle-b42969a2cc109074,sam_contract_awards,7529|75N91021F00073|P00002|0|HHSN261201700002B|P00012,unknown,task_order,75N91021F00073,HHSN261201700002B,,SCIENTIFIC SUPPORT SERVICES FOR THE NATIONAL CANCER INSITUTE,"HEALTH AND HUMAN SERVICES, DEPARTMENT OF",NATIONAL INSTITUTES OF HEALTH,NIH NCI,astrix_technology_llc,"ASTRIX TECHNOLOGY, LLC",NRVNN8E6NCK4,astrix_technology_llc,true,competitor,competitor_awarded,,,,,,,,,,,review,,37,"{""agency"":""HEALTH AND HUMAN SERVICES, DEPARTMENT OF"",""award_amount"":null,""current_total_value"":null,""days_until_end"":null,""gwt_relation"":""competitor"",""join_confidence"":""sam_contract_awards_normalized"",""join_key"":""piid:75N91021F00073"",""join_keys"":{""piid"":""75N91021F00073"",""solicitation_number"":"""",""source_record_ids"":[""7529|75N91021F00073|P00002|0|HHSN261201700002B|P00012""]},""missing_fields"":[""solicitation_number"",""award_date"",""period_start_date"",""period_end_date"",""award_amount"",""current_total_value"",""potential_total_value""],""naics"":""541712"",""office"":""NIH NCI"",""potential_total_value"":null,""psc"":""R431"",""recompete_window_months"":36,""source_file"":""data/sam_contract_awards.csv"",""source_key"":""sam_contract_awards"",""source_keys"":[""sam_contract_awards""],""source_record_id"":""7529|75N91021F00073|P00002|0|HHSN261201700002B|P00012"",""subagency"":""NATIONAL INSTITUTES OF HEALTH"",""topic_hits"":[],""vendor_entity"":{""matched"":false},""vendor_key"":""astrix_technology_llc""}",https://sam.gov/search/?index=awards&keywords=75N91021F00073,2026-07-26T20:08:36Z
contract-lifecycle-cc88ad8489665638,sam_contract_awards,7529|75N91021F00055|P00003|0|HHSN261201700002B|P00012,unknown,task_order,75N91021F00055,HHSN261201700002B,,SCIENTIFIC SUPPORT SERVICES FOR THE NATIONAL CANCER INSITUTE,"HEALTH AND HUMAN SERVICES, DEPARTMENT OF",NATIONAL INSTITUTES OF HEALTH,NIH NCI,astrix_technology_llc,"ASTRIX TECHNOLOGY, LLC",NRVNN8E6NCK4,astrix_technology_llc,true,competitor,competitor_awarded,,,,,,,,,,,review,,37,"{""agency"":""HEALTH AND HUMAN SERVICES, DEPARTMENT OF"",""award_amount"":null,""current_total_value"":null,""days_until_end"":null,""gwt_relation"":""competitor"",""join_confidence"":""sam_contract_awards_normalized"",""join_key"":""piid:75N91021F00055"",""join_keys"":{""piid"":""75N91021F00055"",""solicitation_number"":"""",""source_record_ids"":[""7529|75N91021F00055|P00003|0|HHSN261201700002B|P00012""]},""missing_fields"":[""solicitation_number"",""award_date"",""period_start_date"",""period_end_date"",""award_amount"",""current_total_value"",""potential_total_value""],""naics"":""541712"",""office"":""NIH NCI"",""potential_total_value"":null,""psc"":""R431"",""recompete_window_months"":36,""source_file"":""data/sam_contract_awards.csv"",""source_key"":""sam_contract_awards"",""source_keys"":[""sam_contract_awards""],""source_record_id"":""7529|75N91021F00055|P00003|0|HHSN261201700002B|P00012"",""subagency"":""NATIONAL INSTITUTES OF HEALTH"",""topic_hits"":[],""vendor_entity"":{""matched"":false},""vendor_key"":""astrix_technology_llc""}",https://sam.gov/search/?index=awards&keywords=75N91021F00055,2026-07-26T20:08:36Z
contract-lifecycle-353747f19f1b04e6,sam_contract_awards,7529|75N91021F00030|P00001|0|HHSN261201700002B|P00012,unknown,task_order,75N91021F00030,HHSN261201700002B,,SCIENTIFIC SUPPORT SERVICES FOR THE NATIONAL CANCER INSITUTE,"HEALTH AND HUMAN SERVICES, DEPARTMENT OF",NATIONAL INSTITUTES OF HEALTH,NIH NCI,astrix_technology_llc,"ASTRIX TECHNOLOGY, LLC",NRVNN8E6NCK4,astrix_technology_llc,true,competitor,competitor_awarded,,,,,,,,,,,review,,37,"{""agency"":""HEALTH AND HUMAN SERVICES, DEPARTMENT OF"",""award_amount"":null,""current_total_value"":null,""days_until_end"":null,""gwt_relation"":""competitor"",""join_confidence"":""sam_contract_awards_normalized"",""join_key"":""piid:75N91021F00030"",""join_keys"":{""piid"":""75N91021F00030"",""solicitation_number"":"""",""source_record_ids"":[""7529|75N91021F00030|P00001|0|HHSN261201700002B|P00012""]},""missing_fields"":[""solicitation_number"",""award_date"",""period_start_date"",""period_end_date"",""award_amount"",""current_total_value"",""potential_total_value""],""naics"":""541712"",""office"":""NIH NCI"",""potential_total_value"":null,""psc"":""R499"",""recompete_window_months"":36,""source_file"":""data/sam_contract_awards.csv"",""source_key"":""sam_contract_awards"",""source_keys"":[""sam_contract_awards""],""source_record_id"":""7529|75N91021F00030|P00001|0|HHSN261201700002B|P00012"",""subagency"":""NATIONAL INSTITUTES OF HEALTH"",""topic_hits"":[],""vendor_entity"":{""matched"":false},""vendor_key"":""astrix_technology_llc""}",https://sam.gov/search/?index=awards&keywords=75N91021F00030,2026-07-26T20:08:36Z
contract-lifecycle-2e6ab9963c6d2a9c,sam_contract_awards,7529|75N91020F00028|P00003|0|HHSN261201700002B|P00012,unknown,task_order,75N91020F00028,HHSN261201700002B,,SCIENTIFIC SUPPORT SERVICES FOR THE NATIONAL CANCER INSITUTE,"HEALTH AND HUMAN SERVICES, DEPARTMENT OF",NATIONAL INSTITUTES OF HEALTH,NIH NCI,astrix_technology_llc,"ASTRIX TECHNOLOGY, LLC",NRVNN8E6NCK4,astrix_technology_llc,true,competitor,competitor_awarded,,,,,,,,,,,review,,37,"{""agency"":""HEALTH AND HUMAN SERVICES, DEPARTMENT OF"",""award_amount"":null,""current_total_value"":null,""days_until_end"":null,""gwt_relation"":""competitor"",""join_confidence"":""sam_contract_awards_normalized"",""join_key"":""piid:75N91020F00028"",""join_keys"":{""piid"":""75N91020F00028"",""solicitation_number"":"""",""source_record_ids"":[""7529|75N91020F00028|P00003|0|HHSN261201700002B|P00012""]},""missing_fields"":[""solicitation_number"",""award_date"",""period_start_date"",""period_end_date"",""award_amount"",""current_total_value"",""potential_total_value""],""naics"":""541712"",""office"":""NIH NCI"",""potential_total_value"":null,""psc"":""R499"",""recompete_window_months"":36,""source_file"":""data/sam_contract_awards.csv"",""source_key"":""sam_contract_awards"",""source_keys"":[""sam_contract_awards""],""source_record_id"":""7529|75N91020F00028|P00003|0|HHSN261201700002B|P00012"",""subagency"":""NATIONAL INSTITUTES OF HEALTH"",""topic_hits"":[],""vendor_entity"":{""matched"":false},""vendor_key"":""astrix_technology_llc""}",https://sam.gov/search/?index=awards&keywords=75N91020F00028,2026-07-26T20:08:36Z
contract-lifecycle-aa518bba83392e6d,sam_contract_awards,7529|75N91019F00142|P00005|0|HHSN261201700002B|P00012,unknown,task_order,75N91019F00142,HHSN261201700002B,,SCIENTIFIC SUPPORT SERVICES FOR THE NATIONAL CANCER INSITUTE,"HEALTH AND HUMAN SERVICES, DEPARTMENT OF",NATIONAL INSTITUTES OF HEALTH,NIH NCI,astrix_technology_llc,"ASTRIX TECHNOLOGY, LLC",NRVNN8E6NCK4,astrix_technology_llc,true,competitor,competitor_awarded,,,,,,,,,,,review,,37,"{""agency"":""HEALTH AND HUMAN SERVICES, DEPARTMENT OF"",""award_amount"":null,""current_total_value"":null,""days_until_end"":null,""gwt_relation"":""competitor"",""join_confidence"":""sam_contract_awards_normalized"",""join_key"":""piid:75N91019F00142"",""join_keys"":{""piid"":""75N91019F00142"",""solicitation_number"":"""",""source_record_ids"":[""7529|75N91019F00142|P00005|0|HHSN261201700002B|P00012""]},""missing_fields"":[""solicitation_number"",""award_date"",""period_start_date"",""period_end_date"",""award_amount"",""current_total_value"",""potential_total_value""],""naics"":""541712"",""office"":""NIH NCI"",""potential_total_value"":null,""psc"":""R499"",""recompete_window_months"":36,""source_file"":""data/sam_contract_awards.csv"",""source_key"":""sam_contract_awards"",""source_keys"":[""sam_contract_awards""],""source_record_id"":""7529|75N91019F00142|P00005|0|HHSN261201700002B|P00012"",""subagency"":""NATIONAL INSTITUTES OF HEALTH"",""topic_hits"":[],""vendor_entity"":{""matched"":false},""vendor_key"":""astrix_technology_llc""}",https://sam.gov/search/?index=awards&keywords=75N91019F00142,2026-07-26T20:08:36Z
contract-lifecycle-489c9d1444243a64,sam_contract_awards,7523|75D30122F13220|P00006|0|GS35F0220X|PS0042,unknown,task_order,75D30122F13220,GS35F0220X,75D301-22-Q-74297,SUPPORT- ADMINISTRATIVE: TRANSCRIPTION,"HEALTH AND HUMAN SERVICES, DEPARTMENT OF",CENTERS FOR DISEASE CONTROL AND PREVENTION,CDC OFFICE OF ACQUISITION SERVICES,automatic_sync_technologies_llc,"AUTOMATIC SYNC TECHNOLOGIES, LLC",Z5DVZLJL9HT1,automatic_sync_technologies_llc,true,competitor,competitor_awarded,,,,,,,,,,,review,,37,"{""agency"":""HEALTH AND HUMAN SERVICES, DEPARTMENT OF"",""award_amount"":null,""current_total_value"":null,""days_until_end"":null,""gwt_relation"":""competitor"",""join_confidence"":""sam_contract_awards_normalized"",""join_key"":""piid:75D30122F13220"",""join_keys"":{""piid"":""75D30122F13220"",""solicitation_number"":""75D301-22-Q-74297"",""source_record_ids"":[""7523|75D30122F13220|P00006|0|GS35F0220X|PS0042""]},""missing_fields"":[""award_date"",""period_start_date"",""period_end_date"",""award_amount"",""current_total_value"",""potential_total_value""],""naics"":""541519"",""office"":""CDC OFFICE OF ACQUISITION SERVICES"",""potential_total_value"":null,""psc"":""R603"",""recompete_window_months"":36,""source_file"":""data/sam_contract_awards.csv"",""source_key"":""sam_contract_awards"",""source_keys"":[""sam_contract_awards""],""source_record_id"":""7523|75D30122F13220|P00006|0|GS35F0220X|PS0042"",""subagency"":""CENTERS FOR DISEASE CONTROL AND PREVENTION"",""topic_hits"":[],""vendor_entity"":{""matched"":false},""vendor_key"":""automatic_sync_technologies_llc""}",https://sam.gov/search/?index=awards&keywords=75D30122F13220,2026-07-26T20:08:36Z
contract-lifecycle-d520d64c0d2d4dd6,sam_contract_awards,7529|75N93024F00139|P00002|0|75N93019D00024|0,unknown,task_order,75N93024F00139,75N93019D00024,,SUPPORT- MANAGEMENT: CONTRACT/PROCUREMENT/ACQUISITION SUPPORT,"HEALTH AND HUMAN SERVICES, DEPARTMENT OF",NATIONAL INSTITUTES OF HEALTH,NATIONAL INSTITUTES OF HEALTH NIAID,axle_informatics_llc,"AXLE INFORMATICS, LLC",J4DNP7JJ1MU3,axle_informatics_llc,true,competitor,competitor_awarded,,,,,,,,,,,review,,37,"{""agency"":""HEALTH AND HUMAN SERVICES, DEPARTMENT OF"",""award_amount"":null,""current_total_value"":null,""days_until_end"":null,""gwt_relation"":""competitor"",""join_confidence"":""sam_contract_awards_normalized"",""join_key"":""piid:75N93024F00139"",""join_keys"":{""piid"":""75N93024F00139"",""solicitation_number"":"""",""source_record_ids"":[""7529|75N93024F00139|P00002|0|75N93019D00024|0""]},""missing_fields"":[""solicitation_number"",""award_date"",""period_start_date"",""period_end_date"",""award_amount"",""current_total_value"",""potential_total_value""],""naics"":""541990"",""office"":""NATIONAL INSTITUTES OF HEALTH NIAID"",""potential_total_value"":null,""psc"":""R707"",""recompete_window_months"":36,""source_file"":""data/sam_contract_awards.csv"",""source_key"":""sam_contract_awards"",""source_keys"":[""sam_contract_awards""],""source_record_id"":""7529|75N93024F00139|P00002|0|75N93019D00024|0"",""subagency"":""NATIONAL INSTITUTES OF HEALTH"",""topic_hits"":[],""vendor_entity"":{""matched"":false},""vendor_key"":""axle_informatics_llc""}",https://sam.gov/search/?index=awards&keywords=75N93024F00139,2026-07-26T20:08:36Z
contract-lifecycle-715cb0536c7cad93,sam_contract_awards,7529|75N95026F00008|0|0|75N95021D00010|0,unknown,task_order,75N95026F00008,75N95021D00010,TORFP PCA-NIMHD-03813,SUPPORT- PROFESSIONAL: OTHER,"HEALTH AND HUMAN SERVICES, DEPARTMENT OF",NATIONAL INSTITUTES OF HEALTH,NATIONAL INSTITUTES OF HEALTH NIDA,axle_informatics_llc,"AXLE INFORMATICS, LLC",J4DNP7JJ1MU3,axle_informatics_llc,true,competitor,competitor_awarded,,,,,,,,,,,review,,37,"{""agency"":""HEALTH AND HUMAN SERVICES, DEPARTMENT OF"",""award_amount"":null,""current_total_value"":null,""days_until_end"":null,""gwt_relation"":""competitor"",""join_confidence"":""sam_contract_awards_normalized"",""join_key"":""piid:75N95026F00008"",""join_keys"":{""piid"":""75N95026F00008"",""solicitation_number"":""TORFP PCA-NIMHD-03813"",""source_record_ids"":[""7529|75N95026F00008|0|0|75N95021D00010|0""]},""missing_fields"":[""award_date"",""period_start_date"",""period_end_date"",""award_amount"",""current_total_value"",""potential_total_value""],""naics"":""541690"",""office"":""NATIONAL INSTITUTES OF HEALTH NIDA"",""potential_total_value"":null,""psc"":""R499"",""recompete_window_months"":36,""source_file"":""data/sam_contract_awards.csv"",""source_key"":""sam_contract_awards"",""source_keys"":[""sam_contract_awards""],""source_record_id"":""7529|75N95026F00008|0|0|75N95021D00010|0"",""subagency"":""NATIONAL INSTITUTES OF HEALTH"",""topic_hits"":[],""vendor_entity"":{""matched"":false},""vendor_key"":""axle_informatics_llc""}",https://sam.gov/search/?index=awards&keywords=75N95026F00008,2026-07-26T20:08:36Z
contract-lifecycle-d4e6b33fb6759272,sam_contract_awards,7529|75N93024F00088|P00002|0|75N93019D00024|0,unknown,task_order,75N93024F00088,75N93019D00024,,SUPPORT- MANAGEMENT: CONTRACT/PROCUREMENT/ACQUISITION SUPPORT,"HEALTH AND HUMAN SERVICES, DEPARTMENT OF",NATIONAL INSTITUTES OF HEALTH,NATIONAL INSTITUTES OF HEALTH NIAID,axle_informatics_llc,"AXLE INFORMATICS, LLC",J4DNP7JJ1MU3,axle_informatics_llc,true,competitor,competitor_awarded,,,,,,,,,,,review,,37,"{""agency"":""HEALTH AND HUMAN SERVICES, DEPARTMENT OF"",""award_amount"":null,""current_total_value"":null,""days_until_end"":null,""gwt_relation"":""competitor"",""join_confidence"":""sam_contract_awards_normalized"",""join_key"":""piid:75N93024F00088"",""join_keys"":{""piid"":""75N93024F00088"",""solicitation_number"":"""",""source_record_ids"":[""7529|75N93024F00088|P00002|0|75N93019D00024|0""]},""missing_fields"":[""solicitation_number"",""award_date"",""period_start_date"",""period_end_date"",""award_amount"",""current_total_value"",""potential_total_value""],""naics"":""541990"",""office"":""NATIONAL INSTITUTES OF HEALTH NIAID"",""potential_total_value"":null,""psc"":""R707"",""recompete_window_months"":36,""source_file"":""data/sam_contract_awards.csv"",""source_key"":""sam_contract_awards"",""source_keys"":[""sam_contract_awards""],""source_record_id"":""7529|75N93024F00088|P00002|0|75N93019D00024|0"",""subagency"":""NATIONAL INSTITUTES OF HEALTH"",""topic_hits"":[],""vendor_entity"":{""matched"":false},""vendor_key"":""axle_informatics_llc""}",https://sam.gov/search/?index=awards&keywords=75N93024F00088,2026-07-26T20:08:36Z
contract-lifecycle-5f36bad1e99c1e82,sam_contract_awards,7527|75H71024P01534|P00011|0,unknown,standalone_award,75H71024P01534,,IHS1495193,MEDICAL- NURSING,"HEALTH AND HUMAN SERVICES, DEPARTMENT OF",INDIAN HEALTH SERVICE,NAVAJO AREA INDIAN HEALTH SVC,bay_area_anesthesia_llc,BAY AREA ANESTHESIA LLC,NHBEN7FLTDR8,bay_area_anesthesia_llc,true,competitor,competitor_awarded,,,,,,,,,,,review,,37,"{""agency"":""HEALTH AND HUMAN SERVICES, DEPARTMENT OF"",""award_amount"":null,""current_total_value"":null,""days_until_end"":null,""gwt_relation"":""competitor"",""join_confidence"":""sam_contract_awards_normalized"",""join_key"":""piid:75H71024P01534"",""join_keys"":{""piid"":""75H71024P01534"",""solicitation_number"":""IHS1495193"",""source_record_ids"":[""7527|75H71024P01534|P00011|0""]},""missing_fields"":[""award_date"",""period_start_date"",""period_end_date"",""award_amount"",""current_total_value"",""potential_total_value""],""naics"":""561320"",""office"":""NAVAJO AREA INDIAN HEALTH SVC"",""potential_total_value"":null,""psc"":""Q401"",""recompete_window_months"":36,""source_file"":""data/sam_contract_awards.csv"",""source_key"":""sam_contract_awards"",""source_keys"":[""sam_contract_awards""],""source_record_id"":""7527|75H71024P01534|P00011|0"",""subagency"":""INDIAN HEALTH SERVICE"",""topic_hits"":[],""vendor_entity"":{""matched"":false},""vendor_key"":""bay_area_anesthesia_llc""}",https://sam.gov/search/?index=awards&keywords=75H71024P01534,2026-07-26T20:08:36Z
contract-lifecycle-d4b7dff14b470184,sam_contract_awards,7527|75H70725P00122|P00002|0,unknown,standalone_award,75H70725P00122,,75H70725Q00078,OFFICE SUPPLIES,"HEALTH AND HUMAN SERVICES, DEPARTMENT OF",INDIAN HEALTH SERVICE,ALBUQUERQUE AREA INDIAN HEALTH SVC,bighorn_ridgerunners_llc,"BIGHORN RIDGERUNNERS, LLC",L773U1K5BJR3,bighorn_ridgerunners_llc,true,competitor,competitor_awarded,,,,,,,,,,,review,,37,"{""agency"":""HEALTH AND HUMAN SERVICES, DEPARTMENT OF"",""award_amount"":null,""current_total_value"":null,""days_until_end"":null,""gwt_relation"":""competitor"",""join_confidence"":""sam_contract_awards_normalized"",""join_key"":""piid:75H70725P00122"",""join_keys"":{""piid"":""75H70725P00122"",""solicitation_number"":""75H70725Q00078"",""source_record_ids"":[""7527|75H70725P00122|P00002|0""]},""missing_fields"":[""award_date"",""period_start_date"",""period_end_date"",""award_amount"",""current_total_value"",""potential_total_value""],""naics"":""325910"",""office"":""ALBUQUERQUE AREA INDIAN HEALTH SVC"",""potential_total_value"":null,""psc"":""7510"",""recompete_window_months"":36,""source_file"":""data/sam_contract_awards.csv"",""source_key"":""sam_contract_awards"",""source_keys"":[""sam_contract_awards""],""source_record_id"":""7527|75H70725P00122|P00002|0"",""subagency"":""INDIAN HEALTH SERVICE"",""topic_hits"":[],""vendor_entity"":{""matched"":false},""vendor_key"":""bighorn_ridgerunners_llc""}",https://sam.gov/search/?index=awards&keywords=75H70725P00122,2026-07-26T20:08:36Z
contract-lifecycle-303d8634f9014e73,sam_contract_awards,7527|75H71025P01098|P00001|0,unknown,standalone_award,75H71025P01098,,75H71025Q00330,OFFICE SUPPLIES,"HEALTH AND HUMAN SERVICES, DEPARTMENT OF",INDIAN HEALTH SERVICE,NAVAJO AREA INDIAN HEALTH SVC,bighorn_ridgerunners_llc,"BIGHORN RIDGERUNNERS, LLC",L773U1K5BJR3,bighorn_ridgerunners_llc,true,competitor,competitor_awarded,,,,,,,,,,,review,,37,"{""agency"":""HEALTH AND HUMAN SERVICES, DEPARTMENT OF"",""award_amount"":null,""current_total_value"":null,""days_until_end"":null,""gwt_relation"":""competitor"",""join_confidence"":""sam_contract_awards_normalized"",""join_key"":""piid:75H71025P01098"",""join_keys"":{""piid"":""75H71025P01098"",""solicitation_number"":""75H71025Q00330"",""source_record_ids"":[""7527|75H71025P01098|P00001|0""]},""missing_fields"":[""award_date"",""period_start_date"",""period_end_date"",""award_amount"",""current_total_value"",""potential_total_value""],""naics"":""325992"",""office"":""NAVAJO AREA INDIAN HEALTH SVC"",""potential_total_value"":null,""psc"":""7510"",""recompete_window_months"":36,""source_file"":""data/sam_contract_awards.csv"",""source_key"":""sam_contract_awards"",""source_keys"":[""sam_contract_awards""],""source_record_id"":""7527|75H71025P01098|P00001|0"",""subagency"":""INDIAN HEALTH SERVICE"",""topic_hits"":[],""vendor_entity"":{""matched"":false},""vendor_key"":""bighorn_ridgerunners_llc""}",https://sam.gov/search/?index=awards&keywords=75H71025P01098,2026-07-26T20:08:36Z
contract-lifecycle-16e0533c2f0ae493,sam_contract_awards,7529|75N90024P00595|P00003|0,unknown,standalone_award,75N90024P00595,,24-009626,"MAINT/REPAIR/REBUILD OF EQUIPMENT- MEDICAL, DENTAL, AND VETERINARY EQUIPMENT AND SUPPLIES","HEALTH AND HUMAN SERVICES, DEPARTMENT OF",NATIONAL INSTITUTES OF HEALTH,NATIONAL INSTITUTES OF HEALTH - CC,bio_rad_laboratories_inc,"BIO-RAD LABORATORIES, INC.",SSHPDYFGN7J9,bio_rad_laboratories_inc,true,competitor,competitor_awarded,,,,,,,,,,,review,,37,"{""agency"":""HEALTH AND HUMAN SERVICES, DEPARTMENT OF"",""award_amount"":null,""current_total_value"":null,""days_until_end"":null,""gwt_relation"":""competitor"",""join_confidence"":""sam_contract_awards_normalized"",""join_key"":""piid:75N90024P00595"",""join_keys"":{""piid"":""75N90024P00595"",""solicitation_number"":""24-009626"",""source_record_ids"":[""7529|75N90024P00595|P00003|0""]},""missing_fields"":[""award_date"",""period_start_date"",""period_end_date"",""award_amount"",""current_total_value"",""potential_total_value""],""naics"":""811210"",""office"":""NATIONAL INSTITUTES OF HEALTH - CC"",""potential_total_value"":null,""psc"":""J065"",""recompete_window_months"":36,""source_file"":""data/sam_contract_awards.csv"",""source_key"":""sam_contract_awards"",""source_keys"":[""sam_contract_awards""],""source_record_id"":""7529|75N90024P00595|P00003|0"",""subagency"":""NATIONAL INSTITUTES OF HEALTH"",""topic_hits"":[],""vendor_entity"":{""matched"":false},""vendor_key"":""bio_rad_laboratories_inc""}",https://sam.gov/search/?index=awards&keywords=75N90024P00595,2026-07-26T20:08:36Z
contract-lifecycle-6fd74261dee707b5,sam_contract_awards,7524|75F40125F19003|P00003|0|75F40124D00013|0,unknown,task_order,75F40125F19003,75F40124D00013,,"INSTALLATION OF EQUIPMENT- ALARM, SIGNAL, AND SECURITY DETECTION SYSTEMS","HEALTH AND HUMAN SERVICES, DEPARTMENT OF",FOOD AND DRUG ADMINISTRATION,FDA OFFICE OF ACQ GRANT SVCS,birdi_systems_inc,"BIRDI SYSTEMS, INC.",V9GQDSV61KR7,birdi_systems_inc,true,competitor,competitor_awarded,,,,,,,,,,,review,,37,"{""agency"":""HEALTH AND HUMAN SERVICES, DEPARTMENT OF"",""award_amount"":null,""current_total_value"":null,""days_until_end"":null,""gwt_relation"":""competitor"",""join_confidence"":""sam_contract_awards_normalized"",""join_key"":""piid:75F40125F19003"",""join_keys"":{""piid"":""75F40125F19003"",""solicitation_number"":"""",""source_record_ids"":[""7524|75F40125F19003|P00003|0|75F40124D00013|0""]},""missing_fields"":[""solicitation_number"",""award_date"",""period_start_date"",""period_end_date"",""award_amount"",""current_total_value"",""potential_total_value""],""naics"":""561621"",""office"":""FDA OFFICE OF ACQ GRANT SVCS"",""potential_total_value"":null,""psc"":""N063"",""recompete_window_months"":36,""source_file"":""data/sam_contract_awards.csv"",""source_key"":""sam_contract_awards"",""source_keys"":[""sam_contract_awards""],""source_record_id"":""7524|75F40125F19003|P00003|0|75F40124D00013|0"",""subagency"":""FOOD AND DRUG ADMINISTRATION"",""topic_hits"":[],""vendor_entity"":{""matched"":false},""vendor_key"":""birdi_systems_inc""}",https://sam.gov/search/?index=awards&keywords=75F40125F19003,2026-07-26T20:08:36Z
contract-lifecycle-d91158facdd7a2c7,sam_contract_awards,7529|75N98026P01036|0|0,unknown,standalone_award,75N98026P01036,,75N98026Q00122,EDUCATION/TRAINING- TRAINING/CURRICULUM DEVELOPMENT,"HEALTH AND HUMAN SERVICES, DEPARTMENT OF",NATIONAL INSTITUTES OF HEALTH,NATIONAL INSTITUTES OF HEALTH OLAO,board_of_regents_of_the_university_of_nebraska,BOARD OF REGENTS OF THE UNIVERSITY OF NEBRASKA,G15AG3BLLMH4,board_of_regents_of_the_university_of_nebraska,true,competitor,competitor_awarded,,,,,,,,,,,review,,37,"{""agency"":""HEALTH AND HUMAN SERVICES, DEPARTMENT OF"",""award_amount"":null,""current_total_value"":null,""days_until_end"":null,""gwt_relation"":""competitor"",""join_confidence"":""sam_contract_awards_normalized"",""join_key"":""piid:75N98026P01036"",""join_keys"":{""piid"":""75N98026P01036"",""solicitation_number"":""75N98026Q00122"",""source_record_ids"":[""7529|75N98026P01036|0|0""]},""missing_fields"":[""award_date"",""period_start_date"",""period_end_date"",""award_amount"",""current_total_value"",""potential_total_value""],""naics"":""611310"",""office"":""NATIONAL INSTITUTES OF HEALTH OLAO"",""potential_total_value"":null,""psc"":""U008"",""recompete_window_months"":36,""source_file"":""data/sam_contract_awards.csv"",""source_key"":""sam_contract_awards"",""source_keys"":[""sam_contract_awards""],""source_record_id"":""7529|75N98026P01036|0|0"",""subagency"":""NATIONAL INSTITUTES OF HEALTH"",""topic_hits"":[],""vendor_entity"":{""matched"":false},""vendor_key"":""board_of_regents_of_the_university_of_nebraska""}",https://sam.gov/search/?index=awards&keywords=75N98026P01036,2026-07-26T20:08:36Z
contract-lifecycle-c502d82be89cf988,sam_contract_awards,7524|75F40125F19006|P00002|0|75F40120A00004|P00003,unknown,task_order,75F40125F19006,75F40120A00004,75F40125Q00111,CTP BPA IT SYSTEMS LIFECYCLE DEVELOPMENT AND MANAGEMENT SUPPORT,"HEALTH AND HUMAN SERVICES, DEPARTMENT OF",OFFICE OF THE ASSISTANT SECRETARY FOR FINANCIAL RESOURCES (ASFR),OMAS STRATEGIC BUYING CENTER - INFORMATION TECHNOLOGY,booz_allen_hamilton_inc,BOOZ ALLEN HAMILTON INC.,JCBMLGPE6Z71,booz_allen_hamilton_inc,true,competitor,competitor_awarded,,,,,,,,,,,review,,37,"{""agency"":""HEALTH AND HUMAN SERVICES, DEPARTMENT OF"",""award_amount"":null,""current_total_value"":null,""days_until_end"":null,""gwt_relation"":""competitor"",""join_confidence"":""sam_contract_awards_normalized"",""join_key"":""piid:75F40125F19006"",""join_keys"":{""piid"":""75F40125F19006"",""solicitation_number"":""75F40125Q00111"",""source_record_ids"":[""7524|75F40125F19006|P00002|0|75F40120A00004|P00003""]},""missing_fields"":[""award_date"",""period_start_date"",""period_end_date"",""award_amount"",""current_total_value"",""potential_total_value""],""naics"":""541511"",""office"":""OMAS STRATEGIC BUYING CENTER - INFORMATION TECHNOLOGY"",""potential_total_value"":null,""psc"":""DA01"",""recompete_window_months"":36,""source_file"":""data/sam_contract_awards.csv"",""source_key"":""sam_contract_awards"",""source_keys"":[""sam_contract_awards""],""source_record_id"":""7524|75F40125F19006|P00002|0|75F40120A00004|P00003"",""subagency"":""OFFICE OF THE ASSISTANT SECRETARY FOR FINANCIAL RESOURCES (ASFR)"",""topic_hits"":[],""vendor_entity"":{""matched"":false},""vendor_key"":""booz_allen_hamilton_inc""}",https://sam.gov/search/?index=awards&keywords=75F40125F19006,2026-07-26T20:08:36Z
contract-lifecycle-b454c67f54f34f5e,sam_contract_awards,7527|75H71023F80428|P00003|0|GS21F0083Y|PS0231,unknown,task_order,75H71023F80428,GS21F0083Y,,"MISCELLANEOUS WELDING, SOLDERING, AND BRAZING SUPPLIES AND ACCESSORIES","HEALTH AND HUMAN SERVICES, DEPARTMENT OF",INDIAN HEALTH SERVICE,NAVAJO AREA INDIAN HEALTH SVC,caprice_electronics_inc,"CAPRICE ELECTRONICS, INC",MKZJBAQV2BM3,caprice_electronics_inc,true,competitor,competitor_awarded,,,,,,,,,,,review,,37,"{""agency"":""HEALTH AND HUMAN SERVICES, DEPARTMENT OF"",""award_amount"":null,""current_total_value"":null,""days_until_end"":null,""gwt_relation"":""competitor"",""join_confidence"":""sam_contract_awards_normalized"",""join_key"":""piid:75H71023F80428"",""join_keys"":{""piid"":""75H71023F80428"",""solicitation_number"":"""",""source_record_ids"":[""7527|75H71023F80428|P00003|0|GS21F0083Y|PS0231""]},""missing_fields"":[""solicitation_number"",""award_date"",""period_start_date"",""period_end_date"",""award_amount"",""current_total_value"",""potential_total_value""],""naics"":""332510"",""office"":""NAVAJO AREA INDIAN HEALTH SVC"",""potential_total_value"":null,""psc"":""3439"",""recompete_window_months"":36,""source_file"":""data/sam_contract_awards.csv"",""source_key"":""sam_contract_awards"",""source_keys"":[""sam_contract_awards""],""source_record_id"":""7527|75H71023F80428|P00003|0|GS21F0083Y|PS0231"",""subagency"":""INDIAN HEALTH SERVICE"",""topic_hits"":[],""vendor_entity"":{""matched"":false},""vendor_key"":""caprice_electronics_inc""}",https://sam.gov/search/?index=awards&keywords=75H71023F80428,2026-07-26T20:08:36Z
contract-lifecycle-eaa4972268cdaaeb,sam_contract_awards,7529|75N98026P00483|P00001|0,unknown,standalone_award,75N98026P00483,,75N98026Q00273,MAINT/REPAIR/REBUILD OF EQUIPMENT- INSTRUMENTS AND LABORATORY EQUIPMENT,"HEALTH AND HUMAN SERVICES, DEPARTMENT OF",NATIONAL INSTITUTES OF HEALTH,NATIONAL INSTITUTES OF HEALTH OLAO,cem_corporation,CEM CORPORATION,ZX1CZLKMDTX1,cem_corporation,true,competitor,competitor_awarded,,,,,,,,,,,review,,37,"{""agency"":""HEALTH AND HUMAN SERVICES, DEPARTMENT OF"",""award_amount"":null,""current_total_value"":null,""days_until_end"":null,""gwt_relation"":""competitor"",""join_confidence"":""sam_contract_awards_normalized"",""join_key"":""piid:75N98026P00483"",""join_keys"":{""piid"":""75N98026P00483"",""solicitation_number"":""75N98026Q00273"",""source_record_ids"":[""7529|75N98026P00483|P00001|0""]},""missing_fields"":[""award_date"",""period_start_date"",""period_end_date"",""award_amount"",""current_total_value"",""potential_total_value""],""naics"":""811210"",""office"":""NATIONAL INSTITUTES OF HEALTH OLAO"",""potential_total_value"":null,""psc"":""J066"",""recompete_window_months"":36,""source_file"":""data/sam_contract_awards.csv"",""source_key"":""sam_contract_awards"",""source_keys"":[""sam_contract_awards""],""source_record_id"":""7529|75N98026P00483|P00001|0"",""subagency"":""NATIONAL INSTITUTES OF HEALTH"",""topic_hits"":[],""vendor_entity"":{""matched"":false},""vendor_key"":""cem_corporation""}",https://sam.gov/search/?index=awards&keywords=75N98026P00483,2026-07-26T20:08:36Z
contract-lifecycle-da2fb2de30271211,sam_contract_awards,7529|75N93021D00018|P00004,unknown,standalone_award,75N93021D00018,,75N93020R00008,GENERAL SCIENCE AND TECHNOLOGY R&D SERVICES; GENERAL SCIENCE AND TECHNOLOGY; BASIC RESEARCH,"HEALTH AND HUMAN SERVICES, DEPARTMENT OF",NATIONAL INSTITUTES OF HEALTH,NATIONAL INSTITUTES OF HEALTH NIAID,charles_river_laboratories_inc,"CHARLES RIVER LABORATORIES, INC.",NAPSK1UAMAE5,charles_river_laboratories_inc,true,competitor,competitor_awarded,,,,,,,,,,,review,,37,"{""agency"":""HEALTH AND HUMAN SERVICES, DEPARTMENT OF"",""award_amount"":null,""current_total_value"":null,""days_until_end"":null,""gwt_relation"":""competitor"",""join_confidence"":""sam_contract_awards_normalized"",""join_key"":""piid:75N93021D00018"",""join_keys"":{""piid"":""75N93021D00018"",""solicitation_number"":""75N93020R00008"",""source_record_ids"":[""7529|75N93021D00018|P00004""]},""missing_fields"":[""award_date"",""period_start_date"",""period_end_date"",""award_amount"",""current_total_value"",""potential_total_value""],""naics"":""541715"",""office"":""NATIONAL INSTITUTES OF HEALTH NIAID"",""potential_total_value"":null,""psc"":""AJ11"",""recompete_window_months"":36,""source_file"":""data/sam_contract_awards.csv"",""source_key"":""sam_contract_awards"",""source_keys"":[""sam_contract_awards""],""source_record_id"":""7529|75N93021D00018|P00004"",""subagency"":""NATIONAL INSTITUTES OF HEALTH"",""topic_hits"":[],""vendor_entity"":{""matched"":false},""vendor_key"":""charles_river_laboratories_inc""}",https://sam.gov/search/?index=awards&keywords=75N93021D00018,2026-07-26T20:08:36Z
contract-lifecycle-4896cd8fc7fcb39e,sam_contract_awards,7529|75N98026P01059|0|0,unknown,standalone_award,75N98026P01059,,,SUPPORT- PROFESSIONAL: OTHER,"HEALTH AND HUMAN SERVICES, DEPARTMENT OF",NATIONAL INSTITUTES OF HEALTH,NATIONAL INSTITUTES OF HEALTH OLAO,charles_river_laboratories_inc,"CHARLES RIVER LABORATORIES, INC.",NAPSK1UAMAE5,charles_river_laboratories_inc,true,competitor,competitor_awarded,,,,,,,,,,,review,,37,"{""agency"":""HEALTH AND HUMAN SERVICES, DEPARTMENT OF"",""award_amount"":null,""current_total_value"":null,""days_until_end"":null,""gwt_relation"":""competitor"",""join_confidence"":""sam_contract_awards_normalized"",""join_key"":""piid:75N98026P01059"",""join_keys"":{""piid"":""75N98026P01059"",""solicitation_number"":"""",""source_record_ids"":[""7529|75N98026P01059|0|0""]},""missing_fields"":[""solicitation_number"",""award_date"",""period_start_date"",""period_end_date"",""award_amount"",""current_total_value"",""potential_total_value""],""naics"":""541990"",""office"":""NATIONAL INSTITUTES OF HEALTH OLAO"",""potential_total_value"":null,""psc"":""R499"",""recompete_window_months"":36,""source_file"":""data/sam_contract_awards.csv"",""source_key"":""sam_contract_awards"",""source_keys"":[""sam_contract_awards""],""source_record_id"":""7529|75N98026P01059|0|0"",""subagency"":""NATIONAL INSTITUTES OF HEALTH"",""topic_hits"":[],""vendor_entity"":{""matched"":false},""vendor_key"":""charles_river_laboratories_inc""}",https://sam.gov/search/?index=awards&keywords=75N98026P01059,2026-07-26T20:08:36Z
contract-lifecycle-2245a0eb56ebf672,sam_contract_awards,7523|75D30124F00010|P00003|0|75D30123D16080|0,unknown,task_order,75D30124F00010,75D30123D16080,75D301-24-Q-77919,SUPPORT- PROFESSIONAL: HUMAN RESOURCES,"HEALTH AND HUMAN SERVICES, DEPARTMENT OF",OFFICE OF THE ASSISTANT SECRETARY FOR FINANCIAL RESOURCES (ASFR),OMAS STRATEGIC BUYING CENTER - INFORMATION TECHNOLOGY,chenega_enterprise_systems_solutions_llc,"CHENEGA ENTERPRISE SYSTEMS & SOLUTIONS, LLC",JYBLAXNKT647,chenega_enterprise_systems_solutions_llc,true,competitor,competitor_awarded,,,,,,,,,,,review,,37,"{""agency"":""HEALTH AND HUMAN SERVICES, DEPARTMENT OF"",""award_amount"":null,""current_total_value"":null,""days_until_end"":null,""gwt_relation"":""competitor"",""join_confidence"":""sam_contract_awards_normalized"",""join_key"":""piid:75D30124F00010"",""join_keys"":{""piid"":""75D30124F00010"",""solicitation_number"":""75D301-24-Q-77919"",""source_record_ids"":[""7523|75D30124F00010|P00003|0|75D30123D16080|0""]},""missing_fields"":[""award_date"",""period_start_date"",""period_end_date"",""award_amount"",""current_total_value"",""potential_total_value""],""naics"":""541512"",""office"":""OMAS STRATEGIC BUYING CENTER - INFORMATION TECHNOLOGY"",""potential_total_value"":null,""psc"":""R431"",""recompete_window_months"":36,""source_file"":""data/sam_contract_awards.csv"",""source_key"":""sam_contract_awards"",""source_keys"":[""sam_contract_awards""],""source_record_id"":""7523|75D30124F00010|P00003|0|75D30123D16080|0"",""subagency"":""OFFICE OF THE ASSISTANT SECRETARY FOR FINANCIAL RESOURCES (ASFR)"",""topic_hits"":[],""vendor_entity"":{""matched"":false},""vendor_key"":""chenega_enterprise_systems_solutions_llc""}",https://sam.gov/search/?index=awards&keywords=75D30124F00010,2026-07-26T20:08:36Z
contract-lifecycle-14641007ce439bd3,sam_contract_awards,7527|75H70723P00088|P00010|0,unknown,standalone_award,75H70723P00088,,75H70723Q00037,MEDICAL- NURSING,"HEALTH AND HUMAN SERVICES, DEPARTMENT OF",INDIAN HEALTH SERVICE,ALBUQUERQUE AREA INDIAN HEALTH SVC,chloeta_fire_llc,CHLOETA FIRE LLC,MVB3NM8N39L5,chloeta_fire_llc,true,competitor,competitor_awarded,,,,,,,,,,,review,,37,"{""agency"":""HEALTH AND HUMAN SERVICES, DEPARTMENT OF"",""award_amount"":null,""current_total_value"":null,""days_until_end"":null,""gwt_relation"":""competitor"",""join_confidence"":""sam_contract_awards_normalized"",""join_key"":""piid:75H70723P00088"",""join_keys"":{""piid"":""75H70723P00088"",""solicitation_number"":""75H70723Q00037"",""source_record_ids"":[""7527|75H70723P00088|P00010|0""]},""missing_fields"":[""award_date"",""period_start_date"",""period_end_date"",""award_amount"",""current_total_value"",""potential_total_value""],""naics"":""621399"",""office"":""ALBUQUERQUE AREA INDIAN HEALTH SVC"",""potential_total_value"":null,""psc"":""Q401"",""recompete_window_months"":36,""source_file"":""data/sam_contract_awards.csv"",""source_key"":""sam_contract_awards"",""source_keys"":[""sam_contract_awards""],""source_record_id"":""7527|75H70723P00088|P00010|0"",""subagency"":""INDIAN HEALTH SERVICE"",""topic_hits"":[],""vendor_entity"":{""matched"":false},""vendor_key"":""chloeta_fire_llc""}",https://sam.gov/search/?index=awards&keywords=75H70723P00088,2026-07-26T20:08:36Z
contract-lifecycle-ec9d58ee68aca7a6,sam_contract_awards,7527|75H71023P01660|P00001|0,unknown,standalone_award,75H71023P01660,,,MEDICAL- OTHER,"HEALTH AND HUMAN SERVICES, DEPARTMENT OF",INDIAN HEALTH SERVICE,NAVAJO AREA INDIAN HEALTH SVC,chloeta_fire_llc,CHLOETA FIRE LLC,MVB3NM8N39L5,chloeta_fire_llc,true,competitor,competitor_awarded,,,,,,,,,,,review,,37,"{""agency"":""HEALTH AND HUMAN SERVICES, DEPARTMENT OF"",""award_amount"":null,""current_total_value"":null,""days_until_end"":null,""gwt_relation"":""competitor"",""join_confidence"":""sam_contract_awards_normalized"",""join_key"":""piid:75H71023P01660"",""join_keys"":{""piid"":""75H71023P01660"",""solicitation_number"":"""",""source_record_ids"":[""7527|75H71023P01660|P00001|0""]},""missing_fields"":[""solicitation_number"",""award_date"",""period_start_date"",""period_end_date"",""award_amount"",""current_total_value"",""potential_total_value""],""naics"":""561320"",""office"":""NAVAJO AREA INDIAN HEALTH SVC"",""potential_total_value"":null,""psc"":""Q999"",""recompete_window_months"":36,""source_file"":""data/sam_contract_awards.csv"",""source_key"":""sam_contract_awards"",""source_keys"":[""sam_contract_awards""],""source_record_id"":""7527|75H71023P01660|P00001|0"",""subagency"":""INDIAN HEALTH SERVICE"",""topic_hits"":[],""vendor_entity"":{""matched"":false},""vendor_key"":""chloeta_fire_llc""}",https://sam.gov/search/?index=awards&keywords=75H71023P01660,2026-07-26T20:08:36Z
contract-lifecycle-eea339eb6a08d9c4,sam_contract_awards,7527|75H71021P01169|P00003|0,unknown,standalone_award,75H71021P01169,,75H71021Q00008,MEDICAL- NURSING,"HEALTH AND HUMAN SERVICES, DEPARTMENT OF",INDIAN HEALTH SERVICE,NAVAJO AREA INDIAN HEALTH SVC,cirrus_concept_consulting_inc,"CIRRUS CONCEPT CONSULTING, INC.",WE1AXAHZJHZ7,cirrus_concept_consulting_inc,true,competitor,competitor_awarded,,,,,,,,,,,review,,37,"{""agency"":""HEALTH AND HUMAN SERVICES, DEPARTMENT OF"",""award_amount"":null,""current_total_value"":null,""days_until_end"":null,""gwt_relation"":""competitor"",""join_confidence"":""sam_contract_awards_normalized"",""join_key"":""piid:75H71021P01169"",""join_keys"":{""piid"":""75H71021P01169"",""solicitation_number"":""75H71021Q00008"",""source_record_ids"":[""7527|75H71021P01169|P00003|0""]},""missing_fields"":[""award_date"",""period_start_date"",""period_end_date"",""award_amount"",""current_total_value"",""potential_total_value""],""naics"":""561320"",""office"":""NAVAJO AREA INDIAN HEALTH SVC"",""potential_total_value"":null,""psc"":""Q401"",""recompete_window_months"":36,""source_file"":""data/sam_contract_awards.csv"",""source_key"":""sam_contract_awards"",""source_keys"":[""sam_contract_awards""],""source_record_id"":""7527|75H71021P01169|P00003|0"",""subagency"":""INDIAN HEALTH SERVICE"",""topic_hits"":[],""vendor_entity"":{""matched"":false},""vendor_key"":""cirrus_concept_consulting_inc""}",https://sam.gov/search/?index=awards&keywords=75H71021P01169,2026-07-26T20:08:36Z
contract-lifecycle-ad35fee433d74d80,sam_contract_awards,7529|75N96025F00002|P00007|0|HHSN316201300003W|P00014,unknown,task_order,75N96025F00002,HHSN316201300003W,,IT AND TELECOM - BUSINESS APPLICATION/APPLICATION DEVELOPMENT SUPPORT SERVICES (LABOR),"HEALTH AND HUMAN SERVICES, DEPARTMENT OF",NATIONAL INSTITUTES OF HEALTH,NATIONAL INSTITUTE OF HEALTH NIEHS,computer_world_services_corp,COMPUTER WORLD SERVICES CORP.,SELVLQN46MM7,computer_world_services_corp,true,competitor,competitor_awarded,,,,,,,,,,,review,,37,"{""agency"":""HEALTH AND HUMAN SERVICES, DEPARTMENT OF"",""award_amount"":null,""current_total_value"":null,""days_until_end"":null,""gwt_relation"":""competitor"",""join_confidence"":""sam_contract_awards_normalized"",""join_key"":""piid:75N96025F00002"",""join_keys"":{""piid"":""75N96025F00002"",""solicitation_number"":"""",""source_record_ids"":[""7529|75N96025F00002|P00007|0|HHSN316201300003W|P00014""]},""missing_fields"":[""solicitation_number"",""award_date"",""period_start_date"",""period_end_date"",""award_amount"",""current_total_value"",""potential_total_value""],""naics"":""541512"",""office"":""NATIONAL INSTITUTE OF HEALTH NIEHS"",""potential_total_value"":null,""psc"":""DA01"",""recompete_window_months"":36,""source_file"":""data/sam_contract_awards.csv"",""source_key"":""sam_contract_awards"",""source_keys"":[""sam_contract_awards""],""source_record_id"":""7529|75N96025F00002|P00007|0|HHSN316201300003W|P00014"",""subagency"":""NATIONAL INSTITUTES OF HEALTH"",""topic_hits"":[],""vendor_entity"":{""matched"":false},""vendor_key"":""computer_world_services_corp""}",https://sam.gov/search/?index=awards&keywords=75N96025F00002,2026-07-26T20:08:36Z
contract-lifecycle-a5a8c02ea397da6a,sam_contract_awards,7529|75N98026P00213|P00001|0,unknown,standalone_award,75N98026P00213,,75N98023Q00010,SUPPORT- PROFESSIONAL: OTHER,"HEALTH AND HUMAN SERVICES, DEPARTMENT OF",NATIONAL INSTITUTES OF HEALTH,NATIONAL INSTITUTES OF HEALTH OLAO,consolidated_safety_services_incorporated,CONSOLIDATED SAFETY SERVICES INCORPORATED,DFAEDF67P941,consolidated_safety_services_incorporated,true,competitor,competitor_awarded,,,,,,,,,,,review,,37,"{""agency"":""HEALTH AND HUMAN SERVICES, DEPARTMENT OF"",""award_amount"":null,""current_total_value"":null,""days_until_end"":null,""gwt_relation"":""competitor"",""join_confidence"":""sam_contract_awards_normalized"",""join_key"":""piid:75N98026P00213"",""join_keys"":{""piid"":""75N98026P00213"",""solicitation_number"":""75N98023Q00010"",""source_record_ids"":[""7529|75N98026P00213|P00001|0""]},""missing_fields"":[""award_date"",""period_start_date"",""period_end_date"",""award_amount"",""current_total_value"",""potential_total_value""],""naics"":""541620"",""office"":""NATIONAL INSTITUTES OF HEALTH OLAO"",""potential_total_value"":null,""psc"":""R499"",""recompete_window_months"":36,""source_file"":""data/sam_contract_awards.csv"",""source_key"":""sam_contract_awards"",""source_keys"":[""sam_contract_awards""],""source_record_id"":""7529|75N98026P00213|P00001|0"",""subagency"":""NATIONAL INSTITUTES OF HEALTH"",""topic_hits"":[],""vendor_entity"":{""matched"":false},""vendor_key"":""consolidated_safety_services_incorporated""}",https://sam.gov/search/?index=awards&keywords=75N98026P00213,2026-07-26T20:08:36Z
contract-lifecycle-cd125b374274a704,sam_contract_awards,7530|HHSM500T0001|P00028|0|HHSM500201600079I|P00008,unknown,task_order,HHSM500T0001,HHSM500201600079I,HHSM5002015RFP0122,UNIFIED PROGRAM INTEGRITY CONTRACT (UPIC),"HEALTH AND HUMAN SERVICES, DEPARTMENT OF",CENTERS FOR MEDICARE AND MEDICAID SERVICES,OFC OF ACQUISITION AND GRANTS MGMT,coventbridge_usa_inc,COVENTBRIDGE (USA) INC.,RBM1DQ8BQJJ4,coventbridge_usa_inc,true,competitor,competitor_awarded,,,,,,,,,,,medicaid,centers for medicare;medicaid;medicare,58,"{""agency"":""HEALTH AND HUMAN SERVICES, DEPARTMENT OF"",""award_amount"":null,""current_total_value"":null,""days_until_end"":null,""gwt_relation"":""competitor"",""join_confidence"":""sam_contract_awards_normalized"",""join_key"":""piid:HHSM500T0001"",""join_keys"":{""piid"":""HHSM500T0001"",""solicitation_number"":""HHSM5002015RFP0122"",""source_record_ids"":[""7530|HHSM500T0001|P00028|0|HHSM500201600079I|P00008""]},""missing_fields"":[""award_date"",""period_start_date"",""period_end_date"",""award_amount"",""current_total_value"",""potential_total_value""],""naics"":""541990"",""office"":""OFC OF ACQUISITION AND GRANTS MGMT"",""potential_total_value"":null,""psc"":""R499"",""recompete_window_months"":36,""source_file"":""data/sam_contract_awards.csv"",""source_key"":""sam_contract_awards"",""source_keys"":[""sam_contract_awards""],""source_record_id"":""7530|HHSM500T0001|P00028|0|HHSM500201600079I|P00008"",""subagency"":""CENTERS FOR MEDICARE AND MEDICAID SERVICES"",""topic_hits"":[""centers for medicare"",""medicaid"",""medicare""],""vendor_entity"":{""matched"":false},""vendor_key"":""coventbridge_usa_inc""}",https://sam.gov/search/?index=awards&keywords=HHSM500T0001,2026-07-26T20:08:36Z
contract-lifecycle-a35347c29789c488,sam_contract_awards,7529|75N98026F00003|0|0|75N98020D00083|0,unknown,task_order,75N98026F00003,75N98020D00083,,BOOKS AND PAMPHLETS,"HEALTH AND HUMAN SERVICES, DEPARTMENT OF",NATIONAL INSTITUTES OF HEALTH,NATIONAL INSTITUTES OF HEALTH OLAO,cox_subscriptions_inc,"COX SUBSCRIPTIONS, INC.",MC59TD7UK9G8,cox_subscriptions_inc,true,competitor,competitor_awarded,,,,,,,,,,,review,,37,"{""agency"":""HEALTH AND HUMAN SERVICES, DEPARTMENT OF"",""award_amount"":null,""current_total_value"":null,""days_until_end"":null,""gwt_relation"":""competitor"",""join_confidence"":""sam_contract_awards_normalized"",""join_key"":""piid:75N98026F00003"",""join_keys"":{""piid"":""75N98026F00003"",""solicitation_number"":"""",""source_record_ids"":[""7529|75N98026F00003|0|0|75N98020D00083|0""]},""missing_fields"":[""solicitation_number"",""award_date"",""period_start_date"",""period_end_date"",""award_amount"",""current_total_value"",""potential_total_value""],""naics"":""519190"",""office"":""NATIONAL INSTITUTES OF HEALTH OLAO"",""potential_total_value"":null,""psc"":""7610"",""recompete_window_months"":36,""source_file"":""data/sam_contract_awards.csv"",""source_key"":""sam_contract_awards"",""source_keys"":[""sam_contract_awards""],""source_record_id"":""7529|75N98026F00003|0|0|75N98020D00083|0"",""subagency"":""NATIONAL INSTITUTES OF HEALTH"",""topic_hits"":[],""vendor_entity"":{""matched"":false},""vendor_key"":""cox_subscriptions_inc""}",https://sam.gov/search/?index=awards&keywords=75N98026F00003,2026-07-26T20:08:36Z
contract-lifecycle-cde7ea21559e2a30,sam_contract_awards;sam_entity_information,7529|75N92023A00031|P00003|47QRAA18D001P|PS0024;XGTFDNFQWGN3,unknown,task_order,75N92023A00031,47QRAA18D001P,,SPECIAL STUDIES/ANALYSIS- OTHER,"HEALTH AND HUMAN SERVICES, DEPARTMENT OF",NATIONAL INSTITUTES OF HEALTH,NATIONAL INSTITUTES OF HEALTH NHLBI,deloitte,DELOITTE CONSULTING LLP,CKV2L9GZKJK3,deloitte,true,competitor,competitor_awarded,,,,,,,,,,,review,,37,"{""agency"":""HEALTH AND HUMAN SERVICES, DEPARTMENT OF"",""award_amount"":null,""current_total_value"":null,""days_until_end"":null,""gwt_relation"":""competitor"",""join_confidence"":""sam_contract_awards_with_entity"",""join_key"":""piid:75N92023A00031"",""join_keys"":{""piid"":""75N92023A00031"",""solicitation_number"":"""",""source_record_ids"":[""7529|75N92023A00031|P00003|47QRAA18D001P|PS0024"",""XGTFDNFQWGN3""]},""missing_fields"":[""solicitation_number"",""award_date"",""period_start_date"",""period_end_date"",""award_amount"",""current_total_value"",""potential_total_value""],""naics"":""541611"",""office"":""NATIONAL INSTITUTES OF HEALTH NHLBI"",""potential_total_value"":null,""psc"":""B599"",""recompete_window_months"":36,""source_file"":""data/sam_contract_awards.csv"",""source_key"":""sam_contract_awards"",""source_keys"":[""sam_contract_awards"",""sam_entity_information""],""source_record_id"":""7529|75N92023A00031|P00003|47QRAA18D001P|PS0024"",""subagency"":""NATIONAL INSTITUTES OF HEALTH"",""topic_hits"":[],""vendor_entity"":{""cage_code"":""SMQM7"",""entity_status"":""Active"",""match_confidence"":""0.80"",""match_reason"":""name containment with UEI/CAGE evidence; UEI/CAGE present; active registration"",""matched"":true,""source_key"":""sam_entity_information"",""source_record_id"":""XGTFDNFQWGN3"",""uei_sam"":""XGTFDNFQWGN3""},""vendor_key"":""deloitte""}",https://sam.gov/search/?index=awards&keywords=75N92023A00031;https://sam.gov/entity/XGTFDNFQWGN3/coreData?status=active,2026-07-26T20:08:36Z
contract-lifecycle-10753b277c1061ce,sam_contract_awards;sam_entity_information,7524|75F40122F19002|P00009|0|75F40121A00003|P00003;XGTFDNFQWGN3,unknown,task_order,75F40122F19002,75F40121A00003,,SUPPORT- ADMINISTRATIVE: OTHER,"HEALTH AND HUMAN SERVICES, DEPARTMENT OF",FOOD AND DRUG ADMINISTRATION,FDA OFFICE OF ACQ GRANT SVCS,deloitte,DELOITTE CONSULTING LLP,CKV2L9GZKJK3,deloitte,true,competitor,competitor_awarded,,,,,,,,,,,review,,37,"{""agency"":""HEALTH AND HUMAN SERVICES, DEPARTMENT OF"",""award_amount"":null,""current_total_value"":null,""days_until_end"":null,""gwt_relation"":""competitor"",""join_confidence"":""sam_contract_awards_with_entity"",""join_key"":""piid:75F40122F19002"",""join_keys"":{""piid"":""75F40122F19002"",""solicitation_number"":"""",""source_record_ids"":[""7524|75F40122F19002|P00009|0|75F40121A00003|P00003"",""XGTFDNFQWGN3""]},""missing_fields"":[""solicitation_number"",""award_date"",""period_start_date"",""period_end_date"",""award_amount"",""current_total_value"",""potential_total_value""],""naics"":""541611"",""office"":""FDA OFFICE OF ACQ GRANT SVCS"",""potential_total_value"":null,""psc"":""R699"",""recompete_window_months"":36,""source_file"":""data/sam_contract_awards.csv"",""source_key"":""sam_contract_awards"",""source_keys"":[""sam_contract_awards"",""sam_entity_information""],""source_record_id"":""7524|75F40122F19002|P00009|0|75F40121A00003|P00003"",""subagency"":""FOOD AND DRUG ADMINISTRATION"",""topic_hits"":[],""vendor_entity"":{""cage_code"":""SMQM7"",""entity_status"":""Active"",""match_confidence"":""0.80"",""match_reason"":""name containment with UEI/CAGE evidence; UEI/CAGE present; active registration"",""matched"":true,""source_key"":""sam_entity_information"",""source_record_id"":""XGTFDNFQWGN3"",""uei_sam"":""XGTFDNFQWGN3""},""vendor_key"":""deloitte""}",https://sam.gov/search/?index=awards&keywords=75F40122F19002;https://sam.gov/entity/XGTFDNFQWGN3/coreData?status=active,2026-07-26T20:08:36Z
contract-lifecycle-8903babadcf0a536,sam_contract_awards,7529|75N98026P00162|P00001|0,unknown,standalone_award,75N98026P00162,,,"MEDICAL AND SURGICAL INSTRUMENTS, EQUIPMENT, AND SUPPLIES","HEALTH AND HUMAN SERVICES, DEPARTMENT OF",NATIONAL INSTITUTES OF HEALTH,NATIONAL INSTITUTES OF HEALTH OLAO,depuy_synthes_sales_inc,"DEPUY SYNTHES SALES, INC.",CDVHC3LBW5X8,depuy_synthes_sales_inc,true,competitor,competitor_awarded,,,,,,,,,,,review,,37,"{""agency"":""HEALTH AND HUMAN SERVICES, DEPARTMENT OF"",""award_amount"":null,""current_total_value"":null,""days_until_end"":null,""gwt_relation"":""competitor"",""join_confidence"":""sam_contract_awards_normalized"",""join_key"":""piid:75N98026P00162"",""join_keys"":{""piid"":""75N98026P00162"",""solicitation_number"":"""",""source_record_ids"":[""7529|75N98026P00162|P00001|0""]},""missing_fields"":[""solicitation_number"",""award_date"",""period_start_date"",""period_end_date"",""award_amount"",""current_total_value"",""potential_total_value""],""naics"":""339112"",""office"":""NATIONAL INSTITUTES OF HEALTH OLAO"",""potential_total_value"":null,""psc"":""6515"",""recompete_window_months"":36,""source_file"":""data/sam_contract_awards.csv"",""source_key"":""sam_contract_awards"",""source_keys"":[""sam_contract_awards""],""source_record_id"":""7529|75N98026P00162|P00001|0"",""subagency"":""NATIONAL INSTITUTES OF HEALTH"",""topic_hits"":[],""vendor_entity"":{""matched"":false},""vendor_key"":""depuy_synthes_sales_inc""}",https://sam.gov/search/?index=awards&keywords=75N98026P00162,2026-07-26T20:08:36Z
contract-lifecycle-64f963ab76857ccf,sam_contract_awards,7526|75R60226F80004|P00002|0|75R60226A00014|0,unknown,task_order,75R60226F80004,75R60226A00014,75R60226Q00087,IT AND TELECOM - IT MANAGEMENT AS A SERVICE,"HEALTH AND HUMAN SERVICES, DEPARTMENT OF",HEALTH RESOURCES AND SERVICES ADMINISTRATION,HRSA HEADQUARTERS,digital_management_llc,DIGITAL MANAGEMENT LLC,EMACGJ3EEAT5,digital_management_llc,true,competitor,competitor_awarded,,,,,,,,,,,review,,37,"{""agency"":""HEALTH AND HUMAN SERVICES, DEPARTMENT OF"",""award_amount"":null,""current_total_value"":null,""days_until_end"":null,""gwt_relation"":""competitor"",""join_confidence"":""sam_contract_awards_normalized"",""join_key"":""piid:75R60226F80004"",""join_keys"":{""piid"":""75R60226F80004"",""solicitation_number"":""75R60226Q00087"",""source_record_ids"":[""7526|75R60226F80004|P00002|0|75R60226A00014|0""]},""missing_fields"":[""award_date"",""period_start_date"",""period_end_date"",""award_amount"",""current_total_value"",""potential_total_value""],""naics"":""541519"",""office"":""HRSA HEADQUARTERS"",""potential_total_value"":null,""psc"":""DF10"",""recompete_window_months"":36,""source_file"":""data/sam_contract_awards.csv"",""source_key"":""sam_contract_awards"",""source_keys"":[""sam_contract_awards""],""source_record_id"":""7526|75R60226F80004|P00002|0|75R60226A00014|0"",""subagency"":""HEALTH RESOURCES AND SERVICES ADMINISTRATION"",""topic_hits"":[],""vendor_entity"":{""matched"":false},""vendor_key"":""digital_management_llc""}",https://sam.gov/search/?index=awards&keywords=75R60226F80004,2026-07-26T20:08:36Z
contract-lifecycle-dd62b4f573d9711d,sam_contract_awards,7529|75N91024F00001|P00007|0|75N91023A00008|P00002,unknown,task_order,75N91024F00001,75N91023A00008,,IT AND TELECOM - IT MANAGEMENT SUPPORT SERVICES (LABOR),"HEALTH AND HUMAN SERVICES, DEPARTMENT OF",NATIONAL INSTITUTES OF HEALTH,NIH NCI,dlh_llc,"DLH, LLC",NQL3JEME2443,dlh_llc,true,competitor,competitor_awarded,,,,,,,,,,,review,,37,"{""agency"":""HEALTH AND HUMAN SERVICES, DEPARTMENT OF"",""award_amount"":null,""current_total_value"":null,""days_until_end"":null,""gwt_relation"":""competitor"",""join_confidence"":""sam_contract_awards_normalized"",""join_key"":""piid:75N91024F00001"",""join_keys"":{""piid"":""75N91024F00001"",""solicitation_number"":"""",""source_record_ids"":[""7529|75N91024F00001|P00007|0|75N91023A00008|P00002""]},""missing_fields"":[""solicitation_number"",""award_date"",""period_start_date"",""period_end_date"",""award_amount"",""current_total_value"",""potential_total_value""],""naics"":""541513"",""office"":""NIH NCI"",""potential_total_value"":null,""psc"":""DF01"",""recompete_window_months"":36,""source_file"":""data/sam_contract_awards.csv"",""source_key"":""sam_contract_awards"",""source_keys"":[""sam_contract_awards""],""source_record_id"":""7529|75N91024F00001|P00007|0|75N91023A00008|P00002"",""subagency"":""NATIONAL INSTITUTES OF HEALTH"",""topic_hits"":[],""vendor_entity"":{""matched"":false},""vendor_key"":""dlh_llc""}",https://sam.gov/search/?index=awards&keywords=75N91024F00001,2026-07-26T20:08:36Z
contract-lifecycle-4c5e7503a3239d48,sam_contract_awards,7527|75H70725P00051|P00002|0,unknown,standalone_award,75H70725P00051,,,"IT AND TELECOM - NETWORK: SATELLITE AND RF COMMUNICATIONS PRODUCTS (HW, PERPETUAL LICENSE SOFTWARE)","HEALTH AND HUMAN SERVICES, DEPARTMENT OF",INDIAN HEALTH SERVICE,ALBUQUERQUE AREA INDIAN HEALTH SVC,enerstar_rentals_and_services_ltd,ENERSTAR RENTALS AND SERVICES LTD,LHPYNVCAM2V4,enerstar_rentals_and_services_ltd,true,competitor,competitor_awarded,,,,,,,,,,,review,,37,"{""agency"":""HEALTH AND HUMAN SERVICES, DEPARTMENT OF"",""award_amount"":null,""current_total_value"":null,""days_until_end"":null,""gwt_relation"":""competitor"",""join_confidence"":""sam_contract_awards_normalized"",""join_key"":""piid:75H70725P00051"",""join_keys"":{""piid"":""75H70725P00051"",""solicitation_number"":"""",""source_record_ids"":[""7527|75H70725P00051|P00002|0""]},""missing_fields"":[""solicitation_number"",""award_date"",""period_start_date"",""period_end_date"",""award_amount"",""current_total_value"",""potential_total_value""],""naics"":""517810"",""office"":""ALBUQUERQUE AREA INDIAN HEALTH SVC"",""potential_total_value"":null,""psc"":""7G22"",""recompete_window_months"":36,""source_file"":""data/sam_contract_awards.csv"",""source_key"":""sam_contract_awards"",""source_keys"":[""sam_contract_awards""],""source_record_id"":""7527|75H70725P00051|P00002|0"",""subagency"":""INDIAN HEALTH SERVICE"",""topic_hits"":[],""vendor_entity"":{""matched"":false},""vendor_key"":""enerstar_rentals_and_services_ltd""}",https://sam.gov/search/?index=awards&keywords=75H70725P00051,2026-07-26T20:08:36Z
contract-lifecycle-f042ef3a76445632,sam_contract_awards,7529|75N99026F00002|0|0|75N98026D00034|0,unknown,task_order,75N99026F00002,75N98026D00034,,CONSTRUCTION OF MISCELLANEOUS BUILDINGS,"HEALTH AND HUMAN SERVICES, DEPARTMENT OF",NATIONAL INSTITUTES OF HEALTH,NIH A E CONSTRUCTION,et_t_jv_llc,"ET&T JV, LLC",H3S3RUB8N2R5,et_t_jv_llc,true,competitor,competitor_awarded,,,,,,,,,,,review,,37,"{""agency"":""HEALTH AND HUMAN SERVICES, DEPARTMENT OF"",""award_amount"":null,""current_total_value"":null,""days_until_end"":null,""gwt_relation"":""competitor"",""join_confidence"":""sam_contract_awards_normalized"",""join_key"":""piid:75N99026F00002"",""join_keys"":{""piid"":""75N99026F00002"",""solicitation_number"":"""",""source_record_ids"":[""7529|75N99026F00002|0|0|75N98026D00034|0""]},""missing_fields"":[""solicitation_number"",""award_date"",""period_start_date"",""period_end_date"",""award_amount"",""current_total_value"",""potential_total_value""],""naics"":""236220"",""office"":""NIH A E CONSTRUCTION"",""potential_total_value"":null,""psc"":""Y1JZ"",""recompete_window_months"":36,""source_file"":""data/sam_contract_awards.csv"",""source_key"":""sam_contract_awards"",""source_keys"":[""sam_contract_awards""],""source_record_id"":""7529|75N99026F00002|0|0|75N98026D00034|0"",""subagency"":""NATIONAL INSTITUTES OF HEALTH"",""topic_hits"":[],""vendor_entity"":{""matched"":false},""vendor_key"":""et_t_jv_llc""}",https://sam.gov/search/?index=awards&keywords=75N99026F00002,2026-07-26T20:08:36Z
contract-lifecycle-37bae0548bdcfb38,sam_contract_awards,7529|75N96024P00163|P00002|0,unknown,standalone_award,75N96024P00163,,75N96024Q00031,MAINT/REPAIR/REBUILD OF EQUIPMENT- INSTRUMENTS AND LABORATORY EQUIPMENT,"HEALTH AND HUMAN SERVICES, DEPARTMENT OF",NATIONAL INSTITUTES OF HEALTH,NATIONAL INSTITUTE OF HEALTH NIEHS,fei_company,FEI COMPANY,CL4ELDSNT465,fei_company,true,competitor,competitor_awarded,,,,,,,,,,,review,,37,"{""agency"":""HEALTH AND HUMAN SERVICES, DEPARTMENT OF"",""award_amount"":null,""current_total_value"":null,""days_until_end"":null,""gwt_relation"":""competitor"",""join_confidence"":""sam_contract_awards_normalized"",""join_key"":""piid:75N96024P00163"",""join_keys"":{""piid"":""75N96024P00163"",""solicitation_number"":""75N96024Q00031"",""source_record_ids"":[""7529|75N96024P00163|P00002|0""]},""missing_fields"":[""award_date"",""period_start_date"",""period_end_date"",""award_amount"",""current_total_value"",""potential_total_value""],""naics"":""811210"",""office"":""NATIONAL INSTITUTE OF HEALTH NIEHS"",""potential_total_value"":null,""psc"":""J066"",""recompete_window_months"":36,""source_file"":""data/sam_contract_awards.csv"",""source_key"":""sam_contract_awards"",""source_keys"":[""sam_contract_awards""],""source_record_id"":""7529|75N96024P00163|P00002|0"",""subagency"":""NATIONAL INSTITUTES OF HEALTH"",""topic_hits"":[],""vendor_entity"":{""matched"":false},""vendor_key"":""fei_company""}",https://sam.gov/search/?index=awards&keywords=75N96024P00163,2026-07-26T20:08:36Z
contract-lifecycle-cc8e0a233b6ee5ae,sam_contract_awards,7529|75N92021F00001|P00012|0|75N92021D00001|P00003,unknown,task_order,75N92021F00001,75N92021D00001,75N92019R0030,WOMEN'S HEALTH INITIATIVE (WHI) - CLINICAL COORDINATING CENTER (CCC),"HEALTH AND HUMAN SERVICES, DEPARTMENT OF",NATIONAL INSTITUTES OF HEALTH,NATIONAL INSTITUTES OF HEALTH NHLBI,fred_hutchinson_cancer_center,FRED HUTCHINSON CANCER CENTER,TJFZLPP6NYL6,fred_hutchinson_cancer_center,true,competitor,competitor_awarded,,,,,,,,,,,review,,37,"{""agency"":""HEALTH AND HUMAN SERVICES, DEPARTMENT OF"",""award_amount"":null,""current_total_value"":null,""days_until_end"":null,""gwt_relation"":""competitor"",""join_confidence"":""sam_contract_awards_normalized"",""join_key"":""piid:75N92021F00001"",""join_keys"":{""piid"":""75N92021F00001"",""solicitation_number"":""75N92019R0030"",""source_record_ids"":[""7529|75N92021F00001|P00012|0|75N92021D00001|P00003""]},""missing_fields"":[""award_date"",""period_start_date"",""period_end_date"",""award_amount"",""current_total_value"",""potential_total_value""],""naics"":""541715"",""office"":""NATIONAL INSTITUTES OF HEALTH NHLBI"",""potential_total_value"":null,""psc"":""AN12"",""recompete_window_months"":36,""source_file"":""data/sam_contract_awards.csv"",""source_key"":""sam_contract_awards"",""source_keys"":[""sam_contract_awards""],""source_record_id"":""7529|75N92021F00001|P00012|0|75N92021D00001|P00003"",""subagency"":""NATIONAL INSTITUTES OF HEALTH"",""topic_hits"":[],""vendor_entity"":{""matched"":false},""vendor_key"":""fred_hutchinson_cancer_center""}",https://sam.gov/search/?index=awards&keywords=75N92021F00001,2026-07-26T20:08:36Z
contract-lifecycle-01d7a33356d02310,sam_contract_awards,7529|75N98026P01019|0|0,unknown,standalone_award,75N98026P01019,,,REFERENCE LABORATORY TESTING,"HEALTH AND HUMAN SERVICES, DEPARTMENT OF",NATIONAL INSTITUTES OF HEALTH,NATIONAL INSTITUTES OF HEALTH OLAO,frontage_laboratories_inc,"FRONTAGE LABORATORIES, INC",EJEPBJH9GWF8,frontage_laboratories_inc,true,competitor,competitor_awarded,,,,,,,,,,,review,,37,"{""agency"":""HEALTH AND HUMAN SERVICES, DEPARTMENT OF"",""award_amount"":null,""current_total_value"":null,""days_until_end"":null,""gwt_relation"":""competitor"",""join_confidence"":""sam_contract_awards_normalized"",""join_key"":""piid:75N98026P01019"",""join_keys"":{""piid"":""75N98026P01019"",""solicitation_number"":"""",""source_record_ids"":[""7529|75N98026P01019|0|0""]},""missing_fields"":[""solicitation_number"",""award_date"",""period_start_date"",""period_end_date"",""award_amount"",""current_total_value"",""potential_total_value""],""naics"":""541715"",""office"":""NATIONAL INSTITUTES OF HEALTH OLAO"",""potential_total_value"":null,""psc"":""Q301"",""recompete_window_months"":36,""source_file"":""data/sam_contract_awards.csv"",""source_key"":""sam_contract_awards"",""source_keys"":[""sam_contract_awards""],""source_record_id"":""7529|75N98026P01019|0|0"",""subagency"":""NATIONAL INSTITUTES OF HEALTH"",""topic_hits"":[],""vendor_entity"":{""matched"":false},""vendor_key"":""frontage_laboratories_inc""}",https://sam.gov/search/?index=awards&keywords=75N98026P01019,2026-07-26T20:08:36Z
contract-lifecycle-e2b002aa782c94cf,sam_contract_awards,7527|75H70724P00173|P00002|0,unknown,standalone_award,75H70724P00173,,75H70724Q00128,MEDICAL GASES,"HEALTH AND HUMAN SERVICES, DEPARTMENT OF",INDIAN HEALTH SERVICE,ALBUQUERQUE AREA INDIAN HEALTH SVC,gallup_welders_supply_inc,GALLUP WELDERS SUPPLY INC,LR8CMLGEMNL5,gallup_welders_supply_inc,true,competitor,competitor_awarded,,,,,,,,,,,review,,37,"{""agency"":""HEALTH AND HUMAN SERVICES, DEPARTMENT OF"",""award_amount"":null,""current_total_value"":null,""days_until_end"":null,""gwt_relation"":""competitor"",""join_confidence"":""sam_contract_awards_normalized"",""join_key"":""piid:75H70724P00173"",""join_keys"":{""piid"":""75H70724P00173"",""solicitation_number"":""75H70724Q00128"",""source_record_ids"":[""7527|75H70724P00173|P00002|0""]},""missing_fields"":[""award_date"",""period_start_date"",""period_end_date"",""award_amount"",""current_total_value"",""potential_total_value""],""naics"":""333912"",""office"":""ALBUQUERQUE AREA INDIAN HEALTH SVC"",""potential_total_value"":null,""psc"":""6835"",""recompete_window_months"":36,""source_file"":""data/sam_contract_awards.csv"",""source_key"":""sam_contract_awards"",""source_keys"":[""sam_contract_awards""],""source_record_id"":""7527|75H70724P00173|P00002|0"",""subagency"":""INDIAN HEALTH SERVICE"",""topic_hits"":[],""vendor_entity"":{""matched"":false},""vendor_key"":""gallup_welders_supply_inc""}",https://sam.gov/search/?index=awards&keywords=75H70724P00173,2026-07-26T20:08:36Z
contract-lifecycle-e09d97a269362d12,sam_contract_awards,7527|75H71225F80072|P00001|0|36F79725D0106|0,unknown,task_order,75H71225F80072,36F79725D0106,,PHARMACY SERVICES,"HEALTH AND HUMAN SERVICES, DEPARTMENT OF",INDIAN HEALTH SERVICE,PHOENIX AREA INDIAN HEALTH SVC,glc_on_the_go_inc,"GLC ON-THE-GO, INC.",JERGNY4TKXC5,glc_on_the_go_inc,true,competitor,competitor_awarded,,,,,,,,,,,review,,37,"{""agency"":""HEALTH AND HUMAN SERVICES, DEPARTMENT OF"",""award_amount"":null,""current_total_value"":null,""days_until_end"":null,""gwt_relation"":""competitor"",""join_confidence"":""sam_contract_awards_normalized"",""join_key"":""piid:75H71225F80072"",""join_keys"":{""piid"":""75H71225F80072"",""solicitation_number"":"""",""source_record_ids"":[""7527|75H71225F80072|P00001|0|36F79725D0106|0""]},""missing_fields"":[""solicitation_number"",""award_date"",""period_start_date"",""period_end_date"",""award_amount"",""current_total_value"",""potential_total_value""],""naics"":""561320"",""office"":""PHOENIX AREA INDIAN HEALTH SVC"",""potential_total_value"":null,""psc"":""Q517"",""recompete_window_months"":36,""source_file"":""data/sam_contract_awards.csv"",""source_key"":""sam_contract_awards"",""source_keys"":[""sam_contract_awards""],""source_record_id"":""7527|75H71225F80072|P00001|0|36F79725D0106|0"",""subagency"":""INDIAN HEALTH SERVICE"",""topic_hits"":[],""vendor_entity"":{""matched"":false},""vendor_key"":""glc_on_the_go_inc""}",https://sam.gov/search/?index=awards&keywords=75H71225F80072,2026-07-26T20:08:36Z
contract-lifecycle-a54ff85a8c976e8a,sam_contract_awards,7530|75FCMC25FJ097|P00001|0|NNG15SD23B|58,unknown,task_order,75FCMC25FJ097,NNG15SD23B,75FCMC25QJ0480002,IT AND TELECOM - BUSINESS APPLICATION SOFTWARE (PERPETUAL LICENSE SOFTWARE),"HEALTH AND HUMAN SERVICES, DEPARTMENT OF",CENTERS FOR MEDICARE AND MEDICAID SERVICES,OFC OF ACQUISITION AND GRANTS MGMT,government_acquisitions_inc,GOVERNMENT ACQUISITIONS INC,R98MW4ZKUUK3,government_acquisitions_inc,true,competitor,competitor_awarded,,,,,,,,,,,medicaid,centers for medicare;medicaid;medicare,58,"{""agency"":""HEALTH AND HUMAN SERVICES, DEPARTMENT OF"",""award_amount"":null,""current_total_value"":null,""days_until_end"":null,""gwt_relation"":""competitor"",""join_confidence"":""sam_contract_awards_normalized"",""join_key"":""piid:75FCMC25FJ097"",""join_keys"":{""piid"":""75FCMC25FJ097"",""solicitation_number"":""75FCMC25QJ0480002"",""source_record_ids"":[""7530|75FCMC25FJ097|P00001|0|NNG15SD23B|58""]},""missing_fields"":[""award_date"",""period_start_date"",""period_end_date"",""award_amount"",""current_total_value"",""potential_total_value""],""naics"":""541519"",""office"":""OFC OF ACQUISITION AND GRANTS MGMT"",""potential_total_value"":null,""psc"":""7A21"",""recompete_window_months"":36,""source_file"":""data/sam_contract_awards.csv"",""source_key"":""sam_contract_awards"",""source_keys"":[""sam_contract_awards""],""source_record_id"":""7530|75FCMC25FJ097|P00001|0|NNG15SD23B|58"",""subagency"":""CENTERS FOR MEDICARE AND MEDICAID SERVICES"",""topic_hits"":[""centers for medicare"",""medicaid"",""medicare""],""vendor_entity"":{""matched"":false},""vendor_key"":""government_acquisitions_inc""}",https://sam.gov/search/?index=awards&keywords=75FCMC25FJ097,2026-07-26T20:08:36Z
contract-lifecycle-8757f202eb7b2f3b,sam_contract_awards,7526|75R60223C00008|P00005|0,unknown,standalone_award,75R60223C00008,,75R60223Q00274,SUPPORT- PROFESSIONAL: PROGRAM MANAGEMENT/SUPPORT,"HEALTH AND HUMAN SERVICES, DEPARTMENT OF",HEALTH RESOURCES AND SERVICES ADMINISTRATION,HRSA HEADQUARTERS,grupo_castano_inc,GRUPO CASTANO INC,EZTCGMJSL9C5,grupo_castano_inc,true,competitor,competitor_awarded,,,,,,,,,,,review,,37,"{""agency"":""HEALTH AND HUMAN SERVICES, DEPARTMENT OF"",""award_amount"":null,""current_total_value"":null,""days_until_end"":null,""gwt_relation"":""competitor"",""join_confidence"":""sam_contract_awards_normalized"",""join_key"":""piid:75R60223C00008"",""join_keys"":{""piid"":""75R60223C00008"",""solicitation_number"":""75R60223Q00274"",""source_record_ids"":[""7526|75R60223C00008|P00005|0""]},""missing_fields"":[""award_date"",""period_start_date"",""period_end_date"",""award_amount"",""current_total_value"",""potential_total_value""],""naics"":""541613"",""office"":""HRSA HEADQUARTERS"",""potential_total_value"":null,""psc"":""R408"",""recompete_window_months"":36,""source_file"":""data/sam_contract_awards.csv"",""source_key"":""sam_contract_awards"",""source_keys"":[""sam_contract_awards""],""source_record_id"":""7526|75R60223C00008|P00005|0"",""subagency"":""HEALTH RESOURCES AND SERVICES ADMINISTRATION"",""topic_hits"":[],""vendor_entity"":{""matched"":false},""vendor_key"":""grupo_castano_inc""}",https://sam.gov/search/?index=awards&keywords=75R60223C00008,2026-07-26T20:08:36Z
contract-lifecycle-673f79a7c0d73fba,sam_contract_awards,7524|HHSF223201011717P|P00001|0,unknown,standalone_award,HHSF223201011717P,,,BOOKS AND PAMPHLETS,"HEALTH AND HUMAN SERVICES, DEPARTMENT OF",FOOD AND DRUG ADMINISTRATION,FDA OFFICE OF ACQ GRANT SVCS,guest_communications_corporation,GUEST COMMUNICATIONS CORPORATION,E1KZRY33TY55,guest_communications_corporation,true,competitor,competitor_awarded,,,,,,,,,,,review,,37,"{""agency"":""HEALTH AND HUMAN SERVICES, DEPARTMENT OF"",""award_amount"":null,""current_total_value"":null,""days_until_end"":null,""gwt_relation"":""competitor"",""join_confidence"":""sam_contract_awards_normalized"",""join_key"":""piid:HHSF223201011717P"",""join_keys"":{""piid"":""HHSF223201011717P"",""solicitation_number"":"""",""source_record_ids"":[""7524|HHSF223201011717P|P00001|0""]},""missing_fields"":[""solicitation_number"",""award_date"",""period_start_date"",""period_end_date"",""award_amount"",""current_total_value"",""potential_total_value""],""naics"":""511199"",""office"":""FDA OFFICE OF ACQ GRANT SVCS"",""potential_total_value"":null,""psc"":""7610"",""recompete_window_months"":36,""source_file"":""data/sam_contract_awards.csv"",""source_key"":""sam_contract_awards"",""source_keys"":[""sam_contract_awards""],""source_record_id"":""7524|HHSF223201011717P|P00001|0"",""subagency"":""FOOD AND DRUG ADMINISTRATION"",""topic_hits"":[],""vendor_entity"":{""matched"":false},""vendor_key"":""guest_communications_corporation""}",https://sam.gov/search/?index=awards&keywords=HHSF223201011717P,2026-07-26T20:08:36Z
contract-lifecycle-e9ca6e40392b8eb3,sam_contract_awards,7505|HHSO100201100008C|P00024|0,unknown,standalone_award,HHSO100201100008C,,,R&D FOR SATISFACTORY METHOD OF PEDIATRIC PRUSSIAN BLUE (RADIOGARDASE),"HEALTH AND HUMAN SERVICES, DEPARTMENT OF",ADMINISTRATION FOR STRATEGIC PREPAREDNESS AND RESPONSE,BARDA - ASPR / DAAPPO / BARDA DCMA,heyltex_corporation,HEYLTEX CORPORATION,GY2TKDGQA2L7,heyltex_corporation,true,competitor,competitor_awarded,,,,,,,,,,,review,,37,"{""agency"":""HEALTH AND HUMAN SERVICES, DEPARTMENT OF"",""award_amount"":null,""current_total_value"":null,""days_until_end"":null,""gwt_relation"":""competitor"",""join_confidence"":""sam_contract_awards_normalized"",""join_key"":""piid:HHSO100201100008C"",""join_keys"":{""piid"":""HHSO100201100008C"",""solicitation_number"":"""",""source_record_ids"":[""7505|HHSO100201100008C|P00024|0""]},""missing_fields"":[""solicitation_number"",""award_date"",""period_start_date"",""period_end_date"",""award_amount"",""current_total_value"",""potential_total_value""],""naics"":""325414"",""office"":""BARDA - ASPR / DAAPPO / BARDA DCMA"",""potential_total_value"":null,""psc"":""AN13"",""recompete_window_months"":36,""source_file"":""data/sam_contract_awards.csv"",""source_key"":""sam_contract_awards"",""source_keys"":[""sam_contract_awards""],""source_record_id"":""7505|HHSO100201100008C|P00024|0"",""subagency"":""ADMINISTRATION FOR STRATEGIC PREPAREDNESS AND RESPONSE"",""topic_hits"":[],""vendor_entity"":{""matched"":false},""vendor_key"":""heyltex_corporation""}",https://sam.gov/search/?index=awards&keywords=HHSO100201100008C,2026-07-26T20:08:36Z
contract-lifecycle-c9c69e63df22898a,sam_contract_awards,7571|7571TE26P00063|0|0,unknown,standalone_award,7571TE26P00063,,7571TE26Q00048,LABORATORY EQUIPMENT AND SUPPLIES,"HEALTH AND HUMAN SERVICES, DEPARTMENT OF",OFFICE OF THE ASSISTANT SECRETARY FOR FINANCIAL RESOURCES (ASFR),OMAS STRATEGIC BUYING CENTER - INFORMATION TECHNOLOGY,illumina_inc,"ILLUMINA, INC.",KMW3CRWNAAF3,illumina_inc,true,competitor,competitor_awarded,,,,,,,,,,,review,,37,"{""agency"":""HEALTH AND HUMAN SERVICES, DEPARTMENT OF"",""award_amount"":null,""current_total_value"":null,""days_until_end"":null,""gwt_relation"":""competitor"",""join_confidence"":""sam_contract_awards_normalized"",""join_key"":""piid:7571TE26P00063"",""join_keys"":{""piid"":""7571TE26P00063"",""solicitation_number"":""7571TE26Q00048"",""source_record_ids"":[""7571|7571TE26P00063|0|0""]},""missing_fields"":[""award_date"",""period_start_date"",""period_end_date"",""award_amount"",""current_total_value"",""potential_total_value""],""naics"":""334516"",""office"":""OMAS STRATEGIC BUYING CENTER - INFORMATION TECHNOLOGY"",""potential_total_value"":null,""psc"":""6640"",""recompete_window_months"":36,""source_file"":""data/sam_contract_awards.csv"",""source_key"":""sam_contract_awards"",""source_keys"":[""sam_contract_awards""],""source_record_id"":""7571|7571TE26P00063|0|0"",""subagency"":""OFFICE OF THE ASSISTANT SECRETARY FOR FINANCIAL RESOURCES (ASFR)"",""topic_hits"":[],""vendor_entity"":{""matched"":false},""vendor_key"":""illumina_inc""}",https://sam.gov/search/?index=awards&keywords=7571TE26P00063,2026-07-26T20:08:36Z
contract-lifecycle-5d0b1bdce4e8bf72,sam_contract_awards,7529|75N94025F00001|P00002|0|75N94024A00003|P00003,unknown,task_order,75N94025F00001,75N94024A00003,,SUPPORT- PROFESSIONAL: OTHER,"HEALTH AND HUMAN SERVICES, DEPARTMENT OF",NATIONAL INSTITUTES OF HEALTH,NATIONAL INSTITUTES OF HEALTH NICHD,infinity_conference_group_inc,"INFINITY CONFERENCE GROUP, INC.",CFV4FUSEZ8F4,infinity_conference_group_inc,true,competitor,competitor_awarded,,,,,,,,,,,review,,37,"{""agency"":""HEALTH AND HUMAN SERVICES, DEPARTMENT OF"",""award_amount"":null,""current_total_value"":null,""days_until_end"":null,""gwt_relation"":""competitor"",""join_confidence"":""sam_contract_awards_normalized"",""join_key"":""piid:75N94025F00001"",""join_keys"":{""piid"":""75N94025F00001"",""solicitation_number"":"""",""source_record_ids"":[""7529|75N94025F00001|P00002|0|75N94024A00003|P00003""]},""missing_fields"":[""solicitation_number"",""award_date"",""period_start_date"",""period_end_date"",""award_amount"",""current_total_value"",""potential_total_value""],""naics"":""561920"",""office"":""NATIONAL INSTITUTES OF HEALTH NICHD"",""potential_total_value"":null,""psc"":""R499"",""recompete_window_months"":36,""source_file"":""data/sam_contract_awards.csv"",""source_key"":""sam_contract_awards"",""source_keys"":[""sam_contract_awards""],""source_record_id"":""7529|75N94025F00001|P00002|0|75N94024A00003|P00003"",""subagency"":""NATIONAL INSTITUTES OF HEALTH"",""topic_hits"":[],""vendor_entity"":{""matched"":false},""vendor_key"":""infinity_conference_group_inc""}",https://sam.gov/search/?index=awards&keywords=75N94025F00001,2026-07-26T20:08:36Z
contract-lifecycle-a209d50d0c9a61db,sam_contract_awards,7529|75N92023A00014|P00002|GS00F083CA|PA0020,unknown,task_order,75N92023A00014,GS00F083CA,,SPECIAL STUDIES/ANALYSIS- OTHER,"HEALTH AND HUMAN SERVICES, DEPARTMENT OF",NATIONAL INSTITUTES OF HEALTH,NATIONAL INSTITUTES OF HEALTH NHLBI,iq_solutions_inc,"IQ SOLUTIONS, INC.",HKS1BN6QXJ95,iq_solutions_inc,true,competitor,competitor_awarded,,,,,,,,,,,review,,37,"{""agency"":""HEALTH AND HUMAN SERVICES, DEPARTMENT OF"",""award_amount"":null,""current_total_value"":null,""days_until_end"":null,""gwt_relation"":""competitor"",""join_confidence"":""sam_contract_awards_normalized"",""join_key"":""piid:75N92023A00014"",""join_keys"":{""piid"":""75N92023A00014"",""solicitation_number"":"""",""source_record_ids"":[""7529|75N92023A00014|P00002|GS00F083CA|PA0020""]},""missing_fields"":[""solicitation_number"",""award_date"",""period_start_date"",""period_end_date"",""award_amount"",""current_total_value"",""potential_total_value""],""naics"":""541613"",""office"":""NATIONAL INSTITUTES OF HEALTH NHLBI"",""potential_total_value"":null,""psc"":""B599"",""recompete_window_months"":36,""source_file"":""data/sam_contract_awards.csv"",""source_key"":""sam_contract_awards"",""source_keys"":[""sam_contract_awards""],""source_record_id"":""7529|75N92023A00014|P00002|GS00F083CA|PA0020"",""subagency"":""NATIONAL INSTITUTES OF HEALTH"",""topic_hits"":[],""vendor_entity"":{""matched"":false},""vendor_key"":""iq_solutions_inc""}",https://sam.gov/search/?index=awards&keywords=75N92023A00014,2026-07-26T20:08:36Z
contract-lifecycle-f73e767e2157576f,sam_contract_awards,7529|75N99026F00001|0|0|75N99022A00005|0,unknown,task_order,75N99026F00001,75N99022A00005,,CONSTRUCTION OF MISCELLANEOUS BUILDINGS,"HEALTH AND HUMAN SERVICES, DEPARTMENT OF",NATIONAL INSTITUTES OF HEALTH,NIH A E CONSTRUCTION,island_contracting_inc,"ISLAND CONTRACTING, INC.",CYWEA6PLVJ68,island_contracting_inc,true,competitor,competitor_awarded,,,,,,,,,,,review,,37,"{""agency"":""HEALTH AND HUMAN SERVICES, DEPARTMENT OF"",""award_amount"":null,""current_total_value"":null,""days_until_end"":null,""gwt_relation"":""competitor"",""join_confidence"":""sam_contract_awards_normalized"",""join_key"":""piid:75N99026F00001"",""join_keys"":{""piid"":""75N99026F00001"",""solicitation_number"":"""",""source_record_ids"":[""7529|75N99026F00001|0|0|75N99022A00005|0""]},""missing_fields"":[""solicitation_number"",""award_date"",""period_start_date"",""period_end_date"",""award_amount"",""current_total_value"",""potential_total_value""],""naics"":""236220"",""office"":""NIH A E CONSTRUCTION"",""potential_total_value"":null,""psc"":""Y1JZ"",""recompete_window_months"":36,""source_file"":""data/sam_contract_awards.csv"",""source_key"":""sam_contract_awards"",""source_keys"":[""sam_contract_awards""],""source_record_id"":""7529|75N99026F00001|0|0|75N99022A00005|0"",""subagency"":""NATIONAL INSTITUTES OF HEALTH"",""topic_hits"":[],""vendor_entity"":{""matched"":false},""vendor_key"":""island_contracting_inc""}",https://sam.gov/search/?index=awards&keywords=75N99026F00001,2026-07-26T20:08:36Z
contract-lifecycle-a1f4438aa47c2165,sam_contract_awards,7527|75H71025F26008|0|0|75H70424D00002|0,unknown,task_order,75H71025F26008,75H70424D00002,,SUPPORT- PROFESSIONAL: OTHER,"HEALTH AND HUMAN SERVICES, DEPARTMENT OF",INDIAN HEALTH SERVICE,NAVAJO AREA INDIAN HEALTH SVC,joint_commission_on_accreditation_of_healthcare_organizations,JOINT COMMISSION ON ACCREDITATION OF HEALTHCARE ORGANIZATIONS,GQHJXSKK19R5,joint_commission_on_accreditation_of_healthcare_organizations,true,competitor,competitor_awarded,,,,,,,,,,,medicaid,mmis,44,"{""agency"":""HEALTH AND HUMAN SERVICES, DEPARTMENT OF"",""award_amount"":null,""current_total_value"":null,""days_until_end"":null,""gwt_relation"":""competitor"",""join_confidence"":""sam_contract_awards_normalized"",""join_key"":""piid:75H71025F26008"",""join_keys"":{""piid"":""75H71025F26008"",""solicitation_number"":"""",""source_record_ids"":[""7527|75H71025F26008|0|0|75H70424D00002|0""]},""missing_fields"":[""solicitation_number"",""award_date"",""period_start_date"",""period_end_date"",""award_amount"",""current_total_value"",""potential_total_value""],""naics"":""813920"",""office"":""NAVAJO AREA INDIAN HEALTH SVC"",""potential_total_value"":null,""psc"":""R499"",""recompete_window_months"":36,""source_file"":""data/sam_contract_awards.csv"",""source_key"":""sam_contract_awards"",""source_keys"":[""sam_contract_awards""],""source_record_id"":""7527|75H71025F26008|0|0|75H70424D00002|0"",""subagency"":""INDIAN HEALTH SERVICE"",""topic_hits"":[""mmis""],""vendor_entity"":{""matched"":false},""vendor_key"":""joint_commission_on_accreditation_of_healthcare_organizations""}",https://sam.gov/search/?index=awards&keywords=75H71025F26008,2026-07-26T20:08:36Z
contract-lifecycle-d2cee4b6512b5943,sam_contract_awards,7529|75N98026P01104|0|0,unknown,standalone_award,75N98026P01104,,,LABORATORY EQUIPMENT AND SUPPLIES,"HEALTH AND HUMAN SERVICES, DEPARTMENT OF",NATIONAL INSTITUTES OF HEALTH,NATIONAL INSTITUTES OF HEALTH OLAO,keyence_corporation_of_america,KEYENCE CORPORATION OF AMERICA,L66VDJVM3VP6,keyence_corporation_of_america,true,competitor,competitor_awarded,,,,,,,,,,,review,,37,"{""agency"":""HEALTH AND HUMAN SERVICES, DEPARTMENT OF"",""award_amount"":null,""current_total_value"":null,""days_until_end"":null,""gwt_relation"":""competitor"",""join_confidence"":""sam_contract_awards_normalized"",""join_key"":""piid:75N98026P01104"",""join_keys"":{""piid"":""75N98026P01104"",""solicitation_number"":"""",""source_record_ids"":[""7529|75N98026P01104|0|0""]},""missing_fields"":[""solicitation_number"",""award_date"",""period_start_date"",""period_end_date"",""award_amount"",""current_total_value"",""potential_total_value""],""naics"":""334513"",""office"":""NATIONAL INSTITUTES OF HEALTH OLAO"",""potential_total_value"":null,""psc"":""6640"",""recompete_window_months"":36,""source_file"":""data/sam_contract_awards.csv"",""source_key"":""sam_contract_awards"",""source_keys"":[""sam_contract_awards""],""source_record_id"":""7529|75N98026P01104|0|0"",""subagency"":""NATIONAL INSTITUTES OF HEALTH"",""topic_hits"":[],""vendor_entity"":{""matched"":false},""vendor_key"":""keyence_corporation_of_america""}",https://sam.gov/search/?index=awards&keywords=75N98026P01104,2026-07-26T20:08:36Z
contract-lifecycle-cbf643ca680ee648,sam_contract_awards,7524|75F40123F80181|P00001|0|V797D50532|P00031,unknown,task_order,75F40123F80181,V797D50532,,SPECIAL STUDIES/ANALYSIS- OTHER,"HEALTH AND HUMAN SERVICES, DEPARTMENT OF",FOOD AND DRUG ADMINISTRATION,FDA OFFICE OF ACQ GRANT SVCS,laboratory_corporation_of_america,LABORATORY CORPORATION OF AMERICA,NHYWLYK6NBM8,laboratory_corporation_of_america,true,competitor,competitor_awarded,,,,,,,,,,,review,,37,"{""agency"":""HEALTH AND HUMAN SERVICES, DEPARTMENT OF"",""award_amount"":null,""current_total_value"":null,""days_until_end"":null,""gwt_relation"":""competitor"",""join_confidence"":""sam_contract_awards_normalized"",""join_key"":""piid:75F40123F80181"",""join_keys"":{""piid"":""75F40123F80181"",""solicitation_number"":"""",""source_record_ids"":[""7524|75F40123F80181|P00001|0|V797D50532|P00031""]},""missing_fields"":[""solicitation_number"",""award_date"",""period_start_date"",""period_end_date"",""award_amount"",""current_total_value"",""potential_total_value""],""naics"":""621511"",""office"":""FDA OFFICE OF ACQ GRANT SVCS"",""potential_total_value"":null,""psc"":""B599"",""recompete_window_months"":36,""source_file"":""data/sam_contract_awards.csv"",""source_key"":""sam_contract_awards"",""source_keys"":[""sam_contract_awards""],""source_record_id"":""7524|75F40123F80181|P00001|0|V797D50532|P00031"",""subagency"":""FOOD AND DRUG ADMINISTRATION"",""topic_hits"":[],""vendor_entity"":{""matched"":false},""vendor_key"":""laboratory_corporation_of_america""}",https://sam.gov/search/?index=awards&keywords=75F40123F80181,2026-07-26T20:08:36Z
contract-lifecycle-fbce9abc0a1752cd,sam_contract_awards,7524|75F40120P00305|P00006|0,unknown,standalone_award,75F40120P00305,,,INFORMATION TECHNOLOGY SUPPORT EQUIPMENT,"HEALTH AND HUMAN SERVICES, DEPARTMENT OF",FOOD AND DRUG ADMINISTRATION,FDA OFFICE OF ACQ GRANT SVCS,leica_microsystems_inc,LEICA MICROSYSTEMS INC.,VN38G4R6FUB9,leica_microsystems_inc,true,competitor,competitor_awarded,,,,,,,,,,,review,,37,"{""agency"":""HEALTH AND HUMAN SERVICES, DEPARTMENT OF"",""award_amount"":null,""current_total_value"":null,""days_until_end"":null,""gwt_relation"":""competitor"",""join_confidence"":""sam_contract_awards_normalized"",""join_key"":""piid:75F40120P00305"",""join_keys"":{""piid"":""75F40120P00305"",""solicitation_number"":"""",""source_record_ids"":[""7524|75F40120P00305|P00006|0""]},""missing_fields"":[""solicitation_number"",""award_date"",""period_start_date"",""period_end_date"",""award_amount"",""current_total_value"",""potential_total_value""],""naics"":""541519"",""office"":""FDA OFFICE OF ACQ GRANT SVCS"",""potential_total_value"":null,""psc"":""7035"",""recompete_window_months"":36,""source_file"":""data/sam_contract_awards.csv"",""source_key"":""sam_contract_awards"",""source_keys"":[""sam_contract_awards""],""source_record_id"":""7524|75F40120P00305|P00006|0"",""subagency"":""FOOD AND DRUG ADMINISTRATION"",""topic_hits"":[],""vendor_entity"":{""matched"":false},""vendor_key"":""leica_microsystems_inc""}",https://sam.gov/search/?index=awards&keywords=75F40120P00305,2026-07-26T20:08:36Z
contract-lifecycle-48223da028846c2d,sam_contract_awards,7529|75N91025F00011|P00002|0|75N91019D00024|0,unknown,task_order,75N91025F00011,75N91019D00024,NCI-NCIFOSO-25-0105,HEALTH R&D SERVICES; HEALTH CARE SERVICES; APPLIED RESEARCH,"HEALTH AND HUMAN SERVICES, DEPARTMENT OF",NATIONAL INSTITUTES OF HEALTH,NIH NCI,leidos_biomedical_research_inc,"LEIDOS BIOMEDICAL RESEARCH, INC.",HV8BH9BPG8Y9,leidos_biomedical_research_inc,true,competitor,competitor_awarded,,,,,,,,,,,review,,37,"{""agency"":""HEALTH AND HUMAN SERVICES, DEPARTMENT OF"",""award_amount"":null,""current_total_value"":null,""days_until_end"":null,""gwt_relation"":""competitor"",""join_confidence"":""sam_contract_awards_normalized"",""join_key"":""piid:75N91025F00011"",""join_keys"":{""piid"":""75N91025F00011"",""solicitation_number"":""NCI-NCIFOSO-25-0105"",""source_record_ids"":[""7529|75N91025F00011|P00002|0|75N91019D00024|0""]},""missing_fields"":[""award_date"",""period_start_date"",""period_end_date"",""award_amount"",""current_total_value"",""potential_total_value""],""naics"":""541715"",""office"":""NIH NCI"",""potential_total_value"":null,""psc"":""AN12"",""recompete_window_months"":36,""source_file"":""data/sam_contract_awards.csv"",""source_key"":""sam_contract_awards"",""source_keys"":[""sam_contract_awards""],""source_record_id"":""7529|75N91025F00011|P00002|0|75N91019D00024|0"",""subagency"":""NATIONAL INSTITUTES OF HEALTH"",""topic_hits"":[],""vendor_entity"":{""matched"":false},""vendor_key"":""leidos_biomedical_research_inc""}",https://sam.gov/search/?index=awards&keywords=75N91025F00011,2026-07-26T20:08:36Z
contract-lifecycle-ee80943708c1f168,sam_contract_awards,7524|HHSF223200750558G|P00002|0|GS35F4550G|PO0084NAMEAGREECHG,unknown,task_order,HHSF223200750558G,GS35F4550G,,IT AND TELECOM- OTHER IT AND TELECOMMUNICATIONS,"HEALTH AND HUMAN SERVICES, DEPARTMENT OF",FOOD AND DRUG ADMINISTRATION,FDA OFFICE OF ACQ GRANT SVCS,leidos_management_systems_designers_inc,"LEIDOS MANAGEMENT SYSTEMS DESIGNERS, INC.",X1NCU18Q19T9,leidos_management_systems_designers_inc,true,competitor,competitor_awarded,,,,,,,,,,,review,,37,"{""agency"":""HEALTH AND HUMAN SERVICES, DEPARTMENT OF"",""award_amount"":null,""current_total_value"":null,""days_until_end"":null,""gwt_relation"":""competitor"",""join_confidence"":""sam_contract_awards_normalized"",""join_key"":""piid:HHSF223200750558G"",""join_keys"":{""piid"":""HHSF223200750558G"",""solicitation_number"":"""",""source_record_ids"":[""7524|HHSF223200750558G|P00002|0|GS35F4550G|PO0084NAMEAGREECHG""]},""missing_fields"":[""solicitation_number"",""award_date"",""period_start_date"",""period_end_date"",""award_amount"",""current_total_value"",""potential_total_value""],""naics"":""443120"",""office"":""FDA OFFICE OF ACQ GRANT SVCS"",""potential_total_value"":null,""psc"":""D399"",""recompete_window_months"":36,""source_file"":""data/sam_contract_awards.csv"",""source_key"":""sam_contract_awards"",""source_keys"":[""sam_contract_awards""],""source_record_id"":""7524|HHSF223200750558G|P00002|0|GS35F4550G|PO0084NAMEAGREECHG"",""subagency"":""FOOD AND DRUG ADMINISTRATION"",""topic_hits"":[],""vendor_entity"":{""matched"":false},""vendor_key"":""leidos_management_systems_designers_inc""}",https://sam.gov/search/?index=awards&keywords=HHSF223200750558G,2026-07-26T20:08:36Z
contract-lifecycle-d1c7301f3e30e587,sam_contract_awards,7526|75R60226F34034|0|0|75R60225D00005|0,unknown,task_order,75R60226F34034,75R60225D00005,,SUPPORT- PROFESSIONAL: PROGRAM MANAGEMENT/SUPPORT,"HEALTH AND HUMAN SERVICES, DEPARTMENT OF",HEALTH RESOURCES AND SERVICES ADMINISTRATION,HRSA HEADQUARTERS,looper_consulting_llc,LOOPER CONSULTING LLC,FGYZY8RHWED6,looper_consulting_llc,true,competitor,competitor_awarded,,,,,,,,,,,review,,37,"{""agency"":""HEALTH AND HUMAN SERVICES, DEPARTMENT OF"",""award_amount"":null,""current_total_value"":null,""days_until_end"":null,""gwt_relation"":""competitor"",""join_confidence"":""sam_contract_awards_normalized"",""join_key"":""piid:75R60226F34034"",""join_keys"":{""piid"":""75R60226F34034"",""solicitation_number"":"""",""source_record_ids"":[""7526|75R60226F34034|0|0|75R60225D00005|0""]},""missing_fields"":[""solicitation_number"",""award_date"",""period_start_date"",""period_end_date"",""award_amount"",""current_total_value"",""potential_total_value""],""naics"":""541611"",""office"":""HRSA HEADQUARTERS"",""potential_total_value"":null,""psc"":""R408"",""recompete_window_months"":36,""source_file"":""data/sam_contract_awards.csv"",""source_key"":""sam_contract_awards"",""source_keys"":[""sam_contract_awards""],""source_record_id"":""7526|75R60226F34034|0|0|75R60225D00005|0"",""subagency"":""HEALTH RESOURCES AND SERVICES ADMINISTRATION"",""topic_hits"":[],""vendor_entity"":{""matched"":false},""vendor_key"":""looper_consulting_llc""}",https://sam.gov/search/?index=awards&keywords=75R60226F34034,2026-07-26T20:08:36Z
contract-lifecycle-568735db9cdf54e4,sam_contract_awards,7529|75N98026F00252|0|0|47QSMA18D08NU|PA0010,unknown,task_order,75N98026F00252,47QSMA18D08NU,GSA EBUY RFQ1820724,STATIONERY AND RECORD FORMS,"HEALTH AND HUMAN SERVICES, DEPARTMENT OF",NATIONAL INSTITUTES OF HEALTH,NATIONAL INSTITUTES OF HEALTH OLAO,lsc_group_inc_the,"LSC GROUP, INC, THE",JD2VZLKL3KR5,lsc_group_inc_the,true,competitor,competitor_awarded,,,,,,,,,,,review,,37,"{""agency"":""HEALTH AND HUMAN SERVICES, DEPARTMENT OF"",""award_amount"":null,""current_total_value"":null,""days_until_end"":null,""gwt_relation"":""competitor"",""join_confidence"":""sam_contract_awards_normalized"",""join_key"":""piid:75N98026F00252"",""join_keys"":{""piid"":""75N98026F00252"",""solicitation_number"":""GSA EBUY RFQ1820724"",""source_record_ids"":[""7529|75N98026F00252|0|0|47QSMA18D08NU|PA0010""]},""missing_fields"":[""award_date"",""period_start_date"",""period_end_date"",""award_amount"",""current_total_value"",""potential_total_value""],""naics"":""518210"",""office"":""NATIONAL INSTITUTES OF HEALTH OLAO"",""potential_total_value"":null,""psc"":""7530"",""recompete_window_months"":36,""source_file"":""data/sam_contract_awards.csv"",""source_key"":""sam_contract_awards"",""source_keys"":[""sam_contract_awards""],""source_record_id"":""7529|75N98026F00252|0|0|47QSMA18D08NU|PA0010"",""subagency"":""NATIONAL INSTITUTES OF HEALTH"",""topic_hits"":[],""vendor_entity"":{""matched"":false},""vendor_key"":""lsc_group_inc_the""}",https://sam.gov/search/?index=awards&keywords=75N98026F00252,2026-07-26T20:08:36Z
contract-lifecycle-473eadec1f5f4a1e,sam_contract_awards,7529|75N95022P00139|P00005|0,unknown,standalone_award,75N95022P00139,,75N95022R00029,NIDA INFORMATION TECHNOLOGY SECURITY SUPPORT SERVICES (ITSSS),"HEALTH AND HUMAN SERVICES, DEPARTMENT OF",NATIONAL INSTITUTES OF HEALTH,NATIONAL INSTITUTES OF HEALTH NIDA,malbaie_solutions_inc,MALBAIE SOLUTIONS INC.,XK8RFLMLPV97,malbaie_solutions_inc,true,competitor,competitor_awarded,,,,,,,,,,,review,,37,"{""agency"":""HEALTH AND HUMAN SERVICES, DEPARTMENT OF"",""award_amount"":null,""current_total_value"":null,""days_until_end"":null,""gwt_relation"":""competitor"",""join_confidence"":""sam_contract_awards_normalized"",""join_key"":""piid:75N95022P00139"",""join_keys"":{""piid"":""75N95022P00139"",""solicitation_number"":""75N95022R00029"",""source_record_ids"":[""7529|75N95022P00139|P00005|0""]},""missing_fields"":[""award_date"",""period_start_date"",""period_end_date"",""award_amount"",""current_total_value"",""potential_total_value""],""naics"":""541512"",""office"":""NATIONAL INSTITUTES OF HEALTH NIDA"",""potential_total_value"":null,""psc"":""DJ01"",""recompete_window_months"":36,""source_file"":""data/sam_contract_awards.csv"",""source_key"":""sam_contract_awards"",""source_keys"":[""sam_contract_awards""],""source_record_id"":""7529|75N95022P00139|P00005|0"",""subagency"":""NATIONAL INSTITUTES OF HEALTH"",""topic_hits"":[],""vendor_entity"":{""matched"":false},""vendor_key"":""malbaie_solutions_inc""}",https://sam.gov/search/?index=awards&keywords=75N95022P00139,2026-07-26T20:08:36Z
contract-lifecycle-f0630efa371feff9,sam_contract_awards,7529|75N98026A00002|P00001,unknown,standalone_award,75N98026A00002,,,LEASE/RENTAL OF CONFERENCE SPACE AND FACILITIES,"HEALTH AND HUMAN SERVICES, DEPARTMENT OF",NATIONAL INSTITUTES OF HEALTH,NATIONAL INSTITUTES OF HEALTH OLAO,marriott_international_inc,MARRIOTT INTERNATIONAL INC,SWKWERXN62A1,marriott_international_inc,true,competitor,competitor_awarded,,,,,,,,,,,review,,37,"{""agency"":""HEALTH AND HUMAN SERVICES, DEPARTMENT OF"",""award_amount"":null,""current_total_value"":null,""days_until_end"":null,""gwt_relation"":""competitor"",""join_confidence"":""sam_contract_awards_normalized"",""join_key"":""piid:75N98026A00002"",""join_keys"":{""piid"":""75N98026A00002"",""solicitation_number"":"""",""source_record_ids"":[""7529|75N98026A00002|P00001""]},""missing_fields"":[""solicitation_number"",""award_date"",""period_start_date"",""period_end_date"",""award_amount"",""current_total_value"",""potential_total_value""],""naics"":""721110"",""office"":""NATIONAL INSTITUTES OF HEALTH OLAO"",""potential_total_value"":null,""psc"":""X1AB"",""recompete_window_months"":36,""source_file"":""data/sam_contract_awards.csv"",""source_key"":""sam_contract_awards"",""source_keys"":[""sam_contract_awards""],""source_record_id"":""7529|75N98026A00002|P00001"",""subagency"":""NATIONAL INSTITUTES OF HEALTH"",""topic_hits"":[],""vendor_entity"":{""matched"":false},""vendor_key"":""marriott_international_inc""}",https://sam.gov/search/?index=awards&keywords=75N98026A00002,2026-07-26T20:08:36Z
contract-lifecycle-d9d099c9515d2805,sam_contract_awards,7530|75FCMC24F0136|P00002|0|75FCMC18D0032|P00004,unknown,task_order,75FCMC24F0136,75FCMC18D0032,,MEASURE AND INSTRUMENT DEVELOPMENT AND SUPPORT (MIDS),"HEALTH AND HUMAN SERVICES, DEPARTMENT OF",CENTERS FOR MEDICARE AND MEDICAID SERVICES,OFC OF ACQUISITION AND GRANTS MGMT,mathematica_inc,MATHEMATICA INC.,T41EGEAK2L35,mathematica_inc,true,competitor,competitor_awarded,,,,,,,,,,,medicaid,centers for medicare;medicaid;medicare,58,"{""agency"":""HEALTH AND HUMAN SERVICES, DEPARTMENT OF"",""award_amount"":null,""current_total_value"":null,""days_until_end"":null,""gwt_relation"":""competitor"",""join_confidence"":""sam_contract_awards_normalized"",""join_key"":""piid:75FCMC24F0136"",""join_keys"":{""piid"":""75FCMC24F0136"",""solicitation_number"":"""",""source_record_ids"":[""7530|75FCMC24F0136|P00002|0|75FCMC18D0032|P00004""]},""missing_fields"":[""solicitation_number"",""award_date"",""period_start_date"",""period_end_date"",""award_amount"",""current_total_value"",""potential_total_value""],""naics"":""541690"",""office"":""OFC OF ACQUISITION AND GRANTS MGMT"",""potential_total_value"":null,""psc"":""R499"",""recompete_window_months"":36,""source_file"":""data/sam_contract_awards.csv"",""source_key"":""sam_contract_awards"",""source_keys"":[""sam_contract_awards""],""source_record_id"":""7530|75FCMC24F0136|P00002|0|75FCMC18D0032|P00004"",""subagency"":""CENTERS FOR MEDICARE AND MEDICAID SERVICES"",""topic_hits"":[""centers for medicare"",""medicaid"",""medicare""],""vendor_entity"":{""matched"":false},""vendor_key"":""mathematica_inc""}",https://sam.gov/search/?index=awards&keywords=75FCMC24F0136,2026-07-26T20:08:36Z
contract-lifecycle-bcec3ecd7abe3a1f,sam_contract_awards,7505|75A50226F62020|0|0|75A50224D00007|0,unknown,task_order,75A50226F62020,75A50224D00007,,MEDICAL SURGICAL SUPPLIES AND EQUIPMENT IDIQ,"HEALTH AND HUMAN SERVICES, DEPARTMENT OF",ADMINISTRATION FOR STRATEGIC PREPAREDNESS AND RESPONSE,ASPR/DAAPPO/ORM HQ,mckesson_medical_surgical_government_solutions_llc,MCKESSON MEDICAL-SURGICAL GOVERNMENT SOLUTIONS LLC,XFHRZSRBK6Q1,mckesson_medical_surgical_government_solutions_llc,true,competitor,competitor_awarded,,,,,,,,,,,review,,37,"{""agency"":""HEALTH AND HUMAN SERVICES, DEPARTMENT OF"",""award_amount"":null,""current_total_value"":null,""days_until_end"":null,""gwt_relation"":""competitor"",""join_confidence"":""sam_contract_awards_normalized"",""join_key"":""piid:75A50226F62020"",""join_keys"":{""piid"":""75A50226F62020"",""solicitation_number"":"""",""source_record_ids"":[""7505|75A50226F62020|0|0|75A50224D00007|0""]},""missing_fields"":[""solicitation_number"",""award_date"",""period_start_date"",""period_end_date"",""award_amount"",""current_total_value"",""potential_total_value""],""naics"":""423450"",""office"":""ASPR/DAAPPO/ORM HQ"",""potential_total_value"":null,""psc"":""6515"",""recompete_window_months"":36,""source_file"":""data/sam_contract_awards.csv"",""source_key"":""sam_contract_awards"",""source_keys"":[""sam_contract_awards""],""source_record_id"":""7505|75A50226F62020|0|0|75A50224D00007|0"",""subagency"":""ADMINISTRATION FOR STRATEGIC PREPAREDNESS AND RESPONSE"",""topic_hits"":[],""vendor_entity"":{""matched"":false},""vendor_key"":""mckesson_medical_surgical_government_solutions_llc""}",https://sam.gov/search/?index=awards&keywords=75A50226F62020,2026-07-26T20:08:36Z
contract-lifecycle-80414c919184fa87,sam_contract_awards,7530|75FCMC24F0233|P00003|0|47QRAA22D00E3|PO0024,unknown,task_order,75FCMC24F0233,47QRAA22D00E3,,PROCUREMENT SPEND OPTIMIZATION,"HEALTH AND HUMAN SERVICES, DEPARTMENT OF",CENTERS FOR MEDICARE AND MEDICAID SERVICES,OFC OF ACQUISITION AND GRANTS MGMT,mckinsey_company_inc_washington_d_c,"MCKINSEY & COMPANY, INC. WASHINGTON D.C.",N6JZARL64EW5,mckinsey_company_inc_washington_d_c,true,competitor,competitor_awarded,,,,,,,,,,,medicaid,centers for medicare;medicaid;medicare,58,"{""agency"":""HEALTH AND HUMAN SERVICES, DEPARTMENT OF"",""award_amount"":null,""current_total_value"":null,""days_until_end"":null,""gwt_relation"":""competitor"",""join_confidence"":""sam_contract_awards_normalized"",""join_key"":""piid:75FCMC24F0233"",""join_keys"":{""piid"":""75FCMC24F0233"",""solicitation_number"":"""",""source_record_ids"":[""7530|75FCMC24F0233|P00003|0|47QRAA22D00E3|PO0024""]},""missing_fields"":[""solicitation_number"",""award_date"",""period_start_date"",""period_end_date"",""award_amount"",""current_total_value"",""potential_total_value""],""naics"":""541611"",""office"":""OFC OF ACQUISITION AND GRANTS MGMT"",""potential_total_value"":null,""psc"":""R499"",""recompete_window_months"":36,""source_file"":""data/sam_contract_awards.csv"",""source_key"":""sam_contract_awards"",""source_keys"":[""sam_contract_awards""],""source_record_id"":""7530|75FCMC24F0233|P00003|0|47QRAA22D00E3|PO0024"",""subagency"":""CENTERS FOR MEDICARE AND MEDICAID SERVICES"",""topic_hits"":[""centers for medicare"",""medicaid"",""medicare""],""vendor_entity"":{""matched"":false},""vendor_key"":""mckinsey_company_inc_washington_d_c""}",https://sam.gov/search/?index=awards&keywords=75FCMC24F0233,2026-07-26T20:08:36Z
contract-lifecycle-23db866d3d09d709,sam_contract_awards,7571|7571TE26F00319|0|0|47QTCA22A000C|PO0015,unknown,task_order,7571TE26F00319,47QTCA22A000C,,ADVANTAGE SELECT,"HEALTH AND HUMAN SERVICES, DEPARTMENT OF",OFFICE OF THE ASSISTANT SECRETARY FOR FINANCIAL RESOURCES (ASFR),OMAS STRATEGIC BUYING CENTER - INFORMATION TECHNOLOGY,mcp_computer_products_inc,MCP COMPUTER PRODUCTS INC.,ZYLCHL6TZ3N1,mcp_computer_products_inc,true,competitor,competitor_awarded,,,,,,,,,,,review,,37,"{""agency"":""HEALTH AND HUMAN SERVICES, DEPARTMENT OF"",""award_amount"":null,""current_total_value"":null,""days_until_end"":null,""gwt_relation"":""competitor"",""join_confidence"":""sam_contract_awards_normalized"",""join_key"":""piid:7571TE26F00319"",""join_keys"":{""piid"":""7571TE26F00319"",""solicitation_number"":"""",""source_record_ids"":[""7571|7571TE26F00319|0|0|47QTCA22A000C|PO0015""]},""missing_fields"":[""solicitation_number"",""award_date"",""period_start_date"",""period_end_date"",""award_amount"",""current_total_value"",""potential_total_value""],""naics"":""334111"",""office"":""OMAS STRATEGIC BUYING CENTER - INFORMATION TECHNOLOGY"",""potential_total_value"":null,""psc"":""7A20"",""recompete_window_months"":36,""source_file"":""data/sam_contract_awards.csv"",""source_key"":""sam_contract_awards"",""source_keys"":[""sam_contract_awards""],""source_record_id"":""7571|7571TE26F00319|0|0|47QTCA22A000C|PO0015"",""subagency"":""OFFICE OF THE ASSISTANT SECRETARY FOR FINANCIAL RESOURCES (ASFR)"",""topic_hits"":[],""vendor_entity"":{""matched"":false},""vendor_key"":""mcp_computer_products_inc""}",https://sam.gov/search/?index=awards&keywords=7571TE26F00319,2026-07-26T20:08:36Z
contract-lifecycle-6d950e97057db2a2,sam_contract_awards,7526|75R60226F34005|0|0|75R60225A00020|0,unknown,task_order,75R60226F34005,75R60225A00020,75R60226Q00090,SUPPORT- PROFESSIONAL: OTHER,"HEALTH AND HUMAN SERVICES, DEPARTMENT OF",HEALTH RESOURCES AND SERVICES ADMINISTRATION,HRSA HEADQUARTERS,medical_record_review_llc,MEDICAL RECORD REVIEW LLC,LAGQZK39UYC9,medical_record_review_llc,true,competitor,competitor_awarded,,,,,,,,,,,review,,37,"{""agency"":""HEALTH AND HUMAN SERVICES, DEPARTMENT OF"",""award_amount"":null,""current_total_value"":null,""days_until_end"":null,""gwt_relation"":""competitor"",""join_confidence"":""sam_contract_awards_normalized"",""join_key"":""piid:75R60226F34005"",""join_keys"":{""piid"":""75R60226F34005"",""solicitation_number"":""75R60226Q00090"",""source_record_ids"":[""7526|75R60226F34005|0|0|75R60225A00020|0""]},""missing_fields"":[""award_date"",""period_start_date"",""period_end_date"",""award_amount"",""current_total_value"",""potential_total_value""],""naics"":""541990"",""office"":""HRSA HEADQUARTERS"",""potential_total_value"":null,""psc"":""R499"",""recompete_window_months"":36,""source_file"":""data/sam_contract_awards.csv"",""source_key"":""sam_contract_awards"",""source_keys"":[""sam_contract_awards""],""source_record_id"":""7526|75R60226F34005|0|0|75R60225A00020|0"",""subagency"":""HEALTH RESOURCES AND SERVICES ADMINISTRATION"",""topic_hits"":[],""vendor_entity"":{""matched"":false},""vendor_key"":""medical_record_review_llc""}",https://sam.gov/search/?index=awards&keywords=75R60226F34005,2026-07-26T20:08:36Z
contract-lifecycle-01eb4c6be0e3733b,sam_contract_awards,7527|75H71024P00002|P00001|0,unknown,standalone_award,75H71024P00002,,,"MEDICAL AND SURGICAL INSTRUMENTS, EQUIPMENT, AND SUPPLIES","HEALTH AND HUMAN SERVICES, DEPARTMENT OF",INDIAN HEALTH SERVICE,NAVAJO AREA INDIAN HEALTH SVC,method_one_solutions_llc,METHOD ONE SOLUTIONS LLC,MEY8YZXJ5AA7,method_one_solutions_llc,true,competitor,competitor_awarded,,,,,,,,,,,review,,37,"{""agency"":""HEALTH AND HUMAN SERVICES, DEPARTMENT OF"",""award_amount"":null,""current_total_value"":null,""days_until_end"":null,""gwt_relation"":""competitor"",""join_confidence"":""sam_contract_awards_normalized"",""join_key"":""piid:75H71024P00002"",""join_keys"":{""piid"":""75H71024P00002"",""solicitation_number"":"""",""source_record_ids"":[""7527|75H71024P00002|P00001|0""]},""missing_fields"":[""solicitation_number"",""award_date"",""period_start_date"",""period_end_date"",""award_amount"",""current_total_value"",""potential_total_value""],""naics"":""339112"",""office"":""NAVAJO AREA INDIAN HEALTH SVC"",""potential_total_value"":null,""psc"":""6515"",""recompete_window_months"":36,""source_file"":""data/sam_contract_awards.csv"",""source_key"":""sam_contract_awards"",""source_keys"":[""sam_contract_awards""],""source_record_id"":""7527|75H71024P00002|P00001|0"",""subagency"":""INDIAN HEALTH SERVICE"",""topic_hits"":[],""vendor_entity"":{""matched"":false},""vendor_key"":""method_one_solutions_llc""}",https://sam.gov/search/?index=awards&keywords=75H71024P00002,2026-07-26T20:08:36Z
contract-lifecycle-902124c0f60d15be,sam_contract_awards,7529|75N92024C00001|P00004|0,unknown,standalone_award,75N92024C00001,,75N92023R0171,HEALTH R&D SERVICES; HEALTH CARE SERVICES; APPLIED RESEARCH,"HEALTH AND HUMAN SERVICES, DEPARTMENT OF",NATIONAL INSTITUTES OF HEALTH,NATIONAL INSTITUTES OF HEALTH NHLBI,michigan_public_health_institute,MICHIGAN PUBLIC HEALTH INSTITUTE,Y1YNPR94FMH4,michigan_public_health_institute,true,competitor,competitor_awarded,,,,,,,,,,,review,,37,"{""agency"":""HEALTH AND HUMAN SERVICES, DEPARTMENT OF"",""award_amount"":null,""current_total_value"":null,""days_until_end"":null,""gwt_relation"":""competitor"",""join_confidence"":""sam_contract_awards_normalized"",""join_key"":""piid:75N92024C00001"",""join_keys"":{""piid"":""75N92024C00001"",""solicitation_number"":""75N92023R0171"",""source_record_ids"":[""7529|75N92024C00001|P00004|0""]},""missing_fields"":[""award_date"",""period_start_date"",""period_end_date"",""award_amount"",""current_total_value"",""potential_total_value""],""naics"":""541715"",""office"":""NATIONAL INSTITUTES OF HEALTH NHLBI"",""potential_total_value"":null,""psc"":""AN12"",""recompete_window_months"":36,""source_file"":""data/sam_contract_awards.csv"",""source_key"":""sam_contract_awards"",""source_keys"":[""sam_contract_awards""],""source_record_id"":""7529|75N92024C00001|P00004|0"",""subagency"":""NATIONAL INSTITUTES OF HEALTH"",""topic_hits"":[],""vendor_entity"":{""matched"":false},""vendor_key"":""michigan_public_health_institute""}",https://sam.gov/search/?index=awards&keywords=75N92024C00001,2026-07-26T20:08:36Z
contract-lifecycle-0573e18b232d3f55,sam_contract_awards,7529|75N93024D00010|P00001,unknown,standalone_award,75N93024D00010,,NIHAI75N93023R00003,PRE-CLINICAL MODELS OF INFECTIOUS DISEASES,"HEALTH AND HUMAN SERVICES, DEPARTMENT OF",NATIONAL INSTITUTES OF HEALTH,NATIONAL INSTITUTES OF HEALTH NIAID,ministry_of_defence,MINISTRY OF DEFENCE,U6LDUQKZ2CS8,ministry_of_defence,true,competitor,competitor_awarded,,,,,,,,,,,review,,37,"{""agency"":""HEALTH AND HUMAN SERVICES, DEPARTMENT OF"",""award_amount"":null,""current_total_value"":null,""days_until_end"":null,""gwt_relation"":""competitor"",""join_confidence"":""sam_contract_awards_normalized"",""join_key"":""piid:75N93024D00010"",""join_keys"":{""piid"":""75N93024D00010"",""solicitation_number"":""NIHAI75N93023R00003"",""source_record_ids"":[""7529|75N93024D00010|P00001""]},""missing_fields"":[""award_date"",""period_start_date"",""period_end_date"",""award_amount"",""current_total_value"",""potential_total_value""],""naics"":""541714"",""office"":""NATIONAL INSTITUTES OF HEALTH NIAID"",""potential_total_value"":null,""psc"":""AN11"",""recompete_window_months"":36,""source_file"":""data/sam_contract_awards.csv"",""source_key"":""sam_contract_awards"",""source_keys"":[""sam_contract_awards""],""source_record_id"":""7529|75N93024D00010|P00001"",""subagency"":""NATIONAL INSTITUTES OF HEALTH"",""topic_hits"":[],""vendor_entity"":{""matched"":false},""vendor_key"":""ministry_of_defence""}",https://sam.gov/search/?index=awards&keywords=75N93024D00010,2026-07-26T20:08:36Z
contract-lifecycle-ac509d2218805b53,sam_contract_awards,7529|75N95024F00002|P00002|0|75N95024D00012|0,unknown,task_order,75N95024F00002,75N95024D00012,75N95024R00096,HEALTH R&D SERVICES; HEALTH CARE SERVICES; BASIC RESEARCH,"HEALTH AND HUMAN SERVICES, DEPARTMENT OF",NATIONAL INSTITUTES OF HEALTH,NATIONAL INSTITUTES OF HEALTH NIDA,mriglobal,MRIGLOBAL,HKQHNFKNKL15,mriglobal,true,competitor,competitor_awarded,,,,,,,,,,,review,,37,"{""agency"":""HEALTH AND HUMAN SERVICES, DEPARTMENT OF"",""award_amount"":null,""current_total_value"":null,""days_until_end"":null,""gwt_relation"":""competitor"",""join_confidence"":""sam_contract_awards_normalized"",""join_key"":""piid:75N95024F00002"",""join_keys"":{""piid"":""75N95024F00002"",""solicitation_number"":""75N95024R00096"",""source_record_ids"":[""7529|75N95024F00002|P00002|0|75N95024D00012|0""]},""missing_fields"":[""award_date"",""period_start_date"",""period_end_date"",""award_amount"",""current_total_value"",""potential_total_value""],""naics"":""325411"",""office"":""NATIONAL INSTITUTES OF HEALTH NIDA"",""potential_total_value"":null,""psc"":""AN11"",""recompete_window_months"":36,""source_file"":""data/sam_contract_awards.csv"",""source_key"":""sam_contract_awards"",""source_keys"":[""sam_contract_awards""],""source_record_id"":""7529|75N95024F00002|P00002|0|75N95024D00012|0"",""subagency"":""NATIONAL INSTITUTES OF HEALTH"",""topic_hits"":[],""vendor_entity"":{""matched"":false},""vendor_key"":""mriglobal""}",https://sam.gov/search/?index=awards&keywords=75N95024F00002,2026-07-26T20:08:36Z
contract-lifecycle-8e67083c9fdcbd78,sam_contract_awards,7527|75H70625P00342|P00003|0,unknown,standalone_award,75H70625P00342,,RFQ-PR25-022,"FUELS, SOLID","HEALTH AND HUMAN SERVICES, DEPARTMENT OF",INDIAN HEALTH SERVICE,GREAT PLAINS AREA INDIAN HEALTH SVC,muddy_creek_oil_gas_incorporated,"MUDDY CREEK OIL & GAS, INCORPORATED",HTTVDNPK5T25,muddy_creek_oil_gas_incorporated,true,competitor,competitor_awarded,,,,,,,,,,,review,,37,"{""agency"":""HEALTH AND HUMAN SERVICES, DEPARTMENT OF"",""award_amount"":null,""current_total_value"":null,""days_until_end"":null,""gwt_relation"":""competitor"",""join_confidence"":""sam_contract_awards_normalized"",""join_key"":""piid:75H70625P00342"",""join_keys"":{""piid"":""75H70625P00342"",""solicitation_number"":""RFQ-PR25-022"",""source_record_ids"":[""7527|75H70625P00342|P00003|0""]},""missing_fields"":[""award_date"",""period_start_date"",""period_end_date"",""award_amount"",""current_total_value"",""potential_total_value""],""naics"":""457210"",""office"":""GREAT PLAINS AREA INDIAN HEALTH SVC"",""potential_total_value"":null,""psc"":""9110"",""recompete_window_months"":36,""source_file"":""data/sam_contract_awards.csv"",""source_key"":""sam_contract_awards"",""source_keys"":[""sam_contract_awards""],""source_record_id"":""7527|75H70625P00342|P00003|0"",""subagency"":""INDIAN HEALTH SERVICE"",""topic_hits"":[],""vendor_entity"":{""matched"":false},""vendor_key"":""muddy_creek_oil_gas_incorporated""}",https://sam.gov/search/?index=awards&keywords=75H70625P00342,2026-07-26T20:08:36Z
contract-lifecycle-b391f256575d900d,sam_contract_awards,7523|75D30122P14649|P00004|0,unknown,standalone_award,75D30122P14649,,75D301-22-Q-75298,SUPPORT- MANAGEMENT: DATA COLLECTION,"HEALTH AND HUMAN SERVICES, DEPARTMENT OF",CENTERS FOR DISEASE CONTROL AND PREVENTION,CDC OFFICE OF ACQUISITION SERVICES,national_committee_for_quality_assurance,NATIONAL COMMITTEE FOR QUALITY ASSURANCE,ZJBFLZTXARY8,national_committee_for_quality_assurance,true,competitor,competitor_awarded,,,,,,,,,,,review,quality,37,"{""agency"":""HEALTH AND HUMAN SERVICES, DEPARTMENT OF"",""award_amount"":null,""current_total_value"":null,""days_until_end"":null,""gwt_relation"":""competitor"",""join_confidence"":""sam_contract_awards_normalized"",""join_key"":""piid:75D30122P14649"",""join_keys"":{""piid"":""75D30122P14649"",""solicitation_number"":""75D301-22-Q-75298"",""source_record_ids"":[""7523|75D30122P14649|P00004|0""]},""missing_fields"":[""award_date"",""period_start_date"",""period_end_date"",""award_amount"",""current_total_value"",""potential_total_value""],""naics"":""541611"",""office"":""CDC OFFICE OF ACQUISITION SERVICES"",""potential_total_value"":null,""psc"":""R702"",""recompete_window_months"":36,""source_file"":""data/sam_contract_awards.csv"",""source_key"":""sam_contract_awards"",""source_keys"":[""sam_contract_awards""],""source_record_id"":""7523|75D30122P14649|P00004|0"",""subagency"":""CENTERS FOR DISEASE CONTROL AND PREVENTION"",""topic_hits"":[""quality""],""vendor_entity"":{""matched"":false},""vendor_key"":""national_committee_for_quality_assurance""}",https://sam.gov/search/?index=awards&keywords=75D30122P14649,2026-07-26T20:08:36Z
contract-lifecycle-0d6af575896c7e25,sam_contract_awards,7530|75FCMC20C0026|P00095|0,unknown,standalone_award,75FCMC20C0026,,75FCMC19R0002,A/B MAC J6,"HEALTH AND HUMAN SERVICES, DEPARTMENT OF",CENTERS FOR MEDICARE AND MEDICAID SERVICES,OFC OF ACQUISITION AND GRANTS MGMT,national_government_services_inc,"NATIONAL GOVERNMENT SERVICES, INC.",TJNDFEALGTB5,national_government_services_inc,true,competitor,competitor_awarded,,,,,,,,,,,medicaid,centers for medicare;medicaid;medicare,58,"{""agency"":""HEALTH AND HUMAN SERVICES, DEPARTMENT OF"",""award_amount"":null,""current_total_value"":null,""days_until_end"":null,""gwt_relation"":""competitor"",""join_confidence"":""sam_contract_awards_normalized"",""join_key"":""piid:75FCMC20C0026"",""join_keys"":{""piid"":""75FCMC20C0026"",""solicitation_number"":""75FCMC19R0002"",""source_record_ids"":[""7530|75FCMC20C0026|P00095|0""]},""missing_fields"":[""award_date"",""period_start_date"",""period_end_date"",""award_amount"",""current_total_value"",""potential_total_value""],""naics"":""524114"",""office"":""OFC OF ACQUISITION AND GRANTS MGMT"",""potential_total_value"":null,""psc"":""G007"",""recompete_window_months"":36,""source_file"":""data/sam_contract_awards.csv"",""source_key"":""sam_contract_awards"",""source_keys"":[""sam_contract_awards""],""source_record_id"":""7530|75FCMC20C0026|P00095|0"",""subagency"":""CENTERS FOR MEDICARE AND MEDICAID SERVICES"",""topic_hits"":[""centers for medicare"",""medicaid"",""medicare""],""vendor_entity"":{""matched"":false},""vendor_key"":""national_government_services_inc""}",https://sam.gov/search/?index=awards&keywords=75FCMC20C0026,2026-07-26T20:08:36Z
contract-lifecycle-02d1b8a353779755,sam_contract_awards,7529|75N94021F00002|P00001|0|HHSN263201500055B|0,unknown,task_order,75N94021F00002,HHSN263201500055B,,WATER PURIFICATION EQUIPMENT,"HEALTH AND HUMAN SERVICES, DEPARTMENT OF",NATIONAL INSTITUTES OF HEALTH,NATIONAL INSTITUTES OF HEALTH NICHD,neu_ion_inc,"NEU-ION, INC",RGF1VPYZ4U13,neu_ion_inc,true,competitor,competitor_awarded,,,,,,,,,,,review,,37,"{""agency"":""HEALTH AND HUMAN SERVICES, DEPARTMENT OF"",""award_amount"":null,""current_total_value"":null,""days_until_end"":null,""gwt_relation"":""competitor"",""join_confidence"":""sam_contract_awards_normalized"",""join_key"":""piid:75N94021F00002"",""join_keys"":{""piid"":""75N94021F00002"",""solicitation_number"":"""",""source_record_ids"":[""7529|75N94021F00002|P00001|0|HHSN263201500055B|0""]},""missing_fields"":[""solicitation_number"",""award_date"",""period_start_date"",""period_end_date"",""award_amount"",""current_total_value"",""potential_total_value""],""naics"":""333318"",""office"":""NATIONAL INSTITUTES OF HEALTH NICHD"",""potential_total_value"":null,""psc"":""4610"",""recompete_window_months"":36,""source_file"":""data/sam_contract_awards.csv"",""source_key"":""sam_contract_awards"",""source_keys"":[""sam_contract_awards""],""source_record_id"":""7529|75N94021F00002|P00001|0|HHSN263201500055B|0"",""subagency"":""NATIONAL INSTITUTES OF HEALTH"",""topic_hits"":[],""vendor_entity"":{""matched"":false},""vendor_key"":""neu_ion_inc""}",https://sam.gov/search/?index=awards&keywords=75N94021F00002,2026-07-26T20:08:36Z
contract-lifecycle-a57d00bab30869cd,sam_contract_awards,7571|7571TE26F80060|0|0|NNG15SC82B|0,unknown,task_order,7571TE26F80060,NNG15SC82B,,IT AND TELECOM - BUSINESS APPLICATION SOFTWARE (PERPETUAL LICENSE SOFTWARE),"HEALTH AND HUMAN SERVICES, DEPARTMENT OF",OFFICE OF THE ASSISTANT SECRETARY FOR FINANCIAL RESOURCES (ASFR),OMAS STRATEGIC BUYING CENTER - INFORMATION TECHNOLOGY,new_tech_solutions_inc,"NEW TECH SOLUTIONS, INC.",XK11LLUL61A7,new_tech_solutions_inc,true,competitor,competitor_awarded,,,,,,,,,,,review,,37,"{""agency"":""HEALTH AND HUMAN SERVICES, DEPARTMENT OF"",""award_amount"":null,""current_total_value"":null,""days_until_end"":null,""gwt_relation"":""competitor"",""join_confidence"":""sam_contract_awards_normalized"",""join_key"":""piid:7571TE26F80060"",""join_keys"":{""piid"":""7571TE26F80060"",""solicitation_number"":"""",""source_record_ids"":[""7571|7571TE26F80060|0|0|NNG15SC82B|0""]},""missing_fields"":[""solicitation_number"",""award_date"",""period_start_date"",""period_end_date"",""award_amount"",""current_total_value"",""potential_total_value""],""naics"":""541519"",""office"":""OMAS STRATEGIC BUYING CENTER - INFORMATION TECHNOLOGY"",""potential_total_value"":null,""psc"":""7A21"",""recompete_window_months"":36,""source_file"":""data/sam_contract_awards.csv"",""source_key"":""sam_contract_awards"",""source_keys"":[""sam_contract_awards""],""source_record_id"":""7571|7571TE26F80060|0|0|NNG15SC82B|0"",""subagency"":""OFFICE OF THE ASSISTANT SECRETARY FOR FINANCIAL RESOURCES (ASFR)"",""topic_hits"":[],""vendor_entity"":{""matched"":false},""vendor_key"":""new_tech_solutions_inc""}",https://sam.gov/search/?index=awards&keywords=7571TE26F80060,2026-07-26T20:08:36Z
contract-lifecycle-b1844e5b99560ae1,sam_contract_awards,7529|75N98025F00259|P00001|0|03310325D0024|0,unknown,task_order,75N98025F00259,03310325D0024,,NEWSPAPERS AND PERIODICALS,"HEALTH AND HUMAN SERVICES, DEPARTMENT OF",NATIONAL INSTITUTES OF HEALTH,NATIONAL INSTITUTES OF HEALTH OLAO,oclc_inc,"OCLC, INC",F2CMCKN6DAD7,oclc_inc,true,competitor,competitor_awarded,,,,,,,,,,,review,,37,"{""agency"":""HEALTH AND HUMAN SERVICES, DEPARTMENT OF"",""award_amount"":null,""current_total_value"":null,""days_until_end"":null,""gwt_relation"":""competitor"",""join_confidence"":""sam_contract_awards_normalized"",""join_key"":""piid:75N98025F00259"",""join_keys"":{""piid"":""75N98025F00259"",""solicitation_number"":"""",""source_record_ids"":[""7529|75N98025F00259|P00001|0|03310325D0024|0""]},""missing_fields"":[""solicitation_number"",""award_date"",""period_start_date"",""period_end_date"",""award_amount"",""current_total_value"",""potential_total_value""],""naics"":""519290"",""office"":""NATIONAL INSTITUTES OF HEALTH OLAO"",""potential_total_value"":null,""psc"":""7630"",""recompete_window_months"":36,""source_file"":""data/sam_contract_awards.csv"",""source_key"":""sam_contract_awards"",""source_keys"":[""sam_contract_awards""],""source_record_id"":""7529|75N98025F00259|P00001|0|03310325D0024|0"",""subagency"":""NATIONAL INSTITUTES OF HEALTH"",""topic_hits"":[],""vendor_entity"":{""matched"":false},""vendor_key"":""oclc_inc""}",https://sam.gov/search/?index=awards&keywords=75N98025F00259,2026-07-26T20:08:36Z
contract-lifecycle-ca7f3ead81da37b7,sam_contract_awards,7529|75N99024C00036|P00008|0,unknown,standalone_award,75N99024C00036,,75N99024R00039,CUP CHILLER VALVE REPLACEMENT,"HEALTH AND HUMAN SERVICES, DEPARTMENT OF",NATIONAL INSTITUTES OF HEALTH,NIH A E CONSTRUCTION,olgoonik_general_llc,"OLGOONIK GENERAL, LLC",JLUNXC1LM1N7,olgoonik_general_llc,true,competitor,competitor_awarded,,,,,,,,,,,review,,37,"{""agency"":""HEALTH AND HUMAN SERVICES, DEPARTMENT OF"",""award_amount"":null,""current_total_value"":null,""days_until_end"":null,""gwt_relation"":""competitor"",""join_confidence"":""sam_contract_awards_normalized"",""join_key"":""piid:75N99024C00036"",""join_keys"":{""piid"":""75N99024C00036"",""solicitation_number"":""75N99024R00039"",""source_record_ids"":[""7529|75N99024C00036|P00008|0""]},""missing_fields"":[""award_date"",""period_start_date"",""period_end_date"",""award_amount"",""current_total_value"",""potential_total_value""],""naics"":""236210"",""office"":""NIH A E CONSTRUCTION"",""potential_total_value"":null,""psc"":""Y1JZ"",""recompete_window_months"":36,""source_file"":""data/sam_contract_awards.csv"",""source_key"":""sam_contract_awards"",""source_keys"":[""sam_contract_awards""],""source_record_id"":""7529|75N99024C00036|P00008|0"",""subagency"":""NATIONAL INSTITUTES OF HEALTH"",""topic_hits"":[],""vendor_entity"":{""matched"":false},""vendor_key"":""olgoonik_general_llc""}",https://sam.gov/search/?index=awards&keywords=75N99024C00036,2026-07-26T20:08:36Z
contract-lifecycle-115a3b873d045cde,sam_contract_awards,7529|75N98026F00002|0|0|75N98022D00014|0,unknown,task_order,75N98026F00002,75N98022D00014,,SUPPORT- PROFESSIONAL: PROGRAM MANAGEMENT/SUPPORT,"HEALTH AND HUMAN SERVICES, DEPARTMENT OF",NATIONAL INSTITUTES OF HEALTH,NATIONAL INSTITUTES OF HEALTH OLAO,one_federal_solution_corporation,ONE FEDERAL SOLUTION CORPORATION,H7AZW3QECZB5,one_federal_solution_corporation,true,competitor,competitor_awarded,,,,,,,,,,,review,,37,"{""agency"":""HEALTH AND HUMAN SERVICES, DEPARTMENT OF"",""award_amount"":null,""current_total_value"":null,""days_until_end"":null,""gwt_relation"":""competitor"",""join_confidence"":""sam_contract_awards_normalized"",""join_key"":""piid:75N98026F00002"",""join_keys"":{""piid"":""75N98026F00002"",""solicitation_number"":"""",""source_record_ids"":[""7529|75N98026F00002|0|0|75N98022D00014|0""]},""missing_fields"":[""solicitation_number"",""award_date"",""period_start_date"",""period_end_date"",""award_amount"",""current_total_value"",""potential_total_value""],""naics"":""541611"",""office"":""NATIONAL INSTITUTES OF HEALTH OLAO"",""potential_total_value"":null,""psc"":""R408"",""recompete_window_months"":36,""source_file"":""data/sam_contract_awards.csv"",""source_key"":""sam_contract_awards"",""source_keys"":[""sam_contract_awards""],""source_record_id"":""7529|75N98026F00002|0|0|75N98022D00014|0"",""subagency"":""NATIONAL INSTITUTES OF HEALTH"",""topic_hits"":[],""vendor_entity"":{""matched"":false},""vendor_key"":""one_federal_solution_corporation""}",https://sam.gov/search/?index=awards&keywords=75N98026F00002,2026-07-26T20:08:36Z
contract-lifecycle-eb20ab1ddf039cbc,sam_contract_awards,7529|75N98024F00005|P00001|0|75N98022D00014|0,unknown,task_order,75N98024F00005,75N98022D00014,,SUPPORT- PROFESSIONAL: PROGRAM MANAGEMENT/SUPPORT,"HEALTH AND HUMAN SERVICES, DEPARTMENT OF",NATIONAL INSTITUTES OF HEALTH,NATIONAL INSTITUTES OF HEALTH OLAO,one_federal_solution_corporation,ONE FEDERAL SOLUTION CORPORATION,H7AZW3QECZB5,one_federal_solution_corporation,true,competitor,competitor_awarded,,,,,,,,,,,review,,37,"{""agency"":""HEALTH AND HUMAN SERVICES, DEPARTMENT OF"",""award_amount"":null,""current_total_value"":null,""days_until_end"":null,""gwt_relation"":""competitor"",""join_confidence"":""sam_contract_awards_normalized"",""join_key"":""piid:75N98024F00005"",""join_keys"":{""piid"":""75N98024F00005"",""solicitation_number"":"""",""source_record_ids"":[""7529|75N98024F00005|P00001|0|75N98022D00014|0""]},""missing_fields"":[""solicitation_number"",""award_date"",""period_start_date"",""period_end_date"",""award_amount"",""current_total_value"",""potential_total_value""],""naics"":""541611"",""office"":""NATIONAL INSTITUTES OF HEALTH OLAO"",""potential_total_value"":null,""psc"":""R408"",""recompete_window_months"":36,""source_file"":""data/sam_contract_awards.csv"",""source_key"":""sam_contract_awards"",""source_keys"":[""sam_contract_awards""],""source_record_id"":""7529|75N98024F00005|P00001|0|75N98022D00014|0"",""subagency"":""NATIONAL INSTITUTES OF HEALTH"",""topic_hits"":[],""vendor_entity"":{""matched"":false},""vendor_key"":""one_federal_solution_corporation""}",https://sam.gov/search/?index=awards&keywords=75N98024F00005,2026-07-26T20:08:36Z
contract-lifecycle-968f871083aebb86,sam_contract_awards,7570|75P00123F80191|P00006|0|47QTCA20D00FU|0,unknown,task_order,75P00123F80191,47QTCA20D00FU,,"IT AND TELECOM - COMPUTE SUPPORT SERVICES, NON-HPC (LABOR)","HEALTH AND HUMAN SERVICES, DEPARTMENT OF",OFFICE OF THE ASSISTANT SECRETARY FOR FINANCIAL RESOURCES (ASFR),OMAS STRATEGIC BUYING CENTER - HHS MISSION,open_text_public_sector_solutions_inc,"OPEN TEXT PUBLIC SECTOR SOLUTIONS, INC.",DW9CLS1M2ZL5,open_text_public_sector_solutions_inc,true,competitor,competitor_awarded,,,,,,,,,,,review,,37,"{""agency"":""HEALTH AND HUMAN SERVICES, DEPARTMENT OF"",""award_amount"":null,""current_total_value"":null,""days_until_end"":null,""gwt_relation"":""competitor"",""join_confidence"":""sam_contract_awards_normalized"",""join_key"":""piid:75P00123F80191"",""join_keys"":{""piid"":""75P00123F80191"",""solicitation_number"":"""",""source_record_ids"":[""7570|75P00123F80191|P00006|0|47QTCA20D00FU|0""]},""missing_fields"":[""solicitation_number"",""award_date"",""period_start_date"",""period_end_date"",""award_amount"",""current_total_value"",""potential_total_value""],""naics"":""541511"",""office"":""OMAS STRATEGIC BUYING CENTER - HHS MISSION"",""potential_total_value"":null,""psc"":""DB02"",""recompete_window_months"":36,""source_file"":""data/sam_contract_awards.csv"",""source_key"":""sam_contract_awards"",""source_keys"":[""sam_contract_awards""],""source_record_id"":""7570|75P00123F80191|P00006|0|47QTCA20D00FU|0"",""subagency"":""OFFICE OF THE ASSISTANT SECRETARY FOR FINANCIAL RESOURCES (ASFR)"",""topic_hits"":[],""vendor_entity"":{""matched"":false},""vendor_key"":""open_text_public_sector_solutions_inc""}",https://sam.gov/search/?index=awards&keywords=75P00123F80191,2026-07-26T20:08:36Z
contract-lifecycle-0798540d075e22c3,sam_contract_awards,7529|75N98026C00042|P00001|0,unknown,standalone_award,75N98026C00042,,,CONSTRUCTION OF MISCELLANEOUS BUILDINGS,"HEALTH AND HUMAN SERVICES, DEPARTMENT OF",NATIONAL INSTITUTES OF HEALTH,NATIONAL INSTITUTES OF HEALTH OLAO,p17_solutions_llc,P17 SOLUTIONS LLC,NUAYTCL5HMH7,p17_solutions_llc,true,competitor,competitor_awarded,,,,,,,,,,,review,,37,"{""agency"":""HEALTH AND HUMAN SERVICES, DEPARTMENT OF"",""award_amount"":null,""current_total_value"":null,""days_until_end"":null,""gwt_relation"":""competitor"",""join_confidence"":""sam_contract_awards_normalized"",""join_key"":""piid:75N98026C00042"",""join_keys"":{""piid"":""75N98026C00042"",""solicitation_number"":"""",""source_record_ids"":[""7529|75N98026C00042|P00001|0""]},""missing_fields"":[""solicitation_number"",""award_date"",""period_start_date"",""period_end_date"",""award_amount"",""current_total_value"",""potential_total_value""],""naics"":""236220"",""office"":""NATIONAL INSTITUTES OF HEALTH OLAO"",""potential_total_value"":null,""psc"":""Y1JZ"",""recompete_window_months"":36,""source_file"":""data/sam_contract_awards.csv"",""source_key"":""sam_contract_awards"",""source_keys"":[""sam_contract_awards""],""source_record_id"":""7529|75N98026C00042|P00001|0"",""subagency"":""NATIONAL INSTITUTES OF HEALTH"",""topic_hits"":[],""vendor_entity"":{""matched"":false},""vendor_key"":""p17_solutions_llc""}",https://sam.gov/search/?index=awards&keywords=75N98026C00042,2026-07-26T20:08:36Z
contract-lifecycle-10af3c1353098654,sam_contract_awards,7529|75N99024F00033|P00001|0|47PA0420D0064|0,unknown,task_order,75N99024F00033,47PA0420D0064,,UTILITIES- OTHER,"HEALTH AND HUMAN SERVICES, DEPARTMENT OF",NATIONAL INSTITUTES OF HEALTH,NIH A E CONSTRUCTION,potomac_electric_power_company,POTOMAC ELECTRIC POWER COMPANY,FMHCHFPKMLZ4,potomac_electric_power_company,true,competitor,competitor_awarded,,,,,,,,,,,review,,37,"{""agency"":""HEALTH AND HUMAN SERVICES, DEPARTMENT OF"",""award_amount"":null,""current_total_value"":null,""days_until_end"":null,""gwt_relation"":""competitor"",""join_confidence"":""sam_contract_awards_normalized"",""join_key"":""piid:75N99024F00033"",""join_keys"":{""piid"":""75N99024F00033"",""solicitation_number"":"""",""source_record_ids"":[""7529|75N99024F00033|P00001|0|47PA0420D0064|0""]},""missing_fields"":[""solicitation_number"",""award_date"",""period_start_date"",""period_end_date"",""award_amount"",""current_total_value"",""potential_total_value""],""naics"":""221118"",""office"":""NIH A E CONSTRUCTION"",""potential_total_value"":null,""psc"":""S119"",""recompete_window_months"":36,""source_file"":""data/sam_contract_awards.csv"",""source_key"":""sam_contract_awards"",""source_keys"":[""sam_contract_awards""],""source_record_id"":""7529|75N99024F00033|P00001|0|47PA0420D0064|0"",""subagency"":""NATIONAL INSTITUTES OF HEALTH"",""topic_hits"":[],""vendor_entity"":{""matched"":false},""vendor_key"":""potomac_electric_power_company""}",https://sam.gov/search/?index=awards&keywords=75N99024F00033,2026-07-26T20:08:36Z
contract-lifecycle-56d00b032d0e982a,sam_contract_awards,7529|75N92024D00005|P00004,unknown,standalone_award,75N92024D00005,,75N92023R0164,HEALTH R&D SERVICES; HEALTH CARE SERVICES; APPLIED RESEARCH,"HEALTH AND HUMAN SERVICES, DEPARTMENT OF",NATIONAL INSTITUTES OF HEALTH,NATIONAL INSTITUTES OF HEALTH NHLBI,precision_for_medicine_inc,"PRECISION FOR MEDICINE, INC.",XBNJKTFTKMK6,precision_for_medicine_inc,true,competitor,competitor_awarded,,,,,,,,,,,review,,37,"{""agency"":""HEALTH AND HUMAN SERVICES, DEPARTMENT OF"",""award_amount"":null,""current_total_value"":null,""days_until_end"":null,""gwt_relation"":""competitor"",""join_confidence"":""sam_contract_awards_normalized"",""join_key"":""piid:75N92024D00005"",""join_keys"":{""piid"":""75N92024D00005"",""solicitation_number"":""75N92023R0164"",""source_record_ids"":[""7529|75N92024D00005|P00004""]},""missing_fields"":[""award_date"",""period_start_date"",""period_end_date"",""award_amount"",""current_total_value"",""potential_total_value""],""naics"":""541715"",""office"":""NATIONAL INSTITUTES OF HEALTH NHLBI"",""potential_total_value"":null,""psc"":""AN12"",""recompete_window_months"":36,""source_file"":""data/sam_contract_awards.csv"",""source_key"":""sam_contract_awards"",""source_keys"":[""sam_contract_awards""],""source_record_id"":""7529|75N92024D00005|P00004"",""subagency"":""NATIONAL INSTITUTES OF HEALTH"",""topic_hits"":[],""vendor_entity"":{""matched"":false},""vendor_key"":""precision_for_medicine_inc""}",https://sam.gov/search/?index=awards&keywords=75N92024D00005,2026-07-26T20:08:36Z
contract-lifecycle-fd440ca250b913ca,sam_contract_awards,7527|75H71125F27007|P00002|0|75H71125D00003|0,unknown,task_order,75H71125F27007,75H71125D00003,,MEDICAL- OTHER,"HEALTH AND HUMAN SERVICES, DEPARTMENT OF",INDIAN HEALTH SERVICE,INDIAN HEALTH SERVICE,prime_physicians_tri_providers_llc,PRIME PHYSICIANS TRI PROVIDERS LLC,FT1SJ698WEY5,prime_physicians_tri_providers_llc,true,competitor,competitor_awarded,,,,,,,,,,,review,,37,"{""agency"":""HEALTH AND HUMAN SERVICES, DEPARTMENT OF"",""award_amount"":null,""current_total_value"":null,""days_until_end"":null,""gwt_relation"":""competitor"",""join_confidence"":""sam_contract_awards_normalized"",""join_key"":""piid:75H71125F27007"",""join_keys"":{""piid"":""75H71125F27007"",""solicitation_number"":"""",""source_record_ids"":[""7527|75H71125F27007|P00002|0|75H71125D00003|0""]},""missing_fields"":[""solicitation_number"",""award_date"",""period_start_date"",""period_end_date"",""award_amount"",""current_total_value"",""potential_total_value""],""naics"":""561320"",""office"":""INDIAN HEALTH SERVICE"",""potential_total_value"":null,""psc"":""Q999"",""recompete_window_months"":36,""source_file"":""data/sam_contract_awards.csv"",""source_key"":""sam_contract_awards"",""source_keys"":[""sam_contract_awards""],""source_record_id"":""7527|75H71125F27007|P00002|0|75H71125D00003|0"",""subagency"":""INDIAN HEALTH SERVICE"",""topic_hits"":[],""vendor_entity"":{""matched"":false},""vendor_key"":""prime_physicians_tri_providers_llc""}",https://sam.gov/search/?index=awards&keywords=75H71125F27007,2026-07-26T20:08:36Z
contract-lifecycle-4e4fa2f49fe20a58,sam_contract_awards,7524|75F40124F19005|P00001|0|75F40121D00009|0,unknown,task_order,75F40124F19005,75F40121D00009,,"IN VITRO DIAGNOSTIC SUBSTANCES, REAGENTS, TEST KITS AND SETS","HEALTH AND HUMAN SERVICES, DEPARTMENT OF",FOOD AND DRUG ADMINISTRATION,FDA OFFICE OF ACQ GRANT SVCS,qiagen_llc,"QIAGEN, LLC",W2GLKC92ZH73,qiagen_llc,true,competitor,competitor_awarded,,,,,,,,,,,review,,37,"{""agency"":""HEALTH AND HUMAN SERVICES, DEPARTMENT OF"",""award_amount"":null,""current_total_value"":null,""days_until_end"":null,""gwt_relation"":""competitor"",""join_confidence"":""sam_contract_awards_normalized"",""join_key"":""piid:75F40124F19005"",""join_keys"":{""piid"":""75F40124F19005"",""solicitation_number"":"""",""source_record_ids"":[""7524|75F40124F19005|P00001|0|75F40121D00009|0""]},""missing_fields"":[""solicitation_number"",""award_date"",""period_start_date"",""period_end_date"",""award_amount"",""current_total_value"",""potential_total_value""],""naics"":""325413"",""office"":""FDA OFFICE OF ACQ GRANT SVCS"",""potential_total_value"":null,""psc"":""6550"",""recompete_window_months"":36,""source_file"":""data/sam_contract_awards.csv"",""source_key"":""sam_contract_awards"",""source_keys"":[""sam_contract_awards""],""source_record_id"":""7524|75F40124F19005|P00001|0|75F40121D00009|0"",""subagency"":""FOOD AND DRUG ADMINISTRATION"",""topic_hits"":[],""vendor_entity"":{""matched"":false},""vendor_key"":""qiagen_llc""}",https://sam.gov/search/?index=awards&keywords=75F40124F19005,2026-07-26T20:08:36Z
contract-lifecycle-b9e3fc75a8331258,sam_contract_awards,7527|75H71024F80003|P00012|0|V797D70023|P00001,unknown,task_order,75H71024F80003,V797D70023,,MEDICAL- NURSING,"HEALTH AND HUMAN SERVICES, DEPARTMENT OF",INDIAN HEALTH SERVICE,NAVAJO AREA INDIAN HEALTH SVC,rapid_temps_inc,"RAPID TEMPS, INC.",VK37UK2W2CB4,rapid_temps_inc,true,competitor,competitor_awarded,,,,,,,,,,,review,interoperability,37,"{""agency"":""HEALTH AND HUMAN SERVICES, DEPARTMENT OF"",""award_amount"":null,""current_total_value"":null,""days_until_end"":null,""gwt_relation"":""competitor"",""join_confidence"":""sam_contract_awards_normalized"",""join_key"":""piid:75H71024F80003"",""join_keys"":{""piid"":""75H71024F80003"",""solicitation_number"":"""",""source_record_ids"":[""7527|75H71024F80003|P00012|0|V797D70023|P00001""]},""missing_fields"":[""solicitation_number"",""award_date"",""period_start_date"",""period_end_date"",""award_amount"",""current_total_value"",""potential_total_value""],""naics"":""561320"",""office"":""NAVAJO AREA INDIAN HEALTH SVC"",""potential_total_value"":null,""psc"":""Q401"",""recompete_window_months"":36,""source_file"":""data/sam_contract_awards.csv"",""source_key"":""sam_contract_awards"",""source_keys"":[""sam_contract_awards""],""source_record_id"":""7527|75H71024F80003|P00012|0|V797D70023|P00001"",""subagency"":""INDIAN HEALTH SERVICE"",""topic_hits"":[""interoperability""],""vendor_entity"":{""matched"":false},""vendor_key"":""rapid_temps_inc""}",https://sam.gov/search/?index=awards&keywords=75H71024F80003,2026-07-26T20:08:36Z
contract-lifecycle-35340fcfad3c09e5,sam_contract_awards,7527|75H71024F80023|P00006|0|V797D70023|P00001,unknown,task_order,75H71024F80023,V797D70023,,MEDICAL- NURSING,"HEALTH AND HUMAN SERVICES, DEPARTMENT OF",INDIAN HEALTH SERVICE,NAVAJO AREA INDIAN HEALTH SVC,rapid_temps_inc,"RAPID TEMPS, INC.",VK37UK2W2CB4,rapid_temps_inc,true,competitor,competitor_awarded,,,,,,,,,,,review,interoperability,37,"{""agency"":""HEALTH AND HUMAN SERVICES, DEPARTMENT OF"",""award_amount"":null,""current_total_value"":null,""days_until_end"":null,""gwt_relation"":""competitor"",""join_confidence"":""sam_contract_awards_normalized"",""join_key"":""piid:75H71024F80023"",""join_keys"":{""piid"":""75H71024F80023"",""solicitation_number"":"""",""source_record_ids"":[""7527|75H71024F80023|P00006|0|V797D70023|P00001""]},""missing_fields"":[""solicitation_number"",""award_date"",""period_start_date"",""period_end_date"",""award_amount"",""current_total_value"",""potential_total_value""],""naics"":""561320"",""office"":""NAVAJO AREA INDIAN HEALTH SVC"",""potential_total_value"":null,""psc"":""Q401"",""recompete_window_months"":36,""source_file"":""data/sam_contract_awards.csv"",""source_key"":""sam_contract_awards"",""source_keys"":[""sam_contract_awards""],""source_record_id"":""7527|75H71024F80023|P00006|0|V797D70023|P00001"",""subagency"":""INDIAN HEALTH SERVICE"",""topic_hits"":[""interoperability""],""vendor_entity"":{""matched"":false},""vendor_key"":""rapid_temps_inc""}",https://sam.gov/search/?index=awards&keywords=75H71024F80023,2026-07-26T20:08:36Z
contract-lifecycle-8da29a00a06bee4c,sam_contract_awards,7529|75N98026F00001|0|0|75N92025D00023|0;7529|75N98026F00001|0|0|75N98022D00035|0,unknown,task_order,75N98026F00001,75N92025D00023,ODS2026,HEALTH R&D SERVICES; HEALTH CARE SERVICES; APPLIED RESEARCH,"HEALTH AND HUMAN SERVICES, DEPARTMENT OF",NATIONAL INSTITUTES OF HEALTH,NATIONAL INSTITUTES OF HEALTH OLAO,regents_of_the_university_of_california_san_francisco_the,"REGENTS OF THE UNIVERSITY OF CALIFORNIA, SAN FRANCISCO, THE",KMH5K9V7S518,regents_of_the_university_of_california_san_francisco_the,true,competitor,competitor_awarded,,,,,,,,,,,review,,37,"{""join_confidence"":""high_piid_single_source"",""join_key"":""piid:75N98026F00001"",""missing_fields"":[""award_date"",""period_start_date"",""period_end_date"",""award_amount"",""current_total_value"",""potential_total_value""],""source_evidence"":[{""agency"":""HEALTH AND HUMAN SERVICES, DEPARTMENT OF"",""award_amount"":null,""current_total_value"":null,""days_until_end"":null,""gwt_relation"":""competitor"",""join_confidence"":""sam_contract_awards_normalized"",""join_keys"":{""piid"":""75N98026F00001"",""solicitation_number"":"""",""source_record_ids"":[""7529|75N98026F00001|0|0|75N92025D00023|0""]},""missing_fields"":[""solicitation_number"",""award_date"",""period_start_date"",""period_end_date"",""award_amount"",""current_total_value"",""potential_total_value""],""naics"":""541715"",""office"":""NATIONAL INSTITUTES OF HEALTH OLAO"",""potential_total_value"":null,""psc"":""AN12"",""recompete_window_months"":36,""source_file"":""data/sam_contract_awards.csv"",""source_key"":""sam_contract_awards"",""source_record_id"":""7529|75N98026F00001|0|0|75N92025D00023|0"",""subagency"":""NATIONAL INSTITUTES OF HEALTH"",""topic_hits"":[],""vendor_entity"":{""matched"":false},""vendor_key"":""regents_of_the_university_of_california_san_francisco_the""},{""agency"":""HEALTH AND HUMAN SERVICES, DEPARTMENT OF"",""award_amount"":null,""current_total_value"":null,""days_until_end"":null,""gwt_relation"":""competitor"",""join_confidence"":""sam_contract_awards_normalized"",""join_keys"":{""piid"":""75N98026F00001"",""solicitation_number"":""ODS2026"",""source_record_ids"":[""7529|75N98026F00001|0|0|75N98022D00035|0""]},""missing_fields"":[""award_date"",""period_start_date"",""period_end_date"",""award_amount"",""current_total_value"",""potential_total_value""],""naics"":""541990"",""office"":""NATIONAL INSTITUTES OF HEALTH OLAO"",""potential_total_value"":null,""psc"":""R499"",""recompete_window_months"":36,""source_file"":""data/sam_contract_awards.csv"",""source_key"":""sam_contract_awards"",""source_record_id"":""7529|75N98026F00001|0|0|75N98022D00035|0"",""subagency"":""NATIONAL INSTITUTES OF HEALTH"",""topic_hits"":[],""vendor_entity"":{""matched"":false},""vendor_key"":""icf_incorporated_l_l_c""}],""source_keys"":[""sam_contract_awards""],""source_record_ids"":[""7529|75N98026F00001|0|0|75N92025D00023|0"",""7529|75N98026F00001|0|0|75N98022D00035|0""]}",https://sam.gov/search/?index=awards&keywords=75N98026F00001,2026-07-26T20:08:36Z
contract-lifecycle-5758f3eb93f2dd8d,sam_contract_awards,7529|75N94020D00014|P00004,unknown,standalone_award,75N94020D00014,,NIH-NICHD-CDP-2020-1,NICHD CONTRACEPTIVE CLINICAL TRIALS NETWORK - FEMALE SITES,"HEALTH AND HUMAN SERVICES, DEPARTMENT OF",NATIONAL INSTITUTES OF HEALTH,NATIONAL INSTITUTES OF HEALTH NICHD,regents_of_the_university_of_california_san_francisco_the,"REGENTS OF THE UNIVERSITY OF CALIFORNIA, SAN FRANCISCO, THE",KMH5K9V7S518,regents_of_the_university_of_california_san_francisco_the,true,competitor,competitor_awarded,,,,,,,,,,,review,,37,"{""agency"":""HEALTH AND HUMAN SERVICES, DEPARTMENT OF"",""award_amount"":null,""current_total_value"":null,""days_until_end"":null,""gwt_relation"":""competitor"",""join_confidence"":""sam_contract_awards_normalized"",""join_key"":""piid:75N94020D00014"",""join_keys"":{""piid"":""75N94020D00014"",""solicitation_number"":""NIH-NICHD-CDP-2020-1"",""source_record_ids"":[""7529|75N94020D00014|P00004""]},""missing_fields"":[""award_date"",""period_start_date"",""period_end_date"",""award_amount"",""current_total_value"",""potential_total_value""],""naics"":""541714"",""office"":""NATIONAL INSTITUTES OF HEALTH NICHD"",""potential_total_value"":null,""psc"":""AN12"",""recompete_window_months"":36,""source_file"":""data/sam_contract_awards.csv"",""source_key"":""sam_contract_awards"",""source_keys"":[""sam_contract_awards""],""source_record_id"":""7529|75N94020D00014|P00004"",""subagency"":""NATIONAL INSTITUTES OF HEALTH"",""topic_hits"":[],""vendor_entity"":{""matched"":false},""vendor_key"":""regents_of_the_university_of_california_san_francisco_the""}",https://sam.gov/search/?index=awards&keywords=75N94020D00014,2026-07-26T20:08:36Z
contract-lifecycle-c673fbfeeb82c0c3,sam_contract_awards,7523|75D30126P21239|0|0,unknown,standalone_award,75D30126P21239,,75D301-26-Q-79078,CHEMICAL ANALYSIS INSTRUMENTS,"HEALTH AND HUMAN SERVICES, DEPARTMENT OF",CENTERS FOR DISEASE CONTROL AND PREVENTION,CDC OFFICE OF ACQUISITION SERVICES,renishaw_inc,"RENISHAW, INC.",RW4LM9C3A8N3,renishaw_inc,true,competitor,competitor_awarded,,,,,,,,,,,review,,37,"{""agency"":""HEALTH AND HUMAN SERVICES, DEPARTMENT OF"",""award_amount"":null,""current_total_value"":null,""days_until_end"":null,""gwt_relation"":""competitor"",""join_confidence"":""sam_contract_awards_normalized"",""join_key"":""piid:75D30126P21239"",""join_keys"":{""piid"":""75D30126P21239"",""solicitation_number"":""75D301-26-Q-79078"",""source_record_ids"":[""7523|75D30126P21239|0|0""]},""missing_fields"":[""award_date"",""period_start_date"",""period_end_date"",""award_amount"",""current_total_value"",""potential_total_value""],""naics"":""334513"",""office"":""CDC OFFICE OF ACQUISITION SERVICES"",""potential_total_value"":null,""psc"":""6630"",""recompete_window_months"":36,""source_file"":""data/sam_contract_awards.csv"",""source_key"":""sam_contract_awards"",""source_keys"":[""sam_contract_awards""],""source_record_id"":""7523|75D30126P21239|0|0"",""subagency"":""CENTERS FOR DISEASE CONTROL AND PREVENTION"",""topic_hits"":[],""vendor_entity"":{""matched"":false},""vendor_key"":""renishaw_inc""}",https://sam.gov/search/?index=awards&keywords=75D30126P21239,2026-07-26T20:08:36Z
contract-lifecycle-7ce3656285b2edf0,sam_contract_awards,7529|75N96023P00019|P00004|0,unknown,standalone_award,75N96023P00019,,,MAINT/REPAIR/REBUILD OF EQUIPMENT- INSTRUMENTS AND LABORATORY EQUIPMENT,"HEALTH AND HUMAN SERVICES, DEPARTMENT OF",NATIONAL INSTITUTES OF HEALTH,NATIONAL INSTITUTE OF HEALTH NIEHS,revvity_health_sciences_inc,"REVVITY HEALTH SCIENCES, INC.",G2TETZJTELL4,revvity_health_sciences_inc,true,competitor,competitor_awarded,,,,,,,,,,,review,,37,"{""agency"":""HEALTH AND HUMAN SERVICES, DEPARTMENT OF"",""award_amount"":null,""current_total_value"":null,""days_until_end"":null,""gwt_relation"":""competitor"",""join_confidence"":""sam_contract_awards_normalized"",""join_key"":""piid:75N96023P00019"",""join_keys"":{""piid"":""75N96023P00019"",""solicitation_number"":"""",""source_record_ids"":[""7529|75N96023P00019|P00004|0""]},""missing_fields"":[""solicitation_number"",""award_date"",""period_start_date"",""period_end_date"",""award_amount"",""current_total_value"",""potential_total_value""],""naics"":""811210"",""office"":""NATIONAL INSTITUTE OF HEALTH NIEHS"",""potential_total_value"":null,""psc"":""J066"",""recompete_window_months"":36,""source_file"":""data/sam_contract_awards.csv"",""source_key"":""sam_contract_awards"",""source_keys"":[""sam_contract_awards""],""source_record_id"":""7529|75N96023P00019|P00004|0"",""subagency"":""NATIONAL INSTITUTES OF HEALTH"",""topic_hits"":[],""vendor_entity"":{""matched"":false},""vendor_key"":""revvity_health_sciences_inc""}",https://sam.gov/search/?index=awards&keywords=75N96023P00019,2026-07-26T20:08:36Z
contract-lifecycle-d5c0eed1d016909c,sam_contract_awards,7529|75N99025C00064|P00001|0,unknown,standalone_award,75N99025C00064,,75N99025R00025,CONSTRUCTION OF MISCELLANEOUS BUILDINGS,"HEALTH AND HUMAN SERVICES, DEPARTMENT OF",NATIONAL INSTITUTES OF HEALTH,NIH A E CONSTRUCTION,ritz_construction_inc,RITZ CONSTRUCTION INC,GR8LJ61N3PM5,ritz_construction_inc,true,competitor,competitor_awarded,,,,,,,,,,,review,,37,"{""agency"":""HEALTH AND HUMAN SERVICES, DEPARTMENT OF"",""award_amount"":null,""current_total_value"":null,""days_until_end"":null,""gwt_relation"":""competitor"",""join_confidence"":""sam_contract_awards_normalized"",""join_key"":""piid:75N99025C00064"",""join_keys"":{""piid"":""75N99025C00064"",""solicitation_number"":""75N99025R00025"",""source_record_ids"":[""7529|75N99025C00064|P00001|0""]},""missing_fields"":[""award_date"",""period_start_date"",""period_end_date"",""award_amount"",""current_total_value"",""potential_total_value""],""naics"":""236220"",""office"":""NIH A E CONSTRUCTION"",""potential_total_value"":null,""psc"":""Y1JZ"",""recompete_window_months"":36,""source_file"":""data/sam_contract_awards.csv"",""source_key"":""sam_contract_awards"",""source_keys"":[""sam_contract_awards""],""source_record_id"":""7529|75N99025C00064|P00001|0"",""subagency"":""NATIONAL INSTITUTES OF HEALTH"",""topic_hits"":[],""vendor_entity"":{""matched"":false},""vendor_key"":""ritz_construction_inc""}",https://sam.gov/search/?index=awards&keywords=75N99025C00064,2026-07-26T20:08:36Z
contract-lifecycle-b21f5ae8cdff4bcd,sam_contract_awards,7523|75D30126P20889|0|0,unknown,standalone_award,75D30126P20889,,,ENVIRONMENTAL CHAMBERS AND RELATED EQUIPMENT,"HEALTH AND HUMAN SERVICES, DEPARTMENT OF",CENTERS FOR DISEASE CONTROL AND PREVENTION,CDC OFFICE OF ACQUISITION SERVICES,russells_technical_products_inc,RUSSELLS TECHNICAL PRODUCTS INC,GENCJ3JK7NS1,russells_technical_products_inc,true,competitor,competitor_awarded,,,,,,,,,,,review,,37,"{""agency"":""HEALTH AND HUMAN SERVICES, DEPARTMENT OF"",""award_amount"":null,""current_total_value"":null,""days_until_end"":null,""gwt_relation"":""competitor"",""join_confidence"":""sam_contract_awards_normalized"",""join_key"":""piid:75D30126P20889"",""join_keys"":{""piid"":""75D30126P20889"",""solicitation_number"":"""",""source_record_ids"":[""7523|75D30126P20889|0|0""]},""missing_fields"":[""solicitation_number"",""award_date"",""period_start_date"",""period_end_date"",""award_amount"",""current_total_value"",""potential_total_value""],""naics"":""238220"",""office"":""CDC OFFICE OF ACQUISITION SERVICES"",""potential_total_value"":null,""psc"":""6636"",""recompete_window_months"":36,""source_file"":""data/sam_contract_awards.csv"",""source_key"":""sam_contract_awards"",""source_keys"":[""sam_contract_awards""],""source_record_id"":""7523|75D30126P20889|0|0"",""subagency"":""CENTERS FOR DISEASE CONTROL AND PREVENTION"",""topic_hits"":[],""vendor_entity"":{""matched"":false},""vendor_key"":""russells_technical_products_inc""}",https://sam.gov/search/?index=awards&keywords=75D30126P20889,2026-07-26T20:08:36Z
contract-lifecycle-9683744644b34a69,sam_contract_awards,7529|75N98026P01088|0|0,unknown,standalone_award,75N98026P01088,,RFQ-NIAID-26-2261915,SUPPORT- PROFESSIONAL: EMERGENCY RESPONSE/DISASTER PLANNING/PREPAREDNESS SUPPORT,"HEALTH AND HUMAN SERVICES, DEPARTMENT OF",NATIONAL INSTITUTES OF HEALTH,NATIONAL INSTITUTES OF HEALTH OLAO,safety_education_specialists_llc,SAFETY EDUCATION SPECIALISTS LLC,UUZHJDC4EVW5,safety_education_specialists_llc,true,competitor,competitor_awarded,,,,,,,,,,,review,,37,"{""agency"":""HEALTH AND HUMAN SERVICES, DEPARTMENT OF"",""award_amount"":null,""current_total_value"":null,""days_until_end"":null,""gwt_relation"":""competitor"",""join_confidence"":""sam_contract_awards_normalized"",""join_key"":""piid:75N98026P01088"",""join_keys"":{""piid"":""75N98026P01088"",""solicitation_number"":""RFQ-NIAID-26-2261915"",""source_record_ids"":[""7529|75N98026P01088|0|0""]},""missing_fields"":[""award_date"",""period_start_date"",""period_end_date"",""award_amount"",""current_total_value"",""potential_total_value""],""naics"":""611430"",""office"":""NATIONAL INSTITUTES OF HEALTH OLAO"",""potential_total_value"":null,""psc"":""R429"",""recompete_window_months"":36,""source_file"":""data/sam_contract_awards.csv"",""source_key"":""sam_contract_awards"",""source_keys"":[""sam_contract_awards""],""source_record_id"":""7529|75N98026P01088|0|0"",""subagency"":""NATIONAL INSTITUTES OF HEALTH"",""topic_hits"":[],""vendor_entity"":{""matched"":false},""vendor_key"":""safety_education_specialists_llc""}",https://sam.gov/search/?index=awards&keywords=75N98026P01088,2026-07-26T20:08:36Z
contract-lifecycle-f401d5fc608d8bb4,sam_contract_awards,7524|75F40125F19028|P00002|0|75F40122A00016|P00005,unknown,task_order,75F40125F19028,75F40122A00016,75F40125R00089,IT AND TELECOM - NETWORK SUPPORT SERVICES (LABOR),"HEALTH AND HUMAN SERVICES, DEPARTMENT OF",FOOD AND DRUG ADMINISTRATION,FDA OFFICE OF ACQ GRANT SVCS,science_applications_international_corporation,SCIENCE APPLICATIONS INTERNATIONAL CORPORATION,MMLKPW9JLX64,science_applications_international_corporation,true,competitor,competitor_awarded,,,,,,,,,,,review,,37,"{""agency"":""HEALTH AND HUMAN SERVICES, DEPARTMENT OF"",""award_amount"":null,""current_total_value"":null,""days_until_end"":null,""gwt_relation"":""competitor"",""join_confidence"":""sam_contract_awards_normalized"",""join_key"":""piid:75F40125F19028"",""join_keys"":{""piid"":""75F40125F19028"",""solicitation_number"":""75F40125R00089"",""source_record_ids"":[""7524|75F40125F19028|P00002|0|75F40122A00016|P00005""]},""missing_fields"":[""award_date"",""period_start_date"",""period_end_date"",""award_amount"",""current_total_value"",""potential_total_value""],""naics"":""541512"",""office"":""FDA OFFICE OF ACQ GRANT SVCS"",""potential_total_value"":null,""psc"":""DG01"",""recompete_window_months"":36,""source_file"":""data/sam_contract_awards.csv"",""source_key"":""sam_contract_awards"",""source_keys"":[""sam_contract_awards""],""source_record_id"":""7524|75F40125F19028|P00002|0|75F40122A00016|P00005"",""subagency"":""FOOD AND DRUG ADMINISTRATION"",""topic_hits"":[],""vendor_entity"":{""matched"":false},""vendor_key"":""science_applications_international_corporation""}",https://sam.gov/search/?index=awards&keywords=75F40125F19028,2026-07-26T20:08:36Z
contract-lifecycle-e8c7dd5f1e8c4590,sam_contract_awards,7529|75N95024C00031|P00002|0,unknown,standalone_award,75N95024C00031,,PHS-2024-1,HEALTH R&D SERVICES; HEALTH CARE SERVICES; BASIC RESEARCH,"HEALTH AND HUMAN SERVICES, DEPARTMENT OF",NATIONAL INSTITUTES OF HEALTH,NATIONAL INSTITUTES OF HEALTH NIDA,seabright_llc,SEABRIGHT LLC,HMFGQP2BNV22,seabright_llc,true,competitor,competitor_awarded,,,,,,,,,,,review,,37,"{""agency"":""HEALTH AND HUMAN SERVICES, DEPARTMENT OF"",""award_amount"":null,""current_total_value"":null,""days_until_end"":null,""gwt_relation"":""competitor"",""join_confidence"":""sam_contract_awards_normalized"",""join_key"":""piid:75N95024C00031"",""join_keys"":{""piid"":""75N95024C00031"",""solicitation_number"":""PHS-2024-1"",""source_record_ids"":[""7529|75N95024C00031|P00002|0""]},""missing_fields"":[""award_date"",""period_start_date"",""period_end_date"",""award_amount"",""current_total_value"",""potential_total_value""],""naics"":""541715"",""office"":""NATIONAL INSTITUTES OF HEALTH NIDA"",""potential_total_value"":null,""psc"":""AN11"",""recompete_window_months"":36,""source_file"":""data/sam_contract_awards.csv"",""source_key"":""sam_contract_awards"",""source_keys"":[""sam_contract_awards""],""source_record_id"":""7529|75N95024C00031|P00002|0"",""subagency"":""NATIONAL INSTITUTES OF HEALTH"",""topic_hits"":[],""vendor_entity"":{""matched"":false},""vendor_key"":""seabright_llc""}",https://sam.gov/search/?index=awards&keywords=75N95024C00031,2026-07-26T20:08:36Z
contract-lifecycle-b15aea480d82c3e1,sam_contract_awards,7529|HHSN273201600002I|P00016,unknown,standalone_award,HHSN273201600002I,,NIHES201401,CLINICAL RESEARCH SUPPORT FOR NIEHS,"HEALTH AND HUMAN SERVICES, DEPARTMENT OF",NATIONAL INSTITUTES OF HEALTH,NATIONAL INSTITUTE OF HEALTH NIEHS,social_scientific_systems_inc,"SOCIAL & SCIENTIFIC SYSTEMS, INC.",XKMBEM2BTLK3,social_scientific_systems_inc,true,competitor,competitor_awarded,,,,,,,,,,,review,,37,"{""agency"":""HEALTH AND HUMAN SERVICES, DEPARTMENT OF"",""award_amount"":null,""current_total_value"":null,""days_until_end"":null,""gwt_relation"":""competitor"",""join_confidence"":""sam_contract_awards_normalized"",""join_key"":""piid:HHSN273201600002I"",""join_keys"":{""piid"":""HHSN273201600002I"",""solicitation_number"":""NIHES201401"",""source_record_ids"":[""7529|HHSN273201600002I|P00016""]},""missing_fields"":[""award_date"",""period_start_date"",""period_end_date"",""award_amount"",""current_total_value"",""potential_total_value""],""naics"":""541712"",""office"":""NATIONAL INSTITUTE OF HEALTH NIEHS"",""potential_total_value"":null,""psc"":""AZ11"",""recompete_window_months"":36,""source_file"":""data/sam_contract_awards.csv"",""source_key"":""sam_contract_awards"",""source_keys"":[""sam_contract_awards""],""source_record_id"":""7529|HHSN273201600002I|P00016"",""subagency"":""NATIONAL INSTITUTES OF HEALTH"",""topic_hits"":[],""vendor_entity"":{""matched"":false},""vendor_key"":""social_scientific_systems_inc""}",https://sam.gov/search/?index=awards&keywords=HHSN273201600002I,2026-07-26T20:08:36Z
contract-lifecycle-e629ccbfcf0b2091,sam_contract_awards,7505|75A50123F61001|P00005|0|75A50122D00019|0,unknown,task_order,75A50123F61001,75A50122D00019,,HEALTH R&D SERVICES; HEALTH CARE SERVICES; EXPERIMENTAL DEVELOPMENT,"HEALTH AND HUMAN SERVICES, DEPARTMENT OF",ADMINISTRATION FOR STRATEGIC PREPAREDNESS AND RESPONSE,BARDA - ASPR / DAAPPO / BARDA DCMA,southern_research_institute,SOUTHERN RESEARCH INSTITUTE,CDZJAJJHJMH5,southern_research_institute,true,competitor,competitor_awarded,,,,,,,,,,,review,,37,"{""agency"":""HEALTH AND HUMAN SERVICES, DEPARTMENT OF"",""award_amount"":null,""current_total_value"":null,""days_until_end"":null,""gwt_relation"":""competitor"",""join_confidence"":""sam_contract_awards_normalized"",""join_key"":""piid:75A50123F61001"",""join_keys"":{""piid"":""75A50123F61001"",""solicitation_number"":"""",""source_record_ids"":[""7505|75A50123F61001|P00005|0|75A50122D00019|0""]},""missing_fields"":[""solicitation_number"",""award_date"",""period_start_date"",""period_end_date"",""award_amount"",""current_total_value"",""potential_total_value""],""naics"":""541714"",""office"":""BARDA - ASPR / DAAPPO / BARDA DCMA"",""potential_total_value"":null,""psc"":""AN13"",""recompete_window_months"":36,""source_file"":""data/sam_contract_awards.csv"",""source_key"":""sam_contract_awards"",""source_keys"":[""sam_contract_awards""],""source_record_id"":""7505|75A50123F61001|P00005|0|75A50122D00019|0"",""subagency"":""ADMINISTRATION FOR STRATEGIC PREPAREDNESS AND RESPONSE"",""topic_hits"":[],""vendor_entity"":{""matched"":false},""vendor_key"":""southern_research_institute""}",https://sam.gov/search/?index=awards&keywords=75A50123F61001,2026-07-26T20:08:36Z
contract-lifecycle-9f35efb945fa4beb,sam_contract_awards,7526|75R60226F34014|0|0|75R60223A00021|P00004,unknown,task_order,75R60226F34014,75R60223A00021,,SPECIAL STUDIES/ANALYSIS- ENVIRONMENTAL ASSESSMENTS,"HEALTH AND HUMAN SERVICES, DEPARTMENT OF",HEALTH RESOURCES AND SERVICES ADMINISTRATION,HRSA HEADQUARTERS,stantec_consulting_services_inc,STANTEC CONSULTING SERVICES INC.,HAKDPJ5Q18X5,stantec_consulting_services_inc,true,competitor,competitor_awarded,,,,,,,,,,,review,,37,"{""agency"":""HEALTH AND HUMAN SERVICES, DEPARTMENT OF"",""award_amount"":null,""current_total_value"":null,""days_until_end"":null,""gwt_relation"":""competitor"",""join_confidence"":""sam_contract_awards_normalized"",""join_key"":""piid:75R60226F34014"",""join_keys"":{""piid"":""75R60226F34014"",""solicitation_number"":"""",""source_record_ids"":[""7526|75R60226F34014|0|0|75R60223A00021|P00004""]},""missing_fields"":[""solicitation_number"",""award_date"",""period_start_date"",""period_end_date"",""award_amount"",""current_total_value"",""potential_total_value""],""naics"":""541620"",""office"":""HRSA HEADQUARTERS"",""potential_total_value"":null,""psc"":""B510"",""recompete_window_months"":36,""source_file"":""data/sam_contract_awards.csv"",""source_key"":""sam_contract_awards"",""source_keys"":[""sam_contract_awards""],""source_record_id"":""7526|75R60226F34014|0|0|75R60223A00021|P00004"",""subagency"":""HEALTH RESOURCES AND SERVICES ADMINISTRATION"",""topic_hits"":[],""vendor_entity"":{""matched"":false},""vendor_key"":""stantec_consulting_services_inc""}",https://sam.gov/search/?index=awards&keywords=75R60226F34014,2026-07-26T20:08:36Z
contract-lifecycle-4ff3aeba2e1eb6d3,sam_contract_awards,7529|HHSN316201500049W|P00018,unknown,standalone_award,HHSN316201500049W,,NIHJT2014002,CHIEF INFORMATION OFFICER - COMMODITIES AND SOLUTIONS,"HEALTH AND HUMAN SERVICES, DEPARTMENT OF",NATIONAL INSTITUTES OF HEALTH,NATIONAL INSTITUTES OF HEALTH OLAO,swish_data_corporation,SWISH DATA CORPORATION,DMERLBE3JR53,swish_data_corporation,true,competitor,competitor_awarded,,,,,,,,,,,review,,37,"{""agency"":""HEALTH AND HUMAN SERVICES, DEPARTMENT OF"",""award_amount"":null,""current_total_value"":null,""days_until_end"":null,""gwt_relation"":""competitor"",""join_confidence"":""sam_contract_awards_normalized"",""join_key"":""piid:HHSN316201500049W"",""join_keys"":{""piid"":""HHSN316201500049W"",""solicitation_number"":""NIHJT2014002"",""source_record_ids"":[""7529|HHSN316201500049W|P00018""]},""missing_fields"":[""award_date"",""period_start_date"",""period_end_date"",""award_amount"",""current_total_value"",""potential_total_value""],""naics"":""541519"",""office"":""NATIONAL INSTITUTES OF HEALTH OLAO"",""potential_total_value"":null,""psc"":""7050"",""recompete_window_months"":36,""source_file"":""data/sam_contract_awards.csv"",""source_key"":""sam_contract_awards"",""source_keys"":[""sam_contract_awards""],""source_record_id"":""7529|HHSN316201500049W|P00018"",""subagency"":""NATIONAL INSTITUTES OF HEALTH"",""topic_hits"":[],""vendor_entity"":{""matched"":false},""vendor_key"":""swish_data_corporation""}",https://sam.gov/search/?index=awards&keywords=HHSN316201500049W,2026-07-26T20:08:36Z
contract-lifecycle-b21881876e6459ee,sam_contract_awards,7527|75H70626F03004|0|0|75H70623D00038|0,unknown,task_order,75H70626F03004,75H70623D00038,,MEDICAL- RADIOLOGY,"HEALTH AND HUMAN SERVICES, DEPARTMENT OF",INDIAN HEALTH SERVICE,GREAT PLAINS AREA INDIAN HEALTH SVC,synergy_staffing_inc,SYNERGY STAFFING INC,LKKMNNFNGKE5,synergy_staffing_inc,true,competitor,competitor_awarded,,,,,,,,,,,review,workforce,37,"{""agency"":""HEALTH AND HUMAN SERVICES, DEPARTMENT OF"",""award_amount"":null,""current_total_value"":null,""days_until_end"":null,""gwt_relation"":""competitor"",""join_confidence"":""sam_contract_awards_normalized"",""join_key"":""piid:75H70626F03004"",""join_keys"":{""piid"":""75H70626F03004"",""solicitation_number"":"""",""source_record_ids"":[""7527|75H70626F03004|0|0|75H70623D00038|0""]},""missing_fields"":[""solicitation_number"",""award_date"",""period_start_date"",""period_end_date"",""award_amount"",""current_total_value"",""potential_total_value""],""naics"":""561320"",""office"":""GREAT PLAINS AREA INDIAN HEALTH SVC"",""potential_total_value"":null,""psc"":""Q522"",""recompete_window_months"":36,""source_file"":""data/sam_contract_awards.csv"",""source_key"":""sam_contract_awards"",""source_keys"":[""sam_contract_awards""],""source_record_id"":""7527|75H70626F03004|0|0|75H70623D00038|0"",""subagency"":""INDIAN HEALTH SERVICE"",""topic_hits"":[""workforce""],""vendor_entity"":{""matched"":false},""vendor_key"":""synergy_staffing_inc""}",https://sam.gov/search/?index=awards&keywords=75H70626F03004,2026-07-26T20:08:36Z
contract-lifecycle-d08f07550df4ebdd,sam_contract_awards,7529|75N98023A00025|P00003,unknown,standalone_award,75N98023A00025,,,LEASE/RENTAL OF CONFERENCE SPACE AND FACILITIES,"HEALTH AND HUMAN SERVICES, DEPARTMENT OF",NATIONAL INSTITUTES OF HEALTH,NATIONAL INSTITUTES OF HEALTH OLAO,t_r_1775_rockville_owner_llc,T-R 1775 ROCKVILLE OWNER LLC,VM5QE971NAD8,t_r_1775_rockville_owner_llc,true,competitor,competitor_awarded,,,,,,,,,,,review,,37,"{""agency"":""HEALTH AND HUMAN SERVICES, DEPARTMENT OF"",""award_amount"":null,""current_total_value"":null,""days_until_end"":null,""gwt_relation"":""competitor"",""join_confidence"":""sam_contract_awards_normalized"",""join_key"":""piid:75N98023A00025"",""join_keys"":{""piid"":""75N98023A00025"",""solicitation_number"":"""",""source_record_ids"":[""7529|75N98023A00025|P00003""]},""missing_fields"":[""solicitation_number"",""award_date"",""period_start_date"",""period_end_date"",""award_amount"",""current_total_value"",""potential_total_value""],""naics"":""721110"",""office"":""NATIONAL INSTITUTES OF HEALTH OLAO"",""potential_total_value"":null,""psc"":""X1AB"",""recompete_window_months"":36,""source_file"":""data/sam_contract_awards.csv"",""source_key"":""sam_contract_awards"",""source_keys"":[""sam_contract_awards""],""source_record_id"":""7529|75N98023A00025|P00003"",""subagency"":""NATIONAL INSTITUTES OF HEALTH"",""topic_hits"":[],""vendor_entity"":{""matched"":false},""vendor_key"":""t_r_1775_rockville_owner_llc""}",https://sam.gov/search/?index=awards&keywords=75N98023A00025,2026-07-26T20:08:36Z
contract-lifecycle-e7c480a564df7b63,sam_contract_awards,7527|75H71026P00195|0|0,unknown,standalone_award,75H71026P00195,,,FLOOR POLISHERS AND VACUUM CLEANING EQUIPMENT,"HEALTH AND HUMAN SERVICES, DEPARTMENT OF",INDIAN HEALTH SERVICE,NAVAJO AREA INDIAN HEALTH SVC,the_flatwater_group_inc,"THE FLATWATER GROUP, INC.",X6A6K34RPMU3,the_flatwater_group_inc,true,competitor,competitor_awarded,,,,,,,,,,,review,,37,"{""agency"":""HEALTH AND HUMAN SERVICES, DEPARTMENT OF"",""award_amount"":null,""current_total_value"":null,""days_until_end"":null,""gwt_relation"":""competitor"",""join_confidence"":""sam_contract_awards_normalized"",""join_key"":""piid:75H71026P00195"",""join_keys"":{""piid"":""75H71026P00195"",""solicitation_number"":"""",""source_record_ids"":[""7527|75H71026P00195|0|0""]},""missing_fields"":[""solicitation_number"",""award_date"",""period_start_date"",""period_end_date"",""award_amount"",""current_total_value"",""potential_total_value""],""naics"":""325612"",""office"":""NAVAJO AREA INDIAN HEALTH SVC"",""potential_total_value"":null,""psc"":""7910"",""recompete_window_months"":36,""source_file"":""data/sam_contract_awards.csv"",""source_key"":""sam_contract_awards"",""source_keys"":[""sam_contract_awards""],""source_record_id"":""7527|75H71026P00195|0|0"",""subagency"":""INDIAN HEALTH SERVICE"",""topic_hits"":[],""vendor_entity"":{""matched"":false},""vendor_key"":""the_flatwater_group_inc""}",https://sam.gov/search/?index=awards&keywords=75H71026P00195,2026-07-26T20:08:36Z
contract-lifecycle-2dba82ce457d7a36,sam_contract_awards,7529|75N99025F00037|P00002|0|75N99024D00016|0,unknown,task_order,75N99025F00037,75N99024D00016,,CONSTRUCTION OF MISCELLANEOUS BUILDINGS,"HEALTH AND HUMAN SERVICES, DEPARTMENT OF",NATIONAL INSTITUTES OF HEALTH,NIH A E CONSTRUCTION,treon_support_services_jv_llc,"TREON SUPPORT SERVICES JV, LLC",N1WNB741L7M5,treon_support_services_jv_llc,true,competitor,competitor_awarded,,,,,,,,,,,review,,37,"{""agency"":""HEALTH AND HUMAN SERVICES, DEPARTMENT OF"",""award_amount"":null,""current_total_value"":null,""days_until_end"":null,""gwt_relation"":""competitor"",""join_confidence"":""sam_contract_awards_normalized"",""join_key"":""piid:75N99025F00037"",""join_keys"":{""piid"":""75N99025F00037"",""solicitation_number"":"""",""source_record_ids"":[""7529|75N99025F00037|P00002|0|75N99024D00016|0""]},""missing_fields"":[""solicitation_number"",""award_date"",""period_start_date"",""period_end_date"",""award_amount"",""current_total_value"",""potential_total_value""],""naics"":""236220"",""office"":""NIH A E CONSTRUCTION"",""potential_total_value"":null,""psc"":""Y1JZ"",""recompete_window_months"":36,""source_file"":""data/sam_contract_awards.csv"",""source_key"":""sam_contract_awards"",""source_keys"":[""sam_contract_awards""],""source_record_id"":""7529|75N99025F00037|P00002|0|75N99024D00016|0"",""subagency"":""NATIONAL INSTITUTES OF HEALTH"",""topic_hits"":[],""vendor_entity"":{""matched"":false},""vendor_key"":""treon_support_services_jv_llc""}",https://sam.gov/search/?index=awards&keywords=75N99025F00037,2026-07-26T20:08:36Z
contract-lifecycle-159855f95051116b,sam_contract_awards,7529|75N98026P01041|0|0,unknown,standalone_award,75N98026P01041,,75N98026Q00122,EDUCATION/TRAINING- TRAINING/CURRICULUM DEVELOPMENT,"HEALTH AND HUMAN SERVICES, DEPARTMENT OF",NATIONAL INSTITUTES OF HEALTH,NATIONAL INSTITUTES OF HEALTH OLAO,universidad_de_puerto_rico_en_aguadilla,UNIVERSIDAD DE PUERTO RICO EN AGUADILLA,LY7FAJLUV9T9,universidad_de_puerto_rico_en_aguadilla,true,competitor,competitor_awarded,,,,,,,,,,,review,,37,"{""agency"":""HEALTH AND HUMAN SERVICES, DEPARTMENT OF"",""award_amount"":null,""current_total_value"":null,""days_until_end"":null,""gwt_relation"":""competitor"",""join_confidence"":""sam_contract_awards_normalized"",""join_key"":""piid:75N98026P01041"",""join_keys"":{""piid"":""75N98026P01041"",""solicitation_number"":""75N98026Q00122"",""source_record_ids"":[""7529|75N98026P01041|0|0""]},""missing_fields"":[""award_date"",""period_start_date"",""period_end_date"",""award_amount"",""current_total_value"",""potential_total_value""],""naics"":""611310"",""office"":""NATIONAL INSTITUTES OF HEALTH OLAO"",""potential_total_value"":null,""psc"":""U008"",""recompete_window_months"":36,""source_file"":""data/sam_contract_awards.csv"",""source_key"":""sam_contract_awards"",""source_keys"":[""sam_contract_awards""],""source_record_id"":""7529|75N98026P01041|0|0"",""subagency"":""NATIONAL INSTITUTES OF HEALTH"",""topic_hits"":[],""vendor_entity"":{""matched"":false},""vendor_key"":""universidad_de_puerto_rico_en_aguadilla""}",https://sam.gov/search/?index=awards&keywords=75N98026P01041,2026-07-26T20:08:36Z
contract-lifecycle-599ad28373966314,sam_contract_awards,7529|75N92025C00007|P00002|0,unknown,standalone_award,75N92025C00007,,75N92024R00002,"LIVE ANIMALS, NOT RAISED FOR FOOD","HEALTH AND HUMAN SERVICES, DEPARTMENT OF",NATIONAL INSTITUTES OF HEALTH,NATIONAL INSTITUTES OF HEALTH NHLBI,university_of_alabama_at_birmingham,UNIVERSITY OF ALABAMA AT BIRMINGHAM,YND4PLMC9AN7,university_of_alabama_at_birmingham,true,competitor,competitor_awarded,,,,,,,,,,,review,,37,"{""agency"":""HEALTH AND HUMAN SERVICES, DEPARTMENT OF"",""award_amount"":null,""current_total_value"":null,""days_until_end"":null,""gwt_relation"":""competitor"",""join_confidence"":""sam_contract_awards_normalized"",""join_key"":""piid:75N92025C00007"",""join_keys"":{""piid"":""75N92025C00007"",""solicitation_number"":""75N92024R00002"",""source_record_ids"":[""7529|75N92025C00007|P00002|0""]},""missing_fields"":[""award_date"",""period_start_date"",""period_end_date"",""award_amount"",""current_total_value"",""potential_total_value""],""naics"":""112990"",""office"":""NATIONAL INSTITUTES OF HEALTH NHLBI"",""potential_total_value"":null,""psc"":""8820"",""recompete_window_months"":36,""source_file"":""data/sam_contract_awards.csv"",""source_key"":""sam_contract_awards"",""source_keys"":[""sam_contract_awards""],""source_record_id"":""7529|75N92025C00007|P00002|0"",""subagency"":""NATIONAL INSTITUTES OF HEALTH"",""topic_hits"":[],""vendor_entity"":{""matched"":false},""vendor_key"":""university_of_alabama_at_birmingham""}",https://sam.gov/search/?index=awards&keywords=75N92025C00007,2026-07-26T20:08:36Z
contract-lifecycle-d9f4b11a846faef4,sam_contract_awards,7529|75N93019C00055|P00026|0,unknown,standalone_award,75N93019C00055,,HHSNIHNIAIDBAA2018,HEALTH R&D SERVICES; HEALTH CARE SERVICES; APPLIED RESEARCH,"HEALTH AND HUMAN SERVICES, DEPARTMENT OF",NATIONAL INSTITUTES OF HEALTH,NATIONAL INSTITUTES OF HEALTH NIAID,university_of_maryland,UNIVERSITY OF MARYLAND,Z9CRZKD42ZT1,university_of_maryland,true,competitor,competitor_awarded,,,,,,,,,,,review,,37,"{""agency"":""HEALTH AND HUMAN SERVICES, DEPARTMENT OF"",""award_amount"":null,""current_total_value"":null,""days_until_end"":null,""gwt_relation"":""competitor"",""join_confidence"":""sam_contract_awards_normalized"",""join_key"":""piid:75N93019C00055"",""join_keys"":{""piid"":""75N93019C00055"",""solicitation_number"":""HHSNIHNIAIDBAA2018"",""source_record_ids"":[""7529|75N93019C00055|P00026|0""]},""missing_fields"":[""award_date"",""period_start_date"",""period_end_date"",""award_amount"",""current_total_value"",""potential_total_value""],""naics"":""541715"",""office"":""NATIONAL INSTITUTES OF HEALTH NIAID"",""potential_total_value"":null,""psc"":""AN12"",""recompete_window_months"":36,""source_file"":""data/sam_contract_awards.csv"",""source_key"":""sam_contract_awards"",""source_keys"":[""sam_contract_awards""],""source_record_id"":""7529|75N93019C00055|P00026|0"",""subagency"":""NATIONAL INSTITUTES OF HEALTH"",""topic_hits"":[],""vendor_entity"":{""matched"":false},""vendor_key"":""university_of_maryland""}",https://sam.gov/search/?index=awards&keywords=75N93019C00055,2026-07-26T20:08:36Z
contract-lifecycle-f2100b061bb7b3f5,sam_contract_awards,7529|75N99024C00065|P00006|0,unknown,standalone_award,75N99024C00065,,75N99024R00071,CUP BOILER REPAIRS 2024/2025,"HEALTH AND HUMAN SERVICES, DEPARTMENT OF",NATIONAL INSTITUTES OF HEALTH,NIH A E CONSTRUCTION,vanguard_pacific_llc,VANGUARD PACIFIC LLC,LZZDZN4MTHG9,vanguard_pacific_llc,true,competitor,competitor_awarded,,,,,,,,,,,review,,37,"{""agency"":""HEALTH AND HUMAN SERVICES, DEPARTMENT OF"",""award_amount"":null,""current_total_value"":null,""days_until_end"":null,""gwt_relation"":""competitor"",""join_confidence"":""sam_contract_awards_normalized"",""join_key"":""piid:75N99024C00065"",""join_keys"":{""piid"":""75N99024C00065"",""solicitation_number"":""75N99024R00071"",""source_record_ids"":[""7529|75N99024C00065|P00006|0""]},""missing_fields"":[""award_date"",""period_start_date"",""period_end_date"",""award_amount"",""current_total_value"",""potential_total_value""],""naics"":""236220"",""office"":""NIH A E CONSTRUCTION"",""potential_total_value"":null,""psc"":""Y1JZ"",""recompete_window_months"":36,""source_file"":""data/sam_contract_awards.csv"",""source_key"":""sam_contract_awards"",""source_keys"":[""sam_contract_awards""],""source_record_id"":""7529|75N99024C00065|P00006|0"",""subagency"":""NATIONAL INSTITUTES OF HEALTH"",""topic_hits"":[],""vendor_entity"":{""matched"":false},""vendor_key"":""vanguard_pacific_llc""}",https://sam.gov/search/?index=awards&keywords=75N99024C00065,2026-07-26T20:08:36Z
contract-lifecycle-d432f7921585eadd,sam_contract_awards,7505|75A50324F63001|P00005|0|75A50324D00002|0,unknown,task_order,75A50324F63001,75A50324D00002,,IT AND TELECOM - BUSINESS APPLICATION SOFTWARE (PERPETUAL LICENSE SOFTWARE),"HEALTH AND HUMAN SERVICES, DEPARTMENT OF",ADMINISTRATION FOR STRATEGIC PREPAREDNESS AND RESPONSE,ASPR/ORM-SNS,vsee_lab_inc,"VSEE LAB, INC.",KGCVMXMV5FE3,vsee_lab_inc,true,competitor,competitor_awarded,,,,,,,,,,,review,,37,"{""agency"":""HEALTH AND HUMAN SERVICES, DEPARTMENT OF"",""award_amount"":null,""current_total_value"":null,""days_until_end"":null,""gwt_relation"":""competitor"",""join_confidence"":""sam_contract_awards_normalized"",""join_key"":""piid:75A50324F63001"",""join_keys"":{""piid"":""75A50324F63001"",""solicitation_number"":"""",""source_record_ids"":[""7505|75A50324F63001|P00005|0|75A50324D00002|0""]},""missing_fields"":[""solicitation_number"",""award_date"",""period_start_date"",""period_end_date"",""award_amount"",""current_total_value"",""potential_total_value""],""naics"":""541511"",""office"":""ASPR/ORM-SNS"",""potential_total_value"":null,""psc"":""7A21"",""recompete_window_months"":36,""source_file"":""data/sam_contract_awards.csv"",""source_key"":""sam_contract_awards"",""source_keys"":[""sam_contract_awards""],""source_record_id"":""7505|75A50324F63001|P00005|0|75A50324D00002|0"",""subagency"":""ADMINISTRATION FOR STRATEGIC PREPAREDNESS AND RESPONSE"",""topic_hits"":[],""vendor_entity"":{""matched"":false},""vendor_key"":""vsee_lab_inc""}",https://sam.gov/search/?index=awards&keywords=75A50324F63001,2026-07-26T20:08:36Z
contract-lifecycle-48aa6d44545e0f5c,sam_contract_awards,7527|75H71024P00615|P00003|0;7527|75H71024P00615|P00004|0,unknown,standalone_award,75H71024P00615,,IHS1486050_WC,MEDICAL- NURSING,"HEALTH AND HUMAN SERVICES, DEPARTMENT OF",INDIAN HEALTH SERVICE,NAVAJO AREA INDIAN HEALTH SVC,ware_river_consulting_llc,WARE RIVER CONSULTING LLC,JGVTMURS5JN1,ware_river_consulting_llc,true,competitor,competitor_awarded,,,,,,,,,,,review,,37,"{""join_confidence"":""high_piid_single_source"",""join_key"":""piid:75H71024P00615"",""missing_fields"":[""award_date"",""period_start_date"",""period_end_date"",""award_amount"",""current_total_value"",""potential_total_value""],""source_evidence"":[{""agency"":""HEALTH AND HUMAN SERVICES, DEPARTMENT OF"",""award_amount"":null,""current_total_value"":null,""days_until_end"":null,""gwt_relation"":""competitor"",""join_confidence"":""sam_contract_awards_normalized"",""join_keys"":{""piid"":""75H71024P00615"",""solicitation_number"":""IHS1486050_WC"",""source_record_ids"":[""7527|75H71024P00615|P00003|0""]},""missing_fields"":[""award_date"",""period_start_date"",""period_end_date"",""award_amount"",""current_total_value"",""potential_total_value""],""naics"":""561320"",""office"":""NAVAJO AREA INDIAN HEALTH SVC"",""potential_total_value"":null,""psc"":""Q401"",""recompete_window_months"":36,""source_file"":""data/sam_contract_awards.csv"",""source_key"":""sam_contract_awards"",""source_record_id"":""7527|75H71024P00615|P00003|0"",""subagency"":""INDIAN HEALTH SERVICE"",""topic_hits"":[],""vendor_entity"":{""matched"":false},""vendor_key"":""ware_river_consulting_llc""},{""agency"":""HEALTH AND HUMAN SERVICES, DEPARTMENT OF"",""award_amount"":null,""current_total_value"":null,""days_until_end"":null,""gwt_relation"":""competitor"",""join_confidence"":""sam_contract_awards_normalized"",""join_keys"":{""piid"":""75H71024P00615"",""solicitation_number"":""IHS1486050_WC"",""source_record_ids"":[""7527|75H71024P00615|P00004|0""]},""missing_fields"":[""award_date"",""period_start_date"",""period_end_date"",""award_amount"",""current_total_value"",""potential_total_value""],""naics"":""561320"",""office"":""NAVAJO AREA INDIAN HEALTH SVC"",""potential_total_value"":null,""psc"":""Q401"",""recompete_window_months"":36,""source_file"":""data/sam_contract_awards.csv"",""source_key"":""sam_contract_awards"",""source_record_id"":""7527|75H71024P00615|P00004|0"",""subagency"":""INDIAN HEALTH SERVICE"",""topic_hits"":[],""vendor_entity"":{""matched"":false},""vendor_key"":""ware_river_consulting_llc""}],""source_keys"":[""sam_contract_awards""],""source_record_ids"":[""7527|75H71024P00615|P00003|0"",""7527|75H71024P00615|P00004|0""]}",https://sam.gov/search/?index=awards&keywords=75H71024P00615,2026-07-26T20:08:36Z
contract-lifecycle-cab4d19b7d2f424b,sam_contract_awards,7529|75N91025F00018|P00001|0|75N91022A00005|P00004,unknown,task_order,75N91025F00018,75N91022A00005,,SUPPORT- PROFESSIONAL: OTHER,"HEALTH AND HUMAN SERVICES, DEPARTMENT OF",NATIONAL INSTITUTES OF HEALTH,NIH NCI,weems_design_studio_inc,"WEEMS DESIGN STUDIO, INC.",JSG6J5LMZXT3,weems_design_studio_inc,true,competitor,competitor_awarded,,,,,,,,,,,review,,37,"{""agency"":""HEALTH AND HUMAN SERVICES, DEPARTMENT OF"",""award_amount"":null,""current_total_value"":null,""days_until_end"":null,""gwt_relation"":""competitor"",""join_confidence"":""sam_contract_awards_normalized"",""join_key"":""piid:75N91025F00018"",""join_keys"":{""piid"":""75N91025F00018"",""solicitation_number"":"""",""source_record_ids"":[""7529|75N91025F00018|P00001|0|75N91022A00005|P00004""]},""missing_fields"":[""solicitation_number"",""award_date"",""period_start_date"",""period_end_date"",""award_amount"",""current_total_value"",""potential_total_value""],""naics"":""541511"",""office"":""NIH NCI"",""potential_total_value"":null,""psc"":""R499"",""recompete_window_months"":36,""source_file"":""data/sam_contract_awards.csv"",""source_key"":""sam_contract_awards"",""source_keys"":[""sam_contract_awards""],""source_record_id"":""7529|75N91025F00018|P00001|0|75N91022A00005|P00004"",""subagency"":""NATIONAL INSTITUTES OF HEALTH"",""topic_hits"":[],""vendor_entity"":{""matched"":false},""vendor_key"":""weems_design_studio_inc""}",https://sam.gov/search/?index=awards&keywords=75N91025F00018,2026-07-26T20:08:36Z
contract-lifecycle-ea3000e13204af41,sam_contract_awards,7529|75N91026F00008|P00001|0|75N91022A00005|P00004,unknown,task_order,75N91026F00008,75N91022A00005,,SUPPORT- PROFESSIONAL: OTHER,"HEALTH AND HUMAN SERVICES, DEPARTMENT OF",NATIONAL INSTITUTES OF HEALTH,NIH NCI,weems_design_studio_inc,"WEEMS DESIGN STUDIO, INC.",JSG6J5LMZXT3,weems_design_studio_inc,true,competitor,competitor_awarded,,,,,,,,,,,review,,37,"{""agency"":""HEALTH AND HUMAN SERVICES, DEPARTMENT OF"",""award_amount"":null,""current_total_value"":null,""days_until_end"":null,""gwt_relation"":""competitor"",""join_confidence"":""sam_contract_awards_normalized"",""join_key"":""piid:75N91026F00008"",""join_keys"":{""piid"":""75N91026F00008"",""solicitation_number"":"""",""source_record_ids"":[""7529|75N91026F00008|P00001|0|75N91022A00005|P00004""]},""missing_fields"":[""solicitation_number"",""award_date"",""period_start_date"",""period_end_date"",""award_amount"",""current_total_value"",""potential_total_value""],""naics"":""541511"",""office"":""NIH NCI"",""potential_total_value"":null,""psc"":""R499"",""recompete_window_months"":36,""source_file"":""data/sam_contract_awards.csv"",""source_key"":""sam_contract_awards"",""source_keys"":[""sam_contract_awards""],""source_record_id"":""7529|75N91026F00008|P00001|0|75N91022A00005|P00004"",""subagency"":""NATIONAL INSTITUTES OF HEALTH"",""topic_hits"":[],""vendor_entity"":{""matched"":false},""vendor_key"":""weems_design_studio_inc""}",https://sam.gov/search/?index=awards&keywords=75N91026F00008,2026-07-26T20:08:36Z
contract-lifecycle-af85041a1a370820,sam_contract_awards,7529|75N91025F00031|0|0|75N91022A00005|P00004,unknown,task_order,75N91025F00031,75N91022A00005,,SUPPORT- PROFESSIONAL: OTHER,"HEALTH AND HUMAN SERVICES, DEPARTMENT OF",NATIONAL INSTITUTES OF HEALTH,NIH NCI,weems_design_studio_inc,"WEEMS DESIGN STUDIO, INC.",JSG6J5LMZXT3,weems_design_studio_inc,true,competitor,competitor_awarded,,,,,,,,,,,review,,37,"{""agency"":""HEALTH AND HUMAN SERVICES, DEPARTMENT OF"",""award_amount"":null,""current_total_value"":null,""days_until_end"":null,""gwt_relation"":""competitor"",""join_confidence"":""sam_contract_awards_normalized"",""join_key"":""piid:75N91025F00031"",""join_keys"":{""piid"":""75N91025F00031"",""solicitation_number"":"""",""source_record_ids"":[""7529|75N91025F00031|0|0|75N91022A00005|P00004""]},""missing_fields"":[""solicitation_number"",""award_date"",""period_start_date"",""period_end_date"",""award_amount"",""current_total_value"",""potential_total_value""],""naics"":""541511"",""office"":""NIH NCI"",""potential_total_value"":null,""psc"":""R499"",""recompete_window_months"":36,""source_file"":""data/sam_contract_awards.csv"",""source_key"":""sam_contract_awards"",""source_keys"":[""sam_contract_awards""],""source_record_id"":""7529|75N91025F00031|0|0|75N91022A00005|P00004"",""subagency"":""NATIONAL INSTITUTES OF HEALTH"",""topic_hits"":[],""vendor_entity"":{""matched"":false},""vendor_key"":""weems_design_studio_inc""}",https://sam.gov/search/?index=awards&keywords=75N91025F00031,2026-07-26T20:08:36Z
contract-lifecycle-be5754bb354c3a73,sam_contract_awards,7529|75N91026F00010|0|0|75N91022A00005|P00004,unknown,task_order,75N91026F00010,75N91022A00005,,SUPPORT- PROFESSIONAL: OTHER,"HEALTH AND HUMAN SERVICES, DEPARTMENT OF",NATIONAL INSTITUTES OF HEALTH,NIH NCI,weems_design_studio_inc,"WEEMS DESIGN STUDIO, INC.",JSG6J5LMZXT3,weems_design_studio_inc,true,competitor,competitor_awarded,,,,,,,,,,,review,,37,"{""agency"":""HEALTH AND HUMAN SERVICES, DEPARTMENT OF"",""award_amount"":null,""current_total_value"":null,""days_until_end"":null,""gwt_relation"":""competitor"",""join_confidence"":""sam_contract_awards_normalized"",""join_key"":""piid:75N91026F00010"",""join_keys"":{""piid"":""75N91026F00010"",""solicitation_number"":"""",""source_record_ids"":[""7529|75N91026F00010|0|0|75N91022A00005|P00004""]},""missing_fields"":[""solicitation_number"",""award_date"",""period_start_date"",""period_end_date"",""award_amount"",""current_total_value"",""potential_total_value""],""naics"":""541511"",""office"":""NIH NCI"",""potential_total_value"":null,""psc"":""R499"",""recompete_window_months"":36,""source_file"":""data/sam_contract_awards.csv"",""source_key"":""sam_contract_awards"",""source_keys"":[""sam_contract_awards""],""source_record_id"":""7529|75N91026F00010|0|0|75N91022A00005|P00004"",""subagency"":""NATIONAL INSTITUTES OF HEALTH"",""topic_hits"":[],""vendor_entity"":{""matched"":false},""vendor_key"":""weems_design_studio_inc""}",https://sam.gov/search/?index=awards&keywords=75N91026F00010,2026-07-26T20:08:36Z
contract-lifecycle-a62a27a2d4fb2591,sam_contract_awards,7529|75N91024F00020|P00003|0|75N91022A00005|P00004,unknown,task_order,75N91024F00020,75N91022A00005,NCIOA-CSSB-SSS-015,SUPPORT- PROFESSIONAL: OTHER,"HEALTH AND HUMAN SERVICES, DEPARTMENT OF",NATIONAL INSTITUTES OF HEALTH,NIH NCI,weems_design_studio_inc,"WEEMS DESIGN STUDIO, INC.",JSG6J5LMZXT3,weems_design_studio_inc,true,competitor,competitor_awarded,,,,,,,,,,,review,,37,"{""agency"":""HEALTH AND HUMAN SERVICES, DEPARTMENT OF"",""award_amount"":null,""current_total_value"":null,""days_until_end"":null,""gwt_relation"":""competitor"",""join_confidence"":""sam_contract_awards_normalized"",""join_key"":""piid:75N91024F00020"",""join_keys"":{""piid"":""75N91024F00020"",""solicitation_number"":""NCIOA-CSSB-SSS-015"",""source_record_ids"":[""7529|75N91024F00020|P00003|0|75N91022A00005|P00004""]},""missing_fields"":[""award_date"",""period_start_date"",""period_end_date"",""award_amount"",""current_total_value"",""potential_total_value""],""naics"":""541511"",""office"":""NIH NCI"",""potential_total_value"":null,""psc"":""R499"",""recompete_window_months"":36,""source_file"":""data/sam_contract_awards.csv"",""source_key"":""sam_contract_awards"",""source_keys"":[""sam_contract_awards""],""source_record_id"":""7529|75N91024F00020|P00003|0|75N91022A00005|P00004"",""subagency"":""NATIONAL INSTITUTES OF HEALTH"",""topic_hits"":[],""vendor_entity"":{""matched"":false},""vendor_key"":""weems_design_studio_inc""}",https://sam.gov/search/?index=awards&keywords=75N91024F00020,2026-07-26T20:08:36Z
contract-lifecycle-e3b121e897b829ab,sam_contract_awards,7529|75N91018C00043|P00015|0,unknown,standalone_award,75N91018C00043,,N02CP8100087,SUPPORT- PROFESSIONAL: PROGRAM MANAGEMENT/SUPPORT,"HEALTH AND HUMAN SERVICES, DEPARTMENT OF",NATIONAL INSTITUTES OF HEALTH,NIH NCI,westat_inc,"WESTAT, INC.",NVUWAFWQ57S5,westat_inc,true,competitor,competitor_awarded,,,,,,,,,,,review,,37,"{""agency"":""HEALTH AND HUMAN SERVICES, DEPARTMENT OF"",""award_amount"":null,""current_total_value"":null,""days_until_end"":null,""gwt_relation"":""competitor"",""join_confidence"":""sam_contract_awards_normalized"",""join_key"":""piid:75N91018C00043"",""join_keys"":{""piid"":""75N91018C00043"",""solicitation_number"":""N02CP8100087"",""source_record_ids"":[""7529|75N91018C00043|P00015|0""]},""missing_fields"":[""award_date"",""period_start_date"",""period_end_date"",""award_amount"",""current_total_value"",""potential_total_value""],""naics"":""541990"",""office"":""NIH NCI"",""potential_total_value"":null,""psc"":""R408"",""recompete_window_months"":36,""source_file"":""data/sam_contract_awards.csv"",""source_key"":""sam_contract_awards"",""source_keys"":[""sam_contract_awards""],""source_record_id"":""7529|75N91018C00043|P00015|0"",""subagency"":""NATIONAL INSTITUTES OF HEALTH"",""topic_hits"":[],""vendor_entity"":{""matched"":false},""vendor_key"":""westat_inc""}",https://sam.gov/search/?index=awards&keywords=75N91018C00043,2026-07-26T20:08:36Z
contract-lifecycle-28bb779d2286322f,sam_contract_awards,7527|75H71025D00001|P00001,unknown,standalone_award,75H71025D00001,,75H71025Q00234,SUPPORT- PROFESSIONAL: PROGRAM MANAGEMENT/SUPPORT,"HEALTH AND HUMAN SERVICES, DEPARTMENT OF",INDIAN HEALTH SERVICE,NAVAJO AREA INDIAN HEALTH SVC,western_interstate_commission_for_higher_education,WESTERN INTERSTATE COMMISSION FOR HIGHER EDUCATION,KCKBAFDPP833,western_interstate_commission_for_higher_education,true,competitor,competitor_awarded,,,,,,,,,,,medicaid,mmis,44,"{""agency"":""HEALTH AND HUMAN SERVICES, DEPARTMENT OF"",""award_amount"":null,""current_total_value"":null,""days_until_end"":null,""gwt_relation"":""competitor"",""join_confidence"":""sam_contract_awards_normalized"",""join_key"":""piid:75H71025D00001"",""join_keys"":{""piid"":""75H71025D00001"",""solicitation_number"":""75H71025Q00234"",""source_record_ids"":[""7527|75H71025D00001|P00001""]},""missing_fields"":[""award_date"",""period_start_date"",""period_end_date"",""award_amount"",""current_total_value"",""potential_total_value""],""naics"":""611710"",""office"":""NAVAJO AREA INDIAN HEALTH SVC"",""potential_total_value"":null,""psc"":""R408"",""recompete_window_months"":36,""source_file"":""data/sam_contract_awards.csv"",""source_key"":""sam_contract_awards"",""source_keys"":[""sam_contract_awards""],""source_record_id"":""7527|75H71025D00001|P00001"",""subagency"":""INDIAN HEALTH SERVICE"",""topic_hits"":[""mmis""],""vendor_entity"":{""matched"":false},""vendor_key"":""western_interstate_commission_for_higher_education""}",https://sam.gov/search/?index=awards&keywords=75H71025D00001,2026-07-26T20:08:36Z
contract-lifecycle-cab0d428cc34d026,sam_contract_awards,7529|75N98026P01068|0|0,unknown,standalone_award,75N98026P01068,,26-005780,"MEDICAL AND SURGICAL INSTRUMENTS, EQUIPMENT, AND SUPPLIES","HEALTH AND HUMAN SERVICES, DEPARTMENT OF",NATIONAL INSTITUTES OF HEALTH,NATIONAL INSTITUTES OF HEALTH OLAO,wilson_wolf_manufacturing_llc,"WILSON WOLF MANUFACTURING, LLC",L1HKPVNJ33J8,wilson_wolf_manufacturing_llc,true,competitor,competitor_awarded,,,,,,,,,,,review,,37,"{""agency"":""HEALTH AND HUMAN SERVICES, DEPARTMENT OF"",""award_amount"":null,""current_total_value"":null,""days_until_end"":null,""gwt_relation"":""competitor"",""join_confidence"":""sam_contract_awards_normalized"",""join_key"":""piid:75N98026P01068"",""join_keys"":{""piid"":""75N98026P01068"",""solicitation_number"":""26-005780"",""source_record_ids"":[""7529|75N98026P01068|0|0""]},""missing_fields"":[""award_date"",""period_start_date"",""period_end_date"",""award_amount"",""current_total_value"",""potential_total_value""],""naics"":""339113"",""office"":""NATIONAL INSTITUTES OF HEALTH OLAO"",""potential_total_value"":null,""psc"":""6515"",""recompete_window_months"":36,""source_file"":""data/sam_contract_awards.csv"",""source_key"":""sam_contract_awards"",""source_keys"":[""sam_contract_awards""],""source_record_id"":""7529|75N98026P01068|0|0"",""subagency"":""NATIONAL INSTITUTES OF HEALTH"",""topic_hits"":[],""vendor_entity"":{""matched"":false},""vendor_key"":""wilson_wolf_manufacturing_llc""}",https://sam.gov/search/?index=awards&keywords=75N98026P01068,2026-07-26T20:08:36Z
contract-lifecycle-efccbd1963adf08d,sam_contract_awards,7527|75H71025P00847|P00001|0,unknown,standalone_award,75H71025P00847,,IHS1505699,MEDICAL- OTHER,"HEALTH AND HUMAN SERVICES, DEPARTMENT OF",INDIAN HEALTH SERVICE,NAVAJO AREA INDIAN HEALTH SVC,worksmartrx_llc,WORKSMARTRX LLC,QA7RD98Q4XF3,worksmartrx_llc,true,competitor,competitor_awarded,,,,,,,,,,,review,,37,"{""agency"":""HEALTH AND HUMAN SERVICES, DEPARTMENT OF"",""award_amount"":null,""current_total_value"":null,""days_until_end"":null,""gwt_relation"":""competitor"",""join_confidence"":""sam_contract_awards_normalized"",""join_key"":""piid:75H71025P00847"",""join_keys"":{""piid"":""75H71025P00847"",""solicitation_number"":""IHS1505699"",""source_record_ids"":[""7527|75H71025P00847|P00001|0""]},""missing_fields"":[""award_date"",""period_start_date"",""period_end_date"",""award_amount"",""current_total_value"",""potential_total_value""],""naics"":""561320"",""office"":""NAVAJO AREA INDIAN HEALTH SVC"",""potential_total_value"":null,""psc"":""Q999"",""recompete_window_months"":36,""source_file"":""data/sam_contract_awards.csv"",""source_key"":""sam_contract_awards"",""source_keys"":[""sam_contract_awards""],""source_record_id"":""7527|75H71025P00847|P00001|0"",""subagency"":""INDIAN HEALTH SERVICE"",""topic_hits"":[],""vendor_entity"":{""matched"":false},""vendor_key"":""worksmartrx_llc""}",https://sam.gov/search/?index=awards&keywords=75H71025P00847,2026-07-26T20:08:36Z
