id,state,source,source_record_id,parent_id,contract_record_type,vendor_name,vendor_query,agency,contract_number,title,amount,execution_date,start_date,end_date,months_to_end,recompete_signal,document_type,document_url,source_url,matched_keywords,relevance_score,raw_json,last_checked_at
fl-dms-contract-fl-80101500-25-stc-health-management-associates-inc-management-consulting-services-4f7ca283975f,FL,Florida DMS State Contracts and Agreements,"80101500-25-STC-Health Management Associates, Inc.",80101500-25-STC,dealer_line,"Health Management Associates, Inc.",Health Management,"Florida Department of Management Services, State Purchasing",80101500-25-STC,Management Consulting Services,0,,2025-12-01,2028-11-30,28,Recompete watch,State Term Contract,https://www.dms.myflorida.com/business_operations/state_purchasing/state_contracts_and_agreements/state_term_contract/management_consulting_services,https://www.dms.myflorida.com/contract_search,claims;enrollment,83,"{""contractor_count"":288,""detail_page"":{""children"":[{""attachment"":{""downloadCount"":0,""fileName"":""Contractor_Contact_Information_2026.07.21.xlsx"",""fileSize"":67722,""inputUri"":null,""mimeType"":""application/vnd.openxmlformats-officedocument.spreadsheetml.sheet"",""uri"":""/content/download/443214/9313113?version=44""},""name"":""Contractors - Contractors"",""type"":""Contractors""},{""attachment"":{""downloadCount"":0,""fileName"":""Authorized_Subcontractors_2026.07.10.xlsx"",""fileSize"":77746,""inputUri"":null,""mimeType"":""application/vnd.openxmlformats-officedocument.spreadsheetml.sheet"",""uri"":""/content/download/451424/9516922?version=10""},""name"":""Other - Authorized Subcontractors"",""type"":""Other""},{""attachment"":{""downloadCount"":0,""fileName"":""Initial Term Pricing_2026.06.08.xlsx"",""fileSize"":36134,""inputUri"":null,""mimeType"":""application/vnd.openxmlformats-officedocument.spreadsheetml.sheet"",""uri"":""/content/download/442203/9285186?version=32""},""name"":""Price Sheets - Pricing"",""type"":""Price Sheets""},{""attachment"":{""downloadCount"":0,""fileName"":""Reference_Guide_MCS-80101500-25-STC_2026.03.11.pdf"",""fileSize"":216722,""inputUri"":null,""mimeType"":""application/pdf"",""uri"":""/content/download/442204/9285193?version=3""},""name"":""Ordering Instructions - Reference Guide"",""type"":""Ordering Instructions""},{""attachment"":{""downloadCount"":0,""fileName"":""Job Titles and Duties - New MCS.pdf"",""fileSize"":126647,""inputUri"":null,""mimeType"":""application/pdf"",""uri"":""/content/download/442205/9285200?version=1""},""name"":""Other - Job Titles and Duties"",""type"":""Other""},{""attachment"":null,""name"":""Service Updates"",""type"":null},{""attachment"":null,""name"":""Solicitation Documentation"",""type"":null},{""attachment"":null,""name"":""Award"",""type"":null},{""attachment"":{""downloadCount"":0,""fileName"":""MCS_Award_by_Category_2026.06.08.xlsx"",""fileSize"":35639,""inputUri"":null,""mimeType"":""application/vnd.openxmlformats-officedocument.spreadsheetml.sheet"",""uri"":""/content/download/442721/9299143?version=33""},""name"":""Other - MCS Award By Service Categories"",""type"":""Other""},{""attachment"":null,""name"":""Complete Contract - Contracts"",""type"":""Complete Contract""}],""name"":""Management Consulting Services"",""newCategory"":""Consulting Services"",""number"":""80101500-25-STC""},""detail_url"":""https://www.dms.myflorida.com/business_operations/state_purchasing/state_contracts_and_agreements/state_term_contract/management_consulting_services"",""matched_vendor"":""Health Management Associates, Inc."",""search_row"":{""admin"":""Christia Nunnery"",""category"":""Consulting Services"",""endDate"":""11/30/2028"",""link"":{""isExternal"":false,""isInNewTab"":false,""locationId"":406987,""name"":""Management Consulting Services"",""url"":""https://www.dms.myflorida.com/business_operations/state_purchasing/state_contracts_and_agreements/state_term_contract/management_consulting_services""},""name"":""Management Consulting Services"",""number"":""80101500-25-STC"",""startDate"":""12/01/2025"",""type"":""""},""source_key"":""fl_dms_contract_search"",""source_note"":""Official Florida DMS Contract Search API and contract detail pages; contractor attachment XLSX supplies awarded vendor names.""}",2026-07-27T20:27:30Z
ca-caleprocure-lpa-ca-7-24-70-40-18-gainwell-technologies-llc-636623aec7a5,CA,Cal eProcure State Leveraged Procurement Agreements,7-24-70-40-18,7-24-70-40-18,cooperative_contract,GAINWELL TECHNOLOGIES LLC,Gainwell;Gainwell Technologies,California Department of General Services,7-24-70-40-18,Cloud Solutions,0,,2024-12-20,2026-09-15,2,Expiring soon,Cooperative Agreement - IT Services,https://caleprocure.ca.gov/pages/LPASearch/lpa-search.aspx,https://caleprocure.ca.gov/pages/LPASearch/lpa-search.aspx,,80,"{""buyer"":""Yolanda Tutt"",""certification_type"":"""",""row"":{""counter"":""Contract InformationPersonalize | Find | View 10 | | First 4301-4400 of 5458 Last Contract Details Contract ID Contract Description Contract Type Acquisition Type Supplier Name Supplier ID Certification Type Begin Date Expire Date Buyer View 4301 7-23-70-55-15.02 4302 7-23-70-55-15.03 4303 7-23-70-..."",""result_id"":{""Children"":{""contractId"":[{""Children"":{},""Label"":""contractId"",""Properties"":{""id"":""CNTRCT_ID$27"",""name"":null,""text"":""7-24-70-40-18""},""Selector"":""""}]},""Label"":""resultIds"",""Properties"":{""id"":""ftrZZ_CTR_SRC_VW$0_row4328""},""Selector"":""""},""row"":{""Children"":{""acquisitionType"":[{""Children"":{},""Label"":""acquisitionType"",""Properties"":{""id"":""ZZ_CTR_SRC_VW_ZZ_ACQ_TYPE$27"",""name"":null,""text"":""IT Services""},""Selector"":""""}],""beginDate"":[{""Children"":{},""Label"":""beginDate"",""Properties"":{""id"":""CNTRCT_BEGIN_DT$27"",""name"":null,""text"":""12/20/2024""},""Selector"":""""}],""buyer"":[{""Children"":{},""Label"":""buyer"",""Properties"":{""id"":""OPRDEFNDESC1$27"",""name"":null,""text"":""Yolanda Tutt""},""Selector"":""""}],""certificationType"":[{""Children"":{},""Label"":""certificationType"",""Properties"":{""id"":""DESCR100$27"",""name"":null,""text"":""\u00a0\u00a0\u00a0""},""Selector"":""""}],""contractType"":[{""Children"":{},""Label"":""contractType"",""Properties"":{""id"":""ZZ_CNTRCT_TYPE$27"",""name"":null,""text"":""Cooperative Agreement""},""Selector"":""""}],""description"":[{""Children"":{},""Label"":""description"",""Properties"":{""id"":""DESCR2$27"",""name"":null,""text"":""Cloud Solutions""},""Selector"":""""}],""expireDate"":[{""Children"":{},""Label"":""expireDate"",""Properties"":{""id"":""CNTRCT_EXPIRE_DT1$27"",""name"":null,""text"":""09/15/2026""},""Selector"":""""}],""supplierId"":[{""Children"":{},""Label"":""supplierId"",""Properties"":{""id"":""VENDOR_ID1$27"",""name"":null,""text"":""0000170566""},""Selector"":""""}],""supplierName"":[{""Children"":{},""Label"":""supplierName"",""Properties"":{""id"":""NAME11$27"",""name"":null,""text"":""GAINWELL TECHNOLOGIES LLC""},""Selector"":""""}],""view"":[{""Children"":{},""Label"":""view"",""Properties"":{""href"":""javascript:submitAction_win0(document.win0,'LINK$27');"",""id"":""LINK$27"",""name"":""LINK$27"",""onclick"":""javascript:cancelBubble(event);"",""text"":""View""},""Selector"":""""}]},""Label"":""rows"",""Properties"":{""id"":""trZZ_CTR_SRC_VW$0_row4328""},""Selector"":""""}},""source_key"":""ca_caleprocure_lpa"",""source_note"":""Cal eProcure public LPA search current contract rows; portal-side criteria are not relied on."",""supplier_id"":""0000170566"",""view_action"":""LINK$27""}",2026-07-27T20:06:42Z
nj-bso-contract-nj-nj-njstart-88783-gainwell-technologies-llc-2e6c2857d3cf,NJ,NJSTART Active Contracts,88783,88783,parent_contract,Gainwell Technologies LLC,Gainwell,Division of Purchase and Property,88783,T2409 - MEDICAID MANAGEMENT INFORMATION SYSTEM MMIS,702398107,,2015-05-01,2027-04-30,9,Expiring soon,RFP/SC-SBE,https://www.njstart.gov/bso/external/purchaseorder/poSummary.sda?docId=88783&releaseNbr=0&external=true&parentUrl=close,https://www.njstart.gov/bso/view/search/external/advancedSearchContractBlanket.xhtml?view=activeContracts,Medicaid;MMIS,76,"{""begin_date"":""05/01/2015"",""bid_solicitation_number"":"""",""contract_number"":""88783"",""description"":""T2409 - MEDICAID MANAGEMENT INFORMATION SYSTEM MMIS"",""dollars_spent_to_date"":""$702,398,107.30"",""end_date"":""04/30/2027"",""organization"":""Division of Purchase and Property"",""source_key"":""nj_njstart"",""source_note"":""Public BSO active-contracts JSF route; searches current contract/blanket records, not open bids."",""status"":""3PS - Sent"",""type_code"":""RFP/SC-SBE"",""vendor"":""Gainwell Technologies LLC""}",2026-07-27T20:01:22Z
tn-cpo-contract-tn-nv00000000-2-427-deloitte-transactions-and-business-analy-medicaid-fraud-waste-abuse-80d30827a3d2,TN,Tennessee CPO All Contracts Dashboard,"NV00000000-2,427",NV00000000,parent_contract,Deloitte Transactions and Business Analy,,Tennessee Central Procurement Office,NV00000000,Medicaid Fraud Waste Abuse,10014819,,2022-09-01,2027-08-31,13,Expiring soon,SVC (FA) type Contract,https://www.tn.gov/generalservices/procurement/central-procurement-office--cpo-/contract-information/all-contracts-dashboard.html,https://data.tn.gov/t/Public/views/CPOContractDetails/CPOContracts-ADACompliant.csv?:showVizHome=no,Medicaid,73,"{""amount"":""10,014,819.25"",""available_to_local_government"":""No"",""contract_number"":""NV00000000"",""contract_type"":""SVC (FA) type Contract"",""end_date"":""8/31/2027"",""index"":""2,427"",""measure_name"":""Amount"",""multi_year"":""Yes"",""source_key"":""tn_cpo_all_contracts_dashboard"",""source_note"":""Official tn.gov Tableau dashboard CSV export for all contracts; public probe on 2026-07-27 found no safely reachable fuller export. ADA CSV truncates Supplier Name to 40 chars and Contract Description to 30 chars; NV00000000 is dashboard-present but reused, so source_record_id appends Index when available. Statewide listing links redirect to Edison/Oracle IDCS from CLI."",""start_date"":""9/1/2022"",""supplier_name"":""Deloitte Transactions and Business Analy"",""title"":""Medicaid Fraud Waste Abuse""}",2026-07-27T20:27:49Z
tn-cpo-contract-tn-80732-2-002-aunt-bertha-a-public-benefit-corporation-mmis-clrs-06ea67f3b552,TN,Tennessee CPO All Contracts Dashboard,"80732-2,002",80732,parent_contract,AUNT BERTHA A PUBLIC BENEFIT CORPORATION,,Tennessee Central Procurement Office,80732,MMIS CLRS,4597800,,2023-12-01,2026-11-30,4,Expiring soon,SVC (FA) type Contract,https://www.tn.gov/generalservices/procurement/central-procurement-office--cpo-/contract-information/all-contracts-dashboard.html,https://data.tn.gov/t/Public/views/CPOContractDetails/CPOContracts-ADACompliant.csv?:showVizHome=no,MMIS,73,"{""amount"":""4,597,800"",""available_to_local_government"":""No"",""contract_number"":""80732"",""contract_type"":""SVC (FA) type Contract"",""end_date"":""11/30/2026"",""index"":""2,002"",""measure_name"":""Amount"",""multi_year"":""Yes"",""source_key"":""tn_cpo_all_contracts_dashboard"",""source_note"":""Official tn.gov Tableau dashboard CSV export for all contracts; public probe on 2026-07-27 found no safely reachable fuller export. ADA CSV truncates Supplier Name to 40 chars and Contract Description to 30 chars; NV00000000 is dashboard-present but reused, so source_record_id appends Index when available. Statewide listing links redirect to Edison/Oracle IDCS from CLI."",""start_date"":""12/1/2023"",""supplier_name"":""AUNT BERTHA A PUBLIC BENEFIT CORPORATION"",""title"":""MMIS CLRS""}",2026-07-27T20:27:49Z
tn-cpo-contract-tn-78841-5-244-cariten-knoxville-d-snp-medicare-medicaid-2092e2c4ec8e,TN,Tennessee CPO All Contracts Dashboard,"78841-5,244",78841,parent_contract,Cariten Knoxville,,Tennessee Central Procurement Office,78841,D-SNP Medicare/Medicaid,0,,2024-01-01,2026-12-31,5,Expiring soon,SVC (RV) type Contract,https://www.tn.gov/generalservices/procurement/central-procurement-office--cpo-/contract-information/all-contracts-dashboard.html,https://data.tn.gov/t/Public/views/CPOContractDetails/CPOContracts-ADACompliant.csv?:showVizHome=no,Medicaid;Medicare,69,"{""amount"":""0.01"",""available_to_local_government"":""No"",""contract_number"":""78841"",""contract_type"":""SVC (RV) type Contract"",""end_date"":""12/31/2026"",""index"":""5,244"",""measure_name"":""Amount"",""multi_year"":""No"",""source_key"":""tn_cpo_all_contracts_dashboard"",""source_note"":""Official tn.gov Tableau dashboard CSV export for all contracts; public probe on 2026-07-27 found no safely reachable fuller export. ADA CSV truncates Supplier Name to 40 chars and Contract Description to 30 chars; NV00000000 is dashboard-present but reused, so source_record_id appends Index when available. Statewide listing links redirect to Edison/Oracle IDCS from CLI."",""start_date"":""1/1/2024"",""supplier_name"":""Cariten Knoxville"",""title"":""D-SNP Medicare/Medicaid""}",2026-07-27T20:27:49Z
tn-cpo-contract-tn-78842-5-245-wellpoint-tennessee-inc-d-snp-medicare-medicaid-29b47045c64a,TN,Tennessee CPO All Contracts Dashboard,"78842-5,245",78842,parent_contract,WELLPOINT TENNESSEE INC,,Tennessee Central Procurement Office,78842,D-SNP Medicare/Medicaid,0,,2024-01-01,2026-12-31,5,Expiring soon,SVC (RV) type Contract,https://www.tn.gov/generalservices/procurement/central-procurement-office--cpo-/contract-information/all-contracts-dashboard.html,https://data.tn.gov/t/Public/views/CPOContractDetails/CPOContracts-ADACompliant.csv?:showVizHome=no,Medicaid;Medicare,69,"{""amount"":""0.01"",""available_to_local_government"":""No"",""contract_number"":""78842"",""contract_type"":""SVC (RV) type Contract"",""end_date"":""12/31/2026"",""index"":""5,245"",""measure_name"":""Amount"",""multi_year"":""No"",""source_key"":""tn_cpo_all_contracts_dashboard"",""source_note"":""Official tn.gov Tableau dashboard CSV export for all contracts; public probe on 2026-07-27 found no safely reachable fuller export. ADA CSV truncates Supplier Name to 40 chars and Contract Description to 30 chars; NV00000000 is dashboard-present but reused, so source_record_id appends Index when available. Statewide listing links redirect to Edison/Oracle IDCS from CLI."",""start_date"":""1/1/2024"",""supplier_name"":""WELLPOINT TENNESSEE INC"",""title"":""D-SNP Medicare/Medicaid""}",2026-07-27T20:27:49Z
tn-cpo-contract-tn-78843-5-246-volunteer-state-health-plan-inc-d-snp-medicare-medicaid-9b433a82b9bd,TN,Tennessee CPO All Contracts Dashboard,"78843-5,246",78843,parent_contract,VOLUNTEER STATE HEALTH PLAN INC,,Tennessee Central Procurement Office,78843,D-SNP Medicare/Medicaid,0,,2024-01-01,2026-12-31,5,Expiring soon,SVC (RV) type Contract,https://www.tn.gov/generalservices/procurement/central-procurement-office--cpo-/contract-information/all-contracts-dashboard.html,https://data.tn.gov/t/Public/views/CPOContractDetails/CPOContracts-ADACompliant.csv?:showVizHome=no,Medicaid;Medicare,69,"{""amount"":""0.01"",""available_to_local_government"":""No"",""contract_number"":""78843"",""contract_type"":""SVC (RV) type Contract"",""end_date"":""12/31/2026"",""index"":""5,246"",""measure_name"":""Amount"",""multi_year"":""No"",""source_key"":""tn_cpo_all_contracts_dashboard"",""source_note"":""Official tn.gov Tableau dashboard CSV export for all contracts; public probe on 2026-07-27 found no safely reachable fuller export. ADA CSV truncates Supplier Name to 40 chars and Contract Description to 30 chars; NV00000000 is dashboard-present but reused, so source_record_id appends Index when available. Statewide listing links redirect to Edison/Oracle IDCS from CLI."",""start_date"":""1/1/2024"",""supplier_name"":""VOLUNTEER STATE HEALTH PLAN INC"",""title"":""D-SNP Medicare/Medicaid""}",2026-07-27T20:27:49Z
tn-cpo-contract-tn-78844-5-247-united-healthcare-plan-of-the-river-vall-d-snp-medicare-medicaid-59d52cae4300,TN,Tennessee CPO All Contracts Dashboard,"78844-5,247",78844,parent_contract,UNITED HEALTHCARE PLAN OF THE RIVER VALL,,Tennessee Central Procurement Office,78844,D-SNP Medicare/Medicaid,0,,2024-01-01,2026-12-31,5,Expiring soon,SVC (RV) type Contract,https://www.tn.gov/generalservices/procurement/central-procurement-office--cpo-/contract-information/all-contracts-dashboard.html,https://data.tn.gov/t/Public/views/CPOContractDetails/CPOContracts-ADACompliant.csv?:showVizHome=no,Medicaid;Medicare,69,"{""amount"":""0.01"",""available_to_local_government"":""No"",""contract_number"":""78844"",""contract_type"":""SVC (RV) type Contract"",""end_date"":""12/31/2026"",""index"":""5,247"",""measure_name"":""Amount"",""multi_year"":""No"",""source_key"":""tn_cpo_all_contracts_dashboard"",""source_note"":""Official tn.gov Tableau dashboard CSV export for all contracts; public probe on 2026-07-27 found no safely reachable fuller export. ADA CSV truncates Supplier Name to 40 chars and Contract Description to 30 chars; NV00000000 is dashboard-present but reused, so source_record_id appends Index when available. Statewide listing links redirect to Edison/Oracle IDCS from CLI."",""start_date"":""1/1/2024"",""supplier_name"":""UNITED HEALTHCARE PLAN OF THE RIVER VALL"",""title"":""D-SNP Medicare/Medicaid""}",2026-07-27T20:27:49Z
tn-cpo-contract-tn-78732-5-242-harmony-health-plan-inc-snp-medicare-medicaid-ee760863b339,TN,Tennessee CPO All Contracts Dashboard,"78732-5,242",78732,parent_contract,Harmony Health Plan Inc,,Tennessee Central Procurement Office,78732,SNP Medicare/Medicaid,0,,2024-01-01,2026-12-31,5,Expiring soon,SVC (RV) type Contract,https://www.tn.gov/generalservices/procurement/central-procurement-office--cpo-/contract-information/all-contracts-dashboard.html,https://data.tn.gov/t/Public/views/CPOContractDetails/CPOContracts-ADACompliant.csv?:showVizHome=no,Medicaid;Medicare,69,"{""amount"":""0.01"",""available_to_local_government"":""No"",""contract_number"":""78732"",""contract_type"":""SVC (RV) type Contract"",""end_date"":""12/31/2026"",""index"":""5,242"",""measure_name"":""Amount"",""multi_year"":""No"",""source_key"":""tn_cpo_all_contracts_dashboard"",""source_note"":""Official tn.gov Tableau dashboard CSV export for all contracts; public probe on 2026-07-27 found no safely reachable fuller export. ADA CSV truncates Supplier Name to 40 chars and Contract Description to 30 chars; NV00000000 is dashboard-present but reused, so source_record_id appends Index when available. Statewide listing links redirect to Edison/Oracle IDCS from CLI."",""start_date"":""1/1/2024"",""supplier_name"":""Harmony Health Plan Inc"",""title"":""SNP Medicare/Medicaid""}",2026-07-27T20:27:49Z
tn-cpo-contract-tn-69357-1-775-umr-inc-medicare-supplement-plan-3b7a7625f5f3,TN,Tennessee CPO All Contracts Dashboard,"69357-1,775",69357,parent_contract,UMR INC,,Tennessee Central Procurement Office,69357,Medicare Supplement Plan,24000000,,2021-04-01,2028-06-30,23,Recompete watch,SVC (FA) type Contract,https://www.tn.gov/generalservices/procurement/central-procurement-office--cpo-/contract-information/all-contracts-dashboard.html,https://data.tn.gov/t/Public/views/CPOContractDetails/CPOContracts-ADACompliant.csv?:showVizHome=no,Medicare,66,"{""amount"":""24,000,000"",""available_to_local_government"":""No"",""contract_number"":""69357"",""contract_type"":""SVC (FA) type Contract"",""end_date"":""6/30/2028"",""index"":""1,775"",""measure_name"":""Amount"",""multi_year"":""Yes"",""source_key"":""tn_cpo_all_contracts_dashboard"",""source_note"":""Official tn.gov Tableau dashboard CSV export for all contracts; public probe on 2026-07-27 found no safely reachable fuller export. ADA CSV truncates Supplier Name to 40 chars and Contract Description to 30 chars; NV00000000 is dashboard-present but reused, so source_record_id appends Index when available. Statewide listing links redirect to Edison/Oracle IDCS from CLI."",""start_date"":""4/1/2021"",""supplier_name"":""UMR INC"",""title"":""Medicare Supplement Plan""}",2026-07-27T20:27:49Z
tn-cpo-contract-tn-85228-1-152-volunteer-behavioral-health-care-system-oac-contract-2023-1329-cbf802d5d129,TN,Tennessee CPO All Contracts Dashboard,"85228-1,152",85228,award,Volunteer Behavioral Health Care System,,Tennessee Central Procurement Office,85228,OAC Contract 2023-1329,14189463,,2024-07-01,2027-06-30,11,Expiring soon,OAC - Grants,https://www.tn.gov/generalservices/procurement/central-procurement-office--cpo-/contract-information/all-contracts-dashboard.html,https://data.tn.gov/t/Public/views/CPOContractDetails/CPOContracts-ADACompliant.csv?:showVizHome=no,behavioral health,66,"{""amount"":""14,189,463"",""available_to_local_government"":""No"",""contract_number"":""85228"",""contract_type"":""OAC - Grants"",""end_date"":""6/30/2027"",""index"":""1,152"",""measure_name"":""Amount"",""multi_year"":""Yes"",""source_key"":""tn_cpo_all_contracts_dashboard"",""source_note"":""Official tn.gov Tableau dashboard CSV export for all contracts; public probe on 2026-07-27 found no safely reachable fuller export. ADA CSV truncates Supplier Name to 40 chars and Contract Description to 30 chars; NV00000000 is dashboard-present but reused, so source_record_id appends Index when available. Statewide listing links redirect to Edison/Oracle IDCS from CLI."",""start_date"":""7/1/2024"",""supplier_name"":""Volunteer Behavioral Health Care System"",""title"":""OAC Contract 2023-1329""}",2026-07-27T20:27:49Z
tn-cpo-contract-tn-86631-1-165-allied-behavioral-health-solutions-llc-oac-contract-2023-1307-49d5c4692076,TN,Tennessee CPO All Contracts Dashboard,"86631-1,165",86631,award,ALLIED BEHAVIORAL HEALTH SOLUTIONS LLC,,Tennessee Central Procurement Office,86631,OAC Contract 2023-1307,5632396,,2025-04-01,2027-06-30,11,Expiring soon,OAC - Grants,https://www.tn.gov/generalservices/procurement/central-procurement-office--cpo-/contract-information/all-contracts-dashboard.html,https://data.tn.gov/t/Public/views/CPOContractDetails/CPOContracts-ADACompliant.csv?:showVizHome=no,behavioral health,66,"{""amount"":""5,632,396"",""available_to_local_government"":""No"",""contract_number"":""86631"",""contract_type"":""OAC - Grants"",""end_date"":""6/30/2027"",""index"":""1,165"",""measure_name"":""Amount"",""multi_year"":""Yes"",""source_key"":""tn_cpo_all_contracts_dashboard"",""source_note"":""Official tn.gov Tableau dashboard CSV export for all contracts; public probe on 2026-07-27 found no safely reachable fuller export. ADA CSV truncates Supplier Name to 40 chars and Contract Description to 30 chars; NV00000000 is dashboard-present but reused, so source_record_id appends Index when available. Statewide listing links redirect to Edison/Oracle IDCS from CLI."",""start_date"":""4/1/2025"",""supplier_name"":""ALLIED BEHAVIORAL HEALTH SOLUTIONS LLC"",""title"":""OAC Contract 2023-1307""}",2026-07-27T20:27:49Z
tn-cpo-contract-tn-84993-1-131-volunteer-behavioral-health-care-system-oac-contract-2023-1752-1d47c455359c,TN,Tennessee CPO All Contracts Dashboard,"84993-1,131",84993,award,Volunteer Behavioral Health Care System,,Tennessee Central Procurement Office,84993,OAC Contract 2023-1752,3990896,,2024-07-01,2027-06-30,11,Expiring soon,OAC - Grants,https://www.tn.gov/generalservices/procurement/central-procurement-office--cpo-/contract-information/all-contracts-dashboard.html,https://data.tn.gov/t/Public/views/CPOContractDetails/CPOContracts-ADACompliant.csv?:showVizHome=no,behavioral health,66,"{""amount"":""3,990,896"",""available_to_local_government"":""No"",""contract_number"":""84993"",""contract_type"":""OAC - Grants"",""end_date"":""6/30/2027"",""index"":""1,131"",""measure_name"":""Amount"",""multi_year"":""Yes"",""source_key"":""tn_cpo_all_contracts_dashboard"",""source_note"":""Official tn.gov Tableau dashboard CSV export for all contracts; public probe on 2026-07-27 found no safely reachable fuller export. ADA CSV truncates Supplier Name to 40 chars and Contract Description to 30 chars; NV00000000 is dashboard-present but reused, so source_record_id appends Index when available. Statewide listing links redirect to Edison/Oracle IDCS from CLI."",""start_date"":""7/1/2024"",""supplier_name"":""Volunteer Behavioral Health Care System"",""title"":""OAC Contract 2023-1752""}",2026-07-27T20:27:49Z
tn-cpo-contract-tn-82507-3-743-behavioral-health-initiatives-inc-family-focused-solutions-35185eeeb564,TN,Tennessee CPO All Contracts Dashboard,"82507-3,743",82507,award,Behavioral Health Initiatives Inc,,Tennessee Central Procurement Office,82507,Family Focused Solutions,2967954,,2024-07-01,2027-06-30,11,Expiring soon,SVC (GR) type Grant,https://www.tn.gov/generalservices/procurement/central-procurement-office--cpo-/contract-information/all-contracts-dashboard.html,https://data.tn.gov/t/Public/views/CPOContractDetails/CPOContracts-ADACompliant.csv?:showVizHome=no,behavioral health,66,"{""amount"":""2,967,954.4"",""available_to_local_government"":""No"",""contract_number"":""82507"",""contract_type"":""SVC (GR) type Grant"",""end_date"":""6/30/2027"",""index"":""3,743"",""measure_name"":""Amount"",""multi_year"":""Yes"",""source_key"":""tn_cpo_all_contracts_dashboard"",""source_note"":""Official tn.gov Tableau dashboard CSV export for all contracts; public probe on 2026-07-27 found no safely reachable fuller export. ADA CSV truncates Supplier Name to 40 chars and Contract Description to 30 chars; NV00000000 is dashboard-present but reused, so source_record_id appends Index when available. Statewide listing links redirect to Edison/Oracle IDCS from CLI."",""start_date"":""7/1/2024"",""supplier_name"":""Behavioral Health Initiatives Inc"",""title"":""Family Focused Solutions""}",2026-07-27T20:27:49Z
tn-cpo-contract-tn-83617-1-061-volunteer-behavioral-health-care-system-oac-contract-2023-1330-f80a4551bcd4,TN,Tennessee CPO All Contracts Dashboard,"83617-1,061",83617,award,Volunteer Behavioral Health Care System,,Tennessee Central Procurement Office,83617,OAC Contract 2023-1330,2832827,,2024-07-01,2027-06-30,11,Expiring soon,OAC - Grants,https://www.tn.gov/generalservices/procurement/central-procurement-office--cpo-/contract-information/all-contracts-dashboard.html,https://data.tn.gov/t/Public/views/CPOContractDetails/CPOContracts-ADACompliant.csv?:showVizHome=no,behavioral health,66,"{""amount"":""2,832,827"",""available_to_local_government"":""No"",""contract_number"":""83617"",""contract_type"":""OAC - Grants"",""end_date"":""6/30/2027"",""index"":""1,061"",""measure_name"":""Amount"",""multi_year"":""Yes"",""source_key"":""tn_cpo_all_contracts_dashboard"",""source_note"":""Official tn.gov Tableau dashboard CSV export for all contracts; public probe on 2026-07-27 found no safely reachable fuller export. ADA CSV truncates Supplier Name to 40 chars and Contract Description to 30 chars; NV00000000 is dashboard-present but reused, so source_record_id appends Index when available. Statewide listing links redirect to Edison/Oracle IDCS from CLI."",""start_date"":""7/1/2024"",""supplier_name"":""Volunteer Behavioral Health Care System"",""title"":""OAC Contract 2023-1330""}",2026-07-27T20:27:49Z
tn-cpo-contract-tn-77563-3-553-volunteer-behavioral-health-care-system-apra-csu-volunteer-4ec7475f1dee,TN,Tennessee CPO All Contracts Dashboard,"77563-3,553",77563,award,Volunteer Behavioral Health Care System,,Tennessee Central Procurement Office,77563,APRA CSU Volunteer,9942549,,2022-12-01,2026-12-31,5,Expiring soon,SVC (GR) type Grant,https://www.tn.gov/generalservices/procurement/central-procurement-office--cpo-/contract-information/all-contracts-dashboard.html,https://data.tn.gov/t/Public/views/CPOContractDetails/CPOContracts-ADACompliant.csv?:showVizHome=no,behavioral health,66,"{""amount"":""9,942,549"",""available_to_local_government"":""No"",""contract_number"":""77563"",""contract_type"":""SVC (GR) type Grant"",""end_date"":""12/31/2026"",""index"":""3,553"",""measure_name"":""Amount"",""multi_year"":""Yes"",""source_key"":""tn_cpo_all_contracts_dashboard"",""source_note"":""Official tn.gov Tableau dashboard CSV export for all contracts; public probe on 2026-07-27 found no safely reachable fuller export. ADA CSV truncates Supplier Name to 40 chars and Contract Description to 30 chars; NV00000000 is dashboard-present but reused, so source_record_id appends Index when available. Statewide listing links redirect to Edison/Oracle IDCS from CLI."",""start_date"":""12/1/2022"",""supplier_name"":""Volunteer Behavioral Health Care System"",""title"":""APRA CSU Volunteer""}",2026-07-27T20:27:49Z
tn-cpo-contract-tn-80843-3-660-ballad-health-behavioral-health-518b58d0bb0b,TN,Tennessee CPO All Contracts Dashboard,"80843-3,660",80843,award,Ballad Health,,Tennessee Central Procurement Office,80843,Behavioral Health,6000000,,2023-12-01,2026-11-30,4,Expiring soon,SVC (GR) type Grant,https://www.tn.gov/generalservices/procurement/central-procurement-office--cpo-/contract-information/all-contracts-dashboard.html,https://data.tn.gov/t/Public/views/CPOContractDetails/CPOContracts-ADACompliant.csv?:showVizHome=no,behavioral health,66,"{""amount"":""6,000,000"",""available_to_local_government"":""No"",""contract_number"":""80843"",""contract_type"":""SVC (GR) type Grant"",""end_date"":""11/30/2026"",""index"":""3,660"",""measure_name"":""Amount"",""multi_year"":""Yes"",""source_key"":""tn_cpo_all_contracts_dashboard"",""source_note"":""Official tn.gov Tableau dashboard CSV export for all contracts; public probe on 2026-07-27 found no safely reachable fuller export. ADA CSV truncates Supplier Name to 40 chars and Contract Description to 30 chars; NV00000000 is dashboard-present but reused, so source_record_id appends Index when available. Statewide listing links redirect to Edison/Oracle IDCS from CLI."",""start_date"":""12/1/2023"",""supplier_name"":""Ballad Health"",""title"":""Behavioral Health""}",2026-07-27T20:27:49Z
tn-cpo-contract-tn-80844-3-661-chattanooga-hamilton-co-hospital-author-behavioral-health-1710cc600205,TN,Tennessee CPO All Contracts Dashboard,"80844-3,661",80844,award,CHATTANOOGA HAMILTON CO HOSPITAL AUTHOR,,Tennessee Central Procurement Office,80844,Behavioral Health,6000000,,2023-12-01,2026-11-30,4,Expiring soon,SVC (GR) type Grant,https://www.tn.gov/generalservices/procurement/central-procurement-office--cpo-/contract-information/all-contracts-dashboard.html,https://data.tn.gov/t/Public/views/CPOContractDetails/CPOContracts-ADACompliant.csv?:showVizHome=no,behavioral health,66,"{""amount"":""6,000,000"",""available_to_local_government"":""No"",""contract_number"":""80844"",""contract_type"":""SVC (GR) type Grant"",""end_date"":""11/30/2026"",""index"":""3,661"",""measure_name"":""Amount"",""multi_year"":""Yes"",""source_key"":""tn_cpo_all_contracts_dashboard"",""source_note"":""Official tn.gov Tableau dashboard CSV export for all contracts; public probe on 2026-07-27 found no safely reachable fuller export. ADA CSV truncates Supplier Name to 40 chars and Contract Description to 30 chars; NV00000000 is dashboard-present but reused, so source_record_id appends Index when available. Statewide listing links redirect to Edison/Oracle IDCS from CLI."",""start_date"":""12/1/2023"",""supplier_name"":""CHATTANOOGA HAMILTON CO HOSPITAL AUTHOR"",""title"":""Behavioral Health""}",2026-07-27T20:27:49Z
tn-cpo-contract-tn-80845-3-662-methodist-le-bonheur-community-outreach-behavioral-health-9850e7802b55,TN,Tennessee CPO All Contracts Dashboard,"80845-3,662",80845,award,METHODIST LE BONHEUR COMMUNITY OUTREACH,,Tennessee Central Procurement Office,80845,Behavioral Health,6000000,,2023-12-01,2026-11-30,4,Expiring soon,SVC (GR) type Grant,https://www.tn.gov/generalservices/procurement/central-procurement-office--cpo-/contract-information/all-contracts-dashboard.html,https://data.tn.gov/t/Public/views/CPOContractDetails/CPOContracts-ADACompliant.csv?:showVizHome=no,behavioral health,66,"{""amount"":""6,000,000"",""available_to_local_government"":""No"",""contract_number"":""80845"",""contract_type"":""SVC (GR) type Grant"",""end_date"":""11/30/2026"",""index"":""3,662"",""measure_name"":""Amount"",""multi_year"":""Yes"",""source_key"":""tn_cpo_all_contracts_dashboard"",""source_note"":""Official tn.gov Tableau dashboard CSV export for all contracts; public probe on 2026-07-27 found no safely reachable fuller export. ADA CSV truncates Supplier Name to 40 chars and Contract Description to 30 chars; NV00000000 is dashboard-present but reused, so source_record_id appends Index when available. Statewide listing links redirect to Edison/Oracle IDCS from CLI."",""start_date"":""12/1/2023"",""supplier_name"":""METHODIST LE BONHEUR COMMUNITY OUTREACH"",""title"":""Behavioral Health""}",2026-07-27T20:27:49Z
tn-cpo-contract-tn-80846-3-663-east-tennessee-childrens-hospital-associ-behavioral-health-5b0b834223f4,TN,Tennessee CPO All Contracts Dashboard,"80846-3,663",80846,award,EAST TENNESSEE CHILDRENS HOSPITAL ASSOCI,,Tennessee Central Procurement Office,80846,Behavioral Health,6000000,,2023-12-01,2026-11-30,4,Expiring soon,SVC (GR) type Grant,https://www.tn.gov/generalservices/procurement/central-procurement-office--cpo-/contract-information/all-contracts-dashboard.html,https://data.tn.gov/t/Public/views/CPOContractDetails/CPOContracts-ADACompliant.csv?:showVizHome=no,behavioral health,66,"{""amount"":""6,000,000"",""available_to_local_government"":""No"",""contract_number"":""80846"",""contract_type"":""SVC (GR) type Grant"",""end_date"":""11/30/2026"",""index"":""3,663"",""measure_name"":""Amount"",""multi_year"":""Yes"",""source_key"":""tn_cpo_all_contracts_dashboard"",""source_note"":""Official tn.gov Tableau dashboard CSV export for all contracts; public probe on 2026-07-27 found no safely reachable fuller export. ADA CSV truncates Supplier Name to 40 chars and Contract Description to 30 chars; NV00000000 is dashboard-present but reused, so source_record_id appends Index when available. Statewide listing links redirect to Edison/Oracle IDCS from CLI."",""start_date"":""12/1/2023"",""supplier_name"":""EAST TENNESSEE CHILDRENS HOSPITAL ASSOCI"",""title"":""Behavioral Health""}",2026-07-27T20:27:49Z
tn-cpo-contract-tn-80847-3-664-vanderbilt-university-medical-center-behavioral-health-082212c37b7b,TN,Tennessee CPO All Contracts Dashboard,"80847-3,664",80847,award,VANDERBILT UNIVERSITY MEDICAL CENTER,,Tennessee Central Procurement Office,80847,Behavioral Health,6000000,,2023-12-01,2026-11-30,4,Expiring soon,SVC (GR) type Grant,https://www.tn.gov/generalservices/procurement/central-procurement-office--cpo-/contract-information/all-contracts-dashboard.html,https://data.tn.gov/t/Public/views/CPOContractDetails/CPOContracts-ADACompliant.csv?:showVizHome=no,behavioral health,66,"{""amount"":""6,000,000"",""available_to_local_government"":""No"",""contract_number"":""80847"",""contract_type"":""SVC (GR) type Grant"",""end_date"":""11/30/2026"",""index"":""3,664"",""measure_name"":""Amount"",""multi_year"":""Yes"",""source_key"":""tn_cpo_all_contracts_dashboard"",""source_note"":""Official tn.gov Tableau dashboard CSV export for all contracts; public probe on 2026-07-27 found no safely reachable fuller export. ADA CSV truncates Supplier Name to 40 chars and Contract Description to 30 chars; NV00000000 is dashboard-present but reused, so source_record_id appends Index when available. Statewide listing links redirect to Edison/Oracle IDCS from CLI."",""start_date"":""12/1/2023"",""supplier_name"":""VANDERBILT UNIVERSITY MEDICAL CENTER"",""title"":""Behavioral Health""}",2026-07-27T20:27:49Z
mi-vss-award-mi-rfp-171-220000002555-2-milliman-usa-inc-1-4f3271f41c1b,MI,Michigan SIGMA VSS Awarded Solicitations,RFP-171-220000002555-2:1,RFP-171-220000002555-2,award,MILLIMAN USA INC,Medicaid,"Technology, Management and Budget",RFP-171-220000002555-2,Medicaid Actuarial Services,5371935,2022-10-25,2023-03-01,2028-02-28,19,Recompete watch,VSS Awarded Solicitation (Request for Proposals (RFP); Awarded),https://sigma.michigan.gov/PRDVSS1X1/Advantage4,https://sigma.michigan.gov/PRDVSS1X1/Advantage4,Medicaid,63,"{""attachments"":[{""ADV_ROW_ID"":""pf4dQbPOl0uk8bhL"",""ADV_ROW_KEY"":""0"",""ADV_ROW_SEL"":false,""OBJ_ATT_DSCR"":"""",""OBJ_ATT_DT"":1655438400000,""OBJ_ATT_NM"":""220000002555 - Medicaid Actuarial.docx"",""OBJ_ATT_TYP"":""1""},{""ADV_ROW_ID"":""5XffG66XqZiopVgg"",""ADV_ROW_KEY"":""0"",""ADV_ROW_SEL"":false,""OBJ_ATT_DSCR"":""Answers to bidder questions for RFP 220000002555"",""OBJ_ATT_DT"":1657166400000,""OBJ_ATT_NM"":""Medicaid Actuarial Services - Bidder Questions.xlsx"",""OBJ_ATT_TYP"":""1""}],""award_headers"":[{""ADV_ROW_ID"":""OYJSqwtxdEZcTrdn"",""ADV_ROW_KEY"":""0"",""ADV_ROW_SEL"":false,""LGL_NM"":""MILLIMAN USA INC"",""TOT_PRICE"":""$5,371,935.00""}],""award_line"":{""ADV_ROW_ID"":""NM0e9m8S37YAlYfQ"",""ADV_ROW_KEY"":""1761283171"",""ADV_ROW_SEL"":false,""AWARD_CNTRC_AM"":""$0.00"",""AWARD_DISC_PC"":""0.0000"",""AWARD_DT"":1666670400000,""AWARD_UNIT_PRICE"":""$0.00"",""DOC_COMMGP_LN_NO"":""1"",""DOC_COMMLN_LN_NO"":""1"",""EXTR_CMNT"":"""",""EXT_DSCR"":""MEDICAID ACTUARIAL SERVICES"",""LGL_NM"":""MILLIMAN USA INC"",""QTY"":"""",""UNIT_MEAS_CD"":""""},""header"":{""ADDL_INFO"":""Please see attached documents for the Proposal Instructions, Statement of Work, Pricing Schedule, Vendor Worksheet, Standard Terms and Conditions, and additional informational schedules.  "",""ADV_ROW_ID"":""Z8yBF5ONced2pZJc"",""ADV_ROW_KEY"":""0"",""ADV_ROW_SEL"":false,""AD_LN_1"":""N/A"",""AD_LN_2"":"""",""AMND_DT"":1657166400000,""AMND_NO"":""1"",""ATTN"":"""",""AWARD_DT"":1666670400000,""BUYR_EMAIL_AD"":""OstrowskiM@michigan.gov"",""BUYR_FAX_NO"":"""",""BUYR_NM"":""MARY OSTROWSKI"",""BUYR_PH_EXT"":"""",""BUYR_PH_NO"":""517-249-0438"",""CITY"":""Various"",""CTRY"":"""",""DOC_CD"":""RFP"",""DOC_DEPT_CD"":""171"",""DOC_DSCR"":""Medicaid Actuarial Services"",""DOC_ID"":""220000002555"",""DOC_VERS_NO"":""2"",""INTENT_POSTED_DT"":"""",""ISSNG_OFC"":""DTMB"",""ISSR_PH_EXT"":"""",""ISSR_PH_NO"":""517-449-8952"",""LOC_NM"":""Electronic Responses On Line"",""ORIG_PUB_DT"":1655438400000,""PRCU_ID"":""943114"",""PRO_ONLN_RESP_FL"":false,""PUB_BID_OP_DT_TM"":"""",""PUB_DT"":1657166400000,""RQSTR_OFC"":""DTMB"",""RQSTR_PH_EXT"":"""",""RQSTR_PH_NO"":""517-449-8952"",""SO_CAT_CD"":"""",""SO_CLSNG_DT"":1658509200000,""SO_CLSNG_DT_TM"":1658509200000,""SO_CLSNG_TM"":-2208924000000,""SO_STA"":""A"",""SO_TIME_LEFT"":""-126673359000"",""SRCH_DOC_ID"":""RFP-171-220000002555-2"",""ST"":""MI"",""TM_TO_CLSNG"":""Expired"",""ZIP"":""""},""intent_line"":{""ADV_ROW_ID"":""4uAJfqJrY6Fg9bLK"",""ADV_ROW_KEY"":""1761283171"",""ADV_ROW_SEL"":false,""DISC_PC"":"""",""DOC_COMMGP_LN_NO"":""1"",""DOC_COMMLN_LN_NO"":""1"",""EST_SVC_CNTRC_AM_VIEW"":""$5,371,935.00"",""EXTR_CMNT"":"""",""EXT_DSCR"":""MEDICAID ACTUARIAL SERVICES"",""INTENT_AWARD_DT"":1666584000000,""LGL_NM"":""MILLIMAN USA INC"",""QTY"":"""",""UNIT_MEAS_CD"":"""",""UNIT_PRICE_VIEW"":""""},""service_line"":{""ADDL_HNDL_INFO"":"""",""ADV_ROW_ID"":""GC6nJ3Fkk96GKzNc"",""ADV_ROW_KEY"":""-618422761"",""ADV_ROW_SEL"":false,""BILL_ADD_1"":""235 S Grand Ave"",""BILL_ADD_2"":""Floor 10"",""BILL_ATTN"":"""",""BILL_CITY"":""Lansing"",""BILL_CTRY"":"""",""BILL_LOC_NM"":""Accounting"",""BILL_ST"":""MI"",""BILL_ZIP"":""48933"",""CLR"":"""",""CNTRC_AM"":""$21,000,000.00"",""COMM_CD"":""94612"",""COMM_DSCR"":""Actuarial Services"",""COMM_SPECS"":"""",""CTLG_NM"":"""",""DET_INST"":"""",""DLLR_CAP_1"":"""",""DLLR_CAP_2"":"""",""DLLR_CAP_3"":"""",""DLLR_CAP_4"":"""",""DLLR_CAP_5"":"""",""DLVR_DT"":"""",""DOC_COMMGP_LN_NO"":""1"",""DOC_COMMLN_LN_NO"":""1"",""DRWNG_NO"":"""",""EFBGN_DT"":"""",""EFEND_DT"":"""",""EXT_DSCR"":""MEDICAID ACTUARIAL SERVICES"",""HAZ_MAT"":"""",""LN_TYP"":""2"",""MANFR_NM"":"""",""MANFR_PART_NO"":"""",""MDL_NO"":"""",""MSDS_FL"":false,""PIECE_NO"":"""",""PKG_INST"":"""",""PREF_CD_1"":"""",""PREF_CD_2"":"""",""PREF_CD_3"":"""",""PREF_CD_4"":"""",""PREF_CD_5"":"""",""PROD_CAT_NO"":"""",""QTY"":"""",""SER_NO"":"""",""SHIP_ADD_1"":"""",""SHIP_ADD_2"":"""",""SHIP_ATTN"":"""",""SHIP_CITY"":"""",""SHIP_CTRY"":"""",""SHIP_LOC_NM"":"""",""SHIP_ST"":"""",""SHIP_ZIP"":"""",""SPEC_HNDL_INST"":"""",""SPFN_NO"":"""",""SVC_END_DT"":1835326800000,""SVC_STRT_DT"":1677646800000,""SZ"":"""",""UNIT_MEAS_CD"":"""",""UNIT_PRICE"":"""",""WGHT_FACT_1"":"""",""WGHT_FACT_2"":"""",""WGHT_FACT_3"":"""",""WGHT_FACT_4"":"""",""WGHT_FACT_5"":"""",""WTY_TYP"":""""},""source_key"":""mi_sigma_vss"",""source_note"":""Public CGI Advantage VSS guest flow: carousel to Award History and View Published Solicitations, then awarded solicitation detail JSON."",""source_row"":{""ADV_ROW_ID"":""QYEZZ6oePq7Cf3G3"",""ADV_ROW_SEL"":false,""AMND_DT"":1657166400000,""BUYR_EMAIL_AD"":""OstrowskiM@michigan.gov"",""BUYR_FAX_NO"":"""",""BUYR_NM"":""MARY OSTROWSKI"",""BUYR_PH_NO"":""517-249-0438"",""DEPT_NM"":""Technology, Management and Budget"",""DOC_CD"":""RFP"",""DOC_CD_CONCAT"":""Request for Proposals (RFP)"",""DOC_DSCR"":""Medicaid Actuarial Services"",""DOC_REF"":""[RFP,171,220000002555,2][RFP-171-220000002555-2]"",""INTENT_POSTED_DT"":1666584000000,""PUB_BID_OP_DT"":"""",""PUB_DT"":1657166400000,""QRY_SRCH_STRING"":"""",""SHOW_TXT"":"""",""SO_CAT_CD"":"""",""SO_CLSNG_DT_TM"":1658509200000,""SO_STA"":""A"",""SO_TIME_LEFT"":""-126673358000""}}",2026-07-27T20:02:40Z
tn-cpo-contract-tn-85166-4-449-department-of-health-and-human-services-eligibility-determination-cms-91c9ed823c01,TN,Tennessee CPO All Contracts Dashboard,"85166-4,449",85166,parent_contract,Department of Health and Human Services,,Tennessee Central Procurement Office,85166,Eligibility Determination CMS,30000000,,2024-07-01,2029-06-30,35,Recompete watch,SVC (GU) type Contract,https://www.tn.gov/generalservices/procurement/central-procurement-office--cpo-/contract-information/all-contracts-dashboard.html,https://data.tn.gov/t/Public/views/CPOContractDetails/CPOContracts-ADACompliant.csv?:showVizHome=no,CMS;eligibility,62,"{""amount"":""30,000,000"",""available_to_local_government"":""No"",""contract_number"":""85166"",""contract_type"":""SVC (GU) type Contract"",""end_date"":""6/30/2029"",""index"":""4,449"",""measure_name"":""Amount"",""multi_year"":""Yes"",""source_key"":""tn_cpo_all_contracts_dashboard"",""source_note"":""Official tn.gov Tableau dashboard CSV export for all contracts; public probe on 2026-07-27 found no safely reachable fuller export. ADA CSV truncates Supplier Name to 40 chars and Contract Description to 30 chars; NV00000000 is dashboard-present but reused, so source_record_id appends Index when available. Statewide listing links redirect to Edison/Oracle IDCS from CLI."",""start_date"":""7/1/2024"",""supplier_name"":""Department of Health and Human Services"",""title"":""Eligibility Determination CMS""}",2026-07-27T20:27:49Z
tn-cpo-contract-tn-73834-1-828-behavioral-health-assessment-pllc-doc-hr-psych-evals-f51b1ae22611,TN,Tennessee CPO All Contracts Dashboard,"73834-1,828",73834,parent_contract,Behavioral Health & Assessment PLLC,,Tennessee Central Procurement Office,73834,DOC_HR_Psych_Evals,1595800,,2022-05-01,2027-04-30,9,Expiring soon,SVC (FA) type Contract,https://www.tn.gov/generalservices/procurement/central-procurement-office--cpo-/contract-information/all-contracts-dashboard.html,https://data.tn.gov/t/Public/views/CPOContractDetails/CPOContracts-ADACompliant.csv?:showVizHome=no,behavioral health,61,"{""amount"":""1,595,800"",""available_to_local_government"":""No"",""contract_number"":""73834"",""contract_type"":""SVC (FA) type Contract"",""end_date"":""4/30/2027"",""index"":""1,828"",""measure_name"":""Amount"",""multi_year"":""Yes"",""source_key"":""tn_cpo_all_contracts_dashboard"",""source_note"":""Official tn.gov Tableau dashboard CSV export for all contracts; public probe on 2026-07-27 found no safely reachable fuller export. ADA CSV truncates Supplier Name to 40 chars and Contract Description to 30 chars; NV00000000 is dashboard-present but reused, so source_record_id appends Index when available. Statewide listing links redirect to Edison/Oracle IDCS from CLI."",""start_date"":""5/1/2022"",""supplier_name"":""Behavioral Health & Assessment PLLC"",""title"":""DOC_HR_Psych_Evals""}",2026-07-27T20:27:49Z
tn-cpo-contract-tn-77687-1-898-national-council-for-behavioral-health-34349-03622-ncmwb-mh-a3-183c0c4a1f9f,TN,Tennessee CPO All Contracts Dashboard,"77687-1,898",77687,parent_contract,NATIONAL COUNCIL FOR BEHAVIORAL HEALTH,,Tennessee Central Procurement Office,77687,34349-03622 NCMWB MH A3,1369275,,2023-03-15,2027-03-14,8,Expiring soon,SVC (FA) type Contract,https://www.tn.gov/generalservices/procurement/central-procurement-office--cpo-/contract-information/all-contracts-dashboard.html,https://data.tn.gov/t/Public/views/CPOContractDetails/CPOContracts-ADACompliant.csv?:showVizHome=no,behavioral health,61,"{""amount"":""1,369,275"",""available_to_local_government"":""No"",""contract_number"":""77687"",""contract_type"":""SVC (FA) type Contract"",""end_date"":""3/14/2027"",""index"":""1,898"",""measure_name"":""Amount"",""multi_year"":""Yes"",""source_key"":""tn_cpo_all_contracts_dashboard"",""source_note"":""Official tn.gov Tableau dashboard CSV export for all contracts; public probe on 2026-07-27 found no safely reachable fuller export. ADA CSV truncates Supplier Name to 40 chars and Contract Description to 30 chars; NV00000000 is dashboard-present but reused, so source_record_id appends Index when available. Statewide listing links redirect to Edison/Oracle IDCS from CLI."",""start_date"":""3/15/2023"",""supplier_name"":""NATIONAL COUNCIL FOR BEHAVIORAL HEALTH"",""title"":""34349-03622 NCMWB MH A3""}",2026-07-27T20:27:49Z
tn-cpo-contract-tn-70164-1-783-united-behavioral-health-eap-and-bho-benefits-bea84d59c9f0,TN,Tennessee CPO All Contracts Dashboard,"70164-1,783",70164,parent_contract,United Behavioral Health,,Tennessee Central Procurement Office,70164,EAP and BHO benefits,32075000,,2021-06-01,2028-06-30,23,Recompete watch,SVC (FA) type Contract,https://www.tn.gov/generalservices/procurement/central-procurement-office--cpo-/contract-information/all-contracts-dashboard.html,https://data.tn.gov/t/Public/views/CPOContractDetails/CPOContracts-ADACompliant.csv?:showVizHome=no,behavioral health,54,"{""amount"":""32,075,000"",""available_to_local_government"":""No"",""contract_number"":""70164"",""contract_type"":""SVC (FA) type Contract"",""end_date"":""6/30/2028"",""index"":""1,783"",""measure_name"":""Amount"",""multi_year"":""Yes"",""source_key"":""tn_cpo_all_contracts_dashboard"",""source_note"":""Official tn.gov Tableau dashboard CSV export for all contracts; public probe on 2026-07-27 found no safely reachable fuller export. ADA CSV truncates Supplier Name to 40 chars and Contract Description to 30 chars; NV00000000 is dashboard-present but reused, so source_record_id appends Index when available. Statewide listing links redirect to Edison/Oracle IDCS from CLI."",""start_date"":""6/1/2021"",""supplier_name"":""United Behavioral Health"",""title"":""EAP and BHO benefits""}",2026-07-27T20:27:49Z
pa-108613,PA,PA Treasury OpenBookPA Contracts e-Library,108613,108613,parent_contract,"Gainwell Technologies, LLC",Gainwell,"Department of Human Services ""prior DPW""",4000022569,Medicaid Management Information System,5000,2010-08-24,,2011-08-31,-179,Expired/past award,Parent Contract,https://www.patreasury.gov/openbookpa/e-library/Home/ContractView?id=108613,https://www.patreasury.gov/openbookpa/e-library/,Medicaid,51,"{""AgencyName"":""Department of Human Services \""prior DPW\"","",""BeginDate"":"""",""ContractAmount"":5000.0,""ContractID"":108613,""ContractNumber"":""4000022569"",""CreatedById"":1,""CreatedOn"":""/Date(1282804476530)/"",""DeletedById"":null,""DocName"":""Contract"",""DocTypeIdFk"":1,""EndDate"":""08/31/2011"",""ExecutionDate"":""08/24/2010"",""IsDeleted"":false,""ModifiedById"":5787,""ModifiedOn"":""/Date(1754072238603)/"",""ParentID"":null,""PartyName"":"" Gainwell Technologies, LLC"",""RequestDate"":null,""SubjectMatter"":""Medicaid Management Information System"",""TotalCount"":8}",2026-07-27T20:00:28Z
co-vss-award-co-rfp-faaa-2026000190-3-altarum-institute-1-eaaab85011b9,CO,ColoradoVSS Awarded Solicitations,RFP-FAAA-2026000190-3:1,RFP-FAAA-2026000190-3,award,Altarum Institute,interoperability,CDPHE - Department of Public Health and Environment,RFP-FAAA-2026000190-3,Vital Records Interoperability Project,250000,2026-07-06,2026-07-01,2027-06-30,11,Expiring soon,VSS Awarded Solicitation (Request for Proposals (RFP); Awarded),https://prd.co.cgiadvantage.com/PRDVSS1X1/Advantage4,https://prd.co.cgiadvantage.com/PRDVSS1X1/Advantage4,interoperability,51,"{""attachments"":[{""ADV_ROW_ID"":""XCv9kUEugtsZTth5"",""ADV_ROW_KEY"":""0"",""ADV_ROW_SEL"":false,""OBJ_ATT_DSCR"":"""",""OBJ_ATT_DT"":1775455200000,""OBJ_ATT_NM"":""RFP 2026-0190 - Vital Records Interoperability Project.pdf"",""OBJ_ATT_TYP"":""1""},{""ADV_ROW_ID"":""0yGLyfDyjQWe9zVy"",""ADV_ROW_KEY"":""0"",""ADV_ROW_SEL"":false,""OBJ_ATT_DSCR"":"""",""OBJ_ATT_DT"":1775455200000,""OBJ_ATT_NM"":""Attachment 2 - Budget - Price Sheet Template.xlsx"",""OBJ_ATT_TYP"":""1""},{""ADV_ROW_ID"":""edyGsbrFJlPm4Dak"",""ADV_ROW_KEY"":""0"",""ADV_ROW_SEL"":false,""OBJ_ATT_DSCR"":"""",""OBJ_ATT_DT"":1775455200000,""OBJ_ATT_NM"":""Attachment 3 - System Security Plan 2.5.5 Template.docx"",""OBJ_ATT_TYP"":""1""},{""ADV_ROW_ID"":""EEvOdodKOCFBf65P"",""ADV_ROW_KEY"":""0"",""ADV_ROW_SEL"":false,""OBJ_ATT_DSCR"":"""",""OBJ_ATT_DT"":1775455200000,""OBJ_ATT_NM"":""Attachment 4 - Personal Identifying Information Act (PII).pdf"",""OBJ_ATT_TYP"":""1""},{""ADV_ROW_ID"":""mxXQgeFqmdtFXSRg"",""ADV_ROW_KEY"":""0"",""ADV_ROW_SEL"":false,""OBJ_ATT_DSCR"":"""",""OBJ_ATT_DT"":1775455200000,""OBJ_ATT_NM"":""Exhibit A - Electronic Submission Instructions 3.2026.docx"",""OBJ_ATT_TYP"":""1""},{""ADV_ROW_ID"":""LMJpXqkkWZyWvYYj"",""ADV_ROW_KEY"":""0"",""ADV_ROW_SEL"":false,""OBJ_ATT_DSCR"":"""",""OBJ_ATT_DT"":1775455200000,""OBJ_ATT_NM"":""Exhibit B - Draft Statement of Work.docx"",""OBJ_ATT_TYP"":""1""},{""ADV_ROW_ID"":""DeIlfIvobiRKXCHa"",""ADV_ROW_KEY"":""0"",""ADV_ROW_SEL"":false,""OBJ_ATT_DSCR"":"""",""OBJ_ATT_DT"":1775455200000,""OBJ_ATT_NM"":""Exhibit C - State of CO - OIT-OSC Contract - 09.2025.pdf"",""OBJ_ATT_TYP"":""1""},{""ADV_ROW_ID"":""2Go8t3amBgGgbyZt"",""ADV_ROW_KEY"":""0"",""ADV_ROW_SEL"":false,""OBJ_ATT_DSCR"":"""",""OBJ_ATT_DT"":1775455200000,""OBJ_ATT_NM"":""Attachment 1 - Vendor Information-Confirmation of Offer Form.docx"",""OBJ_ATT_TYP"":""1""},{""ADV_ROW_ID"":""vkaYwBjjS8nZ96Do"",""ADV_ROW_KEY"":""0"",""ADV_ROW_SEL"":false,""OBJ_ATT_DSCR"":"""",""OBJ_ATT_DT"":1776837600000,""OBJ_ATT_NM"":""Q&A List - Vital Records Interoperability Project.pdf"",""OBJ_ATT_TYP"":""1""}],""award_headers"":[{""ADV_ROW_ID"":""6WOBZc0lordYf83B"",""ADV_ROW_KEY"":""0"",""ADV_ROW_SEL"":false,""LGL_NM"":""Altarum Institute"",""TOT_PRICE"":""$250,000.00""}],""award_line"":{""ADV_ROW_ID"":""EZaVbVJUc87nZgMm"",""ADV_ROW_KEY"":""258326135"",""ADV_ROW_SEL"":false,""AWARD_CNTRC_AM"":""$250,000.00"",""AWARD_DISC_PC"":"""",""AWARD_DT"":1783317600000,""AWARD_UNIT_PRICE"":""$0.00"",""DOC_COMMGP_LN_NO"":""1"",""DOC_COMMLN_LN_NO"":""1"",""EXTR_CMNT"":"""",""EXT_DSCR"":""Vital Records Interoperability Project"",""LGL_NM"":""Altarum Institute"",""QTY"":"""",""UNIT_MEAS_CD"":""""},""header"":{""ADDL_INFO"":""Modification 2 - Addition of Addendum 1 - Question and Answer PDF Doc. - All else remains the same.\r\nModification 1 - To replace Attachment 1 - Vendor Information - Confirmation of Offer Form with Corrected Title - All else remains the same.\r\nThe main purpose of this Colorado Department of Public Health and Environment (CDPHE) Request for Proposals (RFP) is to solicit responses from qualified Offerors for the installation, configuration, and deployment of a Rhapsody instance to enable the transmission of various vital records using the required FHIR standard.\r\nThe single point of contact for this solicitation is Darla Wear at Darla.wear@state.co.us"",""ADV_ROW_ID"":""MzgqFQiFmkTDXEuX"",""ADV_ROW_KEY"":""0"",""ADV_ROW_SEL"":false,""AD_LN_1"":""4300 CHERRY CREEK DRIVE SOUTH"",""AD_LN_2"":"""",""AMND_DT"":1776837600000,""AMND_NO"":""2"",""ATTN"":""Purchasing Dept"",""AWARD_DT"":1783317600000,""BUYR_EMAIL_AD"":""darla.wear@state.co.us"",""BUYR_FAX_NO"":"""",""BUYR_NM"":""Darla Wear"",""BUYR_PH_EXT"":"""",""BUYR_PH_NO"":"""",""CITY"":""DENVER"",""CTRY"":""US"",""DOC_CD"":""RFP"",""DOC_DEPT_CD"":""FAAA"",""DOC_DSCR"":""Vital Records Interoperability Project"",""DOC_ID"":""2026000190"",""DOC_VERS_NO"":""3"",""INTENT_POSTED_DT"":"""",""ISSNG_OFC"":""Wear"",""ISSR_PH_EXT"":"""",""ISSR_PH_NO"":"""",""LOC_NM"":""BUILDING OPERATIONS B-1"",""ORIG_PUB_DT"":1775455200000,""PRCU_ID"":""2328726"",""PRO_ONLN_RESP_FL"":true,""PUB_BID_OP_DT_TM"":"""",""PUB_DT"":1776837600000,""RQSTR_OFC"":""-"",""RQSTR_PH_EXT"":"""",""RQSTR_PH_NO"":""7202615083"",""SO_CAT_CD"":""18"",""SO_CLSNG_DT"":1778184000000,""SO_CLSNG_DT_TM"":1778184000000,""SO_CLSNG_TM"":-2208913200000,""SO_STA"":""A"",""SO_TIME_LEFT"":""-6999938000"",""SRCH_DOC_ID"":""RFP-FAAA-2026000190-3"",""ST"":""CO"",""TM_TO_CLSNG"":""Expired"",""ZIP"":""80246-1530""},""intent_line"":{},""service_line"":{""ADDL_HNDL_INFO"":"""",""ADV_ROW_ID"":""PmnmnhHk2iAIHl6H"",""ADV_ROW_KEY"":""-1437661133"",""ADV_ROW_SEL"":false,""BILL_ADD_1"":"""",""BILL_ADD_2"":"""",""BILL_ATTN"":"""",""BILL_CITY"":"""",""BILL_CTRY"":"""",""BILL_LOC_NM"":"""",""BILL_ST"":"""",""BILL_ZIP"":"""",""CLR"":"""",""CNTRC_AM"":""$250,000.00"",""COMM_CD"":""962"",""COMM_DSCR"":""MISCELLANEOUS SERVICES, NO. 2 (NOT OTHERWISE CLASSIFIED)"",""COMM_SPECS"":"""",""CTLG_NM"":"""",""DET_INST"":"""",""DLLR_CAP_1"":"""",""DLLR_CAP_2"":"""",""DLLR_CAP_3"":"""",""DLLR_CAP_4"":"""",""DLLR_CAP_5"":"""",""DLVR_DT"":"""",""DOC_COMMGP_LN_NO"":""1"",""DOC_COMMLN_LN_NO"":""1"",""DRWNG_NO"":"""",""EFBGN_DT"":"""",""EFEND_DT"":"""",""EXT_DSCR"":""Vital Records Interoperability Project"",""HAZ_MAT"":"""",""LN_TYP"":""2"",""MANFR_NM"":"""",""MANFR_PART_NO"":"""",""MDL_NO"":"""",""MSDS_FL"":false,""PIECE_NO"":"""",""PKG_INST"":"""",""PREF_CD_1"":"""",""PREF_CD_2"":"""",""PREF_CD_3"":"""",""PREF_CD_4"":"""",""PREF_CD_5"":"""",""PROD_CAT_NO"":"""",""QTY"":"""",""SER_NO"":"""",""SHIP_ADD_1"":"""",""SHIP_ADD_2"":"""",""SHIP_ATTN...",2026-07-27T20:25:38Z
pa-219811,PA,PA Treasury OpenBookPA Contracts e-Library,219811,219811,parent_contract,Health Management Associates Inc.,Health Management,Department of General Services,4400010023,ITQ Consulting Services- multiple award ITQ. Contract Extended until 12/31/99.,10000000,2012-07-09,,,,Open-ended/placeholder end date,Parent Contract,https://www.patreasury.gov/openbookpa/e-library/Home/ContractView?id=219811,https://www.patreasury.gov/openbookpa/e-library/,,50,"{""AgencyName"":""Department of General Services,"",""BeginDate"":"""",""ContractAmount"":10000000.0,""ContractID"":219811,""ContractNumber"":""4400010023"",""CreatedById"":4478,""CreatedOn"":""/Date(1358263634750)/"",""DeletedById"":null,""DocName"":""Contract"",""DocTypeIdFk"":1,""EndDate"":""12/31/2090"",""ExecutionDate"":""07/09/2012"",""IsDeleted"":false,""ModifiedById"":3250,""ModifiedOn"":""/Date(1435255942377)/"",""ParentID"":null,""PartyName"":"" Health Management Associates Inc."",""RequestDate"":null,""SubjectMatter"":""ITQ Consulting Services- multiple award ITQ.\r\n\r\nContract Extended until 12/31/99."",""TotalCount"":14}",2026-07-27T20:00:40Z
tn-cpo-contract-tn-72561-1-809-realmed-corporation-medical-claims-clearinghouse-8b6e1f0e4300,TN,Tennessee CPO All Contracts Dashboard,"72561-1,809",72561,parent_contract,RealMed Corporation,,Tennessee Central Procurement Office,72561,Medical Claims Clearinghouse,452635,,2021-10-01,2026-09-30,2,Expiring soon,SVC (FA) type Contract,https://www.tn.gov/generalservices/procurement/central-procurement-office--cpo-/contract-information/all-contracts-dashboard.html,https://data.tn.gov/t/Public/views/CPOContractDetails/CPOContracts-ADACompliant.csv?:showVizHome=no,claims,49,"{""amount"":""452,635"",""available_to_local_government"":""No"",""contract_number"":""72561"",""contract_type"":""SVC (FA) type Contract"",""end_date"":""9/30/2026"",""index"":""1,809"",""measure_name"":""Amount"",""multi_year"":""Yes"",""source_key"":""tn_cpo_all_contracts_dashboard"",""source_note"":""Official tn.gov Tableau dashboard CSV export for all contracts; public probe on 2026-07-27 found no safely reachable fuller export. ADA CSV truncates Supplier Name to 40 chars and Contract Description to 30 chars; NV00000000 is dashboard-present but reused, so source_record_id appends Index when available. Statewide listing links redirect to Edison/Oracle IDCS from CLI."",""start_date"":""10/1/2021"",""supplier_name"":""RealMed Corporation"",""title"":""Medical Claims Clearinghouse""}",2026-07-27T20:27:49Z
tn-cpo-contract-tn-76469-1-865-national-council-for-behavioral-health-33101-23021faf4-d3b1038011cd,TN,Tennessee CPO All Contracts Dashboard,"76469-1,865",76469,parent_contract,NATIONAL COUNCIL FOR BEHAVIORAL HEALTH,,Tennessee Central Procurement Office,76469,33101-23021FAF4,104000,,2022-11-28,2026-08-31,1,Expiring soon,SVC (FA) type Contract,https://www.tn.gov/generalservices/procurement/central-procurement-office--cpo-/contract-information/all-contracts-dashboard.html,https://data.tn.gov/t/Public/views/CPOContractDetails/CPOContracts-ADACompliant.csv?:showVizHome=no,behavioral health,49,"{""amount"":""104,000"",""available_to_local_government"":""No"",""contract_number"":""76469"",""contract_type"":""SVC (FA) type Contract"",""end_date"":""8/31/2026"",""index"":""1,865"",""measure_name"":""Amount"",""multi_year"":""Yes"",""source_key"":""tn_cpo_all_contracts_dashboard"",""source_note"":""Official tn.gov Tableau dashboard CSV export for all contracts; public probe on 2026-07-27 found no safely reachable fuller export. ADA CSV truncates Supplier Name to 40 chars and Contract Description to 30 chars; NV00000000 is dashboard-present but reused, so source_record_id appends Index when available. Statewide listing links redirect to Edison/Oracle IDCS from CLI."",""start_date"":""11/28/2022"",""supplier_name"":""NATIONAL COUNCIL FOR BEHAVIORAL HEALTH"",""title"":""33101-23021FAF4""}",2026-07-27T20:27:49Z
tn-cpo-contract-tn-82667-2-092-deloitte-consulting-llp-mmis-core-ep-module-aa0b874ec66f,TN,Tennessee CPO All Contracts Dashboard,"82667-2,092",82667,parent_contract,DELOITTE CONSULTING LLP,,Tennessee Central Procurement Office,82667,MMIS Core EP Module,64215271,,2024-08-01,2031-07-31,60,Longer-term contract,SVC (FA) type Contract,https://www.tn.gov/generalservices/procurement/central-procurement-office--cpo-/contract-information/all-contracts-dashboard.html,https://data.tn.gov/t/Public/views/CPOContractDetails/CPOContracts-ADACompliant.csv?:showVizHome=no,MMIS,48,"{""amount"":""64,215,270.6"",""available_to_local_government"":""No"",""contract_number"":""82667"",""contract_type"":""SVC (FA) type Contract"",""end_date"":""7/31/2031"",""index"":""2,092"",""measure_name"":""Amount"",""multi_year"":""Yes"",""source_key"":""tn_cpo_all_contracts_dashboard"",""source_note"":""Official tn.gov Tableau dashboard CSV export for all contracts; public probe on 2026-07-27 found no safely reachable fuller export. ADA CSV truncates Supplier Name to 40 chars and Contract Description to 30 chars; NV00000000 is dashboard-present but reused, so source_record_id appends Index when available. Statewide listing links redirect to Edison/Oracle IDCS from CLI."",""start_date"":""8/1/2024"",""supplier_name"":""DELOITTE CONSULTING LLP"",""title"":""MMIS Core EP Module""}",2026-07-27T20:27:49Z
pa-768591,PA,PA Treasury OpenBookPA Contracts e-Library,768591,768591,parent_contract,"Gainwell Technologies, LLC",Gainwell,Patient Safety Authority,PSA-Gainwell-070124-01,"IT software development and support services for the PA Patient Safety Reporting System (PA-PSRS), PA-PSRS Support Desk services, and SharePoint design and development.. This is a renewal of the current 5-year DXC/Gainwell contract (FY19-23).",7521528,2024-06-11,,2029-06-30,35,Recompete watch,Parent Contract,https://www.patreasury.gov/openbookpa/e-library/Home/ContractView?id=768591,https://www.patreasury.gov/openbookpa/e-library/,,48,"{""AgencyName"":""Patient Safety Authority,"",""BeginDate"":"""",""ContractAmount"":7521528.0,""ContractID"":768591,""ContractNumber"":""PSA-Gainwell-070124-01"",""CreatedById"":4867,""CreatedOn"":""/Date(1718631974257)/"",""DeletedById"":null,""DocName"":""Contract"",""DocTypeIdFk"":1,""EndDate"":""06/30/2029"",""ExecutionDate"":""06/11/2024"",""IsDeleted"":false,""ModifiedById"":4867,""ModifiedOn"":""/Date(1718631974257)/"",""ParentID"":null,""PartyName"":"" Gainwell Technologies, LLC"",""RequestDate"":null,""SubjectMatter"":""IT software development and support services for the PA Patient Safety Reporting System (PA-PSRS), PA-PSRS Support Desk services, and SharePoint design and development.. This is a renewal of the current 5-year DXC/Gainwell contract (FY19-23)."",""TotalCount"":8}",2026-07-27T20:00:28Z
pa-849528,PA,PA Treasury OpenBookPA Contracts e-Library,849528,108613,amendment,"Gainwell Technologies, LLC",Gainwell,"Department of Human Services ""prior DPW""",4000022569 AMND 12 10312028 ,Medicaid Management Information System,144754670,2025-10-16,,2028-10-31,27,Recompete watch,Amendment,https://www.patreasury.gov/openbookpa/e-library/Home/ContractView?id=849528,https://www.patreasury.gov/openbookpa/e-library/,Medicaid,48,"{""AgencyName"":""Department of Human Services \""prior DPW\"","",""BeginDate"":"""",""ContractAmount"":144754670.0,""ContractID"":849528,""ContractNumber"":""4000022569 AMND 12 10312028 "",""CreatedById"":5787,""CreatedOn"":""/Date(1760710439667)/"",""DeletedById"":null,""DocName"":""Amendment"",""DocTypeIdFk"":1,""EndDate"":""10/31/2028"",""ExecutionDate"":""10/16/2025"",""IsDeleted"":false,""ModifiedById"":5787,""ModifiedOn"":""/Date(1760710439667)/"",""ParentID"":108613,""PartyName"":"" Gainwell Technologies, LLC"",""RequestDate"":null,""SubjectMatter"":""Medicaid Management Information System"",""TotalCount"":8}",2026-07-27T20:00:28Z
tn-cpo-contract-tn-nv30000000-2-438-gainwell-acquisition-corp-management-information-system-fc04193b2dde,TN,Tennessee CPO All Contracts Dashboard,"NV30000000-2,438",NV30000000,parent_contract,GAINWELL ACQUISITION CORP,Gainwell,Tennessee Central Procurement Office,NV30000000,Management Information System,729445966,,2009-07-01,2026-06-30,-1,Expired/past award,SVC (FA) type Contract,https://www.tn.gov/generalservices/procurement/central-procurement-office--cpo-/contract-information/all-contracts-dashboard.html,https://data.tn.gov/t/Public/views/CPOContractDetails/CPOContracts-ADACompliant.csv?:showVizHome=no,,47,"{""amount"":""729,445,966.33"",""available_to_local_government"":""No"",""contract_number"":""NV30000000"",""contract_type"":""SVC (FA) type Contract"",""end_date"":""6/30/2026"",""index"":""2,438"",""measure_name"":""Amount"",""multi_year"":""Yes"",""source_key"":""tn_cpo_all_contracts_dashboard"",""source_note"":""Official tn.gov Tableau dashboard CSV export for all contracts; public probe on 2026-07-27 found no safely reachable fuller export. ADA CSV truncates Supplier Name to 40 chars and Contract Description to 30 chars; NV00000000 is dashboard-present but reused, so source_record_id appends Index when available. Statewide listing links redirect to Edison/Oracle IDCS from CLI."",""start_date"":""7/1/2009"",""supplier_name"":""GAINWELL ACQUISITION CORP"",""title"":""Management Information System""}",2026-07-27T20:27:49Z
tx-dir-dir-cpo-6134,TX,Texas DIR Cooperative Contracts,DIR-CPO-6134,DIR-CPO-6134,parent_contract,Gainwell Technologies LLC,Gainwell,Texas Department of Information Resources,DIR-CPO-6134,"Gainwell Technologies LLC offers deliverables-based information technology services (DBITS) through this contract, specifically: Technology Category 1: Application Development, Maintenance, and Support, Technology Upgrade, Migration, and Transformation; and Enterprise Resource Planning (ERP); Technology Category 2: Business Intelligence (BI), Data Management, Analytics, and Automation, including Data Warehousing; and Technology Category 4: Project and Program Management. Contracts may be used b...",0,,2026-01-20,2031-01-20,54,Longer-term contract,DIR Cooperative Contract,https://dir.texas.gov/contracts/dir-cpo-6134,https://dir.texas.gov/contracts,,42,"{""brand"":""Services"",""commodity_codes"":[""920-02 - Access Services, Data"",""920-14 - Applications Software, Mainframes and Servers"",""920-24 - Data Conversion Services"",""920-40 - Programming Services, Computer, Including Mobile Device Applications"",""920-44 - Risk Management for Software Development"",""920-45 - Software Maintenance and Support Services"",""920-46 - Software Updating and Upgrading Services"",""920-49 - Systems and Executive Software, Mainframe and Servers"",""920-63 - Systems and Executive Software, Mainframe and Servers"",""920-64 - System Implementation and Engineering Services"",""920-66 - System, Network, Database, DBA Administration Services"",""920-75 - Technical Writing and Documentation, IT Services"",""920-76 - Testing of Systems Infrastructure, Components or Software, IT Services"",""958-77 - Project Management Services""],""contract_number"":""DIR-CPO-6134"",""document_url"":""https://dir.texas.gov/contracts/dir-cpo-6134"",""expiration_date"":""01/20/31"",""overview"":""Gainwell Technologies LLC offers deliverables-based information technology services (DBITS) through this contract, specifically: Technology Category 1: Application Development, Maintenance, and Support, Technology Upgrade, Migration, and Transformation; and Enterprise Resource Planning (ERP); Technology Category 2: Business Intelligence (BI), Data Management, Analytics, and Automation, including Data Warehousing; and Technology Category 4: Project and Program Management. Contracts may be used by state and local government, public education, other public entities in Texas, as well as public entities outside the state. This contract is for services ONLY. No hardware or software products may be sold through a DBITS contract. Resellers are not available for this DBITS contract."",""product_services"":[""Application Development, Maintenance, and Support, Technology Upgrade, Migration, and Transformation; and Enterprise Resource Planning (ERP)"",""Business Intelligence (BI), Data Management, Analytics, and Automation, including Data Warehousing"",""Project and Program Management""],""rfo_number"":""DIR-CPO-TMP-593"",""selected_vendor_query"":""Gainwell"",""start_date"":""01/20/26"",""status"":""Active"",""term_date"":""01/20/28"",""vendor_id"":""12715101775"",""vendor_name"":""Gainwell Technologies LLC""}",2026-07-27T20:01:05Z
tn-cpo-contract-tn-85342-3-893-volunteer-behavioral-health-care-system-pipbh-volunteer-47a9cd946c1a,TN,Tennessee CPO All Contracts Dashboard,"85342-3,893",85342,award,Volunteer Behavioral Health Care System,,Tennessee Central Procurement Office,85342,PIPBH Volunteer,1273384,,2025-01-15,2029-09-29,38,Longer-term contract,SVC (GR) type Grant,https://www.tn.gov/generalservices/procurement/central-procurement-office--cpo-/contract-information/all-contracts-dashboard.html,https://data.tn.gov/t/Public/views/CPOContractDetails/CPOContracts-ADACompliant.csv?:showVizHome=no,behavioral health,41,"{""amount"":""1,273,384"",""available_to_local_government"":""No"",""contract_number"":""85342"",""contract_type"":""SVC (GR) type Grant"",""end_date"":""9/29/2029"",""index"":""3,893"",""measure_name"":""Amount"",""multi_year"":""Yes"",""source_key"":""tn_cpo_all_contracts_dashboard"",""source_note"":""Official tn.gov Tableau dashboard CSV export for all contracts; public probe on 2026-07-27 found no safely reachable fuller export. ADA CSV truncates Supplier Name to 40 chars and Contract Description to 30 chars; NV00000000 is dashboard-present but reused, so source_record_id appends Index when available. Statewide listing links redirect to Edison/Oracle IDCS from CLI."",""start_date"":""1/15/2025"",""supplier_name"":""Volunteer Behavioral Health Care System"",""title"":""PIPBH Volunteer""}",2026-07-27T20:27:49Z
tn-cpo-contract-tn-69740-3-442-tennessee-rural-health-recruitment-and-recruitment-and-retention-7e80a7d04055,TN,Tennessee CPO All Contracts Dashboard,"69740-3,442",69740,award,TENNESSEE RURAL HEALTH RECRUITMENT AND,,Tennessee Central Procurement Office,69740,Recruitment and Retention,50413600,,2021-04-01,2026-06-30,-1,Expired/past award,SVC (GR) type Grant,https://www.tn.gov/generalservices/procurement/central-procurement-office--cpo-/contract-information/all-contracts-dashboard.html,https://data.tn.gov/t/Public/views/CPOContractDetails/CPOContracts-ADACompliant.csv?:showVizHome=no,rural health,41,"{""amount"":""50,413,600"",""available_to_local_government"":""No"",""contract_number"":""69740"",""contract_type"":""SVC (GR) type Grant"",""end_date"":""6/30/2026"",""index"":""3,442"",""measure_name"":""Amount"",""multi_year"":""Yes"",""source_key"":""tn_cpo_all_contracts_dashboard"",""source_note"":""Official tn.gov Tableau dashboard CSV export for all contracts; public probe on 2026-07-27 found no safely reachable fuller export. ADA CSV truncates Supplier Name to 40 chars and Contract Description to 30 chars; NV00000000 is dashboard-present but reused, so source_record_id appends Index when available. Statewide listing links redirect to Edison/Oracle IDCS from CLI."",""start_date"":""4/1/2021"",""supplier_name"":""TENNESSEE RURAL HEALTH RECRUITMENT AND"",""title"":""Recruitment and Retention""}",2026-07-27T20:27:49Z
tn-cpo-contract-tn-78893-3-623-volunteer-behavioral-health-care-system-ils-05b2e5146563,TN,Tennessee CPO All Contracts Dashboard,"78893-3,623",78893,award,Volunteer Behavioral Health Care System,,Tennessee Central Procurement Office,78893,ILS,5749531,,2023-07-01,2026-06-30,-1,Expired/past award,SVC (GR) type Grant,https://www.tn.gov/generalservices/procurement/central-procurement-office--cpo-/contract-information/all-contracts-dashboard.html,https://data.tn.gov/t/Public/views/CPOContractDetails/CPOContracts-ADACompliant.csv?:showVizHome=no,behavioral health,41,"{""amount"":""5,749,531"",""available_to_local_government"":""No"",""contract_number"":""78893"",""contract_type"":""SVC (GR) type Grant"",""end_date"":""6/30/2026"",""index"":""3,623"",""measure_name"":""Amount"",""multi_year"":""Yes"",""source_key"":""tn_cpo_all_contracts_dashboard"",""source_note"":""Official tn.gov Tableau dashboard CSV export for all contracts; public probe on 2026-07-27 found no safely reachable fuller export. ADA CSV truncates Supplier Name to 40 chars and Contract Description to 30 chars; NV00000000 is dashboard-present but reused, so source_record_id appends Index when available. Statewide listing links redirect to Edison/Oracle IDCS from CLI."",""start_date"":""7/1/2023"",""supplier_name"":""Volunteer Behavioral Health Care System"",""title"":""ILS""}",2026-07-27T20:27:49Z
tn-cpo-contract-tn-87744-4-211-tennessee-rural-health-recruitment-and-34320-17325-trhrrc-dlrp-a1-9cffce198a2a,TN,Tennessee CPO All Contracts Dashboard,"87744-4,211",87744,award,TENNESSEE RURAL HEALTH RECRUITMENT AND,,Tennessee Central Procurement Office,87744,34320-17325 TRHRRC DLRP A1,1356867,,2025-01-01,2026-06-30,-1,Expired/past award,SVC (GR) type Grant,https://www.tn.gov/generalservices/procurement/central-procurement-office--cpo-/contract-information/all-contracts-dashboard.html,https://data.tn.gov/t/Public/views/CPOContractDetails/CPOContracts-ADACompliant.csv?:showVizHome=no,rural health,41,"{""amount"":""1,356,866.76"",""available_to_local_government"":""No"",""contract_number"":""87744"",""contract_type"":""SVC (GR) type Grant"",""end_date"":""6/30/2026"",""index"":""4,211"",""measure_name"":""Amount"",""multi_year"":""No"",""source_key"":""tn_cpo_all_contracts_dashboard"",""source_note"":""Official tn.gov Tableau dashboard CSV export for all contracts; public probe on 2026-07-27 found no safely reachable fuller export. ADA CSV truncates Supplier Name to 40 chars and Contract Description to 30 chars; NV00000000 is dashboard-present but reused, so source_record_id appends Index when available. Statewide listing links redirect to Edison/Oracle IDCS from CLI."",""start_date"":""1/1/2025"",""supplier_name"":""TENNESSEE RURAL HEALTH RECRUITMENT AND"",""title"":""34320-17325 TRHRRC DLRP A1""}",2026-07-27T20:27:49Z
tn-cpo-contract-tn-83421-3-803-volunteer-behavioral-health-care-system-k-12-mh-trust-fund-infrastruc-c5a9ec738607,TN,Tennessee CPO All Contracts Dashboard,"83421-3,803",83421,award,Volunteer Behavioral Health Care System,,Tennessee Central Procurement Office,83421,K-12 MH Trust Fund Infrastruc,1107415,,2024-05-01,2026-06-30,-1,Expired/past award,SVC (GR) type Grant,https://www.tn.gov/generalservices/procurement/central-procurement-office--cpo-/contract-information/all-contracts-dashboard.html,https://data.tn.gov/t/Public/views/CPOContractDetails/CPOContracts-ADACompliant.csv?:showVizHome=no,behavioral health,41,"{""amount"":""1,107,415"",""available_to_local_government"":""No"",""contract_number"":""83421"",""contract_type"":""SVC (GR) type Grant"",""end_date"":""6/30/2026"",""index"":""3,803"",""measure_name"":""Amount"",""multi_year"":""Yes"",""source_key"":""tn_cpo_all_contracts_dashboard"",""source_note"":""Official tn.gov Tableau dashboard CSV export for all contracts; public probe on 2026-07-27 found no safely reachable fuller export. ADA CSV truncates Supplier Name to 40 chars and Contract Description to 30 chars; NV00000000 is dashboard-present but reused, so source_record_id appends Index when available. Statewide listing links redirect to Edison/Oracle IDCS from CLI."",""start_date"":""5/1/2024"",""supplier_name"":""Volunteer Behavioral Health Care System"",""title"":""K-12 MH Trust Fund Infrastruc""}",2026-07-27T20:27:49Z
pa-696059,PA,PA Treasury OpenBookPA Contracts e-Library,696059,696059,parent_contract,GAINWELL TECHNOLOGIES LLC FKA DXC MS,Gainwell,All Using Agencies,4400027877,Master Information Technology (IT) Services Invitation to Qualify (ITQ) Contract,0,2023-03-21,,,,Open-ended/placeholder end date,Parent Contract,https://www.patreasury.gov/openbookpa/e-library/Home/ContractView?id=696059,https://www.patreasury.gov/openbookpa/e-library/,,38,"{""AgencyName"":""All Using Agencies,"",""BeginDate"":"""",""ContractAmount"":0.0,""ContractID"":696059,""ContractNumber"":""4400027877"",""CreatedById"":1,""CreatedOn"":""/Date(1679436001013)/"",""DeletedById"":null,""DocName"":""Contract"",""DocTypeIdFk"":1,""EndDate"":""12/31/2099"",""ExecutionDate"":""03/21/2023"",""IsDeleted"":false,""ModifiedById"":null,""ModifiedOn"":null,""ParentID"":null,""PartyName"":"" GAINWELL TECHNOLOGIES LLC FKA DXC MS"",""RequestDate"":null,""SubjectMatter"":""Master Information Technology (IT) Services Invitation to Qualify (ITQ) Contract"",""TotalCount"":8}",2026-07-27T20:00:25Z
pa-350389,PA,PA Treasury OpenBookPA Contracts e-Library,350389,350389,parent_contract,Health Management Systems Inc.,Health Management Systems,Department of General Services,4400015238,ITQ Consulting Services,0,2015-11-06,,,,Open-ended/placeholder end date,Parent Contract,https://www.patreasury.gov/openbookpa/e-library/Home/ContractView?id=350389,https://www.patreasury.gov/openbookpa/e-library/,,38,"{""AgencyName"":""Department of General Services,"",""BeginDate"":"""",""ContractAmount"":0.0,""ContractID"":350389,""ContractNumber"":""4400015238"",""CreatedById"":5065,""CreatedOn"":""/Date(1460469708430)/"",""DeletedById"":null,""DocName"":""Contract"",""DocTypeIdFk"":1,""EndDate"":""12/31/2099"",""ExecutionDate"":""11/06/2015"",""IsDeleted"":false,""ModifiedById"":5065,""ModifiedOn"":""/Date(1460469708430)/"",""ParentID"":null,""PartyName"":"" Health Management Systems Inc."",""RequestDate"":null,""SubjectMatter"":""ITQ Consulting Services"",""TotalCount"":19}",2026-07-27T20:00:46Z
tn-cpo-contract-tn-90373-2-393-united-behavioral-health-eap-and-bho-benefits-eeb4df6b3b67,TN,Tennessee CPO All Contracts Dashboard,"90373-2,393",90373,parent_contract,United Behavioral Health,,Tennessee Central Procurement Office,90373,EAP and BHO benefits,83000000,,2026-05-01,2033-06-30,83,Longer-term contract,SVC (FA) type Contract,https://www.tn.gov/generalservices/procurement/central-procurement-office--cpo-/contract-information/all-contracts-dashboard.html,https://data.tn.gov/t/Public/views/CPOContractDetails/CPOContracts-ADACompliant.csv?:showVizHome=no,behavioral health,36,"{""amount"":""83,000,000"",""available_to_local_government"":""No"",""contract_number"":""90373"",""contract_type"":""SVC (FA) type Contract"",""end_date"":""6/30/2033"",""index"":""2,393"",""measure_name"":""Amount"",""multi_year"":""Yes"",""source_key"":""tn_cpo_all_contracts_dashboard"",""source_note"":""Official tn.gov Tableau dashboard CSV export for all contracts; public probe on 2026-07-27 found no safely reachable fuller export. ADA CSV truncates Supplier Name to 40 chars and Contract Description to 30 chars; NV00000000 is dashboard-present but reused, so source_record_id appends Index when available. Statewide listing links redirect to Edison/Oracle IDCS from CLI."",""start_date"":""5/1/2026"",""supplier_name"":""United Behavioral Health"",""title"":""EAP and BHO benefits""}",2026-07-27T20:27:49Z
tn-cpo-contract-tn-87755-4-944-dyersburg-state-community-college-33201-03426-dscc-rural-health-ae1e2d6e5301,TN,Tennessee CPO All Contracts Dashboard,"87755-4,944",87755,parent_contract,Dyersburg State Community College,,Tennessee Central Procurement Office,87755,33201-03426 DSCC Rural Health,2000000,,2025-09-15,2029-09-30,38,Longer-term contract,SVC (IG) type Contract,https://www.tn.gov/generalservices/procurement/central-procurement-office--cpo-/contract-information/all-contracts-dashboard.html,https://data.tn.gov/t/Public/views/CPOContractDetails/CPOContracts-ADACompliant.csv?:showVizHome=no,rural health,36,"{""amount"":""2,000,000"",""available_to_local_government"":""No"",""contract_number"":""87755"",""contract_type"":""SVC (IG) type Contract"",""end_date"":""9/30/2029"",""index"":""4,944"",""measure_name"":""Amount"",""multi_year"":""Yes"",""source_key"":""tn_cpo_all_contracts_dashboard"",""source_note"":""Official tn.gov Tableau dashboard CSV export for all contracts; public probe on 2026-07-27 found no safely reachable fuller export. ADA CSV truncates Supplier Name to 40 chars and Contract Description to 30 chars; NV00000000 is dashboard-present but reused, so source_record_id appends Index when available. Statewide listing links redirect to Edison/Oracle IDCS from CLI."",""start_date"":""9/15/2025"",""supplier_name"":""Dyersburg State Community College"",""title"":""33201-03426 DSCC Rural Health""}",2026-07-27T20:27:49Z
tn-cpo-contract-tn-87786-4-947-chattanooga-state-community-college-33201-03626-cscc-rural-health-73926e6c043c,TN,Tennessee CPO All Contracts Dashboard,"87786-4,947",87786,parent_contract,Chattanooga State Community College,,Tennessee Central Procurement Office,87786,33201-03626 CSCC Rural Health,2000000,,2025-09-15,2029-09-30,38,Longer-term contract,SVC (IG) type Contract,https://www.tn.gov/generalservices/procurement/central-procurement-office--cpo-/contract-information/all-contracts-dashboard.html,https://data.tn.gov/t/Public/views/CPOContractDetails/CPOContracts-ADACompliant.csv?:showVizHome=no,rural health,36,"{""amount"":""2,000,000"",""available_to_local_government"":""No"",""contract_number"":""87786"",""contract_type"":""SVC (IG) type Contract"",""end_date"":""9/30/2029"",""index"":""4,947"",""measure_name"":""Amount"",""multi_year"":""Yes"",""source_key"":""tn_cpo_all_contracts_dashboard"",""source_note"":""Official tn.gov Tableau dashboard CSV export for all contracts; public probe on 2026-07-27 found no safely reachable fuller export. ADA CSV truncates Supplier Name to 40 chars and Contract Description to 30 chars; NV00000000 is dashboard-present but reused, so source_record_id appends Index when available. Statewide listing links redirect to Edison/Oracle IDCS from CLI."",""start_date"":""9/15/2025"",""supplier_name"":""Chattanooga State Community College"",""title"":""33201-03626 CSCC Rural Health""}",2026-07-27T20:27:49Z
tn-cpo-contract-tn-88233-4-969-columbia-state-community-33201-05526-coscc-rural-health-88820c2acb79,TN,Tennessee CPO All Contracts Dashboard,"88233-4,969",88233,parent_contract,Columbia State Community,,Tennessee Central Procurement Office,88233,33201-05526 CoSCC Rural Health,2000000,,2025-09-15,2029-09-30,38,Longer-term contract,SVC (IG) type Contract,https://www.tn.gov/generalservices/procurement/central-procurement-office--cpo-/contract-information/all-contracts-dashboard.html,https://data.tn.gov/t/Public/views/CPOContractDetails/CPOContracts-ADACompliant.csv?:showVizHome=no,rural health,36,"{""amount"":""2,000,000"",""available_to_local_government"":""No"",""contract_number"":""88233"",""contract_type"":""SVC (IG) type Contract"",""end_date"":""9/30/2029"",""index"":""4,969"",""measure_name"":""Amount"",""multi_year"":""Yes"",""source_key"":""tn_cpo_all_contracts_dashboard"",""source_note"":""Official tn.gov Tableau dashboard CSV export for all contracts; public probe on 2026-07-27 found no safely reachable fuller export. ADA CSV truncates Supplier Name to 40 chars and Contract Description to 30 chars; NV00000000 is dashboard-present but reused, so source_record_id appends Index when available. Statewide listing links redirect to Edison/Oracle IDCS from CLI."",""start_date"":""9/15/2025"",""supplier_name"":""Columbia State Community"",""title"":""33201-05526 CoSCC Rural Health""}",2026-07-27T20:27:49Z
tn-cpo-contract-tn-88059-4-958-walters-state-community-college-foundati-33201-04626-wscc-rural-health-7bf226441a3d,TN,Tennessee CPO All Contracts Dashboard,"88059-4,958",88059,parent_contract,WALTERS STATE COMMUNITY COLLEGE FOUNDATI,,Tennessee Central Procurement Office,88059,33201-04626 WSCC Rural Health,1466588,,2025-09-15,2029-09-30,38,Longer-term contract,SVC (IG) type Contract,https://www.tn.gov/generalservices/procurement/central-procurement-office--cpo-/contract-information/all-contracts-dashboard.html,https://data.tn.gov/t/Public/views/CPOContractDetails/CPOContracts-ADACompliant.csv?:showVizHome=no,rural health,36,"{""amount"":""1,466,588.03"",""available_to_local_government"":""No"",""contract_number"":""88059"",""contract_type"":""SVC (IG) type Contract"",""end_date"":""9/30/2029"",""index"":""4,958"",""measure_name"":""Amount"",""multi_year"":""Yes"",""source_key"":""tn_cpo_all_contracts_dashboard"",""source_note"":""Official tn.gov Tableau dashboard CSV export for all contracts; public probe on 2026-07-27 found no safely reachable fuller export. ADA CSV truncates Supplier Name to 40 chars and Contract Description to 30 chars; NV00000000 is dashboard-present but reused, so source_record_id appends Index when available. Statewide listing links redirect to Edison/Oracle IDCS from CLI."",""start_date"":""9/15/2025"",""supplier_name"":""WALTERS STATE COMMUNITY COLLEGE FOUNDATI"",""title"":""33201-04626 WSCC Rural Health""}",2026-07-27T20:27:49Z
tn-cpo-contract-tn-88292-4-981-austin-peay-state-university-33201-05826-apsu-rural-health-9e443dbf6fff,TN,Tennessee CPO All Contracts Dashboard,"88292-4,981",88292,parent_contract,AUSTIN PEAY STATE UNIVERSITY,,Tennessee Central Procurement Office,88292,33201-05826 APSU Rural Health,1465342,,2025-09-15,2029-09-30,38,Longer-term contract,SVC (IG) type Contract,https://www.tn.gov/generalservices/procurement/central-procurement-office--cpo-/contract-information/all-contracts-dashboard.html,https://data.tn.gov/t/Public/views/CPOContractDetails/CPOContracts-ADACompliant.csv?:showVizHome=no,rural health,36,"{""amount"":""1,465,341.71"",""available_to_local_government"":""No"",""contract_number"":""88292"",""contract_type"":""SVC (IG) type Contract"",""end_date"":""9/30/2029"",""index"":""4,981"",""measure_name"":""Amount"",""multi_year"":""Yes"",""source_key"":""tn_cpo_all_contracts_dashboard"",""source_note"":""Official tn.gov Tableau dashboard CSV export for all contracts; public probe on 2026-07-27 found no safely reachable fuller export. ADA CSV truncates Supplier Name to 40 chars and Contract Description to 30 chars; NV00000000 is dashboard-present but reused, so source_record_id appends Index when available. Statewide listing links redirect to Edison/Oracle IDCS from CLI."",""start_date"":""9/15/2025"",""supplier_name"":""AUSTIN PEAY STATE UNIVERSITY"",""title"":""33201-05826 APSU Rural Health""}",2026-07-27T20:27:49Z
or-bso-contract-or-or-oregonbuys-113737-gainwell-technologies-8ee8e75c3c05,OR,OregonBuys Active Contracts,113737,113737,parent_contract,Gainwell Technologies,Gainwell,Oregon Health Authority,113737,Medicaid Management Information System (DDI / O&M),0,,2005-07-07,2030-10-01,51,Longer-term contract,BSO Active Contract,https://oregonbuys.gov/bso/external/purchaseorder/poSummary.sda?docId=113737&releaseNbr=0&external=true&parentUrl=close,https://oregonbuys.gov/bso/view/search/external/advancedSearchContractBlanket.xhtml?view=activeContracts,Medicaid,33,"{""begin_date"":""07/07/2005"",""bid_solicitation_number"":"""",""contract_number"":""113737"",""description"":""Medicaid Management Information System (DDI / O&M)"",""dollars_spent_to_date"":""$0.00"",""end_date"":""10/01/2030"",""organization"":""Oregon Health Authority"",""source_key"":""or_oregonbuys"",""source_note"":""Public BSO active-contracts JSF route; searches current contract/blanket records, not open bids."",""status"":""3PS - Sent"",""type_code"":"""",""vendor"":""Gainwell Technologies""}",2026-07-27T20:01:38Z
co-vss-award-co-dq1-ihka-2016000454-1-lincare-inc-1-2e0564dad746,CO,ColoradoVSS Awarded Solicitations,DQ1-IHKA-2016000454-1:1,DQ1-IHKA-2016000454-1,award,LINCARE INC,Medicare,CDHS - Regional Centers and State Veteran Nursing Homes,DQ1-IHKA-2016000454-1,DIETARY MEDICARE ENTERAL NUTRITION,0,2015-10-15,2015-08-01,2016-06-30,-121,Expired/past award,VSS Awarded Solicitation (Documented Quote (DQ1); Awarded),https://prd.co.cgiadvantage.com/PRDVSS1X1/Advantage4,https://prd.co.cgiadvantage.com/PRDVSS1X1/Advantage4,Medicare,33,"{""attachments"":[{""ADV_ROW_ID"":""YDoDToUIhSM0tWhR"",""ADV_ROW_KEY"":""0"",""ADV_ROW_SEL"":false,""OBJ_ATT_DSCR"":"""",""OBJ_ATT_DT"":1444197600000,""OBJ_ATT_NM"":""PO Terms and Conditions LARGE PRINT 7_2012.pdf"",""OBJ_ATT_TYP"":""1""},{""ADV_ROW_ID"":""oHAnX39RzHUqFAjg"",""ADV_ROW_KEY"":""0"",""ADV_ROW_SEL"":false,""OBJ_ATT_DSCR"":"""",""OBJ_ATT_DT"":1444197600000,""OBJ_ATT_NM"":""DQ .doc"",""OBJ_ATT_TYP"":""1""}],""award_headers"":[{""ADV_ROW_ID"":""CbYGz2RpV8q8Zs8b"",""ADV_ROW_KEY"":""0"",""ADV_ROW_SEL"":false,""LGL_NM"":""LINCARE INC"",""TOT_PRICE"":""$0.00""}],""award_line"":{""ADV_ROW_ID"":""D5B0o17vd34TVreW"",""ADV_ROW_KEY"":""-874066557"",""ADV_ROW_SEL"":false,""AWARD_CNTRC_AM"":""$0.00"",""AWARD_DISC_PC"":""0.0000"",""AWARD_DT"":1444888800000,""AWARD_UNIT_PRICE"":""$0.00"",""DOC_COMMGP_LN_NO"":""1"",""DOC_COMMLN_LN_NO"":""1"",""EXTR_CMNT"":"""",""EXT_DSCR"":""ENTERAL NUTRITION"",""LGL_NM"":""LINCARE INC"",""QTY"":"""",""UNIT_MEAS_CD"":""""},""header"":{""ADDL_INFO"":"""",""ADV_ROW_ID"":""pLZ86X8aqUSsf8kb"",""ADV_ROW_KEY"":""0"",""ADV_ROW_SEL"":false,""AD_LN_1"":""1600 West 24th St"",""AD_LN_2"":"""",""AMND_DT"":"""",""AMND_NO"":"""",""ATTN"":"""",""AWARD_DT"":1444888800000,""BUYR_EMAIL_AD"":""jamie.gott@state.co.us"",""BUYR_FAX_NO"":"""",""BUYR_NM"":""Jamie Gott"",""BUYR_PH_EXT"":"""",""BUYR_PH_NO"":"""",""CITY"":""Pueblo"",""CTRY"":""US"",""DOC_CD"":""DQ1"",""DOC_DEPT_CD"":""IHKA"",""DOC_DSCR"":""DIETARY MEDICARE ENTERAL NUTRITION"",""DOC_ID"":""2016000454"",""DOC_VERS_NO"":""1"",""INTENT_POSTED_DT"":"""",""ISSNG_OFC"":""-"",""ISSR_PH_EXT"":"""",""ISSR_PH_NO"":"""",""LOC_NM"":""Southern District Procurement"",""ORIG_PUB_DT"":1444197600000,""PRCU_ID"":""209608"",""PRO_ONLN_RESP_FL"":true,""PUB_BID_OP_DT_TM"":"""",""PUB_DT"":1444197600000,""RQSTR_OFC"":""-"",""RQSTR_PH_EXT"":"""",""RQSTR_PH_NO"":""303-463-2516"",""SO_CAT_CD"":"""",""SO_CLSNG_DT"":1444753800000,""SO_CLSNG_DT_TM"":1444753800000,""SO_CLSNG_TM"":-2208925800000,""SO_STA"":""A"",""SO_TIME_LEFT"":""-340430073000"",""SRCH_DOC_ID"":""DQ1-IHKA-2016000454-1"",""ST"":""CO"",""TM_TO_CLSNG"":""Expired"",""ZIP"":""81003""},""intent_line"":{},""service_line"":{""ADDL_HNDL_INFO"":"""",""ADV_ROW_ID"":""KfVypGxfnO5q8hcS"",""ADV_ROW_KEY"":""1878123985"",""ADV_ROW_SEL"":false,""BILL_ADD_1"":""10285 RIDGE ROAD"",""BILL_ADD_2"":"""",""BILL_ATTN"":"""",""BILL_CITY"":""WHEAT RIDGE"",""BILL_CTRY"":""US"",""BILL_LOC_NM"":""WHEAT RIDGE REGIONAL CENTER"",""BILL_ST"":""CO"",""BILL_ZIP"":""80033"",""CLR"":"""",""CNTRC_AM"":""$0.00"",""COMM_CD"":""39300"",""COMM_DSCR"":""FOODS: STAPLE GROCERY AND GROCER'S MISCELLANEOUS ITEMS"",""COMM_SPECS"":"""",""CTLG_NM"":"""",""DET_INST"":"""",""DLLR_CAP_1"":"""",""DLLR_CAP_2"":"""",""DLLR_CAP_3"":"""",""DLLR_CAP_4"":"""",""DLLR_CAP_5"":"""",""DLVR_DT"":"""",""DOC_COMMGP_LN_NO"":""1"",""DOC_COMMLN_LN_NO"":""1"",""DRWNG_NO"":"""",""EFBGN_DT"":"""",""EFEND_DT"":"""",""EXT_DSCR"":""ENTERAL NUTRITION"",""HAZ_MAT"":"""",""LN_TYP"":""2"",""MANFR_NM"":"""",""MANFR_PART_NO"":"""",""MDL_NO"":"""",""MSDS_FL"":false,""PIECE_NO"":"""",""PKG_INST"":"""",""PREF_CD_1"":"""",""PREF_CD_2"":"""",""PREF_CD_3"":"""",""PREF_CD_4"":"""",""PREF_CD_5"":"""",""PROD_CAT_NO"":"""",""QTY"":"""",""SER_NO"":"""",""SHIP_ADD_1"":""10285 RIDGE ROAD"",""SHIP_ADD_2"":"""",""SHIP_ATTN"":"""",""SHIP_CITY"":""WHEAT RIDGE"",""SHIP_CTRY"":""US"",""SHIP_LOC_NM"":""WHEAT RIDGE REGIONAL CENTER"",""SHIP_ST"":""CO"",""SHIP_ZIP"":""80033"",""SPEC_HNDL_INST"":"""",""SPFN_NO"":"""",""SVC_END_DT"":1467266400000,""SVC_STRT_DT"":1438408800000,""SZ"":"""",""UNIT_MEAS_CD"":"""",""UNIT_PRICE"":"""",""WGHT_FACT_1"":"""",""WGHT_FACT_2"":"""",""WGHT_FACT_3"":"""",""WGHT_FACT_4"":"""",""WGHT_FACT_5"":"""",""WTY_TYP"":""""},""source_key"":""co_vss"",""source_note"":""Official OSC/SPCO Solicitations page links this ColoradoVSS public route. The public carousel does not expose Award History, so records come from awarded solicitation detail JSON."",""source_row"":{""ADV_ROW_ID"":""1GFA13Q1Mte3CEH4"",""ADV_ROW_SEL"":false,""AMND_DT"":"""",""BUYR_EMAIL_AD"":""jamie.gott@state.co.us"",""BUYR_FAX_NO"":"""",""BUYR_NM"":""Jamie Gott"",""BUYR_PH_NO"":"""",""DEPT_NM"":""CDHS - Regional Centers and State Veteran Nursing Homes"",""DOC_CD"":""DQ1"",""DOC_CD_CONCAT"":""Documented Quote (DQ1)"",""DOC_DSCR"":""DIETARY MEDICARE ENTERAL NUTRITION"",""DOC_REF"":""[DQ1,IHKA,2016000454,1][DQ1-IHKA-2016000454-1]"",""INTENT_POSTED_DT"":1444888800000,""PUB_BID_OP_DT"":"""",""PUB_DT"":1444197600000,""QRY_SRCH_STRING"":"""",""SHOW_TXT"":"""",""SO_CAT_CD"":"""",""SO_CLSNG_DT_TM"":1444753800000,""SO_STA"":""A"",""SO_TIME_LEFT"":""-340430073000""}}",2026-07-27T20:24:34Z
co-vss-award-co-dq1-ihka-2016000454-1-lincare-inc-2-82415c14f454,CO,ColoradoVSS Awarded Solicitations,DQ1-IHKA-2016000454-1:2,DQ1-IHKA-2016000454-1,award,LINCARE INC,Medicare,CDHS - Regional Centers and State Veteran Nursing Homes,DQ1-IHKA-2016000454-1,DIETARY MEDICARE ENTERAL NUTRITION,0,2015-10-15,2015-09-01,2016-06-30,-121,Expired/past award,VSS Awarded Solicitation (Documented Quote (DQ1); Awarded),https://prd.co.cgiadvantage.com/PRDVSS1X1/Advantage4,https://prd.co.cgiadvantage.com/PRDVSS1X1/Advantage4,Medicare,33,"{""attachments"":[{""ADV_ROW_ID"":""YDoDToUIhSM0tWhR"",""ADV_ROW_KEY"":""0"",""ADV_ROW_SEL"":false,""OBJ_ATT_DSCR"":"""",""OBJ_ATT_DT"":1444197600000,""OBJ_ATT_NM"":""PO Terms and Conditions LARGE PRINT 7_2012.pdf"",""OBJ_ATT_TYP"":""1""},{""ADV_ROW_ID"":""oHAnX39RzHUqFAjg"",""ADV_ROW_KEY"":""0"",""ADV_ROW_SEL"":false,""OBJ_ATT_DSCR"":"""",""OBJ_ATT_DT"":1444197600000,""OBJ_ATT_NM"":""DQ .doc"",""OBJ_ATT_TYP"":""1""}],""award_headers"":[{""ADV_ROW_ID"":""CbYGz2RpV8q8Zs8b"",""ADV_ROW_KEY"":""0"",""ADV_ROW_SEL"":false,""LGL_NM"":""LINCARE INC"",""TOT_PRICE"":""$0.00""}],""award_line"":{""ADV_ROW_ID"":""CWiEKzrVKpuYsFng"",""ADV_ROW_KEY"":""-191609179"",""ADV_ROW_SEL"":false,""AWARD_CNTRC_AM"":""$0.00"",""AWARD_DISC_PC"":""0.0000"",""AWARD_DT"":1444888800000,""AWARD_UNIT_PRICE"":""$0.00"",""DOC_COMMGP_LN_NO"":""1"",""DOC_COMMLN_LN_NO"":""2"",""EXTR_CMNT"":"""",""EXT_DSCR"":""MEDICARE MEDICAL EQUIPMENT"",""LGL_NM"":""LINCARE INC"",""QTY"":"""",""UNIT_MEAS_CD"":""""},""header"":{""ADDL_INFO"":"""",""ADV_ROW_ID"":""pLZ86X8aqUSsf8kb"",""ADV_ROW_KEY"":""0"",""ADV_ROW_SEL"":false,""AD_LN_1"":""1600 West 24th St"",""AD_LN_2"":"""",""AMND_DT"":"""",""AMND_NO"":"""",""ATTN"":"""",""AWARD_DT"":1444888800000,""BUYR_EMAIL_AD"":""jamie.gott@state.co.us"",""BUYR_FAX_NO"":"""",""BUYR_NM"":""Jamie Gott"",""BUYR_PH_EXT"":"""",""BUYR_PH_NO"":"""",""CITY"":""Pueblo"",""CTRY"":""US"",""DOC_CD"":""DQ1"",""DOC_DEPT_CD"":""IHKA"",""DOC_DSCR"":""DIETARY MEDICARE ENTERAL NUTRITION"",""DOC_ID"":""2016000454"",""DOC_VERS_NO"":""1"",""INTENT_POSTED_DT"":"""",""ISSNG_OFC"":""-"",""ISSR_PH_EXT"":"""",""ISSR_PH_NO"":"""",""LOC_NM"":""Southern District Procurement"",""ORIG_PUB_DT"":1444197600000,""PRCU_ID"":""209608"",""PRO_ONLN_RESP_FL"":true,""PUB_BID_OP_DT_TM"":"""",""PUB_DT"":1444197600000,""RQSTR_OFC"":""-"",""RQSTR_PH_EXT"":"""",""RQSTR_PH_NO"":""303-463-2516"",""SO_CAT_CD"":"""",""SO_CLSNG_DT"":1444753800000,""SO_CLSNG_DT_TM"":1444753800000,""SO_CLSNG_TM"":-2208925800000,""SO_STA"":""A"",""SO_TIME_LEFT"":""-340430073000"",""SRCH_DOC_ID"":""DQ1-IHKA-2016000454-1"",""ST"":""CO"",""TM_TO_CLSNG"":""Expired"",""ZIP"":""81003""},""intent_line"":{},""service_line"":{""ADDL_HNDL_INFO"":"""",""ADV_ROW_ID"":""dKzOVjZ6sk3p5pP8"",""ADV_ROW_KEY"":""-1050323214"",""ADV_ROW_SEL"":false,""BILL_ADD_1"":""10285 RIDGE ROAD"",""BILL_ADD_2"":"""",""BILL_ATTN"":"""",""BILL_CITY"":""WHEAT RIDGE"",""BILL_CTRY"":""US"",""BILL_LOC_NM"":""WHEAT RIDGE REGIONAL CENTER"",""BILL_ST"":""CO"",""BILL_ZIP"":""80033"",""CLR"":"""",""CNTRC_AM"":""$0.00"",""COMM_CD"":""47000"",""COMM_DSCR"":""HOSPITAL, NURSING HOME OR RESIDENTIAL SPECIALIZED EQUIPMENT"",""COMM_SPECS"":"""",""CTLG_NM"":"""",""DET_INST"":"""",""DLLR_CAP_1"":"""",""DLLR_CAP_2"":"""",""DLLR_CAP_3"":"""",""DLLR_CAP_4"":"""",""DLLR_CAP_5"":"""",""DLVR_DT"":"""",""DOC_COMMGP_LN_NO"":""1"",""DOC_COMMLN_LN_NO"":""2"",""DRWNG_NO"":"""",""EFBGN_DT"":"""",""EFEND_DT"":"""",""EXT_DSCR"":""MEDICARE MEDICAL EQUIPMENT"",""HAZ_MAT"":"""",""LN_TYP"":""2"",""MANFR_NM"":"""",""MANFR_PART_NO"":"""",""MDL_NO"":"""",""MSDS_FL"":false,""PIECE_NO"":"""",""PKG_INST"":"""",""PREF_CD_1"":"""",""PREF_CD_2"":"""",""PREF_CD_3"":"""",""PREF_CD_4"":"""",""PREF_CD_5"":"""",""PROD_CAT_NO"":"""",""QTY"":"""",""SER_NO"":"""",""SHIP_ADD_1"":""10285 RIDGE ROAD"",""SHIP_ADD_2"":"""",""SHIP_ATTN"":"""",""SHIP_CITY"":""WHEAT RIDGE"",""SHIP_CTRY"":""US"",""SHIP_LOC_NM"":""WHEAT RIDGE REGIONAL CENTER"",""SHIP_ST"":""CO"",""SHIP_ZIP"":""80033"",""SPEC_HNDL_INST"":"""",""SPFN_NO"":"""",""SVC_END_DT"":1467266400000,""SVC_STRT_DT"":1441087200000,""SZ"":"""",""UNIT_MEAS_CD"":"""",""UNIT_PRICE"":"""",""WGHT_FACT_1"":"""",""WGHT_FACT_2"":"""",""WGHT_FACT_3"":"""",""WGHT_FACT_4"":"""",""WGHT_FACT_5"":"""",""WTY_TYP"":""""},""source_key"":""co_vss"",""source_note"":""Official OSC/SPCO Solicitations page links this ColoradoVSS public route. The public carousel does not expose Award History, so records come from awarded solicitation detail JSON."",""source_row"":{""ADV_ROW_ID"":""1GFA13Q1Mte3CEH4"",""ADV_ROW_SEL"":false,""AMND_DT"":"""",""BUYR_EMAIL_AD"":""jamie.gott@state.co.us"",""BUYR_FAX_NO"":"""",""BUYR_NM"":""Jamie Gott"",""BUYR_PH_NO"":"""",""DEPT_NM"":""CDHS - Regional Centers and State Veteran Nursing Homes"",""DOC_CD"":""DQ1"",""DOC_CD_CONCAT"":""Documented Quote (DQ1)"",""DOC_DSCR"":""DIETARY MEDICARE ENTERAL NUTRITION"",""DOC_REF"":""[DQ1,IHKA,2016000454,1][DQ1-IHKA-2016000454-1]"",""INTENT_POSTED_DT"":1444888800000,""PUB_BID_OP_DT"":"""",""PUB_DT"":1444197600000,""QRY_SRCH_STRING"":"""",""SHOW_TXT"":"""",""SO_CAT_CD"":"""",""SO_CLSNG_DT_TM"":1444753800000,""SO_STA"":""A"",""SO_TIME_LEFT"":""-340430073000""}}",2026-07-27T20:24:34Z
co-vss-award-co-dq1-uhaa-2015000008-1-public-consulting-group-inc-1-1b226cfbb1be,CO,ColoradoVSS Awarded Solicitations,DQ1-UHAA-2015000008-1:1,DQ1-UHAA-2015000008-1,award,PUBLIC CONSULTING GROUP INC,Medicaid,HCPF - Executive Director's Office,DQ1-UHAA-2015000008-1,"UHAA4103,Policy & Methodology for Medicaid Rate Review",60000,2014-08-04,2014-08-01,2015-02-16,-137,Expired/past award,VSS Awarded Solicitation (Documented Quote (DQ1); Awarded),https://prd.co.cgiadvantage.com/PRDVSS1X1/Advantage4,https://prd.co.cgiadvantage.com/PRDVSS1X1/Advantage4,Medicaid,33,"{""attachments"":[{""ADV_ROW_ID"":""AoVSewF9AOL0Goo3"",""ADV_ROW_KEY"":""0"",""ADV_ROW_SEL"":false,""OBJ_ATT_DSCR"":""Policy and Methodology for Medicaid Rate Review  DQ"",""OBJ_ATT_DT"":1405404000000,""OBJ_ATT_NM"":""Policy and Methodology for Medicaid Rate Review  DQ.pdf"",""OBJ_ATT_TYP"":""1""},{""ADV_ROW_ID"":""DT3qjVJzJNzDEi9U"",""ADV_ROW_KEY"":""0"",""ADV_ROW_SEL"":false,""OBJ_ATT_DSCR"":""Appendix A Pricing Worksheet"",""OBJ_ATT_DT"":1405404000000,""OBJ_ATT_NM"":""Appendix A Pricing Worksheet.xlsx"",""OBJ_ATT_TYP"":""1""}],""award_headers"":[{""ADV_ROW_ID"":""YljaD8ir8C2MdWvh"",""ADV_ROW_KEY"":""0"",""ADV_ROW_SEL"":false,""LGL_NM"":""PUBLIC CONSULTING GROUP INC"",""TOT_PRICE"":""$0.00""}],""award_line"":{""ADV_ROW_ID"":""iMRT77DpiR1FdH3K"",""ADV_ROW_KEY"":""-836736520"",""ADV_ROW_SEL"":false,""AWARD_CNTRC_AM"":""$60,000.00"",""AWARD_DISC_PC"":""0.0000"",""AWARD_DT"":1407132000000,""AWARD_UNIT_PRICE"":""$0.00"",""DOC_COMMGP_LN_NO"":""1"",""DOC_COMMLN_LN_NO"":""1"",""EXTR_CMNT"":"""",""EXT_DSCR"":""UHAA, 4103, POLICY & METHODOLOGY FOR MEDICAID RATE REVIEW (PLEASE SEE ATTACHED DQ DOCUMENT AND PRICING WORKSHEET FOR INFORMATION ON THE WORK, PRICING, EVALUATION CRITERIA, WEIGHTING OF POINTS, AND SUBMITTAL INFORMATION)"",""LGL_NM"":""PUBLIC CONSULTING GROUP INC"",""QTY"":"""",""UNIT_MEAS_CD"":""""},""header"":{""ADDL_INFO"":""Please see attached DQ document and pricing worksheet for information on the work, pricing, evaluation criteria, weighting of points, and submittal information. "",""ADV_ROW_ID"":""Oc82UoG246diYrYS"",""ADV_ROW_KEY"":""0"",""ADV_ROW_SEL"":false,""AD_LN_1"":"""",""AD_LN_2"":"""",""AMND_DT"":"""",""AMND_NO"":"""",""ATTN"":"""",""AWARD_DT"":1407132000000,""BUYR_EMAIL_AD"":""sarah.fischman@state.co.us"",""BUYR_FAX_NO"":"""",""BUYR_NM"":""SARAH FISCHMAN"",""BUYR_PH_EXT"":"""",""BUYR_PH_NO"":"""",""CITY"":"""",""CTRY"":"""",""DOC_CD"":""DQ1"",""DOC_DEPT_CD"":""UHAA"",""DOC_DSCR"":""UHAA4103,Policy & Methodology for Medicaid Rate Review"",""DOC_ID"":""2015000008"",""DOC_VERS_NO"":""1"",""INTENT_POSTED_DT"":"""",""ISSNG_OFC"":""-"",""ISSR_PH_EXT"":"""",""ISSR_PH_NO"":"""",""LOC_NM"":"""",""ORIG_PUB_DT"":1405404000000,""PRCU_ID"":""8108"",""PRO_ONLN_RESP_FL"":false,""PUB_BID_OP_DT_TM"":"""",""PUB_DT"":1405404000000,""RQSTR_OFC"":""-"",""RQSTR_PH_EXT"":"""",""RQSTR_PH_NO"":""303-866-5554"",""SO_CAT_CD"":"""",""SO_CLSNG_DT"":1406062800000,""SO_CLSNG_DT_TM"":1406062800000,""SO_CLSNG_TM"":-2208909600000,""SO_STA"":""A"",""SO_TIME_LEFT"":""-379121063000"",""SRCH_DOC_ID"":""DQ1-UHAA-2015000008-1"",""ST"":"""",""TM_TO_CLSNG"":""Expired"",""ZIP"":""""},""intent_line"":{""ADV_ROW_ID"":""Vk6VE7RE2zHUB9ro"",""ADV_ROW_KEY"":""-836736520"",""ADV_ROW_SEL"":false,""DISC_PC"":"""",""DOC_COMMGP_LN_NO"":""1"",""DOC_COMMLN_LN_NO"":""1"",""EST_SVC_CNTRC_AM_VIEW"":"""",""EXTR_CMNT"":"""",""EXT_DSCR"":""UHAA, 4103, POLICY & METHODOLOGY FOR MEDICAID RATE REVIEW (PLEASE SEE ATTACHED DQ DOCUMENT AND PRICING WORKSHEET FOR INFORMATION ON THE WORK, PRICING, EVALUATION CRITERIA, WEIGHTING OF POINTS, AND SUBMITTAL INFORMATION)"",""INTENT_AWARD_DT"":1406527200000,""LGL_NM"":""PUBLIC CONSULTING GROUP INC"",""QTY"":"""",""UNIT_MEAS_CD"":"""",""UNIT_PRICE_VIEW"":""""},""service_line"":{""ADDL_HNDL_INFO"":"""",""ADV_ROW_ID"":""iKsRCqbZ49AZYLlK"",""ADV_ROW_KEY"":""1248110423"",""ADV_ROW_SEL"":false,""BILL_ADD_1"":""1570 Grant"",""BILL_ADD_2"":"""",""BILL_ATTN"":"""",""BILL_CITY"":""Denver"",""BILL_CTRY"":""US"",""BILL_LOC_NM"":""Dept of Health Care Policy and Financing"",""BILL_ST"":""CO"",""BILL_ZIP"":""80203"",""CLR"":"""",""CNTRC_AM"":""$75,000.00"",""COMM_CD"":""91806"",""COMM_DSCR"":""Administrative Consulting"",""COMM_SPECS"":"""",""CTLG_NM"":"""",""DET_INST"":"""",""DLLR_CAP_1"":"""",""DLLR_CAP_2"":"""",""DLLR_CAP_3"":"""",""DLLR_CAP_4"":"""",""DLLR_CAP_5"":"""",""DLVR_DT"":"""",""DOC_COMMGP_LN_NO"":""1"",""DOC_COMMLN_LN_NO"":""1"",""DRWNG_NO"":"""",""EFBGN_DT"":"""",""EFEND_DT"":"""",""EXT_DSCR"":""UHAA, 4103, POLICY & METHODOLOGY FOR MEDICAID RATE REVIEW (PLEASE SEE ATTACHED DQ DOCUMENT AND PRICING WORKSHEET FOR INFORMATION ON THE WORK, PRICING, EVALUATION CRITERIA, WEIGHTING OF POINTS, AND SUBMITTAL INFORMATION)"",""HAZ_MAT"":"""",""LN_TYP"":""2"",""MANFR_NM"":"""",""MANFR_PART_NO"":"""",""MDL_NO"":"""",""MSDS_FL"":false,""PIECE_NO"":"""",""PKG_INST"":"""",""PREF_CD_1"":"""",""PREF_CD_2"":"""",""PREF_CD_3"":"""",""PREF_CD_4"":"""",""PREF_CD_5"":"""",""PROD_CAT_NO"":"""",""QTY"":"""",""SER_NO"":"""",""SHIP_ADD_1"":""1570 Grant"",""SHIP_ADD_2"":"""",""SHIP_ATTN"":"""",""SHIP_CITY"":""Denver"",""SHIP_CTRY"":""US"",""SHIP_LOC_NM"":""Dept of Health Care Policy and Financing"",""SHIP_ST"":""CO"",""SHIP_ZIP"":""80203"",""SPEC_HNDL_INST"":"""",""SPFN_NO"":"""",""SVC_END_DT"":1424070000000,""SVC_STRT_DT"":1406872800000,""SZ"":"""",""UNIT_MEAS_CD"":"""",""UNIT_PRICE"":"""",""WGHT_FACT_1"":"""",""WGHT_FACT_2"":"""",""WGHT_FACT_3"":"""",""WGHT_FACT_4"":"""",""WGHT_FACT_5"":"""",""WTY_TYP"":""""},""source_key"":""co_vss"",""source_note"":""Official OSC/SPCO Solicitations page links this ColoradoVSS public route. The public carousel does not expose Award History, so records come from awarded solicitation detail JSON."",""source_row"":{""ADV_ROW_ID"":""zCA9A6Uf9fI589lO"",""ADV_ROW_SEL"":false,""AMND_DT"":"""",""BUYR_EMAIL_AD"":""sarah.fischman@state.co.us"",""BUYR_FAX_NO"":"""",""BUYR_NM"":""SARAH FISCHMAN"",""BUYR_PH_NO"":"""",""DEPT_NM"":""HCPF - Executive Director's Office"",""DOC_CD"":""DQ1"",""DOC_CD_CONCAT"":""Documented Quote (DQ1)"",""DOC_DSCR"":""UHAA4103,Policy & Methodology for Medicaid Rate Review"",""DOC_REF"":""[DQ1,UHAA,2015000008,1][DQ1-UHAA-2015000008-1]"",""INTENT_POST...",2026-07-27T20:24:23Z
co-vss-award-co-rfp-uhaa-2018000170-2-maximus-human-services-inc-1-2f7c7be73808,CO,ColoradoVSS Awarded Solicitations,RFP-UHAA-2018000170-2:1,RFP-UHAA-2018000170-2,award,"MAXIMUS Human Services, Inc.",enrollment,HCPF - Executive Director's Office,RFP-UHAA-2018000170-2,Enrollment Broker RFP,2573684,2018-05-31,2017-12-18,2018-06-30,-97,Expired/past award,VSS Awarded Solicitation (Request for Proposals (RFP); Awarded),https://prd.co.cgiadvantage.com/PRDVSS1X1/Advantage4,https://prd.co.cgiadvantage.com/PRDVSS1X1/Advantage4,enrollment,32,"{""attachments"":[{""ADV_ROW_ID"":""ltO2iadYthUYW57o"",""ADV_ROW_KEY"":""0"",""ADV_ROW_SEL"":false,""OBJ_ATT_DSCR"":"""",""OBJ_ATT_DT"":1516950000000,""OBJ_ATT_NM"":""Appendix A  Administrative Information.pdf"",""OBJ_ATT_TYP"":""1""},{""ADV_ROW_ID"":""geYucvPywFzXg2G9"",""ADV_ROW_KEY"":""0"",""ADV_ROW_SEL"":false,""OBJ_ATT_DSCR"":"""",""OBJ_ATT_DT"":1516950000000,""OBJ_ATT_NM"":""Appendix B  Draft Personal Services Contract.pdf"",""OBJ_ATT_TYP"":""1""},{""ADV_ROW_ID"":""wJt8cC8cqa0514QD"",""ADV_ROW_KEY"":""0"",""ADV_ROW_SEL"":false,""OBJ_ATT_DSCR"":"""",""OBJ_ATT_DT"":1516950000000,""OBJ_ATT_NM"":""Appendix C  W-9.pdf"",""OBJ_ATT_TYP"":""1""},{""ADV_ROW_ID"":""Ba1qvqVXMnrx8FPX"",""ADV_ROW_KEY"":""0"",""ADV_ROW_SEL"":false,""OBJ_ATT_DSCR"":"""",""OBJ_ATT_DT"":1516950000000,""OBJ_ATT_NM"":""Appendix D  Pricing Worksheet.xlsx"",""OBJ_ATT_TYP"":""1""},{""ADV_ROW_ID"":""qhB5YSRHzhYvT0xv"",""ADV_ROW_KEY"":""0"",""ADV_ROW_SEL"":false,""OBJ_ATT_DSCR"":"""",""OBJ_ATT_DT"":1516950000000,""OBJ_ATT_NM"":""Appendix E  Managed Care Service Areas.pdf"",""OBJ_ATT_TYP"":""1""},{""ADV_ROW_ID"":""74kDYx3FGMFHZGTq"",""ADV_ROW_KEY"":""0"",""ADV_ROW_SEL"":false,""OBJ_ATT_DSCR"":"""",""OBJ_ATT_DT"":1516950000000,""OBJ_ATT_NM"":""Appendix F  Enrollment by Plan Type.pdf"",""OBJ_ATT_TYP"":""1""},{""ADV_ROW_ID"":""4L8N7xsqb96QkLvU"",""ADV_ROW_KEY"":""0"",""ADV_ROW_SEL"":false,""OBJ_ATT_DSCR"":"""",""OBJ_ATT_DT"":1516950000000,""OBJ_ATT_NM"":""Appendix G  Health Needs Survey Questionnaire Template.pdf"",""OBJ_ATT_TYP"":""1""},{""ADV_ROW_ID"":""6sAubeRMY22byBGj"",""ADV_ROW_KEY"":""0"",""ADV_ROW_SEL"":false,""OBJ_ATT_DSCR"":"""",""OBJ_ATT_DT"":1516950000000,""OBJ_ATT_NM"":""Appendix H  Enrollment Activities.pdf"",""OBJ_ATT_TYP"":""1""},{""ADV_ROW_ID"":""PAShvbbT0Sa5LqiT"",""ADV_ROW_KEY"":""0"",""ADV_ROW_SEL"":false,""OBJ_ATT_DSCR"":"""",""OBJ_ATT_DT"":1516950000000,""OBJ_ATT_NM"":""Appendix K  Customer Contact Center Training.pdf"",""OBJ_ATT_TYP"":""1""},{""ADV_ROW_ID"":""w3WTLbsaZw4pIzTh"",""ADV_ROW_KEY"":""0"",""ADV_ROW_SEL"":false,""OBJ_ATT_DSCR"":"""",""OBJ_ATT_DT"":1518159600000,""OBJ_ATT_NM"":""Enrollment Broker RFP# 2018000170 - Modification 1.pdf"",""OBJ_ATT_TYP"":""1""},{""ADV_ROW_ID"":""7lyXudmw9PykgCZX"",""ADV_ROW_KEY"":""0"",""ADV_ROW_SEL"":false,""OBJ_ATT_DSCR"":"""",""OBJ_ATT_DT"":1518159600000,""OBJ_ATT_NM"":""Appendix I  Mailing Activity - Modification 1.pdf"",""OBJ_ATT_TYP"":""1""},{""ADV_ROW_ID"":""2qhLpgH7yx931U1V"",""ADV_ROW_KEY"":""0"",""ADV_ROW_SEL"":false,""OBJ_ATT_DSCR"":"""",""OBJ_ATT_DT"":1518159600000,""OBJ_ATT_NM"":""Appendix J  Customer Contact Center Activity - Modification 1.pdf"",""OBJ_ATT_TYP"":""1""},{""ADV_ROW_ID"":""J2mgrWigvp2hIw9n"",""ADV_ROW_KEY"":""0"",""ADV_ROW_SEL"":false,""OBJ_ATT_DSCR"":"""",""OBJ_ATT_DT"":1518159600000,""OBJ_ATT_NM"":""Enrollment Broker Inquiries & Answers.pdf"",""OBJ_ATT_TYP"":""1""}],""award_headers"":[{""ADV_ROW_ID"":""aS0AJq8jKgab8E64"",""ADV_ROW_KEY"":""0"",""ADV_ROW_SEL"":false,""LGL_NM"":""MAXIMUS Human Services, Inc."",""TOT_PRICE"":""$0.00""}],""award_line"":{""ADV_ROW_ID"":""BudM1Ww7jZA6KH7X"",""ADV_ROW_KEY"":""-1402417053"",""ADV_ROW_SEL"":false,""AWARD_CNTRC_AM"":""$2,573,684.00"",""AWARD_DISC_PC"":""0.0000"",""AWARD_DT"":1527746400000,""AWARD_UNIT_PRICE"":""$0.00"",""DOC_COMMGP_LN_NO"":""1"",""DOC_COMMLN_LN_NO"":""1"",""EXTR_CMNT"":"""",""EXT_DSCR"":""UHAA, 4222, ENROLLMENT BROKER"",""LGL_NM"":""MAXIMUS Human Services, Inc."",""QTY"":"""",""UNIT_MEAS_CD"":""""},""header"":{""ADDL_INFO"":""See attached Body, Appendices, Modifications, and Inquiries & Answers documents for more information about the Enrollment Broker RFP."",""ADV_ROW_ID"":""arVoLRo0AfnLHcfH"",""ADV_ROW_KEY"":""0"",""ADV_ROW_SEL"":false,""AD_LN_1"":""1570 Grant"",""AD_LN_2"":"""",""AMND_DT"":1518159600000,""AMND_NO"":""1"",""ATTN"":"""",""AWARD_DT"":1527746400000,""BUYR_EMAIL_AD"":""ryan.yarrow@hcpf.state.co.us"",""BUYR_FAX_NO"":"""",""BUYR_NM"":""Ryan Yarrow"",""BUYR_PH_EXT"":"""",""BUYR_PH_NO"":""303-866-6448"",""CITY"":""Denver"",""CTRY"":""US"",""DOC_CD"":""RFP"",""DOC_DEPT_CD"":""UHAA"",""DOC_DSCR"":""Enrollment Broker RFP"",""DOC_ID"":""2018000170"",""DOC_VERS_NO"":""2"",""INTENT_POSTED_DT"":"""",""ISSNG_OFC"":""Yarrow"",""ISSR_PH_EXT"":"""",""ISSR_PH_NO"":""303-866-3782"",""LOC_NM"":""Dept of Health Care Policy and Financing"",""ORIG_PUB_DT"":1516950000000,""PRCU_ID"":""573811"",""PRO_ONLN_RESP_FL"":true,""PUB_BID_OP_DT_TM"":"""",""PUB_DT"":1518159600000,""RQSTR_OFC"":""Yarrow"",""RQSTR_PH_EXT"":"""",""RQSTR_PH_NO"":""3038666448"",""SO_CAT_CD"":""21"",""SO_CLSNG_DT"":1519768800000,""SO_CLSNG_DT_TM"":1519768800000,""SO_CLSNG_TM"":-2208909600000,""SO_STA"":""A"",""SO_TIME_LEFT"":""-265415121000"",""SRCH_DOC_ID"":""RFP-UHAA-2018000170-2"",""ST"":""CO"",""TM_TO_CLSNG"":""Expired"",""ZIP"":""80203""},""intent_line"":{},""service_line"":{""ADDL_HNDL_INFO"":"""",""ADV_ROW_ID"":""ZdgexUCCW856ztMM"",""ADV_ROW_KEY"":""555701841"",""ADV_ROW_SEL"":false,""BILL_ADD_1"":""1570 Grant"",""BILL_ADD_2"":"""",""BILL_ATTN"":"""",""BILL_CITY"":""Denver"",""BILL_CTRY"":""US"",""BILL_LOC_NM"":""Dept of Health Care Policy and Financing"",""BILL_ST"":""CO"",""BILL_ZIP"":""80203"",""CLR"":"""",""CNTRC_AM"":""$2,573,684.00"",""COMM_CD"":""96258"",""COMM_DSCR"":""Professional Services (Not Otherwise Classified)"",""COMM_SPECS"":"""",""CTLG_NM"":"""",""DET_INST"":"""",""DLLR_CAP_1"":"""",""DLLR_CAP_2"":"""",""DLLR_CAP_3"":"""",""DLLR_CAP_4"":"""",""DLLR_CAP_5"":"""",""DLVR_DT"":"""",""DOC_COMMGP_LN_NO"":""1"",""DOC_COMMLN_LN_NO"":""1"",""DRWNG_NO"":"""",""EFBGN_DT"":"""",""EFEND_DT"":"""",""EXT_DSCR"":""UHAA, 4222, ENROLLMENT BROKER"",""HAZ_MAT"":"""",""LN_TYP"":""2"",""MANFR_NM"":"""",""MANFR_...",2026-07-27T20:25:21Z
pa-535634,PA,PA Treasury OpenBookPA Contracts e-Library,535634,535634,parent_contract,DXC Technology,DXC,Patient Safety Authority,4000022708,"Agreement with DXC Technology pursuant to the provisions of Section 304(a)(5) of the MCARE Act of 2002, as amended, for the development and maintenance of Patient Safety Authority data collection and analysis systems.",7071540,2019-06-18,,2024-06-30,-25,Expired/past award,Parent Contract,https://www.patreasury.gov/openbookpa/e-library/Home/ContractView?id=535634,https://www.patreasury.gov/openbookpa/e-library/,,30,"{""AgencyName"":""Patient Safety Authority,"",""BeginDate"":"""",""ContractAmount"":7071540.0,""ContractID"":535634,""ContractNumber"":""4000022708"",""CreatedById"":4867,""CreatedOn"":""/Date(1578678188290)/"",""DeletedById"":null,""DocName"":""Contract"",""DocTypeIdFk"":1,""EndDate"":""06/30/2024"",""ExecutionDate"":""06/18/2019"",""IsDeleted"":false,""ModifiedById"":4867,""ModifiedOn"":""/Date(1579019366203)/"",""ParentID"":null,""PartyName"":"" DXC Technology"",""RequestDate"":null,""SubjectMatter"":""Agreement with DXC Technology pursuant to the provisions of Section 304(a)(5) of the MCARE Act of 2002, as amended, for the development and maintenance of Patient Safety Authority data collection and analysis systems."",""TotalCount"":3}",2026-07-27T20:00:16Z
pa-681400,PA,PA Treasury OpenBookPA Contracts e-Library,681400,681400,parent_contract,Health Management Systems Inc.,Health Management Systems,"Department of Human Services ""prior DPW""",4400016756,Insurance Verification OMAP,8152799,2017-06-30,,2023-03-31,-40,Expired/past award,Parent Contract,https://www.patreasury.gov/openbookpa/e-library/Home/ContractView?id=681400,https://www.patreasury.gov/openbookpa/e-library/,,30,"{""AgencyName"":""Department of Human Services \""prior DPW\"","",""BeginDate"":"""",""ContractAmount"":8152799.0,""ContractID"":681400,""ContractNumber"":""4400016756"",""CreatedById"":1,""CreatedOn"":""/Date(1667840403593)/"",""DeletedById"":null,""DocName"":""Contract"",""DocTypeIdFk"":1,""EndDate"":""03/31/2023"",""ExecutionDate"":""06/30/2017"",""IsDeleted"":false,""ModifiedById"":null,""ModifiedOn"":null,""ParentID"":null,""PartyName"":"" Health Management Systems Inc."",""RequestDate"":null,""SubjectMatter"":""Insurance Verification OMAP"",""TotalCount"":19}",2026-07-27T20:00:46Z
pa-418666,PA,PA Treasury OpenBookPA Contracts e-Library,418666,418666,parent_contract,Health Management Systems Inc.,Health Management Systems,"Department of Human Services ""prior DPW""",4400016756,PA CHIP VERIFICATION SYSTEM,1069920,2017-07-01,,2019-03-31,-88,Expired/past award,Parent Contract,https://www.patreasury.gov/openbookpa/e-library/Home/ContractView?id=418666,https://www.patreasury.gov/openbookpa/e-library/,,30,"{""AgencyName"":""Department of Human Services \""prior DPW\"","",""BeginDate"":"""",""ContractAmount"":1069920.0,""ContractID"":418666,""ContractNumber"":""4400016756"",""CreatedById"":3333,""CreatedOn"":""/Date(1499370276103)/"",""DeletedById"":null,""DocName"":""Contract"",""DocTypeIdFk"":1,""EndDate"":""03/31/2019"",""ExecutionDate"":""07/01/2017"",""IsDeleted"":false,""ModifiedById"":3333,""ModifiedOn"":""/Date(1499370276103)/"",""ParentID"":null,""PartyName"":"" Health Management Systems Inc."",""RequestDate"":null,""SubjectMatter"":""PA CHIP VERIFICATION SYSTEM"",""TotalCount"":19}",2026-07-27T20:00:46Z
pa-203320,PA,PA Treasury OpenBookPA Contracts e-Library,203320,203320,parent_contract,Health Management Systems,Health Management,Insurance Department,4400010178,Insurance verification requirements for the Children's Health Insurance Program in Pennsylvania (CHIP).,1600000,2013-08-17,,2016-12-31,-115,Expired/past award,Parent Contract,https://www.patreasury.gov/openbookpa/e-library/Home/ContractView?id=203320,https://www.patreasury.gov/openbookpa/e-library/,,30,"{""AgencyName"":""Insurance Department,"",""BeginDate"":"""",""ContractAmount"":1600000.0,""ContractID"":203320,""ContractNumber"":""4400010178"",""CreatedById"":4590,""CreatedOn"":""/Date(1345203229280)/"",""DeletedById"":null,""DocName"":""Contract"",""DocTypeIdFk"":1,""EndDate"":""12/31/2016"",""ExecutionDate"":""08/17/2013"",""IsDeleted"":false,""ModifiedById"":4590,""ModifiedOn"":""/Date(1345203229280)/"",""ParentID"":null,""PartyName"":"" Health Management Systems"",""RequestDate"":null,""SubjectMatter"":""Insurance verification requirements for the Children's Health Insurance Program in Pennsylvania (CHIP)."",""TotalCount"":37}",2026-07-27T20:00:37Z
pa-144003,PA,PA Treasury OpenBookPA Contracts e-Library,144003,144003,parent_contract,Health Management Systems,Health Management,"Department of Human Services ""prior DPW""",4000015831,"Program Integrity Retrospective Review, Recovery and Data Exchange - Lot 1 contract",6200120,2011-05-25,,2015-05-31,-134,Expired/past award,Parent Contract,https://www.patreasury.gov/openbookpa/e-library/Home/ContractView?id=144003,https://www.patreasury.gov/openbookpa/e-library/,,30,"{""AgencyName"":""Department of Human Services \""prior DPW\"","",""BeginDate"":"""",""ContractAmount"":6200120.0,""ContractID"":144003,""ContractNumber"":""4000015831"",""CreatedById"":3338,""CreatedOn"":""/Date(1306332538937)/"",""DeletedById"":null,""DocName"":""Contract"",""DocTypeIdFk"":1,""EndDate"":""05/31/2015"",""ExecutionDate"":""05/25/2011"",""IsDeleted"":false,""ModifiedById"":4797,""ModifiedOn"":""/Date(1390581002313)/"",""ParentID"":null,""PartyName"":"" Health Management Systems"",""RequestDate"":null,""SubjectMatter"":""Program Integrity Retrospective Review, Recovery and Data Exchange  - Lot 1 contract"",""TotalCount"":37}",2026-07-27T20:00:37Z
pa-705096,PA,PA Treasury OpenBookPA Contracts e-Library,705096,620270,amendment,DXC MS LLC,DXC,"Department of Human Services ""prior DPW""",4000022569 FA 05/19/2023,Funding Adjustment Increase - 4000022569 MMIS,50347542,2020-12-03,,2023-10-31,-33,Expired/past award,Amendment,https://www.patreasury.gov/openbookpa/e-library/Home/ContractView?id=705096,https://www.patreasury.gov/openbookpa/e-library/,MMIS,30,"{""AgencyName"":""Department of Human Services \""prior DPW\"","",""BeginDate"":"""",""ContractAmount"":50347542.83,""ContractID"":705096,""ContractNumber"":""4000022569 FA 05/19/2023"",""CreatedById"":3337,""CreatedOn"":""/Date(1684521626137)/"",""DeletedById"":null,""DocName"":""Amendment"",""DocTypeIdFk"":1,""EndDate"":""10/31/2023"",""ExecutionDate"":""12/03/2020"",""IsDeleted"":false,""ModifiedById"":3337,""ModifiedOn"":""/Date(1684521626137)/"",""ParentID"":620270,""PartyName"":"" DXC MS LLC"",""RequestDate"":null,""SubjectMatter"":""Funding Adjustment Increase - 4000022569 MMIS"",""TotalCount"":26}",2026-07-27T20:00:19Z
pa-830741,PA,PA Treasury OpenBookPA Contracts e-Library,830741,108613,amendment,"Gainwell Technologies, LLC",Gainwell,"Department of Human Services ""prior DPW""",4000022569 FA 04 28 2025,Medicaid Management Information System,1844878,2025-07-02,,2011-08-31,-179,Expired/past award,Amendment,https://www.patreasury.gov/openbookpa/e-library/Home/ContractView?id=830741,https://www.patreasury.gov/openbookpa/e-library/,Medicaid,30,"{""AgencyName"":""Department of Human Services \""prior DPW\"","",""BeginDate"":"""",""ContractAmount"":1844878.99,""ContractID"":830741,""ContractNumber"":""4000022569 FA 04 28 2025"",""CreatedById"":5652,""CreatedOn"":""/Date(1751469045783)/"",""DeletedById"":null,""DocName"":""Amendment"",""DocTypeIdFk"":1,""EndDate"":""08/31/2011"",""ExecutionDate"":""07/02/2025"",""IsDeleted"":false,""ModifiedById"":5787,""ModifiedOn"":""/Date(1754072142403)/"",""ParentID"":108613,""PartyName"":"" Gainwell Technologies, LLC"",""RequestDate"":null,""SubjectMatter"":""Medicaid Management Information System"",""TotalCount"":8}",2026-07-27T20:00:28Z
pa-891921,PA,PA Treasury OpenBookPA Contracts e-Library,891921,108613,amendment,"Gainwell Technologies, LLC",Gainwell,"Department of Human Services ""prior DPW""",4000022569 FA 05 01 2026,Medicaid Management Information System,1204327,2026-06-08,,2011-08-31,-179,Expired/past award,Amendment,https://www.patreasury.gov/openbookpa/e-library/Home/ContractView?id=891921,https://www.patreasury.gov/openbookpa/e-library/,Medicaid,30,"{""AgencyName"":""Department of Human Services \""prior DPW\"","",""BeginDate"":"""",""ContractAmount"":1204327.48,""ContractID"":891921,""ContractNumber"":""4000022569 FA 05 01 2026"",""CreatedById"":5652,""CreatedOn"":""/Date(1780926633887)/"",""DeletedById"":null,""DocName"":""Amendment"",""DocTypeIdFk"":1,""EndDate"":""08/31/2011"",""ExecutionDate"":""06/08/2026"",""IsDeleted"":false,""ModifiedById"":5652,""ModifiedOn"":""/Date(1780926633887)/"",""ParentID"":108613,""PartyName"":"" Gainwell Technologies, LLC"",""RequestDate"":null,""SubjectMatter"":""Medicaid Management Information System"",""TotalCount"":8}",2026-07-27T20:00:28Z
tn-cpo-contract-tn-87223-4-140-volunteer-behavioral-health-care-system-volunteer-cjbhl-fy26-49b4786b6e49,TN,Tennessee CPO All Contracts Dashboard,"87223-4,140",87223,award,Volunteer Behavioral Health Care System,,Tennessee Central Procurement Office,87223,Volunteer CJBHL FY26,775000,,2025-07-01,2026-06-30,-1,Expired/past award,SVC (GR) type Grant,https://www.tn.gov/generalservices/procurement/central-procurement-office--cpo-/contract-information/all-contracts-dashboard.html,https://data.tn.gov/t/Public/views/CPOContractDetails/CPOContracts-ADACompliant.csv?:showVizHome=no,behavioral health,29,"{""amount"":""775,000"",""available_to_local_government"":""No"",""contract_number"":""87223"",""contract_type"":""SVC (GR) type Grant"",""end_date"":""6/30/2026"",""index"":""4,140"",""measure_name"":""Amount"",""multi_year"":""No"",""source_key"":""tn_cpo_all_contracts_dashboard"",""source_note"":""Official tn.gov Tableau dashboard CSV export for all contracts; public probe on 2026-07-27 found no safely reachable fuller export. ADA CSV truncates Supplier Name to 40 chars and Contract Description to 30 chars; NV00000000 is dashboard-present but reused, so source_record_id appends Index when available. Statewide listing links redirect to Edison/Oracle IDCS from CLI."",""start_date"":""7/1/2025"",""supplier_name"":""Volunteer Behavioral Health Care System"",""title"":""Volunteer CJBHL FY26""}",2026-07-27T20:27:49Z
tn-cpo-contract-tn-77564-3-554-volunteer-behavioral-health-care-system-co-located-volunteer-73aa1fe215ea,TN,Tennessee CPO All Contracts Dashboard,"77564-3,554",77564,award,Volunteer Behavioral Health Care System,,Tennessee Central Procurement Office,77564,Co-Located volunteer,470740,,2023-03-01,2026-06-30,-1,Expired/past award,SVC (GR) type Grant,https://www.tn.gov/generalservices/procurement/central-procurement-office--cpo-/contract-information/all-contracts-dashboard.html,https://data.tn.gov/t/Public/views/CPOContractDetails/CPOContracts-ADACompliant.csv?:showVizHome=no,behavioral health,29,"{""amount"":""470,740"",""available_to_local_government"":""No"",""contract_number"":""77564"",""contract_type"":""SVC (GR) type Grant"",""end_date"":""6/30/2026"",""index"":""3,554"",""measure_name"":""Amount"",""multi_year"":""No"",""source_key"":""tn_cpo_all_contracts_dashboard"",""source_note"":""Official tn.gov Tableau dashboard CSV export for all contracts; public probe on 2026-07-27 found no safely reachable fuller export. ADA CSV truncates Supplier Name to 40 chars and Contract Description to 30 chars; NV00000000 is dashboard-present but reused, so source_record_id appends Index when available. Statewide listing links redirect to Edison/Oracle IDCS from CLI."",""start_date"":""3/1/2023"",""supplier_name"":""Volunteer Behavioral Health Care System"",""title"":""Co-Located volunteer""}",2026-07-27T20:27:49Z
tn-cpo-contract-tn-86861-4-065-volunteer-behavioral-health-care-system-path-volunteer-96417df19fa2,TN,Tennessee CPO All Contracts Dashboard,"86861-4,065",86861,award,Volunteer Behavioral Health Care System,,Tennessee Central Procurement Office,86861,PATH Volunteer,399787,,2025-07-01,2026-06-30,-1,Expired/past award,SVC (GR) type Grant,https://www.tn.gov/generalservices/procurement/central-procurement-office--cpo-/contract-information/all-contracts-dashboard.html,https://data.tn.gov/t/Public/views/CPOContractDetails/CPOContracts-ADACompliant.csv?:showVizHome=no,behavioral health,29,"{""amount"":""399,787"",""available_to_local_government"":""No"",""contract_number"":""86861"",""contract_type"":""SVC (GR) type Grant"",""end_date"":""6/30/2026"",""index"":""4,065"",""measure_name"":""Amount"",""multi_year"":""No"",""source_key"":""tn_cpo_all_contracts_dashboard"",""source_note"":""Official tn.gov Tableau dashboard CSV export for all contracts; public probe on 2026-07-27 found no safely reachable fuller export. ADA CSV truncates Supplier Name to 40 chars and Contract Description to 30 chars; NV00000000 is dashboard-present but reused, so source_record_id appends Index when available. Statewide listing links redirect to Edison/Oracle IDCS from CLI."",""start_date"":""7/1/2025"",""supplier_name"":""Volunteer Behavioral Health Care System"",""title"":""PATH Volunteer""}",2026-07-27T20:27:49Z
tn-cpo-contract-tn-86590-4-017-volunteer-behavioral-health-care-system-tts-forensic-a81f43806c9c,TN,Tennessee CPO All Contracts Dashboard,"86590-4,017",86590,award,Volunteer Behavioral Health Care System,,Tennessee Central Procurement Office,86590,TTS Forensic,300000,,2025-07-01,2026-06-30,-1,Expired/past award,SVC (GR) type Grant,https://www.tn.gov/generalservices/procurement/central-procurement-office--cpo-/contract-information/all-contracts-dashboard.html,https://data.tn.gov/t/Public/views/CPOContractDetails/CPOContracts-ADACompliant.csv?:showVizHome=no,behavioral health,29,"{""amount"":""300,000"",""available_to_local_government"":""No"",""contract_number"":""86590"",""contract_type"":""SVC (GR) type Grant"",""end_date"":""6/30/2026"",""index"":""4,017"",""measure_name"":""Amount"",""multi_year"":""No"",""source_key"":""tn_cpo_all_contracts_dashboard"",""source_note"":""Official tn.gov Tableau dashboard CSV export for all contracts; public probe on 2026-07-27 found no safely reachable fuller export. ADA CSV truncates Supplier Name to 40 chars and Contract Description to 30 chars; NV00000000 is dashboard-present but reused, so source_record_id appends Index when available. Statewide listing links redirect to Edison/Oracle IDCS from CLI."",""start_date"":""7/1/2025"",""supplier_name"":""Volunteer Behavioral Health Care System"",""title"":""TTS Forensic""}",2026-07-27T20:27:49Z
tn-cpo-contract-tn-78350-3-590-behavioral-health-initiatives-inc-chs-bhi-9055645d926c,TN,Tennessee CPO All Contracts Dashboard,"78350-3,590",78350,award,Behavioral Health Initiatives Inc,,Tennessee Central Procurement Office,78350,CHS BHI,213324,,2023-07-01,2026-06-30,-1,Expired/past award,SVC (GR) type Grant,https://www.tn.gov/generalservices/procurement/central-procurement-office--cpo-/contract-information/all-contracts-dashboard.html,https://data.tn.gov/t/Public/views/CPOContractDetails/CPOContracts-ADACompliant.csv?:showVizHome=no,behavioral health,29,"{""amount"":""213,324"",""available_to_local_government"":""No"",""contract_number"":""78350"",""contract_type"":""SVC (GR) type Grant"",""end_date"":""6/30/2026"",""index"":""3,590"",""measure_name"":""Amount"",""multi_year"":""Yes"",""source_key"":""tn_cpo_all_contracts_dashboard"",""source_note"":""Official tn.gov Tableau dashboard CSV export for all contracts; public probe on 2026-07-27 found no safely reachable fuller export. ADA CSV truncates Supplier Name to 40 chars and Contract Description to 30 chars; NV00000000 is dashboard-present but reused, so source_record_id appends Index when available. Statewide listing links redirect to Edison/Oracle IDCS from CLI."",""start_date"":""7/1/2023"",""supplier_name"":""Behavioral Health Initiatives Inc"",""title"":""CHS BHI""}",2026-07-27T20:27:49Z
tn-cpo-contract-tn-86186-3-993-volunteer-behavioral-health-care-system-tn-recov-nav-volunteer-e15c2fa2973c,TN,Tennessee CPO All Contracts Dashboard,"86186-3,993",86186,award,Volunteer Behavioral Health Care System,,Tennessee Central Procurement Office,86186,TN Recov Nav Volunteer,149200,,2025-07-01,2026-06-30,-1,Expired/past award,SVC (GR) type Grant,https://www.tn.gov/generalservices/procurement/central-procurement-office--cpo-/contract-information/all-contracts-dashboard.html,https://data.tn.gov/t/Public/views/CPOContractDetails/CPOContracts-ADACompliant.csv?:showVizHome=no,behavioral health,29,"{""amount"":""149,200"",""available_to_local_government"":""No"",""contract_number"":""86186"",""contract_type"":""SVC (GR) type Grant"",""end_date"":""6/30/2026"",""index"":""3,993"",""measure_name"":""Amount"",""multi_year"":""No"",""source_key"":""tn_cpo_all_contracts_dashboard"",""source_note"":""Official tn.gov Tableau dashboard CSV export for all contracts; public probe on 2026-07-27 found no safely reachable fuller export. ADA CSV truncates Supplier Name to 40 chars and Contract Description to 30 chars; NV00000000 is dashboard-present but reused, so source_record_id appends Index when available. Statewide listing links redirect to Edison/Oracle IDCS from CLI."",""start_date"":""7/1/2025"",""supplier_name"":""Volunteer Behavioral Health Care System"",""title"":""TN Recov Nav Volunteer""}",2026-07-27T20:27:49Z
tn-cpo-contract-tn-86606-4-022-volunteer-behavioral-health-care-system-tn-rocs-d7a966a0e22d,TN,Tennessee CPO All Contracts Dashboard,"86606-4,022",86606,award,Volunteer Behavioral Health Care System,,Tennessee Central Procurement Office,86606,TN-ROCS,120000,,2025-07-01,2026-06-30,-1,Expired/past award,SVC (GR) type Grant,https://www.tn.gov/generalservices/procurement/central-procurement-office--cpo-/contract-information/all-contracts-dashboard.html,https://data.tn.gov/t/Public/views/CPOContractDetails/CPOContracts-ADACompliant.csv?:showVizHome=no,behavioral health,29,"{""amount"":""120,000"",""available_to_local_government"":""No"",""contract_number"":""86606"",""contract_type"":""SVC (GR) type Grant"",""end_date"":""6/30/2026"",""index"":""4,022"",""measure_name"":""Amount"",""multi_year"":""No"",""source_key"":""tn_cpo_all_contracts_dashboard"",""source_note"":""Official tn.gov Tableau dashboard CSV export for all contracts; public probe on 2026-07-27 found no safely reachable fuller export. ADA CSV truncates Supplier Name to 40 chars and Contract Description to 30 chars; NV00000000 is dashboard-present but reused, so source_record_id appends Index when available. Statewide listing links redirect to Edison/Oracle IDCS from CLI."",""start_date"":""7/1/2025"",""supplier_name"":""Volunteer Behavioral Health Care System"",""title"":""TN-ROCS""}",2026-07-27T20:27:49Z
tn-cpo-contract-tn-87012-4-096-volunteer-behavioral-health-care-system-volunteer-mat-c-fy26-bb22f1322e79,TN,Tennessee CPO All Contracts Dashboard,"87012-4,096",87012,award,Volunteer Behavioral Health Care System,,Tennessee Central Procurement Office,87012,Volunteer MAT C FY26,100000,,2025-07-01,2026-06-30,-1,Expired/past award,SVC (GR) type Grant,https://www.tn.gov/generalservices/procurement/central-procurement-office--cpo-/contract-information/all-contracts-dashboard.html,https://data.tn.gov/t/Public/views/CPOContractDetails/CPOContracts-ADACompliant.csv?:showVizHome=no,behavioral health,29,"{""amount"":""100,000"",""available_to_local_government"":""No"",""contract_number"":""87012"",""contract_type"":""SVC (GR) type Grant"",""end_date"":""6/30/2026"",""index"":""4,096"",""measure_name"":""Amount"",""multi_year"":""No"",""source_key"":""tn_cpo_all_contracts_dashboard"",""source_note"":""Official tn.gov Tableau dashboard CSV export for all contracts; public probe on 2026-07-27 found no safely reachable fuller export. ADA CSV truncates Supplier Name to 40 chars and Contract Description to 30 chars; NV00000000 is dashboard-present but reused, so source_record_id appends Index when available. Statewide listing links redirect to Edison/Oracle IDCS from CLI."",""start_date"":""7/1/2025"",""supplier_name"":""Volunteer Behavioral Health Care System"",""title"":""Volunteer MAT C FY26""}",2026-07-27T20:27:49Z
tn-cpo-contract-tn-83842-3-821-rural-health-association-of-tn-inc-83842-c104cbaacf1b,TN,Tennessee CPO All Contracts Dashboard,"83842-3,821",83842,award,Rural Health Association Of TN Inc,,Tennessee Central Procurement Office,83842,83842,92400,,2024-07-01,2026-06-30,-1,Expired/past award,SVC (GR) type Grant,https://www.tn.gov/generalservices/procurement/central-procurement-office--cpo-/contract-information/all-contracts-dashboard.html,https://data.tn.gov/t/Public/views/CPOContractDetails/CPOContracts-ADACompliant.csv?:showVizHome=no,rural health,29,"{""amount"":""92,400"",""available_to_local_government"":""No"",""contract_number"":""83842"",""contract_type"":""SVC (GR) type Grant"",""end_date"":""6/30/2026"",""index"":""3,821"",""measure_name"":""Amount"",""multi_year"":""Yes"",""source_key"":""tn_cpo_all_contracts_dashboard"",""source_note"":""Official tn.gov Tableau dashboard CSV export for all contracts; public probe on 2026-07-27 found no safely reachable fuller export. ADA CSV truncates Supplier Name to 40 chars and Contract Description to 30 chars; NV00000000 is dashboard-present but reused, so source_record_id appends Index when available. Statewide listing links redirect to Edison/Oracle IDCS from CLI."",""start_date"":""7/1/2024"",""supplier_name"":""Rural Health Association Of TN Inc"",""title"":""""}",2026-07-27T20:27:49Z
tn-cpo-contract-tn-86794-4-052-center-of-hope-for-behavioral-health-inc-outpatient-mh-ctr-of-hope-94d788632f89,TN,Tennessee CPO All Contracts Dashboard,"86794-4,052",86794,award,CENTER OF HOPE FOR BEHAVIORAL HEALTH INC,,Tennessee Central Procurement Office,86794,Outpatient MH Ctr of Hope,35000,,2025-07-01,2026-06-30,-1,Expired/past award,SVC (GR) type Grant,https://www.tn.gov/generalservices/procurement/central-procurement-office--cpo-/contract-information/all-contracts-dashboard.html,https://data.tn.gov/t/Public/views/CPOContractDetails/CPOContracts-ADACompliant.csv?:showVizHome=no,behavioral health,29,"{""amount"":""35,000"",""available_to_local_government"":""No"",""contract_number"":""86794"",""contract_type"":""SVC (GR) type Grant"",""end_date"":""6/30/2026"",""index"":""4,052"",""measure_name"":""Amount"",""multi_year"":""No"",""source_key"":""tn_cpo_all_contracts_dashboard"",""source_note"":""Official tn.gov Tableau dashboard CSV export for all contracts; public probe on 2026-07-27 found no safely reachable fuller export. ADA CSV truncates Supplier Name to 40 chars and Contract Description to 30 chars; NV00000000 is dashboard-present but reused, so source_record_id appends Index when available. Statewide listing links redirect to Edison/Oracle IDCS from CLI."",""start_date"":""7/1/2025"",""supplier_name"":""CENTER OF HOPE FOR BEHAVIORAL HEALTH INC"",""title"":""Outpatient MH Ctr of Hope""}",2026-07-27T20:27:49Z
tn-cpo-contract-tn-88054-280-avery-telehealth-llc-34347-92724-smbp-3d1c60790651,TN,Tennessee CPO All Contracts Dashboard,88054-280,88054,parent_contract,AVERY TELEHEALTH LLC,,Tennessee Central Procurement Office,88054,34347-92724 SMBP,304750,,2025-08-18,2028-06-30,23,Recompete watch,DGS - Agency Contract M/Y,https://www.tn.gov/generalservices/procurement/central-procurement-office--cpo-/contract-information/all-contracts-dashboard.html,https://data.tn.gov/t/Public/views/CPOContractDetails/CPOContracts-ADACompliant.csv?:showVizHome=no,telehealth,26,"{""amount"":""304,749.7"",""available_to_local_government"":""No"",""contract_number"":""88054"",""contract_type"":""DGS - Agency Contract M/Y"",""end_date"":""6/30/2028"",""index"":""280"",""measure_name"":""Amount"",""multi_year"":""Yes"",""source_key"":""tn_cpo_all_contracts_dashboard"",""source_note"":""Official tn.gov Tableau dashboard CSV export for all contracts; public probe on 2026-07-27 found no safely reachable fuller export. ADA CSV truncates Supplier Name to 40 chars and Contract Description to 30 chars; NV00000000 is dashboard-present but reused, so source_record_id appends Index when available. Statewide listing links redirect to Edison/Oracle IDCS from CLI."",""start_date"":""8/18/2025"",""supplier_name"":""AVERY TELEHEALTH LLC"",""title"":""34347-92724 SMBP""}",2026-07-27T20:27:49Z
pa-417256,PA,PA Treasury OpenBookPA Contracts e-Library,417256,417256,parent_contract,Health Management Systems Inc.,Health Management Systems,House of Representatives,170308001,Contract with HMS to perform dependent eligibility review of medical benefits contracts.,32967,2017-03-08,,2020-03-08,-76,Expired/past award,Parent Contract,https://www.patreasury.gov/openbookpa/e-library/Home/ContractView?id=417256,https://www.patreasury.gov/openbookpa/e-library/,eligibility,26,"{""AgencyName"":""House of Representatives,"",""BeginDate"":"""",""ContractAmount"":32967.0,""ContractID"":417256,""ContractNumber"":""170308001"",""CreatedById"":4178,""CreatedOn"":""/Date(1498657938827)/"",""DeletedById"":null,""DocName"":""Contract"",""DocTypeIdFk"":1,""EndDate"":""03/08/2020"",""ExecutionDate"":""03/08/2017"",""IsDeleted"":false,""ModifiedById"":4178,""ModifiedOn"":""/Date(1498657938827)/"",""ParentID"":null,""PartyName"":"" Health Management Systems Inc."",""RequestDate"":null,""SubjectMatter"":""Contract with HMS to perform dependent eligibility review of medical benefits contracts. "",""TotalCount"":19}",2026-07-27T20:00:46Z
co-vss-award-co-rfp-uhaa-2018000170-2-maximus-human-services-inc-2-b1efb34fe197,CO,ColoradoVSS Awarded Solicitations,RFP-UHAA-2018000170-2:2,RFP-UHAA-2018000170-2,award,"MAXIMUS Human Services, Inc.",enrollment,HCPF - Executive Director's Office,RFP-UHAA-2018000170-2,Enrollment Broker RFP,673242,2018-05-31,2017-12-18,2018-06-30,-97,Expired/past award,VSS Awarded Solicitation (Request for Proposals (RFP); Awarded),https://prd.co.cgiadvantage.com/PRDVSS1X1/Advantage4,https://prd.co.cgiadvantage.com/PRDVSS1X1/Advantage4,enrollment,26,"{""attachments"":[{""ADV_ROW_ID"":""ltO2iadYthUYW57o"",""ADV_ROW_KEY"":""0"",""ADV_ROW_SEL"":false,""OBJ_ATT_DSCR"":"""",""OBJ_ATT_DT"":1516950000000,""OBJ_ATT_NM"":""Appendix A  Administrative Information.pdf"",""OBJ_ATT_TYP"":""1""},{""ADV_ROW_ID"":""geYucvPywFzXg2G9"",""ADV_ROW_KEY"":""0"",""ADV_ROW_SEL"":false,""OBJ_ATT_DSCR"":"""",""OBJ_ATT_DT"":1516950000000,""OBJ_ATT_NM"":""Appendix B  Draft Personal Services Contract.pdf"",""OBJ_ATT_TYP"":""1""},{""ADV_ROW_ID"":""wJt8cC8cqa0514QD"",""ADV_ROW_KEY"":""0"",""ADV_ROW_SEL"":false,""OBJ_ATT_DSCR"":"""",""OBJ_ATT_DT"":1516950000000,""OBJ_ATT_NM"":""Appendix C  W-9.pdf"",""OBJ_ATT_TYP"":""1""},{""ADV_ROW_ID"":""Ba1qvqVXMnrx8FPX"",""ADV_ROW_KEY"":""0"",""ADV_ROW_SEL"":false,""OBJ_ATT_DSCR"":"""",""OBJ_ATT_DT"":1516950000000,""OBJ_ATT_NM"":""Appendix D  Pricing Worksheet.xlsx"",""OBJ_ATT_TYP"":""1""},{""ADV_ROW_ID"":""qhB5YSRHzhYvT0xv"",""ADV_ROW_KEY"":""0"",""ADV_ROW_SEL"":false,""OBJ_ATT_DSCR"":"""",""OBJ_ATT_DT"":1516950000000,""OBJ_ATT_NM"":""Appendix E  Managed Care Service Areas.pdf"",""OBJ_ATT_TYP"":""1""},{""ADV_ROW_ID"":""74kDYx3FGMFHZGTq"",""ADV_ROW_KEY"":""0"",""ADV_ROW_SEL"":false,""OBJ_ATT_DSCR"":"""",""OBJ_ATT_DT"":1516950000000,""OBJ_ATT_NM"":""Appendix F  Enrollment by Plan Type.pdf"",""OBJ_ATT_TYP"":""1""},{""ADV_ROW_ID"":""4L8N7xsqb96QkLvU"",""ADV_ROW_KEY"":""0"",""ADV_ROW_SEL"":false,""OBJ_ATT_DSCR"":"""",""OBJ_ATT_DT"":1516950000000,""OBJ_ATT_NM"":""Appendix G  Health Needs Survey Questionnaire Template.pdf"",""OBJ_ATT_TYP"":""1""},{""ADV_ROW_ID"":""6sAubeRMY22byBGj"",""ADV_ROW_KEY"":""0"",""ADV_ROW_SEL"":false,""OBJ_ATT_DSCR"":"""",""OBJ_ATT_DT"":1516950000000,""OBJ_ATT_NM"":""Appendix H  Enrollment Activities.pdf"",""OBJ_ATT_TYP"":""1""},{""ADV_ROW_ID"":""PAShvbbT0Sa5LqiT"",""ADV_ROW_KEY"":""0"",""ADV_ROW_SEL"":false,""OBJ_ATT_DSCR"":"""",""OBJ_ATT_DT"":1516950000000,""OBJ_ATT_NM"":""Appendix K  Customer Contact Center Training.pdf"",""OBJ_ATT_TYP"":""1""},{""ADV_ROW_ID"":""w3WTLbsaZw4pIzTh"",""ADV_ROW_KEY"":""0"",""ADV_ROW_SEL"":false,""OBJ_ATT_DSCR"":"""",""OBJ_ATT_DT"":1518159600000,""OBJ_ATT_NM"":""Enrollment Broker RFP# 2018000170 - Modification 1.pdf"",""OBJ_ATT_TYP"":""1""},{""ADV_ROW_ID"":""7lyXudmw9PykgCZX"",""ADV_ROW_KEY"":""0"",""ADV_ROW_SEL"":false,""OBJ_ATT_DSCR"":"""",""OBJ_ATT_DT"":1518159600000,""OBJ_ATT_NM"":""Appendix I  Mailing Activity - Modification 1.pdf"",""OBJ_ATT_TYP"":""1""},{""ADV_ROW_ID"":""2qhLpgH7yx931U1V"",""ADV_ROW_KEY"":""0"",""ADV_ROW_SEL"":false,""OBJ_ATT_DSCR"":"""",""OBJ_ATT_DT"":1518159600000,""OBJ_ATT_NM"":""Appendix J  Customer Contact Center Activity - Modification 1.pdf"",""OBJ_ATT_TYP"":""1""},{""ADV_ROW_ID"":""J2mgrWigvp2hIw9n"",""ADV_ROW_KEY"":""0"",""ADV_ROW_SEL"":false,""OBJ_ATT_DSCR"":"""",""OBJ_ATT_DT"":1518159600000,""OBJ_ATT_NM"":""Enrollment Broker Inquiries & Answers.pdf"",""OBJ_ATT_TYP"":""1""}],""award_headers"":[{""ADV_ROW_ID"":""aS0AJq8jKgab8E64"",""ADV_ROW_KEY"":""0"",""ADV_ROW_SEL"":false,""LGL_NM"":""MAXIMUS Human Services, Inc."",""TOT_PRICE"":""$0.00""}],""award_line"":{""ADV_ROW_ID"":""6WzXfdHJmqqQxnmj"",""ADV_ROW_KEY"":""1501167517"",""ADV_ROW_SEL"":false,""AWARD_CNTRC_AM"":""$673,242.00"",""AWARD_DISC_PC"":""0.0000"",""AWARD_DT"":1527746400000,""AWARD_UNIT_PRICE"":""$0.00"",""DOC_COMMGP_LN_NO"":""1"",""DOC_COMMLN_LN_NO"":""2"",""EXTR_CMNT"":"""",""EXT_DSCR"":""UHAA, 4222, ENROLLMENT BROKER"",""LGL_NM"":""MAXIMUS Human Services, Inc."",""QTY"":"""",""UNIT_MEAS_CD"":""""},""header"":{""ADDL_INFO"":""See attached Body, Appendices, Modifications, and Inquiries & Answers documents for more information about the Enrollment Broker RFP."",""ADV_ROW_ID"":""arVoLRo0AfnLHcfH"",""ADV_ROW_KEY"":""0"",""ADV_ROW_SEL"":false,""AD_LN_1"":""1570 Grant"",""AD_LN_2"":"""",""AMND_DT"":1518159600000,""AMND_NO"":""1"",""ATTN"":"""",""AWARD_DT"":1527746400000,""BUYR_EMAIL_AD"":""ryan.yarrow@hcpf.state.co.us"",""BUYR_FAX_NO"":"""",""BUYR_NM"":""Ryan Yarrow"",""BUYR_PH_EXT"":"""",""BUYR_PH_NO"":""303-866-6448"",""CITY"":""Denver"",""CTRY"":""US"",""DOC_CD"":""RFP"",""DOC_DEPT_CD"":""UHAA"",""DOC_DSCR"":""Enrollment Broker RFP"",""DOC_ID"":""2018000170"",""DOC_VERS_NO"":""2"",""INTENT_POSTED_DT"":"""",""ISSNG_OFC"":""Yarrow"",""ISSR_PH_EXT"":"""",""ISSR_PH_NO"":""303-866-3782"",""LOC_NM"":""Dept of Health Care Policy and Financing"",""ORIG_PUB_DT"":1516950000000,""PRCU_ID"":""573811"",""PRO_ONLN_RESP_FL"":true,""PUB_BID_OP_DT_TM"":"""",""PUB_DT"":1518159600000,""RQSTR_OFC"":""Yarrow"",""RQSTR_PH_EXT"":"""",""RQSTR_PH_NO"":""3038666448"",""SO_CAT_CD"":""21"",""SO_CLSNG_DT"":1519768800000,""SO_CLSNG_DT_TM"":1519768800000,""SO_CLSNG_TM"":-2208909600000,""SO_STA"":""A"",""SO_TIME_LEFT"":""-265415121000"",""SRCH_DOC_ID"":""RFP-UHAA-2018000170-2"",""ST"":""CO"",""TM_TO_CLSNG"":""Expired"",""ZIP"":""80203""},""intent_line"":{},""service_line"":{""ADDL_HNDL_INFO"":"""",""ADV_ROW_ID"":""5B6quCpzbPZbYI2G"",""ADV_ROW_KEY"":""-1231329998"",""ADV_ROW_SEL"":false,""BILL_ADD_1"":""1570 Grant"",""BILL_ADD_2"":"""",""BILL_ATTN"":"""",""BILL_CITY"":""Denver"",""BILL_CTRY"":""US"",""BILL_LOC_NM"":""Dept of Health Care Policy and Financing"",""BILL_ST"":""CO"",""BILL_ZIP"":""80203"",""CLR"":"""",""CNTRC_AM"":""$673,242.00"",""COMM_CD"":""96258"",""COMM_DSCR"":""Professional Services (Not Otherwise Classified)"",""COMM_SPECS"":"""",""CTLG_NM"":"""",""DET_INST"":"""",""DLLR_CAP_1"":"""",""DLLR_CAP_2"":"""",""DLLR_CAP_3"":"""",""DLLR_CAP_4"":"""",""DLLR_CAP_5"":"""",""DLVR_DT"":"""",""DOC_COMMGP_LN_NO"":""1"",""DOC_COMMLN_LN_NO"":""2"",""DRWNG_NO"":"""",""EFBGN_DT"":"""",""EFEND_DT"":"""",""EXT_DSCR"":""UHAA, 4222, ENROLLMENT BROKER"",""HAZ_MAT"":"""",""LN_TYP"":""2"",""MANFR_NM"":"""",""MANFR_PAR...",2026-07-27T20:25:21Z
ak-vss-award-ak-irfp-02-160000140-2-health-management-systems-inc-1-e7db82a0cfda,AK,Alaska IRIS VSS Awarded Solicitations,IRFP-02-160000140-2:1,IRFP-02-160000140-2,award,HEALTH MANAGEMENT SYSTEMS INC,eligibility,Department of Administration,IRFP-02-160000140-2,Dependent Eligibility Audit for Active Employees,100000,2016-01-27,2015-11-16,2016-11-15,-116,Expired/past award,VSS Awarded Solicitation (Informal Request for Proposal (IRFP); Awarded),https://iris-vss.alaska.gov/PRDVSS1X1/Advantage4,https://iris-vss.alaska.gov/PRDVSS1X1/Advantage4,eligibility,26,"{""attachments"":[{""ADV_ROW_ID"":""1ICdhSbrd0xgQGmK"",""ADV_ROW_KEY"":""0"",""ADV_ROW_SEL"":false,""OBJ_ATT_DSCR"":""Assembled pdf file for document [IRFP,02,160000140,2] - Informal Request for Proposals"",""OBJ_ATT_DT"":1446019200000,""OBJ_ATT_NM"":""Final_IRFP_02_160000140_2_SO_FORM.PDF"",""OBJ_ATT_TYP"":""7""}],""award_headers"":[{""ADV_ROW_ID"":""1w1XJhRebKkjw2eZ"",""ADV_ROW_KEY"":""0"",""ADV_ROW_SEL"":false,""LGL_NM"":""HEALTH MANAGEMENT SYSTEMS INC"",""TOT_PRICE"":""$0.00""}],""award_line"":{""ADV_ROW_ID"":""x76lRpa9GKQauW0F"",""ADV_ROW_KEY"":""55564903"",""ADV_ROW_SEL"":false,""AWARD_CNTRC_AM"":"""",""AWARD_DISC_PC"":"""",""AWARD_DT"":1453885200000,""AWARD_UNIT_PRICE"":"""",""DOC_COMMGP_LN_NO"":""1"",""DOC_COMMLN_LN_NO"":""1"",""EXTR_CMNT"":"""",""EXT_DSCR"":""DOA RETIREMENT & BENEFITS DEPENDENT ELIGIBILITY AUDIT"",""LGL_NM"":""HEALTH MANAGEMENT SYSTEMS INC"",""QTY"":"""",""UNIT_MEAS_CD"":""""},""header"":{""ADDL_INFO"":""The State of Alaska Department of Administration (DOA), Division of Retirement and Benefits (DRB) is soliciting proposals from qualified offerors to perform a dependent eligibility audit for all active employees enrolled in the AlaskaCare health insurance program. "",""ADV_ROW_ID"":""rlQs2JJQZc8xjlsH"",""ADV_ROW_KEY"":""0"",""ADV_ROW_SEL"":false,""AD_LN_1"":""333 Willoughby Avenue"",""AD_LN_2"":""10th Floor"",""AMND_DT"":1446019200000,""AMND_NO"":""1"",""ATTN"":""DAS Administrative Assistant"",""AWARD_DT"":1453885200000,""BUYR_EMAIL_AD"":""hilary.porter@alaska.gov"",""BUYR_FAX_NO"":""(907)465-2189"",""BUYR_NM"":""Hilary Porter"",""BUYR_PH_EXT"":""A"",""BUYR_PH_NO"":""(907)465-5758"",""CITY"":""Juneau"",""CTRY"":"""",""DOC_CD"":""IRFP"",""DOC_DEPT_CD"":""02"",""DOC_DSCR"":""Dependent Eligibility Audit for Active Employees"",""DOC_ID"":""160000140"",""DOC_VERS_NO"":""2"",""INTENT_POSTED_DT"":"""",""ISSNG_OFC"":""Juneau"",""ISSR_PH_EXT"":"""",""ISSR_PH_NO"":""(907)465-2198"",""LOC_NM"":""Division of Administrative Services - DAS Procurement JNU Bid Receipt"",""ORIG_PUB_DT"":1446019200000,""PRCU_ID"":""105310"",""PRO_ONLN_RESP_FL"":true,""PUB_BID_OP_DT_TM"":"""",""PUB_DT"":1446019200000,""RQSTR_OFC"":""SOA"",""RQSTR_PH_EXT"":"""",""RQSTR_PH_NO"":""(907)465-3225"",""SO_CAT_CD"":"""",""SO_CLSNG_DT"":1447205400000,""SO_CLSNG_DT_TM"":1447205400000,""SO_CLSNG_TM"":-2208893424000,""SO_STA"":""A"",""SO_TIME_LEFT"":""-337978393000"",""SRCH_DOC_ID"":""IRFP-02-160000140-2"",""ST"":""AK"",""TM_TO_CLSNG"":""Expired"",""ZIP"":""99801""},""intent_line"":{""ADV_ROW_ID"":""0E80ZTt3puvRcKjy"",""ADV_ROW_KEY"":""55564903"",""ADV_ROW_SEL"":false,""DISC_PC"":"""",""DOC_COMMGP_LN_NO"":""1"",""DOC_COMMLN_LN_NO"":""1"",""EST_SVC_CNTRC_AM_VIEW"":"""",""EXTR_CMNT"":"""",""EXT_DSCR"":""DOA RETIREMENT & BENEFITS DEPENDENT ELIGIBILITY AUDIT"",""INTENT_AWARD_DT"":"""",""LGL_NM"":""HEALTH MANAGEMENT SYSTEMS INC"",""QTY"":"""",""UNIT_MEAS_CD"":"""",""UNIT_PRICE_VIEW"":""""},""service_line"":{""ADDL_HNDL_INFO"":"""",""ADV_ROW_ID"":""B1ybi99si168hOKk"",""ADV_ROW_KEY"":""-100113821"",""ADV_ROW_SEL"":false,""BILL_ADD_1"":""PO Box 110203"",""BILL_ADD_2"":"""",""BILL_ATTN"":""Supply Tech II - PCN 02-8123"",""BILL_CITY"":""Juneau"",""BILL_CTRY"":"""",""BILL_LOC_NM"":""Division of Retirement and Benefits - SOB JNU Billing"",""BILL_ST"":""AK"",""BILL_ZIP"":""99811-0203"",""CLR"":"""",""CNTRC_AM"":""$100,000.00"",""COMM_CD"":""918"",""COMM_DSCR"":""CONSULTING SERVICES"",""COMM_SPECS"":""CONSULTING SERVICES"",""CTLG_NM"":"""",""DET_INST"":"""",""DLLR_CAP_1"":"""",""DLLR_CAP_2"":"""",""DLLR_CAP_3"":"""",""DLLR_CAP_4"":"""",""DLLR_CAP_5"":"""",""DLVR_DT"":"""",""DOC_COMMGP_LN_NO"":""1"",""DOC_COMMLN_LN_NO"":""1"",""DRWNG_NO"":"""",""EFBGN_DT"":"""",""EFEND_DT"":"""",""EXT_DSCR"":""DOA RETIREMENT & BENEFITS DEPENDENT ELIGIBILITY AUDIT"",""HAZ_MAT"":"""",""LN_TYP"":""2"",""MANFR_NM"":"""",""MANFR_PART_NO"":"""",""MDL_NO"":"""",""MSDS_FL"":false,""PIECE_NO"":"""",""PKG_INST"":"""",""PREF_CD_1"":"""",""PREF_CD_2"":"""",""PREF_CD_3"":"""",""PREF_CD_4"":"""",""PREF_CD_5"":"""",""PROD_CAT_NO"":"""",""QTY"":"""",""SER_NO"":"""",""SHIP_ADD_1"":"""",""SHIP_ADD_2"":"""",""SHIP_ATTN"":"""",""SHIP_CITY"":"""",""SHIP_CTRY"":"""",""SHIP_LOC_NM"":"""",""SHIP_ST"":"""",""SHIP_ZIP"":"""",""SPEC_HNDL_INST"":"""",""SPFN_NO"":"""",""SVC_END_DT"":1479200400000,""SVC_STRT_DT"":1447664400000,""SZ"":"""",""UNIT_MEAS_CD"":"""",""UNIT_PRICE"":"""",""WGHT_FACT_1"":"""",""WGHT_FACT_2"":"""",""WGHT_FACT_3"":"""",""WGHT_FACT_4"":"""",""WGHT_FACT_5"":"""",""WTY_TYP"":""""},""source_key"":""ak_iris_vss"",""source_note"":""Public Alaska IRIS/VSS guest flow through Published Solicitations. The public carousel does not expose Award History, so records come from awarded solicitation detail JSON."",""source_row"":{""ADV_ROW_ID"":""fnZIWwWukw3YnSRW"",""ADV_ROW_SEL"":false,""AMND_DT"":1446019200000,""BUYR_EMAIL_AD"":""hilary.porter@alaska.gov"",""BUYR_FAX_NO"":""(907)465-2189"",""BUYR_NM"":""Hilary Porter"",""BUYR_PH_NO"":""(907)465-5758"",""DEPT_NM"":""Department of Administration"",""DOC_CD"":""IRFP"",""DOC_CD_CONCAT"":""Informal Request for Proposal (IRFP)"",""DOC_DSCR"":""Dependent Eligibility Audit for Active Employees"",""DOC_REF"":""[IRFP,02,160000140,2][IRFP-02-160000140-2]"",""INTENT_POSTED_DT"":1449651600000,""PUB_BID_OP_DT"":"""",""PUB_DT"":1446019200000,""QRY_SRCH_STRING"":"""",""SHOW_TXT"":"""",""SO_CAT_CD"":"""",""SO_CLSNG_DT_TM"":1447205400000,""SO_STA"":""A"",""SO_TIME_LEFT"":""-337978392000""}}",2026-07-27T20:23:13Z
or-bso-contract-or-or-oregonbuys-dasps-1522-18-gainwell-technologies-9a6e80e4b8e6,OR,OregonBuys Active Contracts,DASPS-1522-18,DASPS-1522-18,parent_contract,Gainwell Technologies,Gainwell,DAS On-Behalf Of,DASPS-1522-18,Immunization Information System (WIR),0,,2009-02-09,2027-12-31,17,Expiring soon,BSO Active Contract,https://oregonbuys.gov/bso/external/purchaseorder/poSummary.sda?docId=DASPS-1522-18&releaseNbr=0&external=true&parentUrl=close,https://oregonbuys.gov/bso/view/search/external/advancedSearchContractBlanket.xhtml?view=activeContracts,,25,"{""begin_date"":""02/09/2009"",""bid_solicitation_number"":"""",""contract_number"":""DASPS-1522-18"",""description"":""Immunization Information System (WIR)"",""dollars_spent_to_date"":""$0.00"",""end_date"":""12/31/2027"",""organization"":""DAS On-Behalf Of"",""source_key"":""or_oregonbuys"",""source_note"":""Public BSO active-contracts JSF route; searches current contract/blanket records, not open bids."",""status"":""3PS - Sent"",""type_code"":"""",""vendor"":""Gainwell Technologies""}",2026-07-27T20:01:38Z
tn-cpo-contract-tn-88060-4-959-northeast-state-community-college-33201-04226-nescc-rural-health-b4ac8d07e20b,TN,Tennessee CPO All Contracts Dashboard,"88060-4,959",88060,parent_contract,Northeast State Community College,,Tennessee Central Procurement Office,88060,33201-04226 NESCC Rural Health,884404,,2025-09-15,2029-09-30,38,Longer-term contract,SVC (IG) type Contract,https://www.tn.gov/generalservices/procurement/central-procurement-office--cpo-/contract-information/all-contracts-dashboard.html,https://data.tn.gov/t/Public/views/CPOContractDetails/CPOContracts-ADACompliant.csv?:showVizHome=no,rural health,24,"{""amount"":""884,404"",""available_to_local_government"":""No"",""contract_number"":""88060"",""contract_type"":""SVC (IG) type Contract"",""end_date"":""9/30/2029"",""index"":""4,959"",""measure_name"":""Amount"",""multi_year"":""Yes"",""source_key"":""tn_cpo_all_contracts_dashboard"",""source_note"":""Official tn.gov Tableau dashboard CSV export for all contracts; public probe on 2026-07-27 found no safely reachable fuller export. ADA CSV truncates Supplier Name to 40 chars and Contract Description to 30 chars; NV00000000 is dashboard-present but reused, so source_record_id appends Index when available. Statewide listing links redirect to Edison/Oracle IDCS from CLI."",""start_date"":""9/15/2025"",""supplier_name"":""Northeast State Community College"",""title"":""33201-04226 NESCC Rural Health""}",2026-07-27T20:27:49Z
tn-cpo-contract-tn-87804-5-267-tennessee-rural-health-recruitment-and-tcwd-community-incentive-prgrm-af4301a75a04,TN,Tennessee CPO All Contracts Dashboard,"87804-5,267",87804,parent_contract,TENNESSEE RURAL HEALTH RECRUITMENT AND,,Tennessee Central Procurement Office,87804,TCWD Community Incentive Prgrm,0,,2025-07-15,2026-06-30,-1,Expired/past award,SVC (RV) type Contract,https://www.tn.gov/generalservices/procurement/central-procurement-office--cpo-/contract-information/all-contracts-dashboard.html,https://data.tn.gov/t/Public/views/CPOContractDetails/CPOContracts-ADACompliant.csv?:showVizHome=no,rural health,24,"{""amount"":""0.01"",""available_to_local_government"":""No"",""contract_number"":""87804"",""contract_type"":""SVC (RV) type Contract"",""end_date"":""6/30/2026"",""index"":""5,267"",""measure_name"":""Amount"",""multi_year"":""No"",""source_key"":""tn_cpo_all_contracts_dashboard"",""source_note"":""Official tn.gov Tableau dashboard CSV export for all contracts; public probe on 2026-07-27 found no safely reachable fuller export. ADA CSV truncates Supplier Name to 40 chars and Contract Description to 30 chars; NV00000000 is dashboard-present but reused, so source_record_id appends Index when available. Statewide listing links redirect to Edison/Oracle IDCS from CLI."",""start_date"":""7/15/2025"",""supplier_name"":""TENNESSEE RURAL HEALTH RECRUITMENT AND"",""title"":""TCWD Community Incentive Prgrm""}",2026-07-27T20:27:49Z
pa-739091,PA,PA Treasury OpenBookPA Contracts e-Library,739091,739091,parent_contract,Health Management Systems Inc.,Health Management Systems,"Department of Human Services ""prior DPW""",4300698704 EP 30698_3 12 31 2024,PA CHIP VERIFICATION SYSTEM,500000,2024-12-21,,2024-12-31,-19,Expired/past award,Parent Contract,https://www.patreasury.gov/openbookpa/e-library/Home/ContractView?id=739091,https://www.patreasury.gov/openbookpa/e-library/,,24,"{""AgencyName"":""Department of Human Services \""prior DPW\"","",""BeginDate"":"""",""ContractAmount"":500000.0,""ContractID"":739091,""ContractNumber"":""4300698704 EP 30698_3 12 31 2024"",""CreatedById"":1,""CreatedOn"":""/Date(1703199605723)/"",""DeletedById"":null,""DocName"":""Contract"",""DocTypeIdFk"":1,""EndDate"":""12/31/2024"",""ExecutionDate"":""12/21/2024"",""IsDeleted"":false,""ModifiedById"":null,""ModifiedOn"":null,""ParentID"":null,""PartyName"":"" Health Management Systems Inc."",""RequestDate"":null,""SubjectMatter"":""PA CHIP VERIFICATION SYSTEM"",""TotalCount"":19}",2026-07-27T20:00:46Z
pa-739096,PA,PA Treasury OpenBookPA Contracts e-Library,739096,739096,parent_contract,Health Management Systems Inc.,Health Management Systems,"Department of Human Services ""prior DPW""",44000016756 EP 30698_3 12 31 2024,PA CHIP VERIFICATION SYSTEM,500000,2023-12-21,,2024-12-31,-19,Expired/past award,Parent Contract,https://www.patreasury.gov/openbookpa/e-library/Home/ContractView?id=739096,https://www.patreasury.gov/openbookpa/e-library/,,24,"{""AgencyName"":""Department of Human Services \""prior DPW\"","",""BeginDate"":"""",""ContractAmount"":500000.0,""ContractID"":739096,""ContractNumber"":""44000016756 EP 30698_3 12 31 2024"",""CreatedById"":1,""CreatedOn"":""/Date(1703199607490)/"",""DeletedById"":null,""DocName"":""Contract"",""DocTypeIdFk"":1,""EndDate"":""12/31/2024"",""ExecutionDate"":""12/21/2023"",""IsDeleted"":false,""ModifiedById"":null,""ModifiedOn"":null,""ParentID"":null,""PartyName"":"" Health Management Systems Inc."",""RequestDate"":null,""SubjectMatter"":""PA CHIP VERIFICATION SYSTEM"",""TotalCount"":19}",2026-07-27T20:00:46Z
pa-219153,PA,PA Treasury OpenBookPA Contracts e-Library,219153,219153,parent_contract,Health Management Systems,Health Management,"Department of Human Services ""prior DPW""",4000016769,program integrity retrospective review & recovery actual start date 01/01/2013,625000,2013-01-08,,2016-12-31,-115,Expired/past award,Parent Contract,https://www.patreasury.gov/openbookpa/e-library/Home/ContractView?id=219153,https://www.patreasury.gov/openbookpa/e-library/,,24,"{""AgencyName"":""Department of Human Services \""prior DPW\"","",""BeginDate"":"""",""ContractAmount"":625000.0,""ContractID"":219153,""ContractNumber"":""4000016769"",""CreatedById"":3338,""CreatedOn"":""/Date(1357671081983)/"",""DeletedById"":null,""DocName"":""Contract"",""DocTypeIdFk"":1,""EndDate"":""12/31/2016"",""ExecutionDate"":""01/08/2013"",""IsDeleted"":false,""ModifiedById"":0,""ModifiedOn"":""/Date(1357671273983)/"",""ParentID"":null,""PartyName"":"" Health Management Systems"",""RequestDate"":""/Date(1357671273983)/"",""SubjectMatter"":""program integrity retrospective review & recovery\r\n\r\nactual start date 01/01/2013"",""TotalCount"":37}",2026-07-27T20:00:37Z
co-vss-award-co-rfp-uhaa-2018000170-2-maximus-human-services-inc-3-5245bfa704ad,CO,ColoradoVSS Awarded Solicitations,RFP-UHAA-2018000170-2:3,RFP-UHAA-2018000170-2,award,"MAXIMUS Human Services, Inc.",enrollment,HCPF - Executive Director's Office,RFP-UHAA-2018000170-2,Enrollment Broker RFP,77252,2018-05-31,2017-12-18,2018-06-30,-97,Expired/past award,VSS Awarded Solicitation (Request for Proposals (RFP); Awarded),https://prd.co.cgiadvantage.com/PRDVSS1X1/Advantage4,https://prd.co.cgiadvantage.com/PRDVSS1X1/Advantage4,enrollment,20,"{""attachments"":[{""ADV_ROW_ID"":""ltO2iadYthUYW57o"",""ADV_ROW_KEY"":""0"",""ADV_ROW_SEL"":false,""OBJ_ATT_DSCR"":"""",""OBJ_ATT_DT"":1516950000000,""OBJ_ATT_NM"":""Appendix A  Administrative Information.pdf"",""OBJ_ATT_TYP"":""1""},{""ADV_ROW_ID"":""geYucvPywFzXg2G9"",""ADV_ROW_KEY"":""0"",""ADV_ROW_SEL"":false,""OBJ_ATT_DSCR"":"""",""OBJ_ATT_DT"":1516950000000,""OBJ_ATT_NM"":""Appendix B  Draft Personal Services Contract.pdf"",""OBJ_ATT_TYP"":""1""},{""ADV_ROW_ID"":""wJt8cC8cqa0514QD"",""ADV_ROW_KEY"":""0"",""ADV_ROW_SEL"":false,""OBJ_ATT_DSCR"":"""",""OBJ_ATT_DT"":1516950000000,""OBJ_ATT_NM"":""Appendix C  W-9.pdf"",""OBJ_ATT_TYP"":""1""},{""ADV_ROW_ID"":""Ba1qvqVXMnrx8FPX"",""ADV_ROW_KEY"":""0"",""ADV_ROW_SEL"":false,""OBJ_ATT_DSCR"":"""",""OBJ_ATT_DT"":1516950000000,""OBJ_ATT_NM"":""Appendix D  Pricing Worksheet.xlsx"",""OBJ_ATT_TYP"":""1""},{""ADV_ROW_ID"":""qhB5YSRHzhYvT0xv"",""ADV_ROW_KEY"":""0"",""ADV_ROW_SEL"":false,""OBJ_ATT_DSCR"":"""",""OBJ_ATT_DT"":1516950000000,""OBJ_ATT_NM"":""Appendix E  Managed Care Service Areas.pdf"",""OBJ_ATT_TYP"":""1""},{""ADV_ROW_ID"":""74kDYx3FGMFHZGTq"",""ADV_ROW_KEY"":""0"",""ADV_ROW_SEL"":false,""OBJ_ATT_DSCR"":"""",""OBJ_ATT_DT"":1516950000000,""OBJ_ATT_NM"":""Appendix F  Enrollment by Plan Type.pdf"",""OBJ_ATT_TYP"":""1""},{""ADV_ROW_ID"":""4L8N7xsqb96QkLvU"",""ADV_ROW_KEY"":""0"",""ADV_ROW_SEL"":false,""OBJ_ATT_DSCR"":"""",""OBJ_ATT_DT"":1516950000000,""OBJ_ATT_NM"":""Appendix G  Health Needs Survey Questionnaire Template.pdf"",""OBJ_ATT_TYP"":""1""},{""ADV_ROW_ID"":""6sAubeRMY22byBGj"",""ADV_ROW_KEY"":""0"",""ADV_ROW_SEL"":false,""OBJ_ATT_DSCR"":"""",""OBJ_ATT_DT"":1516950000000,""OBJ_ATT_NM"":""Appendix H  Enrollment Activities.pdf"",""OBJ_ATT_TYP"":""1""},{""ADV_ROW_ID"":""PAShvbbT0Sa5LqiT"",""ADV_ROW_KEY"":""0"",""ADV_ROW_SEL"":false,""OBJ_ATT_DSCR"":"""",""OBJ_ATT_DT"":1516950000000,""OBJ_ATT_NM"":""Appendix K  Customer Contact Center Training.pdf"",""OBJ_ATT_TYP"":""1""},{""ADV_ROW_ID"":""w3WTLbsaZw4pIzTh"",""ADV_ROW_KEY"":""0"",""ADV_ROW_SEL"":false,""OBJ_ATT_DSCR"":"""",""OBJ_ATT_DT"":1518159600000,""OBJ_ATT_NM"":""Enrollment Broker RFP# 2018000170 - Modification 1.pdf"",""OBJ_ATT_TYP"":""1""},{""ADV_ROW_ID"":""7lyXudmw9PykgCZX"",""ADV_ROW_KEY"":""0"",""ADV_ROW_SEL"":false,""OBJ_ATT_DSCR"":"""",""OBJ_ATT_DT"":1518159600000,""OBJ_ATT_NM"":""Appendix I  Mailing Activity - Modification 1.pdf"",""OBJ_ATT_TYP"":""1""},{""ADV_ROW_ID"":""2qhLpgH7yx931U1V"",""ADV_ROW_KEY"":""0"",""ADV_ROW_SEL"":false,""OBJ_ATT_DSCR"":"""",""OBJ_ATT_DT"":1518159600000,""OBJ_ATT_NM"":""Appendix J  Customer Contact Center Activity - Modification 1.pdf"",""OBJ_ATT_TYP"":""1""},{""ADV_ROW_ID"":""J2mgrWigvp2hIw9n"",""ADV_ROW_KEY"":""0"",""ADV_ROW_SEL"":false,""OBJ_ATT_DSCR"":"""",""OBJ_ATT_DT"":1518159600000,""OBJ_ATT_NM"":""Enrollment Broker Inquiries & Answers.pdf"",""OBJ_ATT_TYP"":""1""}],""award_headers"":[{""ADV_ROW_ID"":""aS0AJq8jKgab8E64"",""ADV_ROW_KEY"":""0"",""ADV_ROW_SEL"":false,""LGL_NM"":""MAXIMUS Human Services, Inc."",""TOT_PRICE"":""$0.00""}],""award_line"":{""ADV_ROW_ID"":""hYQgB6KFhoIlwSPg"",""ADV_ROW_KEY"":""109784795"",""ADV_ROW_SEL"":false,""AWARD_CNTRC_AM"":""$77,252.00"",""AWARD_DISC_PC"":""0.0000"",""AWARD_DT"":1527746400000,""AWARD_UNIT_PRICE"":""$0.00"",""DOC_COMMGP_LN_NO"":""1"",""DOC_COMMLN_LN_NO"":""3"",""EXTR_CMNT"":"""",""EXT_DSCR"":""UHAA, 4222, ENROLLMENT BROKER"",""LGL_NM"":""MAXIMUS Human Services, Inc."",""QTY"":"""",""UNIT_MEAS_CD"":""""},""header"":{""ADDL_INFO"":""See attached Body, Appendices, Modifications, and Inquiries & Answers documents for more information about the Enrollment Broker RFP."",""ADV_ROW_ID"":""arVoLRo0AfnLHcfH"",""ADV_ROW_KEY"":""0"",""ADV_ROW_SEL"":false,""AD_LN_1"":""1570 Grant"",""AD_LN_2"":"""",""AMND_DT"":1518159600000,""AMND_NO"":""1"",""ATTN"":"""",""AWARD_DT"":1527746400000,""BUYR_EMAIL_AD"":""ryan.yarrow@hcpf.state.co.us"",""BUYR_FAX_NO"":"""",""BUYR_NM"":""Ryan Yarrow"",""BUYR_PH_EXT"":"""",""BUYR_PH_NO"":""303-866-6448"",""CITY"":""Denver"",""CTRY"":""US"",""DOC_CD"":""RFP"",""DOC_DEPT_CD"":""UHAA"",""DOC_DSCR"":""Enrollment Broker RFP"",""DOC_ID"":""2018000170"",""DOC_VERS_NO"":""2"",""INTENT_POSTED_DT"":"""",""ISSNG_OFC"":""Yarrow"",""ISSR_PH_EXT"":"""",""ISSR_PH_NO"":""303-866-3782"",""LOC_NM"":""Dept of Health Care Policy and Financing"",""ORIG_PUB_DT"":1516950000000,""PRCU_ID"":""573811"",""PRO_ONLN_RESP_FL"":true,""PUB_BID_OP_DT_TM"":"""",""PUB_DT"":1518159600000,""RQSTR_OFC"":""Yarrow"",""RQSTR_PH_EXT"":"""",""RQSTR_PH_NO"":""3038666448"",""SO_CAT_CD"":""21"",""SO_CLSNG_DT"":1519768800000,""SO_CLSNG_DT_TM"":1519768800000,""SO_CLSNG_TM"":-2208909600000,""SO_STA"":""A"",""SO_TIME_LEFT"":""-265415121000"",""SRCH_DOC_ID"":""RFP-UHAA-2018000170-2"",""ST"":""CO"",""TM_TO_CLSNG"":""Expired"",""ZIP"":""80203""},""intent_line"":{},""service_line"":{""ADDL_HNDL_INFO"":"""",""ADV_ROW_ID"":""874Kec6u2IaetN8K"",""ADV_ROW_KEY"":""-514317356"",""ADV_ROW_SEL"":false,""BILL_ADD_1"":""1570 Grant"",""BILL_ADD_2"":"""",""BILL_ATTN"":"""",""BILL_CITY"":""Denver"",""BILL_CTRY"":""US"",""BILL_LOC_NM"":""Dept of Health Care Policy and Financing"",""BILL_ST"":""CO"",""BILL_ZIP"":""80203"",""CLR"":"""",""CNTRC_AM"":""$77,252.00"",""COMM_CD"":""96258"",""COMM_DSCR"":""Professional Services (Not Otherwise Classified)"",""COMM_SPECS"":"""",""CTLG_NM"":"""",""DET_INST"":"""",""DLLR_CAP_1"":"""",""DLLR_CAP_2"":"""",""DLLR_CAP_3"":"""",""DLLR_CAP_4"":"""",""DLLR_CAP_5"":"""",""DLVR_DT"":"""",""DOC_COMMGP_LN_NO"":""1"",""DOC_COMMLN_LN_NO"":""3"",""DRWNG_NO"":"""",""EFBGN_DT"":"""",""EFEND_DT"":"""",""EXT_DSCR"":""UHAA, 4222, ENROLLMENT BROKER"",""HAZ_MAT"":"""",""LN_TYP"":""2"",""MANFR_NM"":"""",""MANFR_PART_NO...",2026-07-27T20:25:21Z
nj-bso-contract-nj-nj-njstart-25-tele-104824-gainwell-technologies-llc-14653728b244,NJ,NJSTART Active Contracts,25-TELE-104824,25-TELE-104824,parent_contract,Gainwell Technologies LLC,Gainwell,Division of Purchase and Property,25-TELE-104824,T2590 - Fiscal Agent for the Division of Mental Health and Addiction Services (DMHAS),839830,,2025-04-09,2029-04-08,33,Recompete watch,RFP/SC-SBE,https://www.njstart.gov/bso/external/purchaseorder/poSummary.sda?docId=25-TELE-104824&releaseNbr=0&external=true&parentUrl=close,https://www.njstart.gov/bso/view/search/external/advancedSearchContractBlanket.xhtml?view=activeContracts,,18,"{""begin_date"":""04/09/2025"",""bid_solicitation_number"":""25DPP01060"",""contract_number"":""25-TELE-104824"",""description"":""T2590 - Fiscal Agent for the Division of Mental Health and Addiction Services (DMHAS)"",""dollars_spent_to_date"":""$839,830.00"",""end_date"":""04/08/2029"",""organization"":""Division of Purchase and Property"",""source_key"":""nj_njstart"",""source_note"":""Public BSO active-contracts JSF route; searches current contract/blanket records, not open bids."",""status"":""3PS - Sent"",""type_code"":""RFP/SC-SBE"",""vendor"":""Gainwell Technologies LLC""}",2026-07-27T20:01:22Z
pa-408136,PA,PA Treasury OpenBookPA Contracts e-Library,408136,408136,parent_contract,"HP Enterprise Services, LLP",HP Enterprise Services,House Democratic Caucus,HDC01042717,This freestanding purchase order requires HP Enterprise to provide hardware and maintenance to the House Democratic Caucus.,29497,2017-04-27,,2018-04-30,-99,Expired/past award,Parent Contract,https://www.patreasury.gov/openbookpa/e-library/Home/ContractView?id=408136,https://www.patreasury.gov/openbookpa/e-library/,,18,"{""AgencyName"":""House Democratic Caucus,"",""BeginDate"":"""",""ContractAmount"":29497.68,""ContractID"":408136,""ContractNumber"":""HDC01042717"",""CreatedById"":4406,""CreatedOn"":""/Date(1494339994937)/"",""DeletedById"":null,""DocName"":""Contract"",""DocTypeIdFk"":1,""EndDate"":""04/30/2018"",""ExecutionDate"":""04/27/2017"",""IsDeleted"":false,""ModifiedById"":4406,""ModifiedOn"":""/Date(1494339994937)/"",""ParentID"":null,""PartyName"":"" HP Enterprise Services, LLP"",""RequestDate"":null,""SubjectMatter"":""This freestanding purchase order requires HP Enterprise to provide hardware and maintenance to the House Democratic Caucus. "",""TotalCount"":4}",2026-07-27T20:00:49Z
pa-354312,PA,PA Treasury OpenBookPA Contracts e-Library,354312,354312,parent_contract,"HP Enterprise Services, LLP",HP Enterprise Services,House Democratic Caucus,HDC01050516,This freestanding purchase order requires HP enterprise to provide hardware maintenance to the House Democratic Caucus.,35085,2016-04-25,,2017-04-30,-111,Expired/past award,Parent Contract,https://www.patreasury.gov/openbookpa/e-library/Home/ContractView?id=354312,https://www.patreasury.gov/openbookpa/e-library/,,18,"{""AgencyName"":""House Democratic Caucus,"",""BeginDate"":"""",""ContractAmount"":35085.12,""ContractID"":354312,""ContractNumber"":""HDC01050516"",""CreatedById"":4406,""CreatedOn"":""/Date(1462456434753)/"",""DeletedById"":null,""DocName"":""Contract"",""DocTypeIdFk"":1,""EndDate"":""04/30/2017"",""ExecutionDate"":""04/25/2016"",""IsDeleted"":false,""ModifiedById"":4406,""ModifiedOn"":""/Date(1462456434753)/"",""ParentID"":null,""PartyName"":"" HP Enterprise Services, LLP"",""RequestDate"":null,""SubjectMatter"":""This freestanding purchase order requires HP enterprise to provide hardware maintenance to the House Democratic Caucus.  "",""TotalCount"":4}",2026-07-27T20:00:49Z
pa-222625,PA,PA Treasury OpenBookPA Contracts e-Library,222625,222625,parent_contract,Health Management Systems,Health Management,Insurance Department,4000017391,HMS Settlement Agreement,21370,2013-01-30,,2012-08-31,-167,Expired/past award,Parent Contract,https://www.patreasury.gov/openbookpa/e-library/Home/ContractView?id=222625,https://www.patreasury.gov/openbookpa/e-library/,,18,"{""AgencyName"":""Insurance Department,"",""BeginDate"":"""",""ContractAmount"":21370.0,""ContractID"":222625,""ContractNumber"":""4000017391"",""CreatedById"":4590,""CreatedOn"":""/Date(1360240211657)/"",""DeletedById"":null,""DocName"":""Contract"",""DocTypeIdFk"":1,""EndDate"":""08/31/2012"",""ExecutionDate"":""01/30/2013"",""IsDeleted"":false,""ModifiedById"":4590,""ModifiedOn"":""/Date(1360240211657)/"",""ParentID"":null,""PartyName"":"" Health Management Systems"",""RequestDate"":null,""SubjectMatter"":""HMS Settlement Agreement"",""TotalCount"":37}",2026-07-27T20:00:37Z
pa-874641,PA,PA Treasury OpenBookPA Contracts e-Library,874641,108613,amendment,"Gainwell Technologies, LLC",Gainwell,"Department of Human Services ""prior DPW""",4000022569 AMND 13,Medicaid Management Information System,0,2026-03-13,,2011-08-31,-179,Expired/past award,Amendment,https://www.patreasury.gov/openbookpa/e-library/Home/ContractView?id=874641,https://www.patreasury.gov/openbookpa/e-library/,Medicaid,18,"{""AgencyName"":""Department of Human Services \""prior DPW\"","",""BeginDate"":"""",""ContractAmount"":0.0,""ContractID"":874641,""ContractNumber"":""4000022569 AMND 13"",""CreatedById"":5652,""CreatedOn"":""/Date(1773429901013)/"",""DeletedById"":null,""DocName"":""Amendment"",""DocTypeIdFk"":1,""EndDate"":""08/31/2011"",""ExecutionDate"":""03/13/2026"",""IsDeleted"":false,""ModifiedById"":5652,""ModifiedOn"":""/Date(1773429901013)/"",""ParentID"":108613,""PartyName"":"" Gainwell Technologies, LLC"",""RequestDate"":null,""SubjectMatter"":""Medicaid Management Information System"",""TotalCount"":8}",2026-07-27T20:00:28Z
pa-889070,PA,PA Treasury OpenBookPA Contracts e-Library,889070,108613,amendment,"Gainwell Technologies, LLC",Gainwell,"Department of Human Services ""prior DPW""",4000022569 FA 100725,Medicaid Management Information System,-8839014,2025-10-21,,2011-08-31,-179,Expired/past award,Amendment,https://www.patreasury.gov/openbookpa/e-library/Home/ContractView?id=889070,https://www.patreasury.gov/openbookpa/e-library/,Medicaid,18,"{""AgencyName"":""Department of Human Services \""prior DPW\"","",""BeginDate"":"""",""ContractAmount"":-8839014.62,""ContractID"":889070,""ContractNumber"":""4000022569 FA 100725"",""CreatedById"":5652,""CreatedOn"":""/Date(1779309590747)/"",""DeletedById"":null,""DocName"":""Amendment"",""DocTypeIdFk"":1,""EndDate"":""08/31/2011"",""ExecutionDate"":""10/21/2025"",""IsDeleted"":false,""ModifiedById"":5652,""ModifiedOn"":""/Date(1779309590747)/"",""ParentID"":108613,""PartyName"":"" Gainwell Technologies, LLC"",""RequestDate"":null,""SubjectMatter"":""Medicaid Management Information System"",""TotalCount"":8}",2026-07-27T20:00:28Z
co-vss-award-co-rfp-ibeh-2023000172-7-denver-health-hospital-authority-1-6d915595c358,CO,ColoradoVSS Awarded Solicitations,RFP-IBEH-2023000172-7:1,RFP-IBEH-2023000172-7,award,DENVER HEALTH & HOSPITAL AUTHORITY,workforce,CDHS - Behavioral Health Administration,RFP-IBEH-2023000172-7,CLOSED Substance Use Workforce Stability - MULTIPLE ROUNDS,0,2023-04-26,2023-02-07,2024-06-30,-25,Expired/past award,VSS Awarded Solicitation (Request for Proposals (RFP); Awarded),https://prd.co.cgiadvantage.com/PRDVSS1X1/Advantage4,https://prd.co.cgiadvantage.com/PRDVSS1X1/Advantage4,behavioral health;workforce,16,"{""attachments"":[{""ADV_ROW_ID"":""kqsHMOE9fx0YyvAf"",""ADV_ROW_KEY"":""0"",""ADV_ROW_SEL"":false,""OBJ_ATT_DSCR"":"""",""OBJ_ATT_DT"":1670482800000,""OBJ_ATT_NM"":""Exhibit C - HIPAA Business Associate Agreement (BAA).pdf"",""OBJ_ATT_TYP"":""1""},{""ADV_ROW_ID"":""yF4b5Pj4Hn46WGCy"",""ADV_ROW_KEY"":""0"",""ADV_ROW_SEL"":false,""OBJ_ATT_DSCR"":"""",""OBJ_ATT_DT"":1670482800000,""OBJ_ATT_NM"":""Exhibit D1 - State and Local Fiscal Recovery Funds - Subrecipient Provisions.pdf"",""OBJ_ATT_TYP"":""1""},{""ADV_ROW_ID"":""BRsxYOIIG0rwUVt5"",""ADV_ROW_KEY"":""0"",""ADV_ROW_SEL"":false,""OBJ_ATT_DSCR"":"""",""OBJ_ATT_DT"":1670482800000,""OBJ_ATT_NM"":""Exhibit D2 - State and Local Fiscal Recovery Funds - Contractor Provisions.pdf"",""OBJ_ATT_TYP"":""1""},{""ADV_ROW_ID"":""IXB0XgUKjyTCSqIT"",""ADV_ROW_KEY"":""0"",""ADV_ROW_SEL"":false,""OBJ_ATT_DSCR"":"""",""OBJ_ATT_DT"":1670482800000,""OBJ_ATT_NM"":""Exhibit E - Miscellaneous Provisions.pdf"",""OBJ_ATT_TYP"":""1""},{""ADV_ROW_ID"":""C6BuqLkccAO5glDi"",""ADV_ROW_KEY"":""0"",""ADV_ROW_SEL"":false,""OBJ_ATT_DSCR"":"""",""OBJ_ATT_DT"":1670482800000,""OBJ_ATT_NM"":""Exhibit F - Supplemental Provisions for Federal Awards.pdf"",""OBJ_ATT_TYP"":""1""},{""ADV_ROW_ID"":""EP9oYU2DYVsOZK9a"",""ADV_ROW_KEY"":""0"",""ADV_ROW_SEL"":false,""OBJ_ATT_DSCR"":"""",""OBJ_ATT_DT"":1670482800000,""OBJ_ATT_NM"":""Exhibit G - CDHS Personal Services Contract Template.pdf"",""OBJ_ATT_TYP"":""1""},{""ADV_ROW_ID"":""6h9VcnmewyeQIXlX"",""ADV_ROW_KEY"":""0"",""ADV_ROW_SEL"":false,""OBJ_ATT_DSCR"":"""",""OBJ_ATT_DT"":1671692400000,""OBJ_ATT_NM"":""RFP IBEH 2023000172 Amendment #02.pdf"",""OBJ_ATT_TYP"":""1""},{""ADV_ROW_ID"":""SNlhFUAn9X4dw4mH"",""ADV_ROW_KEY"":""0"",""ADV_ROW_SEL"":false,""OBJ_ATT_DSCR"":"""",""OBJ_ATT_DT"":1671692400000,""OBJ_ATT_NM"":""Exhibit B-1 - 1281 Substance Use Workforce Grant Application Workbook for Capacity Type Budgets (v.2).xlsx"",""OBJ_ATT_TYP"":""1""},{""ADV_ROW_ID"":""onUwc5Wr4zXprEaa"",""ADV_ROW_KEY"":""0"",""ADV_ROW_SEL"":false,""OBJ_ATT_DSCR"":"""",""OBJ_ATT_DT"":1671692400000,""OBJ_ATT_NM"":""Exhibit B-2 - 1281 Substance Use Workforce Grant Application Workbook for Deliverable Type Budgets (v.2).xlsx"",""OBJ_ATT_TYP"":""1""},{""ADV_ROW_ID"":""23PTCrCLYNkv6xxi"",""ADV_ROW_KEY"":""0"",""ADV_ROW_SEL"":false,""OBJ_ATT_DSCR"":"""",""OBJ_ATT_DT"":1672815600000,""OBJ_ATT_NM"":""RFP IBEH 2023000172 Amendment #03.pdf"",""OBJ_ATT_TYP"":""1""},{""ADV_ROW_ID"":""SGbohBma7HuCJoRj"",""ADV_ROW_KEY"":""0"",""ADV_ROW_SEL"":false,""OBJ_ATT_DSCR"":"""",""OBJ_ATT_DT"":1678258800000,""OBJ_ATT_NM"":""RFP IBEH 2023000172 Amendment #04.pdf"",""OBJ_ATT_TYP"":""1""}],""award_headers"":[{""ADV_ROW_ID"":""9EMLmSL1h85B61ga"",""ADV_ROW_KEY"":""0"",""ADV_ROW_SEL"":false,""LGL_NM"":""DENVER HEALTH & HOSPITAL AUTHORITY"",""TOT_PRICE"":""$0.00""}],""award_line"":{""ADV_ROW_ID"":""srUe7MYgMChYxda4"",""ADV_ROW_KEY"":""296973914"",""ADV_ROW_SEL"":false,""AWARD_CNTRC_AM"":""$0.00"",""AWARD_DISC_PC"":""0.0000"",""AWARD_DT"":1682488800000,""AWARD_UNIT_PRICE"":""$0.00"",""DOC_COMMGP_LN_NO"":""1"",""DOC_COMMLN_LN_NO"":""1"",""EXTR_CMNT"":"""",""EXT_DSCR"":""MULTIPLE ROUNDS OF APPLICATION SUBMISSIONS - PLEASE REVIEW THE ASSOCIATED DOCUMENTS FOR:\r\nRFP IBEH 2023000168 CRIMINAL JUSTICE EARLY INTERVENTION GRANT PROGRAM\r\n\r\nRFP IBEH 2023000171 CHILDREN, YOUTH AND FAMILY SERVICES GRANT\r\n\r\nRFP IBEH 2023000172 SUBSTANCE USE WORKFORCE STABILITY GRANT PROGRAM\r\n\r\nRFP IBEH 2023000173 COMMUNITY INVESTMENT GRANT PROGRAM"",""LGL_NM"":""DENVER HEALTH & HOSPITAL AUTHORITY"",""QTY"":"""",""UNIT_MEAS_CD"":""""},""header"":{""ADDL_INFO"":""12/09 Modification made to correct exhibit b-1 and b-2. \r\nNo other changes were made."",""ADV_ROW_ID"":""fz6aNg4VxwyfCUmy"",""ADV_ROW_KEY"":""0"",""ADV_ROW_SEL"":false,""AD_LN_1"":""1575 Sherman Street"",""AD_LN_2"":""6th Floor"",""AMND_DT"":1678258800000,""AMND_NO"":""6"",""ATTN"":"""",""AWARD_DT"":1682488800000,""BUYR_EMAIL_AD"":""raven.lopez@state.co.us"",""BUYR_FAX_NO"":"""",""BUYR_NM"":""Raven Lopez"",""BUYR_PH_EXT"":"""",""BUYR_PH_NO"":"""",""CITY"":""DENVER"",""CTRY"":""US"",""DOC_CD"":""RFP"",""DOC_DEPT_CD"":""IBEH"",""DOC_DSCR"":""CLOSED Substance Use Workforce Stability - MULTIPLE ROUNDS"",""DOC_ID"":""2023000172"",""DOC_VERS_NO"":""7"",""INTENT_POSTED_DT"":"""",""ISSNG_OFC"":""Schmidt"",""ISSR_PH_EXT"":"""",""ISSR_PH_NO"":"""",""LOC_NM"":""NORTH/CENTRAL PROCUREMENT"",""ORIG_PUB_DT"":1670569200000,""PRCU_ID"":""1357704"",""PRO_ONLN_RESP_FL"":true,""PUB_BID_OP_DT_TM"":"""",""PUB_DT"":1678258800000,""RQSTR_OFC"":""Schmidt"",""RQSTR_PH_EXT"":"""",""RQSTR_PH_NO"":""303-866-7512"",""SO_CAT_CD"":"""",""SO_CLSNG_DT"":1678320000000,""SO_CLSNG_DT_TM"":1678320000000,""SO_CLSNG_TM"":-2208902400000,""SO_STA"":""A"",""SO_TIME_LEFT"":""-106864025000"",""SRCH_DOC_ID"":""RFP-IBEH-2023000172-7"",""ST"":""CO"",""TM_TO_CLSNG"":""Expired"",""ZIP"":""80203""},""intent_line"":{},""service_line"":{""ADDL_HNDL_INFO"":"""",""ADV_ROW_ID"":""qNRzuXuyeZBUx7wn"",""ADV_ROW_KEY"":""-839380548"",""ADV_ROW_SEL"":false,""BILL_ADD_1"":""3824 W. Princeton Circle"",""BILL_ADD_2"":"""",""BILL_ATTN"":"""",""BILL_CITY"":""Denver"",""BILL_CTRY"":""US"",""BILL_LOC_NM"":""Division of Behavioral Health"",""BILL_ST"":""CO"",""BILL_ZIP"":""80263"",""CLR"":"""",""CNTRC_AM"":""$0.00"",""COMM_CD"":""G1000"",""COMM_DSCR"":""Grant Commodity"",""COMM_SPECS"":"""",""CTLG_NM"":"""",""DET_INST"":"""",""DLLR_CAP_1"":"""",""DLLR_CAP_2"":"""",""DLLR_CAP_3"":"""",""DLLR_CAP_4"":"""",""DLLR_CAP_5"":"""",""DLVR_DT"":"""",""DOC_COMMGP_LN_NO"":""1"",""DOC_COMMLN_LN_NO"":""1"",""DRWNG_NO"":"""",""EFBGN_DT"":"""",""EFEND_DT"":"""",""EX...",2026-07-27T20:27:05Z
co-vss-award-co-rfp-ihja-2022000173-3-southwest-colorado-mental-health-center-inc-1-9f4363794c64,CO,ColoradoVSS Awarded Solicitations,RFP-IHJA-2022000173-3:1,RFP-IHJA-2022000173-3,award,"SOUTHWEST COLORADO MENTAL HEALTH CENTER, INC.",behavioral health,CDHS - Office of Behavioral Health,RFP-IHJA-2022000173-3,Behavioral Health Workforce Training,96250,2022-04-19,2022-02-28,2022-06-30,-49,Expired/past award,VSS Awarded Solicitation (Request for Proposals (RFP); Awarded),https://prd.co.cgiadvantage.com/PRDVSS1X1/Advantage4,https://prd.co.cgiadvantage.com/PRDVSS1X1/Advantage4,behavioral health;workforce,16,"{""attachments"":[{""ADV_ROW_ID"":""OwiZiX1GVK0fWilJ"",""ADV_ROW_KEY"":""0"",""ADV_ROW_SEL"":false,""OBJ_ATT_DSCR"":"""",""OBJ_ATT_DT"":1639551600000,""OBJ_ATT_NM"":""RFP IHJA 2022000173 Behavioral Health Workforce.pdf"",""OBJ_ATT_TYP"":""1""},{""ADV_ROW_ID"":""UZbjgv3dFgIHxgn4"",""ADV_ROW_KEY"":""0"",""ADV_ROW_SEL"":false,""OBJ_ATT_DSCR"":"""",""OBJ_ATT_DT"":1639551600000,""OBJ_ATT_NM"":""Exhibit A - Statement of Work.pdf.pdf"",""OBJ_ATT_TYP"":""1""},{""ADV_ROW_ID"":""7Pt47GzP31vBOXGH"",""ADV_ROW_KEY"":""0"",""ADV_ROW_SEL"":false,""OBJ_ATT_DSCR"":"""",""OBJ_ATT_DT"":1639551600000,""OBJ_ATT_NM"":""Exhibit B - Budget Template final.xlsx"",""OBJ_ATT_TYP"":""1""},{""ADV_ROW_ID"":""SrZBGqmtVxJfU5eC"",""ADV_ROW_KEY"":""0"",""ADV_ROW_SEL"":false,""OBJ_ATT_DSCR"":"""",""OBJ_ATT_DT"":1639551600000,""OBJ_ATT_NM"":""Exhibit C - CDHS Personal Services Contract Template.pdf"",""OBJ_ATT_TYP"":""1""},{""ADV_ROW_ID"":""h0XAOGkngP5yGpHZ"",""ADV_ROW_KEY"":""0"",""ADV_ROW_SEL"":false,""OBJ_ATT_DSCR"":"""",""OBJ_ATT_DT"":1639551600000,""OBJ_ATT_NM"":""Exhibit D - Miscellaneous Provisions.pdf"",""OBJ_ATT_TYP"":""1""},{""ADV_ROW_ID"":""KLLBVfnuKfm6tJcl"",""ADV_ROW_KEY"":""0"",""ADV_ROW_SEL"":false,""OBJ_ATT_DSCR"":"""",""OBJ_ATT_DT"":1639551600000,""OBJ_ATT_NM"":""Exhibit E - Supplemental Provisions for Federal Awards.pdf"",""OBJ_ATT_TYP"":""1""},{""ADV_ROW_ID"":""5Iz44ZY3qARv7LiT"",""ADV_ROW_KEY"":""0"",""ADV_ROW_SEL"":false,""OBJ_ATT_DSCR"":"""",""OBJ_ATT_DT"":1639551600000,""OBJ_ATT_NM"":""Exhibit F - HIPAA Business Associate Agreement (BAA).pdf"",""OBJ_ATT_TYP"":""1""},{""ADV_ROW_ID"":""83Svntkb4ClQKDd5"",""ADV_ROW_KEY"":""0"",""ADV_ROW_SEL"":false,""OBJ_ATT_DSCR"":"""",""OBJ_ATT_DT"":1641452400000,""OBJ_ATT_NM"":""RFP IHEA 2022000173 Amendment #01.docx.pdf"",""OBJ_ATT_TYP"":""1""},{""ADV_ROW_ID"":""Xa67IjVCZtOWxo8A"",""ADV_ROW_KEY"":""0"",""ADV_ROW_SEL"":false,""OBJ_ATT_DSCR"":"""",""OBJ_ATT_DT"":1642575600000,""OBJ_ATT_NM"":""RFP IHEA 2022000173 Amendment #02.pdf"",""OBJ_ATT_TYP"":""1""}],""award_headers"":[{""ADV_ROW_ID"":""DezBt4VozDTpUv7A"",""ADV_ROW_KEY"":""0"",""ADV_ROW_SEL"":false,""LGL_NM"":""SOUTHWEST COLORADO MENTAL HEALTH CENTER, INC."",""TOT_PRICE"":""$0.00""}],""award_line"":{""ADV_ROW_ID"":""40rgOk9P3glXwXQL"",""ADV_ROW_KEY"":""825791505"",""ADV_ROW_SEL"":false,""AWARD_CNTRC_AM"":""$96,250.00"",""AWARD_DISC_PC"":""0.0000"",""AWARD_DT"":1650348000000,""AWARD_UNIT_PRICE"":""$0.00"",""DOC_COMMGP_LN_NO"":""1"",""DOC_COMMLN_LN_NO"":""1"",""EXTR_CMNT"":"""",""EXT_DSCR"":""THE COLORADO DEPARTMENT OF HUMAN SERVICES (CDHS) - OFFICE OF BEHAVIORAL (OBH), IS CURRENTLY SEEKING TO PROVIDE MULTIPLE AWARDS TO ENTITIES THAT HAVE THE ABILITY TO PROVIDE TRAINING TO THE EXISTING BEHAVIORAL HEALTHCARE WORKFORCE TO BE CERTIFIED IN FEDERALLY REIMBURSED SERVICES."",""LGL_NM"":""SOUTHWEST COLORADO MENTAL HEALTH CENTER, INC."",""QTY"":"""",""UNIT_MEAS_CD"":""""},""header"":{""ADDL_INFO"":"""",""ADV_ROW_ID"":""FPE5Gh92jT5sWEZp"",""ADV_ROW_KEY"":""0"",""ADV_ROW_SEL"":false,""AD_LN_1"":""1575 Sherman Street"",""AD_LN_2"":""6th Floor"",""AMND_DT"":1642575600000,""AMND_NO"":""2"",""ATTN"":"""",""AWARD_DT"":1650348000000,""BUYR_EMAIL_AD"":""raven.lopez@state.co.us"",""BUYR_FAX_NO"":"""",""BUYR_NM"":""Raven Lopez"",""BUYR_PH_EXT"":"""",""BUYR_PH_NO"":"""",""CITY"":""DENVER"",""CTRY"":""US"",""DOC_CD"":""RFP"",""DOC_DEPT_CD"":""IHJA"",""DOC_DSCR"":""Behavioral Health Workforce Training"",""DOC_ID"":""2022000173"",""DOC_VERS_NO"":""3"",""INTENT_POSTED_DT"":"""",""ISSNG_OFC"":""-"",""ISSR_PH_EXT"":"""",""ISSR_PH_NO"":""303-866-7430"",""LOC_NM"":""NORTH/CENTRAL PROCUREMENT"",""ORIG_PUB_DT"":1639551600000,""PRCU_ID"":""1185504"",""PRO_ONLN_RESP_FL"":true,""PUB_BID_OP_DT_TM"":"""",""PUB_DT"":1642575600000,""RQSTR_OFC"":""-"",""RQSTR_PH_EXT"":"""",""RQSTR_PH_NO"":""303-866-7943"",""SO_CAT_CD"":"""",""SO_CLSNG_DT"":1642809600000,""SO_CLSNG_DT_TM"":1642809600000,""SO_CLSNG_TM"":-2208902400000,""SO_STA"":""A"",""SO_TIME_LEFT"":""-142374380000"",""SRCH_DOC_ID"":""RFP-IHJA-2022000173-3"",""ST"":""CO"",""TM_TO_CLSNG"":""Expired"",""ZIP"":""80203""},""intent_line"":{},""service_line"":{""ADDL_HNDL_INFO"":"""",""ADV_ROW_ID"":""fT76Wyur5BBIHLOH"",""ADV_ROW_KEY"":""-1204228773"",""ADV_ROW_SEL"":false,""BILL_ADD_1"":""3824 W. Princeton Circle"",""BILL_ADD_2"":"""",""BILL_ATTN"":"""",""BILL_CITY"":""Denver"",""BILL_CTRY"":""US"",""BILL_LOC_NM"":""Division of Behavioral Health"",""BILL_ST"":""CO"",""BILL_ZIP"":""80263"",""CLR"":"""",""CNTRC_AM"":""$2,000,000.00"",""COMM_CD"":""94800"",""COMM_DSCR"":""HEALTH RELATED SERVICES (FOR HUMAN SERVICES SEE CLASS 952)"",""COMM_SPECS"":"""",""CTLG_NM"":"""",""DET_INST"":"""",""DLLR_CAP_1"":"""",""DLLR_CAP_2"":"""",""DLLR_CAP_3"":"""",""DLLR_CAP_4"":"""",""DLLR_CAP_5"":"""",""DLVR_DT"":"""",""DOC_COMMGP_LN_NO"":""1"",""DOC_COMMLN_LN_NO"":""1"",""DRWNG_NO"":"""",""EFBGN_DT"":"""",""EFEND_DT"":"""",""EXT_DSCR"":""THE COLORADO DEPARTMENT OF HUMAN SERVICES (CDHS) - OFFICE OF BEHAVIORAL (OBH), IS CURRENTLY SEEKING TO PROVIDE MULTIPLE AWARDS TO ENTITIES THAT HAVE THE ABILITY TO PROVIDE TRAINING TO THE EXISTING BEHAVIORAL HEALTHCARE WORKFORCE TO BE CERTIFIED IN FEDERALLY REIMBURSED SERVICES."",""HAZ_MAT"":"""",""LN_TYP"":""2"",""MANFR_NM"":"""",""MANFR_PART_NO"":"""",""MDL_NO"":"""",""MSDS_FL"":false,""PIECE_NO"":"""",""PKG_INST"":"""",""PREF_CD_1"":"""",""PREF_CD_2"":"""",""PREF_CD_3"":"""",""PREF_CD_4"":"""",""PREF_CD_5"":"""",""PROD_CAT_NO"":"""",""QTY"":"""",""SER_NO"":"""",""SHIP_ADD_1"":""3824 W. PRINCETON CIRCLE"",""SHIP_ADD_2"":"""",""SHIP_ATTN"":"""",""SHIP_CITY"":""DENVER"",""SHIP_CTRY"":""US"",""SHIP_LOC_NM"":""DIVISION OF BEHAVIORAL HEALTH"",""SHIP_ST"":""CO"",""SHIP_ZIP"":""8...",2026-07-27T20:26:21Z
co-vss-award-co-rfp-faaa-2023000291-3-altarum-institute-1-23c4a52b5078,CO,ColoradoVSS Awarded Solicitations,RFP-FAAA-2023000291-3:1,RFP-FAAA-2023000291-3,award,Altarum Institute,FHIR,CDPHE - Department of Public Health and Environment,RFP-FAAA-2023000291-3,Electronic Death Registration FHIR Messaging System,159000,2023-04-27,2023-07-01,2024-06-30,-25,Expired/past award,VSS Awarded Solicitation (Request for Proposals (RFP); Awarded),https://prd.co.cgiadvantage.com/PRDVSS1X1/Advantage4,https://prd.co.cgiadvantage.com/PRDVSS1X1/Advantage4,FHIR,14,"{""attachments"":[{""ADV_ROW_ID"":""6n1upYcOiIu98Gpu"",""ADV_ROW_KEY"":""0"",""ADV_ROW_SEL"":false,""OBJ_ATT_DSCR"":"""",""OBJ_ATT_DT"":1678086000000,""OBJ_ATT_NM"":""Attachment 1  Vendor Information-Confirmation of Offer Form.docx"",""OBJ_ATT_TYP"":""1""},{""ADV_ROW_ID"":""Q6rOSU91DBuLlysc"",""ADV_ROW_KEY"":""0"",""ADV_ROW_SEL"":false,""OBJ_ATT_DSCR"":"""",""OBJ_ATT_DT"":1678086000000,""OBJ_ATT_NM"":""Exhibit A Sample InformationTechnology Contract  (1220).docx"",""OBJ_ATT_TYP"":""1""},{""ADV_ROW_ID"":""ku0HP8HKAKhnSV2o"",""ADV_ROW_KEY"":""0"",""ADV_ROW_SEL"":false,""OBJ_ATT_DSCR"":"""",""OBJ_ATT_DT"":1678086000000,""OBJ_ATT_NM"":""Exhibit B Sample SOW.pdf"",""OBJ_ATT_TYP"":""1""},{""ADV_ROW_ID"":""eBdZBIJy2eZn8kYP"",""ADV_ROW_KEY"":""0"",""ADV_ROW_SEL"":false,""OBJ_ATT_DSCR"":"""",""OBJ_ATT_DT"":1679378400000,""OBJ_ATT_NM"":""Revised RFP 2023000291 Electronic Death Registration FHIR Messaging System.docx"",""OBJ_ATT_TYP"":""1""},{""ADV_ROW_ID"":""poRTHLNXaE2sux21"",""ADV_ROW_KEY"":""0"",""ADV_ROW_SEL"":false,""OBJ_ATT_DSCR"":"""",""OBJ_ATT_DT"":1679378400000,""OBJ_ATT_NM"":""Addendum 1  Electronic Death Registration FHIR Messaging System.pdf"",""OBJ_ATT_TYP"":""1""}],""award_headers"":[{""ADV_ROW_ID"":""T5HOP2MH3UIcis9P"",""ADV_ROW_KEY"":""0"",""ADV_ROW_SEL"":false,""LGL_NM"":""Altarum Institute"",""TOT_PRICE"":""$0.00""}],""award_line"":{""ADV_ROW_ID"":""mpRotMTQTDtHXONg"",""ADV_ROW_KEY"":""-744915133"",""ADV_ROW_SEL"":false,""AWARD_CNTRC_AM"":""$159,000.00"",""AWARD_DISC_PC"":""0.0000"",""AWARD_DT"":1682575200000,""AWARD_UNIT_PRICE"":""$0.00"",""DOC_COMMGP_LN_NO"":""1"",""DOC_COMMLN_LN_NO"":""1"",""EXTR_CMNT"":"""",""EXT_DSCR"":""ELECTRONIC DEATH REGISTRATION FHIR MESSAGING SYSTEM"",""LGL_NM"":""Altarum Institute"",""QTY"":"""",""UNIT_MEAS_CD"":""""},""header"":{""ADDL_INFO"":""Modification # 2 Attached Revised RFP wit corrected dates, Attached Addendum 1 Questions and Answers. All else remains unchanged. \r\n\r\n Modification # 1 -Changed name of solicitation. All else remains unchanged..\r\nThe purpose of this RFP is to solicit responses from qualified Offerors for the installation, configuration, and deployment of a Rhapsody instance to enable the transmission of death data using the required FHIR standard.\r\nThe single point of contact for this solicitation is Allan Smith at Allan.smith@state.co.us"",""ADV_ROW_ID"":""sotSI2ODIAoV10li"",""ADV_ROW_KEY"":""0"",""ADV_ROW_SEL"":false,""AD_LN_1"":""4300 CHERRY CREEK DRIVE SOUTH"",""AD_LN_2"":"""",""AMND_DT"":1679378400000,""AMND_NO"":""2"",""ATTN"":""Purchasing Dept"",""AWARD_DT"":1682575200000,""BUYR_EMAIL_AD"":""allan.smith@state.co.us"",""BUYR_FAX_NO"":"""",""BUYR_NM"":""Allan Smith"",""BUYR_PH_EXT"":"""",""BUYR_PH_NO"":""303-692-2072"",""CITY"":""DENVER"",""CTRY"":""US"",""DOC_CD"":""RFP"",""DOC_DEPT_CD"":""FAAA"",""DOC_DSCR"":""Electronic Death Registration FHIR Messaging System"",""DOC_ID"":""2023000291"",""DOC_VERS_NO"":""3"",""INTENT_POSTED_DT"":"""",""ISSNG_OFC"":""-"",""ISSR_PH_EXT"":"""",""ISSR_PH_NO"":""303-692-2072"",""LOC_NM"":""BUILDING OPERATIONS B-1"",""ORIG_PUB_DT"":1678086000000,""PRCU_ID"":""1401537"",""PRO_ONLN_RESP_FL"":true,""PUB_BID_OP_DT_TM"":"""",""PUB_DT"":1679378400000,""RQSTR_OFC"":""-"",""RQSTR_PH_EXT"":"""",""RQSTR_PH_NO"":""."",""SO_CAT_CD"":""18"",""SO_CLSNG_DT"":1680724800000,""SO_CLSNG_DT_TM"":1680724800000,""SO_CLSNG_TM"":-2208913200000,""SO_STA"":""A"",""SO_TIME_LEFT"":""-104459141000"",""SRCH_DOC_ID"":""RFP-FAAA-2023000291-3"",""ST"":""CO"",""TM_TO_CLSNG"":""Expired"",""ZIP"":""80246-1530""},""intent_line"":{},""service_line"":{""ADDL_HNDL_INFO"":"""",""ADV_ROW_ID"":""upSSCmNIA3giU9QP"",""ADV_ROW_KEY"":""-280930877"",""ADV_ROW_SEL"":false,""BILL_ADD_1"":"""",""BILL_ADD_2"":"""",""BILL_ATTN"":"""",""BILL_CITY"":"""",""BILL_CTRY"":"""",""BILL_LOC_NM"":"""",""BILL_ST"":"""",""BILL_ZIP"":"""",""CLR"":"""",""CNTRC_AM"":""$0.00"",""COMM_CD"":""962"",""COMM_DSCR"":""MISCELLANEOUS SERVICES, NO. 2 (NOT OTHERWISE CLASSIFIED)"",""COMM_SPECS"":"""",""CTLG_NM"":"""",""DET_INST"":"""",""DLLR_CAP_1"":"""",""DLLR_CAP_2"":"""",""DLLR_CAP_3"":"""",""DLLR_CAP_4"":"""",""DLLR_CAP_5"":"""",""DLVR_DT"":"""",""DOC_COMMGP_LN_NO"":""1"",""DOC_COMMLN_LN_NO"":""1"",""DRWNG_NO"":"""",""EFBGN_DT"":"""",""EFEND_DT"":"""",""EXT_DSCR"":""ELECTRONIC DEATH REGISTRATION FHIR MESSAGING SYSTEM"",""HAZ_MAT"":"""",""LN_TYP"":""2"",""MANFR_NM"":"""",""MANFR_PART_NO"":"""",""MDL_NO"":"""",""MSDS_FL"":false,""PIECE_NO"":"""",""PKG_INST"":"""",""PREF_CD_1"":"""",""PREF_CD_2"":"""",""PREF_CD_3"":"""",""PREF_CD_4"":"""",""PREF_CD_5"":"""",""PROD_CAT_NO"":"""",""QTY"":"""",""SER_NO"":"""",""SHIP_ADD_1"":"""",""SHIP_ADD_2"":"""",""SHIP_ATTN"":"""",""SHIP_CITY"":"""",""SHIP_CTRY"":"""",""SHIP_LOC_NM"":"""",""SHIP_ST"":"""",""SHIP_ZIP"":"""",""SPEC_HNDL_INST"":"""",""SPFN_NO"":"""",""SVC_END_DT"":1719727200000,""SVC_STRT_DT"":1688191200000,""SZ"":"""",""UNIT_MEAS_CD"":"""",""UNIT_PRICE"":"""",""WGHT_FACT_1"":"""",""WGHT_FACT_2"":"""",""WGHT_FACT_3"":"""",""WGHT_FACT_4"":"""",""WGHT_FACT_5"":"""",""WTY_TYP"":""""},""source_key"":""co_vss"",""source_note"":""Official OSC/SPCO Solicitations page links this ColoradoVSS public route. The public carousel does not expose Award History, so records come from awarded solicitation detail JSON."",""source_row"":{""ADV_ROW_ID"":""9X9M0HeOLkJJ1A1H"",""ADV_ROW_SEL"":false,""AMND_DT"":1679378400000,""BUYR_EMAIL_AD"":""allan.smith@state.co.us"",""BUYR_FAX_NO"":"""",""BUYR_NM"":""Allan Smith"",""BUYR_PH_NO"":""303-692-2072"",""DEPT_NM"":""CDPHE - Department of Public Health and Environment"",""DOC_CD"":""RFP"",""DOC_CD_CONCAT"":""Request for Proposals (RFP)"",""DOC_DSCR"":""Electronic Death Re...",2026-07-27T20:25:42Z
co-vss-award-co-rfp-faaa-2022000303-2-mile-high-united-way-inc-1-4136b2f4a775,CO,ColoradoVSS Awarded Solicitations,RFP-FAAA-2022000303-2:1,RFP-FAAA-2022000303-2,award,MILE HIGH UNITED WAY INC,contact center,CDPHE - Department of Public Health and Environment,RFP-FAAA-2022000303-2,MCH Statewide Information and Resource Contact Center,105000,2022-05-06,2022-10-01,2023-09-30,-34,Expired/past award,VSS Awarded Solicitation (Request for Proposals (RFP); Awarded),https://prd.co.cgiadvantage.com/PRDVSS1X1/Advantage4,https://prd.co.cgiadvantage.com/PRDVSS1X1/Advantage4,contact center,14,"{""attachments"":[{""ADV_ROW_ID"":""arVVIZ8J0lZSEI9t"",""ADV_ROW_KEY"":""0"",""ADV_ROW_SEL"":false,""OBJ_ATT_DSCR"":"""",""OBJ_ATT_DT"":1647583200000,""OBJ_ATT_NM"":""RFP 2022000303 MCH Resource Contact Center.pdf"",""OBJ_ATT_TYP"":""1""},{""ADV_ROW_ID"":""32SjPzqXA5hiuoLm"",""ADV_ROW_KEY"":""0"",""ADV_ROW_SEL"":false,""OBJ_ATT_DSCR"":"""",""OBJ_ATT_DT"":1647583200000,""OBJ_ATT_NM"":""Attachment 1 Vendor Information-Confirmation of Offer Form.docx"",""OBJ_ATT_TYP"":""1""},{""ADV_ROW_ID"":""ryQMu3InBJGaxi0e"",""ADV_ROW_KEY"":""0"",""ADV_ROW_SEL"":false,""OBJ_ATT_DSCR"":"""",""OBJ_ATT_DT"":1647583200000,""OBJ_ATT_NM"":""Attachment 2 Budget Template.xlsx"",""OBJ_ATT_TYP"":""1""},{""ADV_ROW_ID"":""QT7LOyP6J4wi7OiE"",""ADV_ROW_KEY"":""0"",""ADV_ROW_SEL"":false,""OBJ_ATT_DSCR"":"""",""OBJ_ATT_DT"":1647583200000,""OBJ_ATT_NM"":""Exhibit A State of Colorado Contract Template.pdf"",""OBJ_ATT_TYP"":""1""},{""ADV_ROW_ID"":""LsgTUD74a4zFKexh"",""ADV_ROW_KEY"":""0"",""ADV_ROW_SEL"":false,""OBJ_ATT_DSCR"":"""",""OBJ_ATT_DT"":1647583200000,""OBJ_ATT_NM"":""Exhibit B Draft Statement of Work.pdf"",""OBJ_ATT_TYP"":""1""},{""ADV_ROW_ID"":""1ZnwcphXatRy0ZNi"",""ADV_ROW_KEY"":""0"",""ADV_ROW_SEL"":false,""OBJ_ATT_DSCR"":"""",""OBJ_ATT_DT"":1648620000000,""OBJ_ATT_NM"":""Addendum 1 Questions and Responses.pdf"",""OBJ_ATT_TYP"":""1""}],""award_headers"":[{""ADV_ROW_ID"":""DlE64zZFHRadu0hI"",""ADV_ROW_KEY"":""0"",""ADV_ROW_SEL"":false,""LGL_NM"":""MILE HIGH UNITED WAY INC"",""TOT_PRICE"":""$0.00""}],""award_line"":{""ADV_ROW_ID"":""6yyjhz8l63rYjUi7"",""ADV_ROW_KEY"":""-1883322221"",""ADV_ROW_SEL"":false,""AWARD_CNTRC_AM"":""$105,000.00"",""AWARD_DISC_PC"":""0.0000"",""AWARD_DT"":1651816800000,""AWARD_UNIT_PRICE"":""$0.00"",""DOC_COMMGP_LN_NO"":""1"",""DOC_COMMLN_LN_NO"":""1"",""EXTR_CMNT"":"""",""EXT_DSCR"":""STATEWIDE INFORMATION AND RESOURCE CONTACT CENTER"",""LGL_NM"":""MILE HIGH UNITED WAY INC"",""QTY"":"""",""UNIT_MEAS_CD"":""""},""header"":{""ADDL_INFO"":""Modification #1 - Addition of Addendum 1 Questions and Responses.  All else remains the same. \r\nThe purpose of this CDPHE Request for Proposals (RFP) is to solicit responses from qualified Offerors to provide a toll-free hotline that serves as an information and referral resource center for the Maternal and Child Health population in Colorado. The single point of contact for this solicitation is Kristi Gamble, Purchasing Agent  Kristi.gamble@state.co.us."",""ADV_ROW_ID"":""D7ESQAQOQ2ZiLRaU"",""ADV_ROW_KEY"":""0"",""ADV_ROW_SEL"":false,""AD_LN_1"":""4300 CHERRY CREEK DRIVE SOUTH"",""AD_LN_2"":"""",""AMND_DT"":1648620000000,""AMND_NO"":""1"",""ATTN"":""Purchasing Dept"",""AWARD_DT"":1651816800000,""BUYR_EMAIL_AD"":""kristi.gamble@state.co.us"",""BUYR_FAX_NO"":"""",""BUYR_NM"":""Kristi Gamble"",""BUYR_PH_EXT"":"""",""BUYR_PH_NO"":"""",""CITY"":""DENVER"",""CTRY"":""US"",""DOC_CD"":""RFP"",""DOC_DEPT_CD"":""FAAA"",""DOC_DSCR"":""MCH  Statewide Information and Resource Contact Center"",""DOC_ID"":""2022000303"",""DOC_VERS_NO"":""2"",""INTENT_POSTED_DT"":"""",""ISSNG_OFC"":""-"",""ISSR_PH_EXT"":"""",""ISSR_PH_NO"":"""",""LOC_NM"":""BUILDING OPERATIONS B-1"",""ORIG_PUB_DT"":1647583200000,""PRCU_ID"":""1245801"",""PRO_ONLN_RESP_FL"":true,""PUB_BID_OP_DT_TM"":"""",""PUB_DT"":1648620000000,""RQSTR_OFC"":""-"",""RQSTR_PH_EXT"":"""",""RQSTR_PH_NO"":""."",""SO_CAT_CD"":""21"",""SO_CLSNG_DT"":1650312000000,""SO_CLSNG_DT_TM"":1650312000000,""SO_CLSNG_TM"":-2208913200000,""SO_STA"":""A"",""SO_TIME_LEFT"":""-134871948000"",""SRCH_DOC_ID"":""RFP-FAAA-2022000303-2"",""ST"":""CO"",""TM_TO_CLSNG"":""Expired"",""ZIP"":""80246-1530""},""intent_line"":{},""service_line"":{""ADDL_HNDL_INFO"":"""",""ADV_ROW_ID"":""WheWYdYtJERKHo71"",""ADV_ROW_KEY"":""1670527754"",""ADV_ROW_SEL"":false,""BILL_ADD_1"":"""",""BILL_ADD_2"":"""",""BILL_ATTN"":"""",""BILL_CITY"":"""",""BILL_CTRY"":"""",""BILL_LOC_NM"":"""",""BILL_ST"":"""",""BILL_ZIP"":"""",""CLR"":"""",""CNTRC_AM"":""$0.00"",""COMM_CD"":""96200"",""COMM_DSCR"":""MISCELLANEOUS SERVICES, NO. 2 (NOT OTHERWISE CLASSIFIED)"",""COMM_SPECS"":"""",""CTLG_NM"":"""",""DET_INST"":"""",""DLLR_CAP_1"":"""",""DLLR_CAP_2"":"""",""DLLR_CAP_3"":"""",""DLLR_CAP_4"":"""",""DLLR_CAP_5"":"""",""DLVR_DT"":"""",""DOC_COMMGP_LN_NO"":""1"",""DOC_COMMLN_LN_NO"":""1"",""DRWNG_NO"":"""",""EFBGN_DT"":"""",""EFEND_DT"":"""",""EXT_DSCR"":""STATEWIDE INFORMATION AND RESOURCE CONTACT CENTER"",""HAZ_MAT"":"""",""LN_TYP"":""2"",""MANFR_NM"":"""",""MANFR_PART_NO"":"""",""MDL_NO"":"""",""MSDS_FL"":false,""PIECE_NO"":"""",""PKG_INST"":"""",""PREF_CD_1"":"""",""PREF_CD_2"":"""",""PREF_CD_3"":"""",""PREF_CD_4"":"""",""PREF_CD_5"":"""",""PROD_CAT_NO"":"""",""QTY"":"""",""SER_NO"":"""",""SHIP_ADD_1"":"""",""SHIP_ADD_2"":"""",""SHIP_ATTN"":"""",""SHIP_CITY"":"""",""SHIP_CTRY"":"""",""SHIP_LOC_NM"":"""",""SHIP_ST"":"""",""SHIP_ZIP"":"""",""SPEC_HNDL_INST"":"""",""SPFN_NO"":"""",""SVC_END_DT"":1696053600000,""SVC_STRT_DT"":1664604000000,""SZ"":"""",""UNIT_MEAS_CD"":"""",""UNIT_PRICE"":"""",""WGHT_FACT_1"":"""",""WGHT_FACT_2"":"""",""WGHT_FACT_3"":"""",""WGHT_FACT_4"":"""",""WGHT_FACT_5"":"""",""WTY_TYP"":""""},""source_key"":""co_vss"",""source_note"":""Official OSC/SPCO Solicitations page links this ColoradoVSS public route. The public carousel does not expose Award History, so records come from awarded solicitation detail JSON."",""source_row"":{""ADV_ROW_ID"":""n2MFT1YYtM6C1AiA"",""ADV_ROW_SEL"":false,""AMND_DT"":1648620000000,""BUYR_EMAIL_AD"":""kristi.gamble@state.co.us"",""BUYR_FAX_NO"":"""",""BUYR_NM"":""Kristi Gamble"",""BUYR_PH_NO"":"""",""DEPT_NM"":""CDPHE - Department of Public Health and Environment"",""DOC_CD"":""RFP"",""DOC_CD_CONCAT"":""Request for Proposals (R...",2026-07-27T20:25:48Z
co-vss-award-co-rfp-ibeh-2022000435-4-health-management-associates-inc-1-18df9bd3536e,CO,ColoradoVSS Awarded Solicitations,RFP-IBEH-2022000435-4:1,RFP-IBEH-2022000435-4,award,HEALTH MANAGEMENT ASSOCIATES INC,behavioral health,CDHS - Behavioral Health Administration,RFP-IBEH-2022000435-4,Plan Development Facilitator - eC2206388,399090,2022-08-16,2022-07-01,2023-06-30,-37,Expired/past award,VSS Awarded Solicitation (Request for Proposals (RFP); Awarded),https://prd.co.cgiadvantage.com/PRDVSS1X1/Advantage4,https://prd.co.cgiadvantage.com/PRDVSS1X1/Advantage4,behavioral health,14,"{""attachments"":[{""ADV_ROW_ID"":""Gpi3E5YMpck2Lcrc"",""ADV_ROW_KEY"":""0"",""ADV_ROW_SEL"":false,""OBJ_ATT_DSCR"":"""",""OBJ_ATT_DT"":1655359200000,""OBJ_ATT_NM"":""RFP IBEH 2022000435 Plan Development Facilitator.pdf"",""OBJ_ATT_TYP"":""1""},{""ADV_ROW_ID"":""sMiJD9CHJ8cNYiNW"",""ADV_ROW_KEY"":""0"",""ADV_ROW_SEL"":false,""OBJ_ATT_DSCR"":"""",""OBJ_ATT_DT"":1655359200000,""OBJ_ATT_NM"":""Exhibit A - Statement of Work.pdf"",""OBJ_ATT_TYP"":""1""},{""ADV_ROW_ID"":""uwiHOG0AUYJoeYgG"",""ADV_ROW_KEY"":""0"",""ADV_ROW_SEL"":false,""OBJ_ATT_DSCR"":"""",""OBJ_ATT_DT"":1655359200000,""OBJ_ATT_NM"":""Exhibit B - FY23 Annual Budget Template_Deliverable_v4.xlsx"",""OBJ_ATT_TYP"":""1""},{""ADV_ROW_ID"":""8K2Cu6ZKDLtVM2o0"",""ADV_ROW_KEY"":""0"",""ADV_ROW_SEL"":false,""OBJ_ATT_DSCR"":"""",""OBJ_ATT_DT"":1655359200000,""OBJ_ATT_NM"":""Exhibit C - Miscellaneous Provisions.pdf"",""OBJ_ATT_TYP"":""1""},{""ADV_ROW_ID"":""3eYWka8REGeDq8WW"",""ADV_ROW_KEY"":""0"",""ADV_ROW_SEL"":false,""OBJ_ATT_DSCR"":"""",""OBJ_ATT_DT"":1655359200000,""OBJ_ATT_NM"":""Exhibit D - CDHS Personal Services Contract Template.pdf"",""OBJ_ATT_TYP"":""1""},{""ADV_ROW_ID"":""bmFxLSZrTn61HcrG"",""ADV_ROW_KEY"":""0"",""ADV_ROW_SEL"":false,""OBJ_ATT_DSCR"":"""",""OBJ_ATT_DT"":1655359200000,""OBJ_ATT_NM"":""Exhibit E - HIPAA Business Associate Agreement (BAA).pdf"",""OBJ_ATT_TYP"":""1""},{""ADV_ROW_ID"":""2fY2ojvy5qy2fHxE"",""ADV_ROW_KEY"":""0"",""ADV_ROW_SEL"":false,""OBJ_ATT_DSCR"":"""",""OBJ_ATT_DT"":1655359200000,""OBJ_ATT_NM"":""Exhibit F - Conflict of Interest Attestation Form.docx"",""OBJ_ATT_TYP"":""1""},{""ADV_ROW_ID"":""gMGFMZbMJLK9hnBU"",""ADV_ROW_KEY"":""0"",""ADV_ROW_SEL"":false,""OBJ_ATT_DSCR"":"""",""OBJ_ATT_DT"":1656050400000,""OBJ_ATT_NM"":""RFP IBEH 2022000435 Amendment #01.pdf"",""OBJ_ATT_TYP"":""1""},{""ADV_ROW_ID"":""Z67018CpISTVcWue"",""ADV_ROW_KEY"":""0"",""ADV_ROW_SEL"":false,""OBJ_ATT_DSCR"":"""",""OBJ_ATT_DT"":1658124000000,""OBJ_ATT_NM"":""RFP IBEH 2022000435 Amendment #02.pdf"",""OBJ_ATT_TYP"":""1""}],""award_headers"":[{""ADV_ROW_ID"":""MtCjKjGZACzlHmAy"",""ADV_ROW_KEY"":""0"",""ADV_ROW_SEL"":false,""LGL_NM"":""HEALTH MANAGEMENT ASSOCIATES INC"",""TOT_PRICE"":""$0.00""}],""award_line"":{""ADV_ROW_ID"":""cSQ6bVIyrFbmmK3g"",""ADV_ROW_KEY"":""814802707"",""ADV_ROW_SEL"":false,""AWARD_CNTRC_AM"":""$399,090.00"",""AWARD_DISC_PC"":""0.0000"",""AWARD_DT"":1660629600000,""AWARD_UNIT_PRICE"":""$0.00"",""DOC_COMMGP_LN_NO"":""1"",""DOC_COMMLN_LN_NO"":""1"",""EXTR_CMNT"":"""",""EXT_DSCR"":""SEEKING A PLAN DEVELOPMENT FACILITATOR TO ASSIST WITH CREATING A PLAN TO ESTABLISH THE BEHAVIORAL HEALTH ADMINISTRATIVE SERVICE ORGANIZATIONS (BHASOS)."",""LGL_NM"":""HEALTH MANAGEMENT ASSOCIATES INC"",""QTY"":"""",""UNIT_MEAS_CD"":""""},""header"":{""ADDL_INFO"":"""",""ADV_ROW_ID"":""lFQedtNQp1tzRjYS"",""ADV_ROW_KEY"":""0"",""ADV_ROW_SEL"":false,""AD_LN_1"":""1575 Sherman Street"",""AD_LN_2"":""6th Floor"",""AMND_DT"":1658124000000,""AMND_NO"":""3"",""ATTN"":"""",""AWARD_DT"":1660629600000,""BUYR_EMAIL_AD"":""raven.lopez@state.co.us"",""BUYR_FAX_NO"":"""",""BUYR_NM"":""Raven Lopez"",""BUYR_PH_EXT"":"""",""BUYR_PH_NO"":"""",""CITY"":""DENVER"",""CTRY"":""US"",""DOC_CD"":""RFP"",""DOC_DEPT_CD"":""IBEH"",""DOC_DSCR"":""Plan Development Facilitator - eC2206388"",""DOC_ID"":""2022000435"",""DOC_VERS_NO"":""4"",""INTENT_POSTED_DT"":"""",""ISSNG_OFC"":""Johnsrud"",""ISSR_PH_EXT"":"""",""ISSR_PH_NO"":""303-866-7510"",""LOC_NM"":""NORTH/CENTRAL PROCUREMENT"",""ORIG_PUB_DT"":1655359200000,""PRCU_ID"":""1280808"",""PRO_ONLN_RESP_FL"":false,""PUB_BID_OP_DT_TM"":"""",""PUB_DT"":1658124000000,""RQSTR_OFC"":""Johnsrud"",""RQSTR_PH_EXT"":"""",""RQSTR_PH_NO"":""303-866-7510"",""SO_CAT_CD"":"""",""SO_CLSNG_DT"":1658358000000,""SO_CLSNG_DT_TM"":1658358000000,""SO_CLSNG_TM"":-2208902400000,""SO_STA"":""A"",""SO_TIME_LEFT"":""-126825987000"",""SRCH_DOC_ID"":""RFP-IBEH-2022000435-4"",""ST"":""CO"",""TM_TO_CLSNG"":""Expired"",""ZIP"":""80203""},""intent_line"":{},""service_line"":{""ADDL_HNDL_INFO"":"""",""ADV_ROW_ID"":""JYV00YLkiey0yLyh"",""ADV_ROW_KEY"":""1093447475"",""ADV_ROW_SEL"":false,""BILL_ADD_1"":""3824 W. Princeton Circle"",""BILL_ADD_2"":"""",""BILL_ATTN"":"""",""BILL_CITY"":""Denver"",""BILL_CTRY"":""US"",""BILL_LOC_NM"":""Division of Behavioral Health"",""BILL_ST"":""CO"",""BILL_ZIP"":""80263"",""CLR"":"""",""CNTRC_AM"":""$0.00"",""COMM_CD"":""95200"",""COMM_DSCR"":""HUMAN SERVICES"",""COMM_SPECS"":"""",""CTLG_NM"":"""",""DET_INST"":"""",""DLLR_CAP_1"":"""",""DLLR_CAP_2"":"""",""DLLR_CAP_3"":"""",""DLLR_CAP_4"":"""",""DLLR_CAP_5"":"""",""DLVR_DT"":"""",""DOC_COMMGP_LN_NO"":""1"",""DOC_COMMLN_LN_NO"":""1"",""DRWNG_NO"":"""",""EFBGN_DT"":"""",""EFEND_DT"":"""",""EXT_DSCR"":""SEEKING A PLAN DEVELOPMENT FACILITATOR TO ASSIST WITH CREATING A PLAN TO ESTABLISH THE BEHAVIORAL HEALTH ADMINISTRATIVE SERVICE ORGANIZATIONS (BHASOS)."",""HAZ_MAT"":"""",""LN_TYP"":""2"",""MANFR_NM"":"""",""MANFR_PART_NO"":"""",""MDL_NO"":"""",""MSDS_FL"":false,""PIECE_NO"":"""",""PKG_INST"":"""",""PREF_CD_1"":"""",""PREF_CD_2"":"""",""PREF_CD_3"":"""",""PREF_CD_4"":"""",""PREF_CD_5"":"""",""PROD_CAT_NO"":"""",""QTY"":"""",""SER_NO"":"""",""SHIP_ADD_1"":""3824 W. PRINCETON CIRCLE"",""SHIP_ADD_2"":"""",""SHIP_ATTN"":"""",""SHIP_CITY"":""DENVER"",""SHIP_CTRY"":""US"",""SHIP_LOC_NM"":""DIVISION OF BEHAVIORAL HEALTH"",""SHIP_ST"":""CO"",""SHIP_ZIP"":""80236"",""SPEC_HNDL_INST"":"""",""SPFN_NO"":"""",""SVC_END_DT"":1688104800000,""SVC_STRT_DT"":1656655200000,""SZ"":"""",""UNIT_MEAS_CD"":"""",""UNIT_PRICE"":"""",""WGHT_FACT_1"":"""",""WGHT_FACT_2"":"""",""WGHT_FACT_3"":"""",""WGHT_FACT_4"":"""",""WGHT_FACT_5"":"""",""WTY_TYP"":""""},""source_key"":""co_vss"",""source_note"":""Official OSC/SPCO Solicitations...",2026-07-27T20:26:27Z
co-vss-award-co-npss1-fhca-2022000072-1-colorado-rural-health-center-1-1025e2d17b74,CO,ColoradoVSS Awarded Solicitations,NPSS1-FHCA-2022000072-1:1,NPSS1-FHCA-2022000072-1,award,COLORADO RURAL HEALTH CENTER,rural health,CDPHE - Division of Disease Control and Public Health Respon,NPSS1-FHCA-2022000072-1,COVID- Colorado Rural Health Center,500000,2021-11-29,2021-11-25,2023-05-30,-38,Expired/past award,VSS Awarded Solicitation (Sole Source (NPSS1); Awarded),https://prd.co.cgiadvantage.com/PRDVSS1X1/Advantage4,https://prd.co.cgiadvantage.com/PRDVSS1X1/Advantage4,rural health,14,"{""attachments"":[{""ADV_ROW_ID"":""BoHiA1cqi4rDMHpU"",""ADV_ROW_KEY"":""0"",""ADV_ROW_SEL"":false,""OBJ_ATT_DSCR"":"""",""OBJ_ATT_DT"":1637564400000,""OBJ_ATT_NM"":""Sole Source Justification Form_CRHC___36081.docx"",""OBJ_ATT_TYP"":""1""},{""ADV_ROW_ID"":""2uQZYFdh0HNnexM8"",""ADV_ROW_KEY"":""0"",""ADV_ROW_SEL"":false,""OBJ_ATT_DSCR"":"""",""OBJ_ATT_DT"":1637564400000,""OBJ_ATT_NM"":""Exhibit B Draft Statement of Work.docx"",""OBJ_ATT_TYP"":""1""}],""award_headers"":[{""ADV_ROW_ID"":""8vdZI4RPZ1Wmrm1W"",""ADV_ROW_KEY"":""0"",""ADV_ROW_SEL"":false,""LGL_NM"":""COLORADO RURAL HEALTH CENTER"",""TOT_PRICE"":""$0.00""}],""award_line"":{""ADV_ROW_ID"":""2VkH1rELNIxDpDe3"",""ADV_ROW_KEY"":""-1291232385"",""ADV_ROW_SEL"":false,""AWARD_CNTRC_AM"":""$500,000.00"",""AWARD_DISC_PC"":""0.0000"",""AWARD_DT"":1638169200000,""AWARD_UNIT_PRICE"":""$0.00"",""DOC_COMMGP_LN_NO"":""1"",""DOC_COMMLN_LN_NO"":""1"",""EXTR_CMNT"":"""",""EXT_DSCR"":""COVID- COLORADO RURAL HEALTH CENTER"",""LGL_NM"":""COLORADO RURAL HEALTH CENTER"",""QTY"":"""",""UNIT_MEAS_CD"":""""},""header"":{""ADDL_INFO"":""The State intends to modify an existing Sole Source with Colorado Rural Health Center per the description of services posted with this notice. Contact Kristi Gamble at Kristi.gamble@state.co.us with comments or objections. If responding via email, clearly identify your subject line with the following header: NPSS1 FHCA 2022000072. If no comments or objections are received in response to this Notice, the CDPHE intends to continue doing business with Colorado Rural Health Center as a Sole Source vendor for this project."",""ADV_ROW_ID"":""DRUPRI2cKQnLew1T"",""ADV_ROW_KEY"":""0"",""ADV_ROW_SEL"":false,""AD_LN_1"":""4300 CHERRY CREEK DRIVE SOUTH"",""AD_LN_2"":"""",""AMND_DT"":"""",""AMND_NO"":"""",""ATTN"":""Purchasing Dept"",""AWARD_DT"":1638169200000,""BUYR_EMAIL_AD"":""kristi.gamble@state.co.us"",""BUYR_FAX_NO"":"""",""BUYR_NM"":""Kristi Gamble"",""BUYR_PH_EXT"":"""",""BUYR_PH_NO"":"""",""CITY"":""DENVER"",""CTRY"":""US"",""DOC_CD"":""NPSS1"",""DOC_DEPT_CD"":""FHCA"",""DOC_DSCR"":""COVID- Colorado Rural Health Center"",""DOC_ID"":""2022000072"",""DOC_VERS_NO"":""1"",""INTENT_POSTED_DT"":"""",""ISSNG_OFC"":""Gjestvang"",""ISSR_PH_EXT"":"""",""ISSR_PH_NO"":""303-692-2649"",""LOC_NM"":""BUILDING OPERATIONS B-1"",""ORIG_PUB_DT"":1637564400000,""PRCU_ID"":""1194606"",""PRO_ONLN_RESP_FL"":true,""PUB_BID_OP_DT_TM"":"""",""PUB_DT"":1637564400000,""RQSTR_OFC"":""-"",""RQSTR_PH_EXT"":"""",""RQSTR_PH_NO"":""."",""SO_CAT_CD"":""21"",""SO_CLSNG_DT"":1637960400000,""SO_CLSNG_DT_TM"":1637960400000,""SO_CLSNG_TM"":-2208913200000,""SO_STA"":""A"",""SO_TIME_LEFT"":""-147223557000"",""SRCH_DOC_ID"":""NPSS1-FHCA-2022000072-1"",""ST"":""CO"",""TM_TO_CLSNG"":""Expired"",""ZIP"":""80246-1530""},""intent_line"":{},""service_line"":{""ADDL_HNDL_INFO"":"""",""ADV_ROW_ID"":""rWZql8dm55ietbIN"",""ADV_ROW_KEY"":""407853677"",""ADV_ROW_SEL"":false,""BILL_ADD_1"":"""",""BILL_ADD_2"":"""",""BILL_ATTN"":"""",""BILL_CITY"":"""",""BILL_CTRY"":"""",""BILL_LOC_NM"":"""",""BILL_ST"":"""",""BILL_ZIP"":"""",""CLR"":"""",""CNTRC_AM"":""$500,000.00"",""COMM_CD"":""91885"",""COMM_DSCR"":""Personnel/Employment Consulting (Human Resources)"",""COMM_SPECS"":"""",""CTLG_NM"":"""",""DET_INST"":"""",""DLLR_CAP_1"":"""",""DLLR_CAP_2"":"""",""DLLR_CAP_3"":"""",""DLLR_CAP_4"":"""",""DLLR_CAP_5"":"""",""DLVR_DT"":"""",""DOC_COMMGP_LN_NO"":""1"",""DOC_COMMLN_LN_NO"":""1"",""DRWNG_NO"":"""",""EFBGN_DT"":"""",""EFEND_DT"":"""",""EXT_DSCR"":""COVID- COLORADO RURAL HEALTH CENTER"",""HAZ_MAT"":"""",""LN_TYP"":""2"",""MANFR_NM"":"""",""MANFR_PART_NO"":"""",""MDL_NO"":"""",""MSDS_FL"":false,""PIECE_NO"":"""",""PKG_INST"":"""",""PREF_CD_1"":"""",""PREF_CD_2"":"""",""PREF_CD_3"":"""",""PREF_CD_4"":"""",""PREF_CD_5"":"""",""PROD_CAT_NO"":"""",""QTY"":"""",""SER_NO"":"""",""SHIP_ADD_1"":"""",""SHIP_ADD_2"":"""",""SHIP_ATTN"":"""",""SHIP_CITY"":"""",""SHIP_CTRY"":"""",""SHIP_LOC_NM"":"""",""SHIP_ST"":"""",""SHIP_ZIP"":"""",""SPEC_HNDL_INST"":"""",""SPFN_NO"":"""",""SVC_END_DT"":1685426400000,""SVC_STRT_DT"":1637823600000,""SZ"":"""",""UNIT_MEAS_CD"":"""",""UNIT_PRICE"":"""",""WGHT_FACT_1"":"""",""WGHT_FACT_2"":"""",""WGHT_FACT_3"":"""",""WGHT_FACT_4"":"""",""WGHT_FACT_5"":"""",""WTY_TYP"":""""},""source_key"":""co_vss"",""source_note"":""Official OSC/SPCO Solicitations page links this ColoradoVSS public route. The public carousel does not expose Award History, so records come from awarded solicitation detail JSON."",""source_row"":{""ADV_ROW_ID"":""60s9QNPm4IMfQjNP"",""ADV_ROW_SEL"":false,""AMND_DT"":"""",""BUYR_EMAIL_AD"":""kristi.gamble@state.co.us"",""BUYR_FAX_NO"":"""",""BUYR_NM"":""Kristi Gamble"",""BUYR_PH_NO"":"""",""DEPT_NM"":""CDPHE - Division of Disease Control and Public Health Respon"",""DOC_CD"":""NPSS1"",""DOC_CD_CONCAT"":""Sole Source (NPSS1)"",""DOC_DSCR"":""COVID- Colorado Rural Health Center"",""DOC_REF"":""[NPSS1,FHCA,2022000072,1][NPSS1-FHCA-2022000072-1]"",""INTENT_POSTED_DT"":1638169200000,""PUB_BID_OP_DT"":"""",""PUB_DT"":1637564400000,""QRY_SRCH_STRING"":"""",""SHOW_TXT"":"""",""SO_CAT_CD"":""21"",""SO_CLSNG_DT_TM"":1637960400000,""SO_STA"":""A"",""SO_TIME_LEFT"":""-147223556000""}}",2026-07-27T20:25:57Z
co-vss-award-co-rfp-ihja-2022000011-4-la-raza-services-inc-1-f10cfdf5adbd,CO,ColoradoVSS Awarded Solicitations,RFP-IHJA-2022000011-4:1,RFP-IHJA-2022000011-4,award,LA RAZA SERVICES INC,behavioral health,CDHS - Office of Behavioral Health,RFP-IHJA-2022000011-4,Peer Supports and Behavioral Health Services for LatinX Comm,500000,2021-08-27,2021-08-01,2022-06-30,-49,Expired/past award,VSS Awarded Solicitation (Request for Proposals (RFP); Awarded),https://prd.co.cgiadvantage.com/PRDVSS1X1/Advantage4,https://prd.co.cgiadvantage.com/PRDVSS1X1/Advantage4,behavioral health,14,"{""attachments"":[{""ADV_ROW_ID"":""RYbiIanWU6PFoy6F"",""ADV_ROW_KEY"":""0"",""ADV_ROW_SEL"":false,""OBJ_ATT_DSCR"":"""",""OBJ_ATT_DT"":1626328800000,""OBJ_ATT_NM"":""RFP IHJA 2022000011 Peer Supports and Behavioral Health Services for LatinX Communities.pdf"",""OBJ_ATT_TYP"":""1""},{""ADV_ROW_ID"":""Zr4QqhmQD59pA4Z5"",""ADV_ROW_KEY"":""0"",""ADV_ROW_SEL"":false,""OBJ_ATT_DSCR"":"""",""OBJ_ATT_DT"":1626328800000,""OBJ_ATT_NM"":""Exhibit A - CDHS Personal Services Contract Template.pdf"",""OBJ_ATT_TYP"":""1""},{""ADV_ROW_ID"":""a2usTw7OZehZDlLd"",""ADV_ROW_KEY"":""0"",""ADV_ROW_SEL"":false,""OBJ_ATT_DSCR"":"""",""OBJ_ATT_DT"":1626328800000,""OBJ_ATT_NM"":""Exhibit B - Budget Template.xlsx"",""OBJ_ATT_TYP"":""1""},{""ADV_ROW_ID"":""4ryp1M0cG1arDGKY"",""ADV_ROW_KEY"":""0"",""ADV_ROW_SEL"":false,""OBJ_ATT_DSCR"":"""",""OBJ_ATT_DT"":1626328800000,""OBJ_ATT_NM"":""Exhibit C - Miscellaneous Provisions.pdf"",""OBJ_ATT_TYP"":""1""},{""ADV_ROW_ID"":""uNgRGNP3xbWMpdp9"",""ADV_ROW_KEY"":""0"",""ADV_ROW_SEL"":false,""OBJ_ATT_DSCR"":"""",""OBJ_ATT_DT"":1626328800000,""OBJ_ATT_NM"":""Exhibit D - Supplemental Provisions for Federal Awards.pdf"",""OBJ_ATT_TYP"":""1""},{""ADV_ROW_ID"":""pQZ5s6BS22TjXLaa"",""ADV_ROW_KEY"":""0"",""ADV_ROW_SEL"":false,""OBJ_ATT_DSCR"":"""",""OBJ_ATT_DT"":1626328800000,""OBJ_ATT_NM"":""Exhibit E - HIPAA Business Associate Agreement (BAA).pdf"",""OBJ_ATT_TYP"":""1""},{""ADV_ROW_ID"":""gSLnymMQE7wi0TvT"",""ADV_ROW_KEY"":""0"",""ADV_ROW_SEL"":false,""OBJ_ATT_DSCR"":"""",""OBJ_ATT_DT"":1626760800000,""OBJ_ATT_NM"":""RFP IHJA 2022000011 Amendment #01.pdf"",""OBJ_ATT_TYP"":""1""},{""ADV_ROW_ID"":""swkE4XNF6wDmNN4x"",""ADV_ROW_KEY"":""0"",""ADV_ROW_SEL"":false,""OBJ_ATT_DSCR"":"""",""OBJ_ATT_DT"":1627279200000,""OBJ_ATT_NM"":""RFP IHJA 2022000011 Amendment #02.pdf"",""OBJ_ATT_TYP"":""1""},{""ADV_ROW_ID"":""ARX35hNrTcGQetd1"",""ADV_ROW_KEY"":""0"",""ADV_ROW_SEL"":false,""OBJ_ATT_DSCR"":"""",""OBJ_ATT_DT"":1627365600000,""OBJ_ATT_NM"":""RFP IHJA 2022000011 Amendment #03.pdf"",""OBJ_ATT_TYP"":""1""}],""award_headers"":[{""ADV_ROW_ID"":""F7CpdOmIluLBZT0d"",""ADV_ROW_KEY"":""0"",""ADV_ROW_SEL"":false,""LGL_NM"":""LA RAZA SERVICES INC"",""TOT_PRICE"":""$0.00""}],""award_line"":{""ADV_ROW_ID"":""JQcTAnp7faitPugg"",""ADV_ROW_KEY"":""812922987"",""ADV_ROW_SEL"":false,""AWARD_CNTRC_AM"":""$500,000.00"",""AWARD_DISC_PC"":""0.0000"",""AWARD_DT"":1630044000000,""AWARD_UNIT_PRICE"":""$0.00"",""DOC_COMMGP_LN_NO"":""1"",""DOC_COMMLN_LN_NO"":""1"",""EXTR_CMNT"":"""",""EXT_DSCR"":""INCREASING PEER SUPPORTS AND BEHAVIORAL HEALTH SERVICES FOR LATINX COMMUNITIES"",""LGL_NM"":""LA RAZA SERVICES INC"",""QTY"":"""",""UNIT_MEAS_CD"":""""},""header"":{""ADDL_INFO"":"""",""ADV_ROW_ID"":""8jfb9UnwC7pacJTs"",""ADV_ROW_KEY"":""0"",""ADV_ROW_SEL"":false,""AD_LN_1"":""1575 Sherman Street"",""AD_LN_2"":""6th Floor"",""AMND_DT"":1627365600000,""AMND_NO"":""3"",""ATTN"":"""",""AWARD_DT"":1630044000000,""BUYR_EMAIL_AD"":""raven.lopez@state.co.us"",""BUYR_FAX_NO"":"""",""BUYR_NM"":""Raven Lopez"",""BUYR_PH_EXT"":"""",""BUYR_PH_NO"":"""",""CITY"":""DENVER"",""CTRY"":""US"",""DOC_CD"":""RFP"",""DOC_DEPT_CD"":""IHJA"",""DOC_DSCR"":""Peer Supports and Behavioral Health Services for LatinX Comm"",""DOC_ID"":""2022000011"",""DOC_VERS_NO"":""4"",""INTENT_POSTED_DT"":"""",""ISSNG_OFC"":""-"",""ISSR_PH_EXT"":"""",""ISSR_PH_NO"":""303-866-7430"",""LOC_NM"":""NORTH/CENTRAL PROCUREMENT"",""ORIG_PUB_DT"":1626328800000,""PRCU_ID"":""1133311"",""PRO_ONLN_RESP_FL"":true,""PUB_BID_OP_DT_TM"":"""",""PUB_DT"":1627365600000,""RQSTR_OFC"":""-"",""RQSTR_PH_EXT"":"""",""RQSTR_PH_NO"":""303-866-7512"",""SO_CAT_CD"":"""",""SO_CLSNG_DT"":1627686000000,""SO_CLSNG_DT_TM"":1627686000000,""SO_CLSNG_TM"":-2208902400000,""SO_STA"":""A"",""SO_TIME_LEFT"":""-157497977000"",""SRCH_DOC_ID"":""RFP-IHJA-2022000011-4"",""ST"":""CO"",""TM_TO_CLSNG"":""Expired"",""ZIP"":""80203""},""intent_line"":{},""service_line"":{""ADDL_HNDL_INFO"":"""",""ADV_ROW_ID"":""RcCZxcahG8w8yi2e"",""ADV_ROW_KEY"":""-99777197"",""ADV_ROW_SEL"":false,""BILL_ADD_1"":""3824 W. Princeton Circle"",""BILL_ADD_2"":"""",""BILL_ATTN"":"""",""BILL_CITY"":""Denver"",""BILL_CTRY"":""US"",""BILL_LOC_NM"":""Division of Behavioral Health"",""BILL_ST"":""CO"",""BILL_ZIP"":""80263"",""CLR"":"""",""CNTRC_AM"":""$500,000.00"",""COMM_CD"":""G1000"",""COMM_DSCR"":""Grant Commodity"",""COMM_SPECS"":"""",""CTLG_NM"":"""",""DET_INST"":"""",""DLLR_CAP_1"":"""",""DLLR_CAP_2"":"""",""DLLR_CAP_3"":"""",""DLLR_CAP_4"":"""",""DLLR_CAP_5"":"""",""DLVR_DT"":"""",""DOC_COMMGP_LN_NO"":""1"",""DOC_COMMLN_LN_NO"":""1"",""DRWNG_NO"":"""",""EFBGN_DT"":"""",""EFEND_DT"":"""",""EXT_DSCR"":""INCREASING PEER SUPPORTS AND BEHAVIORAL HEALTH SERVICES FOR LATINX COMMUNITIES"",""HAZ_MAT"":"""",""LN_TYP"":""2"",""MANFR_NM"":"""",""MANFR_PART_NO"":"""",""MDL_NO"":"""",""MSDS_FL"":false,""PIECE_NO"":"""",""PKG_INST"":"""",""PREF_CD_1"":"""",""PREF_CD_2"":"""",""PREF_CD_3"":"""",""PREF_CD_4"":"""",""PREF_CD_5"":"""",""PROD_CAT_NO"":"""",""QTY"":"""",""SER_NO"":"""",""SHIP_ADD_1"":""3824 W. PRINCETON CIRCLE"",""SHIP_ADD_2"":"""",""SHIP_ATTN"":"""",""SHIP_CITY"":""DENVER"",""SHIP_CTRY"":""US"",""SHIP_LOC_NM"":""DIVISION OF BEHAVIORAL HEALTH"",""SHIP_ST"":""CO"",""SHIP_ZIP"":""80236"",""SPEC_HNDL_INST"":"""",""SPFN_NO"":"""",""SVC_END_DT"":1656568800000,""SVC_STRT_DT"":1627797600000,""SZ"":"""",""UNIT_MEAS_CD"":"""",""UNIT_PRICE"":"""",""WGHT_FACT_1"":"""",""WGHT_FACT_2"":"""",""WGHT_FACT_3"":"""",""WGHT_FACT_4"":"""",""WGHT_FACT_5"":"""",""WTY_TYP"":""""},""source_key"":""co_vss"",""source_note"":""Official OSC/SPCO Solicitations page links this ColoradoVSS public route. The public carousel does not expose Award History, so records come from awarded solicitation deta...",2026-07-27T20:26:17Z
co-vss-award-co-dq1-ihja-2020000718-4-workingknowledge-inc-1-50ef8eb8075c,CO,ColoradoVSS Awarded Solicitations,DQ1-IHJA-2020000718-4:1,DQ1-IHJA-2020000718-4,award,WORKINGKNOWLEDGE INC.,behavioral health,CDHS - Office of Behavioral Health,DQ1-IHJA-2020000718-4,Web Based Training Module,150000,2020-06-30,2020-05-29,2020-09-29,-70,Expired/past award,VSS Awarded Solicitation (Documented Quote (DQ1); Awarded),https://prd.co.cgiadvantage.com/PRDVSS1X1/Advantage4,https://prd.co.cgiadvantage.com/PRDVSS1X1/Advantage4,behavioral health,14,"{""attachments"":[{""ADV_ROW_ID"":""PoLVOydTNeYpfOuA"",""ADV_ROW_KEY"":""0"",""ADV_ROW_SEL"":false,""OBJ_ATT_DSCR"":"""",""OBJ_ATT_DT"":1590732000000,""OBJ_ATT_NM"":""DQ1 IHJA 2020_0718 Web-Based Training Modules.pdf"",""OBJ_ATT_TYP"":""1""},{""ADV_ROW_ID"":""YEu1ry0BWDHr3kw4"",""ADV_ROW_KEY"":""0"",""ADV_ROW_SEL"":false,""OBJ_ATT_DSCR"":"""",""OBJ_ATT_DT"":1590732000000,""OBJ_ATT_NM"":""Exhibit A.pdf"",""OBJ_ATT_TYP"":""1""},{""ADV_ROW_ID"":""NMPHvsYl27iPChdD"",""ADV_ROW_KEY"":""0"",""ADV_ROW_SEL"":false,""OBJ_ATT_DSCR"":"""",""OBJ_ATT_DT"":1591855200000,""OBJ_ATT_NM"":""DQI IHJA 2020-0718 - Final Q&A.pdf"",""OBJ_ATT_TYP"":""1""},{""ADV_ROW_ID"":""nzfOefAMvZntmjMs"",""ADV_ROW_KEY"":""0"",""ADV_ROW_SEL"":false,""OBJ_ATT_DSCR"":"""",""OBJ_ATT_DT"":1592287200000,""OBJ_ATT_NM"":""DQI IHJA 2020-0718 - Final Q&A_v.2.pdf"",""OBJ_ATT_TYP"":""1""}],""award_headers"":[{""ADV_ROW_ID"":""lAbUy0c8XVmigtjq"",""ADV_ROW_KEY"":""0"",""ADV_ROW_SEL"":false,""LGL_NM"":""THE REGIS COMPANY, LLC"",""TOT_PRICE"":""$0.00""},{""ADV_ROW_ID"":""IqM8wIuzjlIfujzv"",""ADV_ROW_KEY"":""0"",""ADV_ROW_SEL"":false,""LGL_NM"":""eLearning Company, Inc."",""TOT_PRICE"":""$0.00""},{""ADV_ROW_ID"":""t0duAd8oHOogTGEF"",""ADV_ROW_KEY"":""0"",""ADV_ROW_SEL"":false,""LGL_NM"":""WORKINGKNOWLEDGE INC."",""TOT_PRICE"":""$0.00""}],""award_line"":{""ADV_ROW_ID"":""OtlX2EuHnbeZfSQL"",""ADV_ROW_KEY"":""-1356236393"",""ADV_ROW_SEL"":false,""AWARD_CNTRC_AM"":""$0.00"",""AWARD_DISC_PC"":""0.0000"",""AWARD_DT"":1593496800000,""AWARD_UNIT_PRICE"":""$0.00"",""DOC_COMMGP_LN_NO"":""1"",""DOC_COMMLN_LN_NO"":""1"",""EXTR_CMNT"":"""",""EXT_DSCR"":""TRAUMA RESPONSIVE CARE DQ IS TO PROCURE A QUALIFIED WEB-BASED TRAINING DEVELOPER TO CREATE AN INTERACTIVE WEB-BASED VERSION OF THE FOUNDATIONAL SECTIONS OF THE TRAUMA RESPONSIVE CARE TRAINING CURRENTLY OFFERED BY THE CROSS-SYSTEMS TRAINING INSTITUTE. THIS TRAINING WILL CONTAIN 3-4 MODULES THAT ARE 1 HOUR EACH. THE TARGET AUDIENCE IS ANYONE WHO WORKS WITH CHILDREN, YOUTH, OR FAMILIES; OR INDIVIDUALS WITH A BEHAVIORAL HEALTH DISORDER"",""LGL_NM"":""WORKINGKNOWLEDGE INC."",""QTY"":"""",""UNIT_MEAS_CD"":""""},""header"":{""ADDL_INFO"":"""",""ADV_ROW_ID"":""JIj9xA13OOgX344K"",""ADV_ROW_KEY"":""0"",""ADV_ROW_SEL"":false,""AD_LN_1"":""1575 Sherman Street"",""AD_LN_2"":""6th Floor"",""AMND_DT"":1592287200000,""AMND_NO"":""3"",""ATTN"":"""",""AWARD_DT"":1594879200000,""BUYR_EMAIL_AD"":""raven.lopez@state.co.us"",""BUYR_FAX_NO"":"""",""BUYR_NM"":""Raven Lopez"",""BUYR_PH_EXT"":"""",""BUYR_PH_NO"":"""",""CITY"":""DENVER"",""CTRY"":""US"",""DOC_CD"":""DQ1"",""DOC_DEPT_CD"":""IHJA"",""DOC_DSCR"":""Web Based Training  Module"",""DOC_ID"":""2020000718"",""DOC_VERS_NO"":""4"",""INTENT_POSTED_DT"":"""",""ISSNG_OFC"":""-"",""ISSR_PH_EXT"":"""",""ISSR_PH_NO"":""303-866-7430"",""LOC_NM"":""NORTH/CENTRAL PROCUREMENT"",""ORIG_PUB_DT"":1590732000000,""PRCU_ID"":""936402"",""PRO_ONLN_RESP_FL"":true,""PUB_BID_OP_DT_TM"":"""",""PUB_DT"":1592287200000,""RQSTR_OFC"":""-"",""RQSTR_PH_EXT"":"""",""RQSTR_PH_NO"":""303-866-7430"",""SO_CAT_CD"":"""",""SO_CLSNG_DT"":1592521200000,""SO_CLSNG_DT_TM"":1592521200000,""SO_CLSNG_TM"":-2208902400000,""SO_STA"":""A"",""SO_TIME_LEFT"":""-192662773000"",""SRCH_DOC_ID"":""DQ1-IHJA-2020000718-4"",""ST"":""CO"",""TM_TO_CLSNG"":""Expired"",""ZIP"":""80203""},""intent_line"":{},""service_line"":{""ADDL_HNDL_INFO"":"""",""ADV_ROW_ID"":""xY3qTOMAZt3SQdiu"",""ADV_ROW_KEY"":""-1795813937"",""ADV_ROW_SEL"":false,""BILL_ADD_1"":""3824 W. Princeton Circle"",""BILL_ADD_2"":"""",""BILL_ATTN"":"""",""BILL_CITY"":""Denver"",""BILL_CTRY"":""US"",""BILL_LOC_NM"":""Division of Behavioral Health"",""BILL_ST"":""CO"",""BILL_ZIP"":""80263"",""CLR"":"""",""CNTRC_AM"":""$150,000.00"",""COMM_CD"":""95262"",""COMM_DSCR"":""Mental Health Services: Vocational, Residential, Etc."",""COMM_SPECS"":"""",""CTLG_NM"":"""",""DET_INST"":"""",""DLLR_CAP_1"":"""",""DLLR_CAP_2"":"""",""DLLR_CAP_3"":"""",""DLLR_CAP_4"":"""",""DLLR_CAP_5"":"""",""DLVR_DT"":"""",""DOC_COMMGP_LN_NO"":""1"",""DOC_COMMLN_LN_NO"":""1"",""DRWNG_NO"":"""",""EFBGN_DT"":"""",""EFEND_DT"":"""",""EXT_DSCR"":""TRAUMA RESPONSIVE CARE DQ IS TO PROCURE A QUALIFIED WEB-BASED TRAINING DEVELOPER TO CREATE AN INTERACTIVE WEB-BASED VERSION OF THE FOUNDATIONAL SECTIONS OF THE TRAUMA RESPONSIVE CARE TRAINING CURRENTLY OFFERED BY THE CROSS-SYSTEMS TRAINING INSTITUTE. THIS TRAINING WILL CONTAIN 3-4 MODULES THAT ARE 1 HOUR EACH. THE TARGET AUDIENCE IS ANYONE WHO WORKS WITH CHILDREN, YOUTH, OR FAMILIES; OR INDIVIDUALS WITH A BEHAVIORAL HEALTH DISORDER"",""HAZ_MAT"":"""",""LN_TYP"":""2"",""MANFR_NM"":"""",""MANFR_PART_NO"":"""",""MDL_NO"":"""",""MSDS_FL"":false,""PIECE_NO"":"""",""PKG_INST"":"""",""PREF_CD_1"":"""",""PREF_CD_2"":"""",""PREF_CD_3"":"""",""PREF_CD_4"":"""",""PREF_CD_5"":"""",""PROD_CAT_NO"":"""",""QTY"":"""",""SER_NO"":"""",""SHIP_ADD_1"":""3824 W. PRINCETON CIRCLE"",""SHIP_ADD_2"":"""",""SHIP_ATTN"":"""",""SHIP_CITY"":""DENVER"",""SHIP_CTRY"":""US"",""SHIP_LOC_NM"":""DIVISION OF BEHAVIORAL HEALTH"",""SHIP_ST"":""CO"",""SHIP_ZIP"":""80236"",""SPEC_HNDL_INST"":"""",""SPFN_NO"":"""",""SVC_END_DT"":1601359200000,""SVC_STRT_DT"":1590732000000,""SZ"":"""",""UNIT_MEAS_CD"":"""",""UNIT_PRICE"":"""",""WGHT_FACT_1"":"""",""WGHT_FACT_2"":"""",""WGHT_FACT_3"":"""",""WGHT_FACT_4"":"""",""WGHT_FACT_5"":"""",""WTY_TYP"":""""},""source_key"":""co_vss"",""source_note"":""Official OSC/SPCO Solicitations page links this ColoradoVSS public route. The public carousel does not expose Award History, so records come from awarded solicitation detail JSON."",""source_row"":{""ADV_ROW_ID"":""cWvrz9FrLs9Ktisn"",""ADV_ROW_SEL"":false,""AMND_DT"":159228720...",2026-07-27T20:26:14Z
co-vss-award-co-dq1-ihja-2020000718-4-the-regis-company-llc-1-c8f8846b5382,CO,ColoradoVSS Awarded Solicitations,DQ1-IHJA-2020000718-4:1,DQ1-IHJA-2020000718-4,award,"THE REGIS COMPANY, LLC",behavioral health,CDHS - Office of Behavioral Health,DQ1-IHJA-2020000718-4,Web Based Training Module,150000,2020-07-16,2020-05-29,2020-09-29,-70,Expired/past award,VSS Awarded Solicitation (Documented Quote (DQ1); Awarded),https://prd.co.cgiadvantage.com/PRDVSS1X1/Advantage4,https://prd.co.cgiadvantage.com/PRDVSS1X1/Advantage4,behavioral health,14,"{""attachments"":[{""ADV_ROW_ID"":""PoLVOydTNeYpfOuA"",""ADV_ROW_KEY"":""0"",""ADV_ROW_SEL"":false,""OBJ_ATT_DSCR"":"""",""OBJ_ATT_DT"":1590732000000,""OBJ_ATT_NM"":""DQ1 IHJA 2020_0718 Web-Based Training Modules.pdf"",""OBJ_ATT_TYP"":""1""},{""ADV_ROW_ID"":""YEu1ry0BWDHr3kw4"",""ADV_ROW_KEY"":""0"",""ADV_ROW_SEL"":false,""OBJ_ATT_DSCR"":"""",""OBJ_ATT_DT"":1590732000000,""OBJ_ATT_NM"":""Exhibit A.pdf"",""OBJ_ATT_TYP"":""1""},{""ADV_ROW_ID"":""NMPHvsYl27iPChdD"",""ADV_ROW_KEY"":""0"",""ADV_ROW_SEL"":false,""OBJ_ATT_DSCR"":"""",""OBJ_ATT_DT"":1591855200000,""OBJ_ATT_NM"":""DQI IHJA 2020-0718 - Final Q&A.pdf"",""OBJ_ATT_TYP"":""1""},{""ADV_ROW_ID"":""nzfOefAMvZntmjMs"",""ADV_ROW_KEY"":""0"",""ADV_ROW_SEL"":false,""OBJ_ATT_DSCR"":"""",""OBJ_ATT_DT"":1592287200000,""OBJ_ATT_NM"":""DQI IHJA 2020-0718 - Final Q&A_v.2.pdf"",""OBJ_ATT_TYP"":""1""}],""award_headers"":[{""ADV_ROW_ID"":""lAbUy0c8XVmigtjq"",""ADV_ROW_KEY"":""0"",""ADV_ROW_SEL"":false,""LGL_NM"":""THE REGIS COMPANY, LLC"",""TOT_PRICE"":""$0.00""},{""ADV_ROW_ID"":""IqM8wIuzjlIfujzv"",""ADV_ROW_KEY"":""0"",""ADV_ROW_SEL"":false,""LGL_NM"":""eLearning Company, Inc."",""TOT_PRICE"":""$0.00""},{""ADV_ROW_ID"":""t0duAd8oHOogTGEF"",""ADV_ROW_KEY"":""0"",""ADV_ROW_SEL"":false,""LGL_NM"":""WORKINGKNOWLEDGE INC."",""TOT_PRICE"":""$0.00""}],""award_line"":{""ADV_ROW_ID"":""fnZ8F1AzUnGfjjEZ"",""ADV_ROW_KEY"":""1189039571"",""ADV_ROW_SEL"":false,""AWARD_CNTRC_AM"":""$0.00"",""AWARD_DISC_PC"":""0.0000"",""AWARD_DT"":1594879200000,""AWARD_UNIT_PRICE"":""$0.00"",""DOC_COMMGP_LN_NO"":""1"",""DOC_COMMLN_LN_NO"":""1"",""EXTR_CMNT"":"""",""EXT_DSCR"":""TRAUMA RESPONSIVE CARE DQ IS TO PROCURE A QUALIFIED WEB-BASED TRAINING DEVELOPER TO CREATE AN INTERACTIVE WEB-BASED VERSION OF THE FOUNDATIONAL SECTIONS OF THE TRAUMA RESPONSIVE CARE TRAINING CURRENTLY OFFERED BY THE CROSS-SYSTEMS TRAINING INSTITUTE. THIS TRAINING WILL CONTAIN 3-4 MODULES THAT ARE 1 HOUR EACH. THE TARGET AUDIENCE IS ANYONE WHO WORKS WITH CHILDREN, YOUTH, OR FAMILIES; OR INDIVIDUALS WITH A BEHAVIORAL HEALTH DISORDER"",""LGL_NM"":""THE REGIS COMPANY, LLC"",""QTY"":"""",""UNIT_MEAS_CD"":""""},""header"":{""ADDL_INFO"":"""",""ADV_ROW_ID"":""JIj9xA13OOgX344K"",""ADV_ROW_KEY"":""0"",""ADV_ROW_SEL"":false,""AD_LN_1"":""1575 Sherman Street"",""AD_LN_2"":""6th Floor"",""AMND_DT"":1592287200000,""AMND_NO"":""3"",""ATTN"":"""",""AWARD_DT"":1594879200000,""BUYR_EMAIL_AD"":""raven.lopez@state.co.us"",""BUYR_FAX_NO"":"""",""BUYR_NM"":""Raven Lopez"",""BUYR_PH_EXT"":"""",""BUYR_PH_NO"":"""",""CITY"":""DENVER"",""CTRY"":""US"",""DOC_CD"":""DQ1"",""DOC_DEPT_CD"":""IHJA"",""DOC_DSCR"":""Web Based Training  Module"",""DOC_ID"":""2020000718"",""DOC_VERS_NO"":""4"",""INTENT_POSTED_DT"":"""",""ISSNG_OFC"":""-"",""ISSR_PH_EXT"":"""",""ISSR_PH_NO"":""303-866-7430"",""LOC_NM"":""NORTH/CENTRAL PROCUREMENT"",""ORIG_PUB_DT"":1590732000000,""PRCU_ID"":""936402"",""PRO_ONLN_RESP_FL"":true,""PUB_BID_OP_DT_TM"":"""",""PUB_DT"":1592287200000,""RQSTR_OFC"":""-"",""RQSTR_PH_EXT"":"""",""RQSTR_PH_NO"":""303-866-7430"",""SO_CAT_CD"":"""",""SO_CLSNG_DT"":1592521200000,""SO_CLSNG_DT_TM"":1592521200000,""SO_CLSNG_TM"":-2208902400000,""SO_STA"":""A"",""SO_TIME_LEFT"":""-192662773000"",""SRCH_DOC_ID"":""DQ1-IHJA-2020000718-4"",""ST"":""CO"",""TM_TO_CLSNG"":""Expired"",""ZIP"":""80203""},""intent_line"":{},""service_line"":{""ADDL_HNDL_INFO"":"""",""ADV_ROW_ID"":""xY3qTOMAZt3SQdiu"",""ADV_ROW_KEY"":""-1795813937"",""ADV_ROW_SEL"":false,""BILL_ADD_1"":""3824 W. Princeton Circle"",""BILL_ADD_2"":"""",""BILL_ATTN"":"""",""BILL_CITY"":""Denver"",""BILL_CTRY"":""US"",""BILL_LOC_NM"":""Division of Behavioral Health"",""BILL_ST"":""CO"",""BILL_ZIP"":""80263"",""CLR"":"""",""CNTRC_AM"":""$150,000.00"",""COMM_CD"":""95262"",""COMM_DSCR"":""Mental Health Services: Vocational, Residential, Etc."",""COMM_SPECS"":"""",""CTLG_NM"":"""",""DET_INST"":"""",""DLLR_CAP_1"":"""",""DLLR_CAP_2"":"""",""DLLR_CAP_3"":"""",""DLLR_CAP_4"":"""",""DLLR_CAP_5"":"""",""DLVR_DT"":"""",""DOC_COMMGP_LN_NO"":""1"",""DOC_COMMLN_LN_NO"":""1"",""DRWNG_NO"":"""",""EFBGN_DT"":"""",""EFEND_DT"":"""",""EXT_DSCR"":""TRAUMA RESPONSIVE CARE DQ IS TO PROCURE A QUALIFIED WEB-BASED TRAINING DEVELOPER TO CREATE AN INTERACTIVE WEB-BASED VERSION OF THE FOUNDATIONAL SECTIONS OF THE TRAUMA RESPONSIVE CARE TRAINING CURRENTLY OFFERED BY THE CROSS-SYSTEMS TRAINING INSTITUTE. THIS TRAINING WILL CONTAIN 3-4 MODULES THAT ARE 1 HOUR EACH. THE TARGET AUDIENCE IS ANYONE WHO WORKS WITH CHILDREN, YOUTH, OR FAMILIES; OR INDIVIDUALS WITH A BEHAVIORAL HEALTH DISORDER"",""HAZ_MAT"":"""",""LN_TYP"":""2"",""MANFR_NM"":"""",""MANFR_PART_NO"":"""",""MDL_NO"":"""",""MSDS_FL"":false,""PIECE_NO"":"""",""PKG_INST"":"""",""PREF_CD_1"":"""",""PREF_CD_2"":"""",""PREF_CD_3"":"""",""PREF_CD_4"":"""",""PREF_CD_5"":"""",""PROD_CAT_NO"":"""",""QTY"":"""",""SER_NO"":"""",""SHIP_ADD_1"":""3824 W. PRINCETON CIRCLE"",""SHIP_ADD_2"":"""",""SHIP_ATTN"":"""",""SHIP_CITY"":""DENVER"",""SHIP_CTRY"":""US"",""SHIP_LOC_NM"":""DIVISION OF BEHAVIORAL HEALTH"",""SHIP_ST"":""CO"",""SHIP_ZIP"":""80236"",""SPEC_HNDL_INST"":"""",""SPFN_NO"":"""",""SVC_END_DT"":1601359200000,""SVC_STRT_DT"":1590732000000,""SZ"":"""",""UNIT_MEAS_CD"":"""",""UNIT_PRICE"":"""",""WGHT_FACT_1"":"""",""WGHT_FACT_2"":"""",""WGHT_FACT_3"":"""",""WGHT_FACT_4"":"""",""WGHT_FACT_5"":"""",""WTY_TYP"":""""},""source_key"":""co_vss"",""source_note"":""Official OSC/SPCO Solicitations page links this ColoradoVSS public route. The public carousel does not expose Award History, so records come from awarded solicitation detail JSON."",""source_row"":{""ADV_ROW_ID"":""cWvrz9FrLs9Ktisn"",""ADV_ROW_SEL"":false,""AMND_DT"":159228720...",2026-07-27T20:26:14Z
co-vss-award-co-dq1-ihja-2020000718-4-elearning-company-inc-1-3a0ec5bdbd48,CO,ColoradoVSS Awarded Solicitations,DQ1-IHJA-2020000718-4:1,DQ1-IHJA-2020000718-4,award,"eLearning Company, Inc.",behavioral health,CDHS - Office of Behavioral Health,DQ1-IHJA-2020000718-4,Web Based Training Module,116700,2020-06-30,2020-05-29,2020-09-29,-70,Expired/past award,VSS Awarded Solicitation (Documented Quote (DQ1); Awarded),https://prd.co.cgiadvantage.com/PRDVSS1X1/Advantage4,https://prd.co.cgiadvantage.com/PRDVSS1X1/Advantage4,behavioral health,14,"{""attachments"":[{""ADV_ROW_ID"":""PoLVOydTNeYpfOuA"",""ADV_ROW_KEY"":""0"",""ADV_ROW_SEL"":false,""OBJ_ATT_DSCR"":"""",""OBJ_ATT_DT"":1590732000000,""OBJ_ATT_NM"":""DQ1 IHJA 2020_0718 Web-Based Training Modules.pdf"",""OBJ_ATT_TYP"":""1""},{""ADV_ROW_ID"":""YEu1ry0BWDHr3kw4"",""ADV_ROW_KEY"":""0"",""ADV_ROW_SEL"":false,""OBJ_ATT_DSCR"":"""",""OBJ_ATT_DT"":1590732000000,""OBJ_ATT_NM"":""Exhibit A.pdf"",""OBJ_ATT_TYP"":""1""},{""ADV_ROW_ID"":""NMPHvsYl27iPChdD"",""ADV_ROW_KEY"":""0"",""ADV_ROW_SEL"":false,""OBJ_ATT_DSCR"":"""",""OBJ_ATT_DT"":1591855200000,""OBJ_ATT_NM"":""DQI IHJA 2020-0718 - Final Q&A.pdf"",""OBJ_ATT_TYP"":""1""},{""ADV_ROW_ID"":""nzfOefAMvZntmjMs"",""ADV_ROW_KEY"":""0"",""ADV_ROW_SEL"":false,""OBJ_ATT_DSCR"":"""",""OBJ_ATT_DT"":1592287200000,""OBJ_ATT_NM"":""DQI IHJA 2020-0718 - Final Q&A_v.2.pdf"",""OBJ_ATT_TYP"":""1""}],""award_headers"":[{""ADV_ROW_ID"":""lAbUy0c8XVmigtjq"",""ADV_ROW_KEY"":""0"",""ADV_ROW_SEL"":false,""LGL_NM"":""THE REGIS COMPANY, LLC"",""TOT_PRICE"":""$0.00""},{""ADV_ROW_ID"":""IqM8wIuzjlIfujzv"",""ADV_ROW_KEY"":""0"",""ADV_ROW_SEL"":false,""LGL_NM"":""eLearning Company, Inc."",""TOT_PRICE"":""$0.00""},{""ADV_ROW_ID"":""t0duAd8oHOogTGEF"",""ADV_ROW_KEY"":""0"",""ADV_ROW_SEL"":false,""LGL_NM"":""WORKINGKNOWLEDGE INC."",""TOT_PRICE"":""$0.00""}],""award_line"":{""ADV_ROW_ID"":""GzfSoq8mhV8hQu1P"",""ADV_ROW_KEY"":""229254766"",""ADV_ROW_SEL"":false,""AWARD_CNTRC_AM"":""$116,700.00"",""AWARD_DISC_PC"":""0.0000"",""AWARD_DT"":1593496800000,""AWARD_UNIT_PRICE"":""$0.00"",""DOC_COMMGP_LN_NO"":""1"",""DOC_COMMLN_LN_NO"":""1"",""EXTR_CMNT"":"""",""EXT_DSCR"":""TRAUMA RESPONSIVE CARE DQ IS TO PROCURE A QUALIFIED WEB-BASED TRAINING DEVELOPER TO CREATE AN INTERACTIVE WEB-BASED VERSION OF THE FOUNDATIONAL SECTIONS OF THE TRAUMA RESPONSIVE CARE TRAINING CURRENTLY OFFERED BY THE CROSS-SYSTEMS TRAINING INSTITUTE. THIS TRAINING WILL CONTAIN 3-4 MODULES THAT ARE 1 HOUR EACH. THE TARGET AUDIENCE IS ANYONE WHO WORKS WITH CHILDREN, YOUTH, OR FAMILIES; OR INDIVIDUALS WITH A BEHAVIORAL HEALTH DISORDER"",""LGL_NM"":""eLearning Company, Inc."",""QTY"":"""",""UNIT_MEAS_CD"":""""},""header"":{""ADDL_INFO"":"""",""ADV_ROW_ID"":""JIj9xA13OOgX344K"",""ADV_ROW_KEY"":""0"",""ADV_ROW_SEL"":false,""AD_LN_1"":""1575 Sherman Street"",""AD_LN_2"":""6th Floor"",""AMND_DT"":1592287200000,""AMND_NO"":""3"",""ATTN"":"""",""AWARD_DT"":1594879200000,""BUYR_EMAIL_AD"":""raven.lopez@state.co.us"",""BUYR_FAX_NO"":"""",""BUYR_NM"":""Raven Lopez"",""BUYR_PH_EXT"":"""",""BUYR_PH_NO"":"""",""CITY"":""DENVER"",""CTRY"":""US"",""DOC_CD"":""DQ1"",""DOC_DEPT_CD"":""IHJA"",""DOC_DSCR"":""Web Based Training  Module"",""DOC_ID"":""2020000718"",""DOC_VERS_NO"":""4"",""INTENT_POSTED_DT"":"""",""ISSNG_OFC"":""-"",""ISSR_PH_EXT"":"""",""ISSR_PH_NO"":""303-866-7430"",""LOC_NM"":""NORTH/CENTRAL PROCUREMENT"",""ORIG_PUB_DT"":1590732000000,""PRCU_ID"":""936402"",""PRO_ONLN_RESP_FL"":true,""PUB_BID_OP_DT_TM"":"""",""PUB_DT"":1592287200000,""RQSTR_OFC"":""-"",""RQSTR_PH_EXT"":"""",""RQSTR_PH_NO"":""303-866-7430"",""SO_CAT_CD"":"""",""SO_CLSNG_DT"":1592521200000,""SO_CLSNG_DT_TM"":1592521200000,""SO_CLSNG_TM"":-2208902400000,""SO_STA"":""A"",""SO_TIME_LEFT"":""-192662773000"",""SRCH_DOC_ID"":""DQ1-IHJA-2020000718-4"",""ST"":""CO"",""TM_TO_CLSNG"":""Expired"",""ZIP"":""80203""},""intent_line"":{},""service_line"":{""ADDL_HNDL_INFO"":"""",""ADV_ROW_ID"":""xY3qTOMAZt3SQdiu"",""ADV_ROW_KEY"":""-1795813937"",""ADV_ROW_SEL"":false,""BILL_ADD_1"":""3824 W. Princeton Circle"",""BILL_ADD_2"":"""",""BILL_ATTN"":"""",""BILL_CITY"":""Denver"",""BILL_CTRY"":""US"",""BILL_LOC_NM"":""Division of Behavioral Health"",""BILL_ST"":""CO"",""BILL_ZIP"":""80263"",""CLR"":"""",""CNTRC_AM"":""$150,000.00"",""COMM_CD"":""95262"",""COMM_DSCR"":""Mental Health Services: Vocational, Residential, Etc."",""COMM_SPECS"":"""",""CTLG_NM"":"""",""DET_INST"":"""",""DLLR_CAP_1"":"""",""DLLR_CAP_2"":"""",""DLLR_CAP_3"":"""",""DLLR_CAP_4"":"""",""DLLR_CAP_5"":"""",""DLVR_DT"":"""",""DOC_COMMGP_LN_NO"":""1"",""DOC_COMMLN_LN_NO"":""1"",""DRWNG_NO"":"""",""EFBGN_DT"":"""",""EFEND_DT"":"""",""EXT_DSCR"":""TRAUMA RESPONSIVE CARE DQ IS TO PROCURE A QUALIFIED WEB-BASED TRAINING DEVELOPER TO CREATE AN INTERACTIVE WEB-BASED VERSION OF THE FOUNDATIONAL SECTIONS OF THE TRAUMA RESPONSIVE CARE TRAINING CURRENTLY OFFERED BY THE CROSS-SYSTEMS TRAINING INSTITUTE. THIS TRAINING WILL CONTAIN 3-4 MODULES THAT ARE 1 HOUR EACH. THE TARGET AUDIENCE IS ANYONE WHO WORKS WITH CHILDREN, YOUTH, OR FAMILIES; OR INDIVIDUALS WITH A BEHAVIORAL HEALTH DISORDER"",""HAZ_MAT"":"""",""LN_TYP"":""2"",""MANFR_NM"":"""",""MANFR_PART_NO"":"""",""MDL_NO"":"""",""MSDS_FL"":false,""PIECE_NO"":"""",""PKG_INST"":"""",""PREF_CD_1"":"""",""PREF_CD_2"":"""",""PREF_CD_3"":"""",""PREF_CD_4"":"""",""PREF_CD_5"":"""",""PROD_CAT_NO"":"""",""QTY"":"""",""SER_NO"":"""",""SHIP_ADD_1"":""3824 W. PRINCETON CIRCLE"",""SHIP_ADD_2"":"""",""SHIP_ATTN"":"""",""SHIP_CITY"":""DENVER"",""SHIP_CTRY"":""US"",""SHIP_LOC_NM"":""DIVISION OF BEHAVIORAL HEALTH"",""SHIP_ST"":""CO"",""SHIP_ZIP"":""80236"",""SPEC_HNDL_INST"":"""",""SPFN_NO"":"""",""SVC_END_DT"":1601359200000,""SVC_STRT_DT"":1590732000000,""SZ"":"""",""UNIT_MEAS_CD"":"""",""UNIT_PRICE"":"""",""WGHT_FACT_1"":"""",""WGHT_FACT_2"":"""",""WGHT_FACT_3"":"""",""WGHT_FACT_4"":"""",""WGHT_FACT_5"":"""",""WTY_TYP"":""""},""source_key"":""co_vss"",""source_note"":""Official OSC/SPCO Solicitations page links this ColoradoVSS public route. The public carousel does not expose Award History, so records come from awarded solicitation detail JSON."",""source_row"":{""ADV_ROW_ID"":""cWvrz9FrLs9Ktisn"",""ADV_ROW_SEL"":false,""AMND_DT"":159...",2026-07-27T20:26:14Z
co-vss-award-co-dq1-ihja-2020000718-4-workingknowledge-inc-2-830e58e9f2bc,CO,ColoradoVSS Awarded Solicitations,DQ1-IHJA-2020000718-4:2,DQ1-IHJA-2020000718-4,award,WORKINGKNOWLEDGE INC.,behavioral health,CDHS - Office of Behavioral Health,DQ1-IHJA-2020000718-4,Web Based Training Module,106810,2020-06-30,2020-05-29,2020-09-29,-70,Expired/past award,VSS Awarded Solicitation (Documented Quote (DQ1); Awarded),https://prd.co.cgiadvantage.com/PRDVSS1X1/Advantage4,https://prd.co.cgiadvantage.com/PRDVSS1X1/Advantage4,behavioral health,14,"{""attachments"":[{""ADV_ROW_ID"":""PoLVOydTNeYpfOuA"",""ADV_ROW_KEY"":""0"",""ADV_ROW_SEL"":false,""OBJ_ATT_DSCR"":"""",""OBJ_ATT_DT"":1590732000000,""OBJ_ATT_NM"":""DQ1 IHJA 2020_0718 Web-Based Training Modules.pdf"",""OBJ_ATT_TYP"":""1""},{""ADV_ROW_ID"":""YEu1ry0BWDHr3kw4"",""ADV_ROW_KEY"":""0"",""ADV_ROW_SEL"":false,""OBJ_ATT_DSCR"":"""",""OBJ_ATT_DT"":1590732000000,""OBJ_ATT_NM"":""Exhibit A.pdf"",""OBJ_ATT_TYP"":""1""},{""ADV_ROW_ID"":""NMPHvsYl27iPChdD"",""ADV_ROW_KEY"":""0"",""ADV_ROW_SEL"":false,""OBJ_ATT_DSCR"":"""",""OBJ_ATT_DT"":1591855200000,""OBJ_ATT_NM"":""DQI IHJA 2020-0718 - Final Q&A.pdf"",""OBJ_ATT_TYP"":""1""},{""ADV_ROW_ID"":""nzfOefAMvZntmjMs"",""ADV_ROW_KEY"":""0"",""ADV_ROW_SEL"":false,""OBJ_ATT_DSCR"":"""",""OBJ_ATT_DT"":1592287200000,""OBJ_ATT_NM"":""DQI IHJA 2020-0718 - Final Q&A_v.2.pdf"",""OBJ_ATT_TYP"":""1""}],""award_headers"":[{""ADV_ROW_ID"":""lAbUy0c8XVmigtjq"",""ADV_ROW_KEY"":""0"",""ADV_ROW_SEL"":false,""LGL_NM"":""THE REGIS COMPANY, LLC"",""TOT_PRICE"":""$0.00""},{""ADV_ROW_ID"":""IqM8wIuzjlIfujzv"",""ADV_ROW_KEY"":""0"",""ADV_ROW_SEL"":false,""LGL_NM"":""eLearning Company, Inc."",""TOT_PRICE"":""$0.00""},{""ADV_ROW_ID"":""t0duAd8oHOogTGEF"",""ADV_ROW_KEY"":""0"",""ADV_ROW_SEL"":false,""LGL_NM"":""WORKINGKNOWLEDGE INC."",""TOT_PRICE"":""$0.00""}],""award_line"":{""ADV_ROW_ID"":""Fz1j8YYKfSokOCvB"",""ADV_ROW_KEY"":""1918794084"",""ADV_ROW_SEL"":false,""AWARD_CNTRC_AM"":""$106,810.00"",""AWARD_DISC_PC"":""0.0000"",""AWARD_DT"":1593496800000,""AWARD_UNIT_PRICE"":""$0.00"",""DOC_COMMGP_LN_NO"":""1"",""DOC_COMMLN_LN_NO"":""2"",""EXTR_CMNT"":"""",""EXT_DSCR"":""WEB-BASED TRAINING MODULE - SCHOOL BEHAVIOR MODIFICATION"",""LGL_NM"":""WORKINGKNOWLEDGE INC."",""QTY"":"""",""UNIT_MEAS_CD"":""""},""header"":{""ADDL_INFO"":"""",""ADV_ROW_ID"":""JIj9xA13OOgX344K"",""ADV_ROW_KEY"":""0"",""ADV_ROW_SEL"":false,""AD_LN_1"":""1575 Sherman Street"",""AD_LN_2"":""6th Floor"",""AMND_DT"":1592287200000,""AMND_NO"":""3"",""ATTN"":"""",""AWARD_DT"":1594879200000,""BUYR_EMAIL_AD"":""raven.lopez@state.co.us"",""BUYR_FAX_NO"":"""",""BUYR_NM"":""Raven Lopez"",""BUYR_PH_EXT"":"""",""BUYR_PH_NO"":"""",""CITY"":""DENVER"",""CTRY"":""US"",""DOC_CD"":""DQ1"",""DOC_DEPT_CD"":""IHJA"",""DOC_DSCR"":""Web Based Training  Module"",""DOC_ID"":""2020000718"",""DOC_VERS_NO"":""4"",""INTENT_POSTED_DT"":"""",""ISSNG_OFC"":""-"",""ISSR_PH_EXT"":"""",""ISSR_PH_NO"":""303-866-7430"",""LOC_NM"":""NORTH/CENTRAL PROCUREMENT"",""ORIG_PUB_DT"":1590732000000,""PRCU_ID"":""936402"",""PRO_ONLN_RESP_FL"":true,""PUB_BID_OP_DT_TM"":"""",""PUB_DT"":1592287200000,""RQSTR_OFC"":""-"",""RQSTR_PH_EXT"":"""",""RQSTR_PH_NO"":""303-866-7430"",""SO_CAT_CD"":"""",""SO_CLSNG_DT"":1592521200000,""SO_CLSNG_DT_TM"":1592521200000,""SO_CLSNG_TM"":-2208902400000,""SO_STA"":""A"",""SO_TIME_LEFT"":""-192662773000"",""SRCH_DOC_ID"":""DQ1-IHJA-2020000718-4"",""ST"":""CO"",""TM_TO_CLSNG"":""Expired"",""ZIP"":""80203""},""intent_line"":{},""service_line"":{""ADDL_HNDL_INFO"":"""",""ADV_ROW_ID"":""KLrAbYCjrlAOzsyZ"",""ADV_ROW_KEY"":""-859508318"",""ADV_ROW_SEL"":false,""BILL_ADD_1"":"""",""BILL_ADD_2"":"""",""BILL_ATTN"":"""",""BILL_CITY"":"""",""BILL_CTRY"":"""",""BILL_LOC_NM"":"""",""BILL_ST"":"""",""BILL_ZIP"":"""",""CLR"":"""",""CNTRC_AM"":""$100,000.00"",""COMM_CD"":""95262"",""COMM_DSCR"":""Mental Health Services: Vocational, Residential, Etc."",""COMM_SPECS"":"""",""CTLG_NM"":"""",""DET_INST"":"""",""DLLR_CAP_1"":"""",""DLLR_CAP_2"":"""",""DLLR_CAP_3"":"""",""DLLR_CAP_4"":"""",""DLLR_CAP_5"":"""",""DLVR_DT"":"""",""DOC_COMMGP_LN_NO"":""1"",""DOC_COMMLN_LN_NO"":""2"",""DRWNG_NO"":"""",""EFBGN_DT"":"""",""EFEND_DT"":"""",""EXT_DSCR"":""WEB-BASED TRAINING MODULE - SCHOOL BEHAVIOR MODIFICATION"",""HAZ_MAT"":"""",""LN_TYP"":""2"",""MANFR_NM"":"""",""MANFR_PART_NO"":"""",""MDL_NO"":"""",""MSDS_FL"":false,""PIECE_NO"":"""",""PKG_INST"":"""",""PREF_CD_1"":"""",""PREF_CD_2"":"""",""PREF_CD_3"":"""",""PREF_CD_4"":"""",""PREF_CD_5"":"""",""PROD_CAT_NO"":"""",""QTY"":"""",""SER_NO"":"""",""SHIP_ADD_1"":"""",""SHIP_ADD_2"":"""",""SHIP_ATTN"":"""",""SHIP_CITY"":"""",""SHIP_CTRY"":"""",""SHIP_LOC_NM"":"""",""SHIP_ST"":"""",""SHIP_ZIP"":"""",""SPEC_HNDL_INST"":"""",""SPFN_NO"":"""",""SVC_END_DT"":1601359200000,""SVC_STRT_DT"":1590732000000,""SZ"":"""",""UNIT_MEAS_CD"":"""",""UNIT_PRICE"":"""",""WGHT_FACT_1"":"""",""WGHT_FACT_2"":"""",""WGHT_FACT_3"":"""",""WGHT_FACT_4"":"""",""WGHT_FACT_5"":"""",""WTY_TYP"":""""},""source_key"":""co_vss"",""source_note"":""Official OSC/SPCO Solicitations page links this ColoradoVSS public route. The public carousel does not expose Award History, so records come from awarded solicitation detail JSON."",""source_row"":{""ADV_ROW_ID"":""cWvrz9FrLs9Ktisn"",""ADV_ROW_SEL"":false,""AMND_DT"":1592287200000,""BUYR_EMAIL_AD"":""raven.lopez@state.co.us"",""BUYR_FAX_NO"":"""",""BUYR_NM"":""Raven Lopez"",""BUYR_PH_NO"":"""",""DEPT_NM"":""CDHS - Office of Behavioral Health"",""DOC_CD"":""DQ1"",""DOC_CD_CONCAT"":""Documented Quote (DQ1)"",""DOC_DSCR"":""Web Based Training  Module"",""DOC_REF"":""[DQ1,IHJA,2020000718,4][DQ1-IHJA-2020000718-4]"",""INTENT_POSTED_DT"":1594879200000,""PUB_BID_OP_DT"":"""",""PUB_DT"":1592287200000,""QRY_SRCH_STRING"":"""",""SHOW_TXT"":"""",""SO_CAT_CD"":"""",""SO_CLSNG_DT_TM"":1592521200000,""SO_STA"":""A"",""SO_TIME_LEFT"":""-192662770000""}}",2026-07-27T20:26:14Z
co-vss-award-co-dq1-ihja-2020000718-4-elearning-company-inc-2-908ef4d4fc58,CO,ColoradoVSS Awarded Solicitations,DQ1-IHJA-2020000718-4:2,DQ1-IHJA-2020000718-4,award,"eLearning Company, Inc.",behavioral health,CDHS - Office of Behavioral Health,DQ1-IHJA-2020000718-4,Web Based Training Module,100000,2020-06-30,2020-05-29,2020-09-29,-70,Expired/past award,VSS Awarded Solicitation (Documented Quote (DQ1); Awarded),https://prd.co.cgiadvantage.com/PRDVSS1X1/Advantage4,https://prd.co.cgiadvantage.com/PRDVSS1X1/Advantage4,behavioral health,14,"{""attachments"":[{""ADV_ROW_ID"":""PoLVOydTNeYpfOuA"",""ADV_ROW_KEY"":""0"",""ADV_ROW_SEL"":false,""OBJ_ATT_DSCR"":"""",""OBJ_ATT_DT"":1590732000000,""OBJ_ATT_NM"":""DQ1 IHJA 2020_0718 Web-Based Training Modules.pdf"",""OBJ_ATT_TYP"":""1""},{""ADV_ROW_ID"":""YEu1ry0BWDHr3kw4"",""ADV_ROW_KEY"":""0"",""ADV_ROW_SEL"":false,""OBJ_ATT_DSCR"":"""",""OBJ_ATT_DT"":1590732000000,""OBJ_ATT_NM"":""Exhibit A.pdf"",""OBJ_ATT_TYP"":""1""},{""ADV_ROW_ID"":""NMPHvsYl27iPChdD"",""ADV_ROW_KEY"":""0"",""ADV_ROW_SEL"":false,""OBJ_ATT_DSCR"":"""",""OBJ_ATT_DT"":1591855200000,""OBJ_ATT_NM"":""DQI IHJA 2020-0718 - Final Q&A.pdf"",""OBJ_ATT_TYP"":""1""},{""ADV_ROW_ID"":""nzfOefAMvZntmjMs"",""ADV_ROW_KEY"":""0"",""ADV_ROW_SEL"":false,""OBJ_ATT_DSCR"":"""",""OBJ_ATT_DT"":1592287200000,""OBJ_ATT_NM"":""DQI IHJA 2020-0718 - Final Q&A_v.2.pdf"",""OBJ_ATT_TYP"":""1""}],""award_headers"":[{""ADV_ROW_ID"":""lAbUy0c8XVmigtjq"",""ADV_ROW_KEY"":""0"",""ADV_ROW_SEL"":false,""LGL_NM"":""THE REGIS COMPANY, LLC"",""TOT_PRICE"":""$0.00""},{""ADV_ROW_ID"":""IqM8wIuzjlIfujzv"",""ADV_ROW_KEY"":""0"",""ADV_ROW_SEL"":false,""LGL_NM"":""eLearning Company, Inc."",""TOT_PRICE"":""$0.00""},{""ADV_ROW_ID"":""t0duAd8oHOogTGEF"",""ADV_ROW_KEY"":""0"",""ADV_ROW_SEL"":false,""LGL_NM"":""WORKINGKNOWLEDGE INC."",""TOT_PRICE"":""$0.00""}],""award_line"":{""ADV_ROW_ID"":""CdLcvvEhgz9PNMMe"",""ADV_ROW_KEY"":""-790713702"",""ADV_ROW_SEL"":false,""AWARD_CNTRC_AM"":""$0.00"",""AWARD_DISC_PC"":""0.0000"",""AWARD_DT"":1593496800000,""AWARD_UNIT_PRICE"":""$0.00"",""DOC_COMMGP_LN_NO"":""1"",""DOC_COMMLN_LN_NO"":""2"",""EXTR_CMNT"":"""",""EXT_DSCR"":""WEB-BASED TRAINING MODULE - SCHOOL BEHAVIOR MODIFICATION"",""LGL_NM"":""eLearning Company, Inc."",""QTY"":"""",""UNIT_MEAS_CD"":""""},""header"":{""ADDL_INFO"":"""",""ADV_ROW_ID"":""JIj9xA13OOgX344K"",""ADV_ROW_KEY"":""0"",""ADV_ROW_SEL"":false,""AD_LN_1"":""1575 Sherman Street"",""AD_LN_2"":""6th Floor"",""AMND_DT"":1592287200000,""AMND_NO"":""3"",""ATTN"":"""",""AWARD_DT"":1594879200000,""BUYR_EMAIL_AD"":""raven.lopez@state.co.us"",""BUYR_FAX_NO"":"""",""BUYR_NM"":""Raven Lopez"",""BUYR_PH_EXT"":"""",""BUYR_PH_NO"":"""",""CITY"":""DENVER"",""CTRY"":""US"",""DOC_CD"":""DQ1"",""DOC_DEPT_CD"":""IHJA"",""DOC_DSCR"":""Web Based Training  Module"",""DOC_ID"":""2020000718"",""DOC_VERS_NO"":""4"",""INTENT_POSTED_DT"":"""",""ISSNG_OFC"":""-"",""ISSR_PH_EXT"":"""",""ISSR_PH_NO"":""303-866-7430"",""LOC_NM"":""NORTH/CENTRAL PROCUREMENT"",""ORIG_PUB_DT"":1590732000000,""PRCU_ID"":""936402"",""PRO_ONLN_RESP_FL"":true,""PUB_BID_OP_DT_TM"":"""",""PUB_DT"":1592287200000,""RQSTR_OFC"":""-"",""RQSTR_PH_EXT"":"""",""RQSTR_PH_NO"":""303-866-7430"",""SO_CAT_CD"":"""",""SO_CLSNG_DT"":1592521200000,""SO_CLSNG_DT_TM"":1592521200000,""SO_CLSNG_TM"":-2208902400000,""SO_STA"":""A"",""SO_TIME_LEFT"":""-192662773000"",""SRCH_DOC_ID"":""DQ1-IHJA-2020000718-4"",""ST"":""CO"",""TM_TO_CLSNG"":""Expired"",""ZIP"":""80203""},""intent_line"":{},""service_line"":{""ADDL_HNDL_INFO"":"""",""ADV_ROW_ID"":""KLrAbYCjrlAOzsyZ"",""ADV_ROW_KEY"":""-859508318"",""ADV_ROW_SEL"":false,""BILL_ADD_1"":"""",""BILL_ADD_2"":"""",""BILL_ATTN"":"""",""BILL_CITY"":"""",""BILL_CTRY"":"""",""BILL_LOC_NM"":"""",""BILL_ST"":"""",""BILL_ZIP"":"""",""CLR"":"""",""CNTRC_AM"":""$100,000.00"",""COMM_CD"":""95262"",""COMM_DSCR"":""Mental Health Services: Vocational, Residential, Etc."",""COMM_SPECS"":"""",""CTLG_NM"":"""",""DET_INST"":"""",""DLLR_CAP_1"":"""",""DLLR_CAP_2"":"""",""DLLR_CAP_3"":"""",""DLLR_CAP_4"":"""",""DLLR_CAP_5"":"""",""DLVR_DT"":"""",""DOC_COMMGP_LN_NO"":""1"",""DOC_COMMLN_LN_NO"":""2"",""DRWNG_NO"":"""",""EFBGN_DT"":"""",""EFEND_DT"":"""",""EXT_DSCR"":""WEB-BASED TRAINING MODULE - SCHOOL BEHAVIOR MODIFICATION"",""HAZ_MAT"":"""",""LN_TYP"":""2"",""MANFR_NM"":"""",""MANFR_PART_NO"":"""",""MDL_NO"":"""",""MSDS_FL"":false,""PIECE_NO"":"""",""PKG_INST"":"""",""PREF_CD_1"":"""",""PREF_CD_2"":"""",""PREF_CD_3"":"""",""PREF_CD_4"":"""",""PREF_CD_5"":"""",""PROD_CAT_NO"":"""",""QTY"":"""",""SER_NO"":"""",""SHIP_ADD_1"":"""",""SHIP_ADD_2"":"""",""SHIP_ATTN"":"""",""SHIP_CITY"":"""",""SHIP_CTRY"":"""",""SHIP_LOC_NM"":"""",""SHIP_ST"":"""",""SHIP_ZIP"":"""",""SPEC_HNDL_INST"":"""",""SPFN_NO"":"""",""SVC_END_DT"":1601359200000,""SVC_STRT_DT"":1590732000000,""SZ"":"""",""UNIT_MEAS_CD"":"""",""UNIT_PRICE"":"""",""WGHT_FACT_1"":"""",""WGHT_FACT_2"":"""",""WGHT_FACT_3"":"""",""WGHT_FACT_4"":"""",""WGHT_FACT_5"":"""",""WTY_TYP"":""""},""source_key"":""co_vss"",""source_note"":""Official OSC/SPCO Solicitations page links this ColoradoVSS public route. The public carousel does not expose Award History, so records come from awarded solicitation detail JSON."",""source_row"":{""ADV_ROW_ID"":""cWvrz9FrLs9Ktisn"",""ADV_ROW_SEL"":false,""AMND_DT"":1592287200000,""BUYR_EMAIL_AD"":""raven.lopez@state.co.us"",""BUYR_FAX_NO"":"""",""BUYR_NM"":""Raven Lopez"",""BUYR_PH_NO"":"""",""DEPT_NM"":""CDHS - Office of Behavioral Health"",""DOC_CD"":""DQ1"",""DOC_CD_CONCAT"":""Documented Quote (DQ1)"",""DOC_DSCR"":""Web Based Training  Module"",""DOC_REF"":""[DQ1,IHJA,2020000718,4][DQ1-IHJA-2020000718-4]"",""INTENT_POSTED_DT"":1594879200000,""PUB_BID_OP_DT"":"""",""PUB_DT"":1592287200000,""QRY_SRCH_STRING"":"""",""SHOW_TXT"":"""",""SO_CAT_CD"":"""",""SO_CLSNG_DT_TM"":1592521200000,""SO_STA"":""A"",""SO_TIME_LEFT"":""-192662770000""}}",2026-07-27T20:26:14Z
co-vss-award-co-dq1-ihja-2020000718-4-elearning-company-inc-3-76a5cc18726f,CO,ColoradoVSS Awarded Solicitations,DQ1-IHJA-2020000718-4:3,DQ1-IHJA-2020000718-4,award,"eLearning Company, Inc.",behavioral health,CDHS - Office of Behavioral Health,DQ1-IHJA-2020000718-4,Web Based Training Module,100000,2020-06-30,2020-05-29,2020-09-29,-70,Expired/past award,VSS Awarded Solicitation (Documented Quote (DQ1); Awarded),https://prd.co.cgiadvantage.com/PRDVSS1X1/Advantage4,https://prd.co.cgiadvantage.com/PRDVSS1X1/Advantage4,behavioral health,14,"{""attachments"":[{""ADV_ROW_ID"":""PoLVOydTNeYpfOuA"",""ADV_ROW_KEY"":""0"",""ADV_ROW_SEL"":false,""OBJ_ATT_DSCR"":"""",""OBJ_ATT_DT"":1590732000000,""OBJ_ATT_NM"":""DQ1 IHJA 2020_0718 Web-Based Training Modules.pdf"",""OBJ_ATT_TYP"":""1""},{""ADV_ROW_ID"":""YEu1ry0BWDHr3kw4"",""ADV_ROW_KEY"":""0"",""ADV_ROW_SEL"":false,""OBJ_ATT_DSCR"":"""",""OBJ_ATT_DT"":1590732000000,""OBJ_ATT_NM"":""Exhibit A.pdf"",""OBJ_ATT_TYP"":""1""},{""ADV_ROW_ID"":""NMPHvsYl27iPChdD"",""ADV_ROW_KEY"":""0"",""ADV_ROW_SEL"":false,""OBJ_ATT_DSCR"":"""",""OBJ_ATT_DT"":1591855200000,""OBJ_ATT_NM"":""DQI IHJA 2020-0718 - Final Q&A.pdf"",""OBJ_ATT_TYP"":""1""},{""ADV_ROW_ID"":""nzfOefAMvZntmjMs"",""ADV_ROW_KEY"":""0"",""ADV_ROW_SEL"":false,""OBJ_ATT_DSCR"":"""",""OBJ_ATT_DT"":1592287200000,""OBJ_ATT_NM"":""DQI IHJA 2020-0718 - Final Q&A_v.2.pdf"",""OBJ_ATT_TYP"":""1""}],""award_headers"":[{""ADV_ROW_ID"":""lAbUy0c8XVmigtjq"",""ADV_ROW_KEY"":""0"",""ADV_ROW_SEL"":false,""LGL_NM"":""THE REGIS COMPANY, LLC"",""TOT_PRICE"":""$0.00""},{""ADV_ROW_ID"":""IqM8wIuzjlIfujzv"",""ADV_ROW_KEY"":""0"",""ADV_ROW_SEL"":false,""LGL_NM"":""eLearning Company, Inc."",""TOT_PRICE"":""$0.00""},{""ADV_ROW_ID"":""t0duAd8oHOogTGEF"",""ADV_ROW_KEY"":""0"",""ADV_ROW_SEL"":false,""LGL_NM"":""WORKINGKNOWLEDGE INC."",""TOT_PRICE"":""$0.00""}],""award_line"":{""ADV_ROW_ID"":""TVK67qh7g0VYoT22"",""ADV_ROW_KEY"":""-1810682166"",""ADV_ROW_SEL"":false,""AWARD_CNTRC_AM"":""$0.00"",""AWARD_DISC_PC"":""0.0000"",""AWARD_DT"":1593496800000,""AWARD_UNIT_PRICE"":""$0.00"",""DOC_COMMGP_LN_NO"":""1"",""DOC_COMMLN_LN_NO"":""3"",""EXTR_CMNT"":"""",""EXT_DSCR"":""WEB-BASED TRAINING MODULE - INTERPRETATION W/IN MENTAL HLTH"",""LGL_NM"":""eLearning Company, Inc."",""QTY"":"""",""UNIT_MEAS_CD"":""""},""header"":{""ADDL_INFO"":"""",""ADV_ROW_ID"":""JIj9xA13OOgX344K"",""ADV_ROW_KEY"":""0"",""ADV_ROW_SEL"":false,""AD_LN_1"":""1575 Sherman Street"",""AD_LN_2"":""6th Floor"",""AMND_DT"":1592287200000,""AMND_NO"":""3"",""ATTN"":"""",""AWARD_DT"":1594879200000,""BUYR_EMAIL_AD"":""raven.lopez@state.co.us"",""BUYR_FAX_NO"":"""",""BUYR_NM"":""Raven Lopez"",""BUYR_PH_EXT"":"""",""BUYR_PH_NO"":"""",""CITY"":""DENVER"",""CTRY"":""US"",""DOC_CD"":""DQ1"",""DOC_DEPT_CD"":""IHJA"",""DOC_DSCR"":""Web Based Training  Module"",""DOC_ID"":""2020000718"",""DOC_VERS_NO"":""4"",""INTENT_POSTED_DT"":"""",""ISSNG_OFC"":""-"",""ISSR_PH_EXT"":"""",""ISSR_PH_NO"":""303-866-7430"",""LOC_NM"":""NORTH/CENTRAL PROCUREMENT"",""ORIG_PUB_DT"":1590732000000,""PRCU_ID"":""936402"",""PRO_ONLN_RESP_FL"":true,""PUB_BID_OP_DT_TM"":"""",""PUB_DT"":1592287200000,""RQSTR_OFC"":""-"",""RQSTR_PH_EXT"":"""",""RQSTR_PH_NO"":""303-866-7430"",""SO_CAT_CD"":"""",""SO_CLSNG_DT"":1592521200000,""SO_CLSNG_DT_TM"":1592521200000,""SO_CLSNG_TM"":-2208902400000,""SO_STA"":""A"",""SO_TIME_LEFT"":""-192662773000"",""SRCH_DOC_ID"":""DQ1-IHJA-2020000718-4"",""ST"":""CO"",""TM_TO_CLSNG"":""Expired"",""ZIP"":""80203""},""intent_line"":{},""service_line"":{""ADDL_HNDL_INFO"":"""",""ADV_ROW_ID"":""kCKBesRMRt24gDgw"",""ADV_ROW_KEY"":""777490950"",""ADV_ROW_SEL"":false,""BILL_ADD_1"":"""",""BILL_ADD_2"":"""",""BILL_ATTN"":"""",""BILL_CITY"":"""",""BILL_CTRY"":"""",""BILL_LOC_NM"":"""",""BILL_ST"":"""",""BILL_ZIP"":"""",""CLR"":"""",""CNTRC_AM"":""$100,000.00"",""COMM_CD"":""95262"",""COMM_DSCR"":""Mental Health Services: Vocational, Residential, Etc."",""COMM_SPECS"":"""",""CTLG_NM"":"""",""DET_INST"":"""",""DLLR_CAP_1"":"""",""DLLR_CAP_2"":"""",""DLLR_CAP_3"":"""",""DLLR_CAP_4"":"""",""DLLR_CAP_5"":"""",""DLVR_DT"":"""",""DOC_COMMGP_LN_NO"":""1"",""DOC_COMMLN_LN_NO"":""3"",""DRWNG_NO"":"""",""EFBGN_DT"":"""",""EFEND_DT"":"""",""EXT_DSCR"":""WEB-BASED TRAINING MODULE - INTERPRETATION W/IN MENTAL HLTH"",""HAZ_MAT"":"""",""LN_TYP"":""2"",""MANFR_NM"":"""",""MANFR_PART_NO"":"""",""MDL_NO"":"""",""MSDS_FL"":false,""PIECE_NO"":"""",""PKG_INST"":"""",""PREF_CD_1"":"""",""PREF_CD_2"":"""",""PREF_CD_3"":"""",""PREF_CD_4"":"""",""PREF_CD_5"":"""",""PROD_CAT_NO"":"""",""QTY"":"""",""SER_NO"":"""",""SHIP_ADD_1"":"""",""SHIP_ADD_2"":"""",""SHIP_ATTN"":"""",""SHIP_CITY"":"""",""SHIP_CTRY"":"""",""SHIP_LOC_NM"":"""",""SHIP_ST"":"""",""SHIP_ZIP"":"""",""SPEC_HNDL_INST"":"""",""SPFN_NO"":"""",""SVC_END_DT"":1601359200000,""SVC_STRT_DT"":1590732000000,""SZ"":"""",""UNIT_MEAS_CD"":"""",""UNIT_PRICE"":"""",""WGHT_FACT_1"":"""",""WGHT_FACT_2"":"""",""WGHT_FACT_3"":"""",""WGHT_FACT_4"":"""",""WGHT_FACT_5"":"""",""WTY_TYP"":""""},""source_key"":""co_vss"",""source_note"":""Official OSC/SPCO Solicitations page links this ColoradoVSS public route. The public carousel does not expose Award History, so records come from awarded solicitation detail JSON."",""source_row"":{""ADV_ROW_ID"":""cWvrz9FrLs9Ktisn"",""ADV_ROW_SEL"":false,""AMND_DT"":1592287200000,""BUYR_EMAIL_AD"":""raven.lopez@state.co.us"",""BUYR_FAX_NO"":"""",""BUYR_NM"":""Raven Lopez"",""BUYR_PH_NO"":"""",""DEPT_NM"":""CDHS - Office of Behavioral Health"",""DOC_CD"":""DQ1"",""DOC_CD_CONCAT"":""Documented Quote (DQ1)"",""DOC_DSCR"":""Web Based Training  Module"",""DOC_REF"":""[DQ1,IHJA,2020000718,4][DQ1-IHJA-2020000718-4]"",""INTENT_POSTED_DT"":1594879200000,""PUB_BID_OP_DT"":"""",""PUB_DT"":1592287200000,""QRY_SRCH_STRING"":"""",""SHOW_TXT"":"""",""SO_CAT_CD"":"""",""SO_CLSNG_DT_TM"":1592521200000,""SO_STA"":""A"",""SO_TIME_LEFT"":""-192662770000""}}",2026-07-27T20:26:14Z
co-vss-award-co-dq1-ihja-2020000718-4-workingknowledge-inc-3-6931a31f7b94,CO,ColoradoVSS Awarded Solicitations,DQ1-IHJA-2020000718-4:3,DQ1-IHJA-2020000718-4,award,WORKINGKNOWLEDGE INC.,behavioral health,CDHS - Office of Behavioral Health,DQ1-IHJA-2020000718-4,Web Based Training Module,100000,2020-06-30,2020-05-29,2020-09-29,-70,Expired/past award,VSS Awarded Solicitation (Documented Quote (DQ1); Awarded),https://prd.co.cgiadvantage.com/PRDVSS1X1/Advantage4,https://prd.co.cgiadvantage.com/PRDVSS1X1/Advantage4,behavioral health,14,"{""attachments"":[{""ADV_ROW_ID"":""PoLVOydTNeYpfOuA"",""ADV_ROW_KEY"":""0"",""ADV_ROW_SEL"":false,""OBJ_ATT_DSCR"":"""",""OBJ_ATT_DT"":1590732000000,""OBJ_ATT_NM"":""DQ1 IHJA 2020_0718 Web-Based Training Modules.pdf"",""OBJ_ATT_TYP"":""1""},{""ADV_ROW_ID"":""YEu1ry0BWDHr3kw4"",""ADV_ROW_KEY"":""0"",""ADV_ROW_SEL"":false,""OBJ_ATT_DSCR"":"""",""OBJ_ATT_DT"":1590732000000,""OBJ_ATT_NM"":""Exhibit A.pdf"",""OBJ_ATT_TYP"":""1""},{""ADV_ROW_ID"":""NMPHvsYl27iPChdD"",""ADV_ROW_KEY"":""0"",""ADV_ROW_SEL"":false,""OBJ_ATT_DSCR"":"""",""OBJ_ATT_DT"":1591855200000,""OBJ_ATT_NM"":""DQI IHJA 2020-0718 - Final Q&A.pdf"",""OBJ_ATT_TYP"":""1""},{""ADV_ROW_ID"":""nzfOefAMvZntmjMs"",""ADV_ROW_KEY"":""0"",""ADV_ROW_SEL"":false,""OBJ_ATT_DSCR"":"""",""OBJ_ATT_DT"":1592287200000,""OBJ_ATT_NM"":""DQI IHJA 2020-0718 - Final Q&A_v.2.pdf"",""OBJ_ATT_TYP"":""1""}],""award_headers"":[{""ADV_ROW_ID"":""lAbUy0c8XVmigtjq"",""ADV_ROW_KEY"":""0"",""ADV_ROW_SEL"":false,""LGL_NM"":""THE REGIS COMPANY, LLC"",""TOT_PRICE"":""$0.00""},{""ADV_ROW_ID"":""IqM8wIuzjlIfujzv"",""ADV_ROW_KEY"":""0"",""ADV_ROW_SEL"":false,""LGL_NM"":""eLearning Company, Inc."",""TOT_PRICE"":""$0.00""},{""ADV_ROW_ID"":""t0duAd8oHOogTGEF"",""ADV_ROW_KEY"":""0"",""ADV_ROW_SEL"":false,""LGL_NM"":""WORKINGKNOWLEDGE INC."",""TOT_PRICE"":""$0.00""}],""award_line"":{""ADV_ROW_ID"":""4KAzv2bSSAiAxaII"",""ADV_ROW_KEY"":""898857269"",""ADV_ROW_SEL"":false,""AWARD_CNTRC_AM"":""$0.00"",""AWARD_DISC_PC"":""0.0000"",""AWARD_DT"":1593496800000,""AWARD_UNIT_PRICE"":""$0.00"",""DOC_COMMGP_LN_NO"":""1"",""DOC_COMMLN_LN_NO"":""3"",""EXTR_CMNT"":"""",""EXT_DSCR"":""WEB-BASED TRAINING MODULE - INTERPRETATION W/IN MENTAL HLTH"",""LGL_NM"":""WORKINGKNOWLEDGE INC."",""QTY"":"""",""UNIT_MEAS_CD"":""""},""header"":{""ADDL_INFO"":"""",""ADV_ROW_ID"":""JIj9xA13OOgX344K"",""ADV_ROW_KEY"":""0"",""ADV_ROW_SEL"":false,""AD_LN_1"":""1575 Sherman Street"",""AD_LN_2"":""6th Floor"",""AMND_DT"":1592287200000,""AMND_NO"":""3"",""ATTN"":"""",""AWARD_DT"":1594879200000,""BUYR_EMAIL_AD"":""raven.lopez@state.co.us"",""BUYR_FAX_NO"":"""",""BUYR_NM"":""Raven Lopez"",""BUYR_PH_EXT"":"""",""BUYR_PH_NO"":"""",""CITY"":""DENVER"",""CTRY"":""US"",""DOC_CD"":""DQ1"",""DOC_DEPT_CD"":""IHJA"",""DOC_DSCR"":""Web Based Training  Module"",""DOC_ID"":""2020000718"",""DOC_VERS_NO"":""4"",""INTENT_POSTED_DT"":"""",""ISSNG_OFC"":""-"",""ISSR_PH_EXT"":"""",""ISSR_PH_NO"":""303-866-7430"",""LOC_NM"":""NORTH/CENTRAL PROCUREMENT"",""ORIG_PUB_DT"":1590732000000,""PRCU_ID"":""936402"",""PRO_ONLN_RESP_FL"":true,""PUB_BID_OP_DT_TM"":"""",""PUB_DT"":1592287200000,""RQSTR_OFC"":""-"",""RQSTR_PH_EXT"":"""",""RQSTR_PH_NO"":""303-866-7430"",""SO_CAT_CD"":"""",""SO_CLSNG_DT"":1592521200000,""SO_CLSNG_DT_TM"":1592521200000,""SO_CLSNG_TM"":-2208902400000,""SO_STA"":""A"",""SO_TIME_LEFT"":""-192662773000"",""SRCH_DOC_ID"":""DQ1-IHJA-2020000718-4"",""ST"":""CO"",""TM_TO_CLSNG"":""Expired"",""ZIP"":""80203""},""intent_line"":{},""service_line"":{""ADDL_HNDL_INFO"":"""",""ADV_ROW_ID"":""kCKBesRMRt24gDgw"",""ADV_ROW_KEY"":""777490950"",""ADV_ROW_SEL"":false,""BILL_ADD_1"":"""",""BILL_ADD_2"":"""",""BILL_ATTN"":"""",""BILL_CITY"":"""",""BILL_CTRY"":"""",""BILL_LOC_NM"":"""",""BILL_ST"":"""",""BILL_ZIP"":"""",""CLR"":"""",""CNTRC_AM"":""$100,000.00"",""COMM_CD"":""95262"",""COMM_DSCR"":""Mental Health Services: Vocational, Residential, Etc."",""COMM_SPECS"":"""",""CTLG_NM"":"""",""DET_INST"":"""",""DLLR_CAP_1"":"""",""DLLR_CAP_2"":"""",""DLLR_CAP_3"":"""",""DLLR_CAP_4"":"""",""DLLR_CAP_5"":"""",""DLVR_DT"":"""",""DOC_COMMGP_LN_NO"":""1"",""DOC_COMMLN_LN_NO"":""3"",""DRWNG_NO"":"""",""EFBGN_DT"":"""",""EFEND_DT"":"""",""EXT_DSCR"":""WEB-BASED TRAINING MODULE - INTERPRETATION W/IN MENTAL HLTH"",""HAZ_MAT"":"""",""LN_TYP"":""2"",""MANFR_NM"":"""",""MANFR_PART_NO"":"""",""MDL_NO"":"""",""MSDS_FL"":false,""PIECE_NO"":"""",""PKG_INST"":"""",""PREF_CD_1"":"""",""PREF_CD_2"":"""",""PREF_CD_3"":"""",""PREF_CD_4"":"""",""PREF_CD_5"":"""",""PROD_CAT_NO"":"""",""QTY"":"""",""SER_NO"":"""",""SHIP_ADD_1"":"""",""SHIP_ADD_2"":"""",""SHIP_ATTN"":"""",""SHIP_CITY"":"""",""SHIP_CTRY"":"""",""SHIP_LOC_NM"":"""",""SHIP_ST"":"""",""SHIP_ZIP"":"""",""SPEC_HNDL_INST"":"""",""SPFN_NO"":"""",""SVC_END_DT"":1601359200000,""SVC_STRT_DT"":1590732000000,""SZ"":"""",""UNIT_MEAS_CD"":"""",""UNIT_PRICE"":"""",""WGHT_FACT_1"":"""",""WGHT_FACT_2"":"""",""WGHT_FACT_3"":"""",""WGHT_FACT_4"":"""",""WGHT_FACT_5"":"""",""WTY_TYP"":""""},""source_key"":""co_vss"",""source_note"":""Official OSC/SPCO Solicitations page links this ColoradoVSS public route. The public carousel does not expose Award History, so records come from awarded solicitation detail JSON."",""source_row"":{""ADV_ROW_ID"":""cWvrz9FrLs9Ktisn"",""ADV_ROW_SEL"":false,""AMND_DT"":1592287200000,""BUYR_EMAIL_AD"":""raven.lopez@state.co.us"",""BUYR_FAX_NO"":"""",""BUYR_NM"":""Raven Lopez"",""BUYR_PH_NO"":"""",""DEPT_NM"":""CDHS - Office of Behavioral Health"",""DOC_CD"":""DQ1"",""DOC_CD_CONCAT"":""Documented Quote (DQ1)"",""DOC_DSCR"":""Web Based Training  Module"",""DOC_REF"":""[DQ1,IHJA,2020000718,4][DQ1-IHJA-2020000718-4]"",""INTENT_POSTED_DT"":1594879200000,""PUB_BID_OP_DT"":"""",""PUB_DT"":1592287200000,""QRY_SRCH_STRING"":"""",""SHOW_TXT"":"""",""SO_CAT_CD"":"""",""SO_CLSNG_DT_TM"":1592521200000,""SO_STA"":""A"",""SO_TIME_LEFT"":""-192662770000""}}",2026-07-27T20:26:14Z
co-vss-award-co-dq1-ihja-2020000718-4-the-regis-company-llc-2-da926a68f035,CO,ColoradoVSS Awarded Solicitations,DQ1-IHJA-2020000718-4:2,DQ1-IHJA-2020000718-4,award,"THE REGIS COMPANY, LLC",behavioral health,CDHS - Office of Behavioral Health,DQ1-IHJA-2020000718-4,Web Based Training Module,100000,2020-07-16,2020-05-29,2020-09-29,-70,Expired/past award,VSS Awarded Solicitation (Documented Quote (DQ1); Awarded),https://prd.co.cgiadvantage.com/PRDVSS1X1/Advantage4,https://prd.co.cgiadvantage.com/PRDVSS1X1/Advantage4,behavioral health,14,"{""attachments"":[{""ADV_ROW_ID"":""PoLVOydTNeYpfOuA"",""ADV_ROW_KEY"":""0"",""ADV_ROW_SEL"":false,""OBJ_ATT_DSCR"":"""",""OBJ_ATT_DT"":1590732000000,""OBJ_ATT_NM"":""DQ1 IHJA 2020_0718 Web-Based Training Modules.pdf"",""OBJ_ATT_TYP"":""1""},{""ADV_ROW_ID"":""YEu1ry0BWDHr3kw4"",""ADV_ROW_KEY"":""0"",""ADV_ROW_SEL"":false,""OBJ_ATT_DSCR"":"""",""OBJ_ATT_DT"":1590732000000,""OBJ_ATT_NM"":""Exhibit A.pdf"",""OBJ_ATT_TYP"":""1""},{""ADV_ROW_ID"":""NMPHvsYl27iPChdD"",""ADV_ROW_KEY"":""0"",""ADV_ROW_SEL"":false,""OBJ_ATT_DSCR"":"""",""OBJ_ATT_DT"":1591855200000,""OBJ_ATT_NM"":""DQI IHJA 2020-0718 - Final Q&A.pdf"",""OBJ_ATT_TYP"":""1""},{""ADV_ROW_ID"":""nzfOefAMvZntmjMs"",""ADV_ROW_KEY"":""0"",""ADV_ROW_SEL"":false,""OBJ_ATT_DSCR"":"""",""OBJ_ATT_DT"":1592287200000,""OBJ_ATT_NM"":""DQI IHJA 2020-0718 - Final Q&A_v.2.pdf"",""OBJ_ATT_TYP"":""1""}],""award_headers"":[{""ADV_ROW_ID"":""lAbUy0c8XVmigtjq"",""ADV_ROW_KEY"":""0"",""ADV_ROW_SEL"":false,""LGL_NM"":""THE REGIS COMPANY, LLC"",""TOT_PRICE"":""$0.00""},{""ADV_ROW_ID"":""IqM8wIuzjlIfujzv"",""ADV_ROW_KEY"":""0"",""ADV_ROW_SEL"":false,""LGL_NM"":""eLearning Company, Inc."",""TOT_PRICE"":""$0.00""},{""ADV_ROW_ID"":""t0duAd8oHOogTGEF"",""ADV_ROW_KEY"":""0"",""ADV_ROW_SEL"":false,""LGL_NM"":""WORKINGKNOWLEDGE INC."",""TOT_PRICE"":""$0.00""}],""award_line"":{""ADV_ROW_ID"":""sRBAmAB5YCe3X85e"",""ADV_ROW_KEY"":""1088229263"",""ADV_ROW_SEL"":false,""AWARD_CNTRC_AM"":""$0.00"",""AWARD_DISC_PC"":""0.0000"",""AWARD_DT"":1594879200000,""AWARD_UNIT_PRICE"":""$0.00"",""DOC_COMMGP_LN_NO"":""1"",""DOC_COMMLN_LN_NO"":""2"",""EXTR_CMNT"":"""",""EXT_DSCR"":""WEB-BASED TRAINING MODULE - SCHOOL BEHAVIOR MODIFICATION"",""LGL_NM"":""THE REGIS COMPANY, LLC"",""QTY"":"""",""UNIT_MEAS_CD"":""""},""header"":{""ADDL_INFO"":"""",""ADV_ROW_ID"":""JIj9xA13OOgX344K"",""ADV_ROW_KEY"":""0"",""ADV_ROW_SEL"":false,""AD_LN_1"":""1575 Sherman Street"",""AD_LN_2"":""6th Floor"",""AMND_DT"":1592287200000,""AMND_NO"":""3"",""ATTN"":"""",""AWARD_DT"":1594879200000,""BUYR_EMAIL_AD"":""raven.lopez@state.co.us"",""BUYR_FAX_NO"":"""",""BUYR_NM"":""Raven Lopez"",""BUYR_PH_EXT"":"""",""BUYR_PH_NO"":"""",""CITY"":""DENVER"",""CTRY"":""US"",""DOC_CD"":""DQ1"",""DOC_DEPT_CD"":""IHJA"",""DOC_DSCR"":""Web Based Training  Module"",""DOC_ID"":""2020000718"",""DOC_VERS_NO"":""4"",""INTENT_POSTED_DT"":"""",""ISSNG_OFC"":""-"",""ISSR_PH_EXT"":"""",""ISSR_PH_NO"":""303-866-7430"",""LOC_NM"":""NORTH/CENTRAL PROCUREMENT"",""ORIG_PUB_DT"":1590732000000,""PRCU_ID"":""936402"",""PRO_ONLN_RESP_FL"":true,""PUB_BID_OP_DT_TM"":"""",""PUB_DT"":1592287200000,""RQSTR_OFC"":""-"",""RQSTR_PH_EXT"":"""",""RQSTR_PH_NO"":""303-866-7430"",""SO_CAT_CD"":"""",""SO_CLSNG_DT"":1592521200000,""SO_CLSNG_DT_TM"":1592521200000,""SO_CLSNG_TM"":-2208902400000,""SO_STA"":""A"",""SO_TIME_LEFT"":""-192662773000"",""SRCH_DOC_ID"":""DQ1-IHJA-2020000718-4"",""ST"":""CO"",""TM_TO_CLSNG"":""Expired"",""ZIP"":""80203""},""intent_line"":{},""service_line"":{""ADDL_HNDL_INFO"":"""",""ADV_ROW_ID"":""KLrAbYCjrlAOzsyZ"",""ADV_ROW_KEY"":""-859508318"",""ADV_ROW_SEL"":false,""BILL_ADD_1"":"""",""BILL_ADD_2"":"""",""BILL_ATTN"":"""",""BILL_CITY"":"""",""BILL_CTRY"":"""",""BILL_LOC_NM"":"""",""BILL_ST"":"""",""BILL_ZIP"":"""",""CLR"":"""",""CNTRC_AM"":""$100,000.00"",""COMM_CD"":""95262"",""COMM_DSCR"":""Mental Health Services: Vocational, Residential, Etc."",""COMM_SPECS"":"""",""CTLG_NM"":"""",""DET_INST"":"""",""DLLR_CAP_1"":"""",""DLLR_CAP_2"":"""",""DLLR_CAP_3"":"""",""DLLR_CAP_4"":"""",""DLLR_CAP_5"":"""",""DLVR_DT"":"""",""DOC_COMMGP_LN_NO"":""1"",""DOC_COMMLN_LN_NO"":""2"",""DRWNG_NO"":"""",""EFBGN_DT"":"""",""EFEND_DT"":"""",""EXT_DSCR"":""WEB-BASED TRAINING MODULE - SCHOOL BEHAVIOR MODIFICATION"",""HAZ_MAT"":"""",""LN_TYP"":""2"",""MANFR_NM"":"""",""MANFR_PART_NO"":"""",""MDL_NO"":"""",""MSDS_FL"":false,""PIECE_NO"":"""",""PKG_INST"":"""",""PREF_CD_1"":"""",""PREF_CD_2"":"""",""PREF_CD_3"":"""",""PREF_CD_4"":"""",""PREF_CD_5"":"""",""PROD_CAT_NO"":"""",""QTY"":"""",""SER_NO"":"""",""SHIP_ADD_1"":"""",""SHIP_ADD_2"":"""",""SHIP_ATTN"":"""",""SHIP_CITY"":"""",""SHIP_CTRY"":"""",""SHIP_LOC_NM"":"""",""SHIP_ST"":"""",""SHIP_ZIP"":"""",""SPEC_HNDL_INST"":"""",""SPFN_NO"":"""",""SVC_END_DT"":1601359200000,""SVC_STRT_DT"":1590732000000,""SZ"":"""",""UNIT_MEAS_CD"":"""",""UNIT_PRICE"":"""",""WGHT_FACT_1"":"""",""WGHT_FACT_2"":"""",""WGHT_FACT_3"":"""",""WGHT_FACT_4"":"""",""WGHT_FACT_5"":"""",""WTY_TYP"":""""},""source_key"":""co_vss"",""source_note"":""Official OSC/SPCO Solicitations page links this ColoradoVSS public route. The public carousel does not expose Award History, so records come from awarded solicitation detail JSON."",""source_row"":{""ADV_ROW_ID"":""cWvrz9FrLs9Ktisn"",""ADV_ROW_SEL"":false,""AMND_DT"":1592287200000,""BUYR_EMAIL_AD"":""raven.lopez@state.co.us"",""BUYR_FAX_NO"":"""",""BUYR_NM"":""Raven Lopez"",""BUYR_PH_NO"":"""",""DEPT_NM"":""CDHS - Office of Behavioral Health"",""DOC_CD"":""DQ1"",""DOC_CD_CONCAT"":""Documented Quote (DQ1)"",""DOC_DSCR"":""Web Based Training  Module"",""DOC_REF"":""[DQ1,IHJA,2020000718,4][DQ1-IHJA-2020000718-4]"",""INTENT_POSTED_DT"":1594879200000,""PUB_BID_OP_DT"":"""",""PUB_DT"":1592287200000,""QRY_SRCH_STRING"":"""",""SHOW_TXT"":"""",""SO_CAT_CD"":"""",""SO_CLSNG_DT_TM"":1592521200000,""SO_STA"":""A"",""SO_TIME_LEFT"":""-192662770000""}}",2026-07-27T20:26:14Z
nj-bso-contract-nj-nj-njstart-25-pros1-129290-health-management-systems-inc-third-party-liability-recovery-services-0018050f6ca4,NJ,NJSTART Active Contracts,25-PROS1-129290,25-PROS1-129290,parent_contract,"Health Management Systems Inc., THIRD PARTY LIABILITY RECOVERY SERVICES",Health Management,Division of Purchase and Property,25-PROS1-129290,T1836 - Third Party Liability Recovery Services,0,,2026-03-01,2031-02-28,55,Longer-term contract,RFP/SC-SBE,https://www.njstart.gov/bso/external/purchaseorder/poSummary.sda?docId=25-PROS1-129290&releaseNbr=0&external=true&parentUrl=close,https://www.njstart.gov/bso/view/search/external/advancedSearchContractBlanket.xhtml?view=activeContracts,,12,"{""begin_date"":""03/01/2026"",""bid_solicitation_number"":""24DPP00979"",""contract_number"":""25-PROS1-129290"",""description"":""T1836 - Third Party Liability Recovery Services"",""dollars_spent_to_date"":""$0.00"",""end_date"":""02/28/2031"",""organization"":""Division of Purchase and Property"",""source_key"":""nj_njstart"",""source_note"":""Public BSO active-contracts JSF route; searches current contract/blanket records, not open bids."",""status"":""3PS - Sent"",""type_code"":""RFP/SC-SBE"",""vendor"":""Health Management Systems Inc., THIRD PARTY LIABILITY RECOVERY SERVICES""}",2026-07-27T20:01:24Z
co-vss-award-co-dq1-ihia-2021000528-2-people-productions-video-services-1-716fa82a2f41,CO,ColoradoVSS Awarded Solicitations,DQ1-IHIA-2021000528-2:1,DQ1-IHIA-2021000528-2,award,PEOPLE PRODUCTIONS VIDEO SERVICES,telehealth,CDHS - Office of Early Childhood,DQ1-IHIA-2021000528-2,Telehealth Curriculum to Support Early Childhood Consultants,52920,2021-04-22,2021-04-09,2021-12-30,-55,Expired/past award,VSS Awarded Solicitation (Documented Quote (DQ1); Awarded),https://prd.co.cgiadvantage.com/PRDVSS1X1/Advantage4,https://prd.co.cgiadvantage.com/PRDVSS1X1/Advantage4,telehealth,8,"{""attachments"":[{""ADV_ROW_ID"":""DONc3NrRppIg2l3a"",""ADV_ROW_KEY"":""0"",""ADV_ROW_SEL"":false,""OBJ_ATT_DSCR"":"""",""OBJ_ATT_DT"":1616652000000,""OBJ_ATT_NM"":""DQ1 IHIA 2021000528 Telehealth Curriculum to Support Early Childhood Consultative Roles.pdf"",""OBJ_ATT_TYP"":""1""},{""ADV_ROW_ID"":""j3YxEIDkUeTd7p1T"",""ADV_ROW_KEY"":""0"",""ADV_ROW_SEL"":false,""OBJ_ATT_DSCR"":"""",""OBJ_ATT_DT"":1616652000000,""OBJ_ATT_NM"":""Exhibit A - Vendor Statement of Work & Budget Template.pdf"",""OBJ_ATT_TYP"":""1""},{""ADV_ROW_ID"":""mvTsxwkOdtcSNmxY"",""ADV_ROW_KEY"":""0"",""ADV_ROW_SEL"":false,""OBJ_ATT_DSCR"":"""",""OBJ_ATT_DT"":1616652000000,""OBJ_ATT_NM"":""Exhibit B - Vendor Contact Information Sheet.pdf"",""OBJ_ATT_TYP"":""1""},{""ADV_ROW_ID"":""nq8LQmXH6yOxkVdG"",""ADV_ROW_KEY"":""0"",""ADV_ROW_SEL"":false,""OBJ_ATT_DSCR"":"""",""OBJ_ATT_DT"":1616652000000,""OBJ_ATT_NM"":""Exhibit C - Additional Provisions.pdf"",""OBJ_ATT_TYP"":""1""},{""ADV_ROW_ID"":""LJdhkncsZpAS3HSr"",""ADV_ROW_KEY"":""0"",""ADV_ROW_SEL"":false,""OBJ_ATT_DSCR"":"""",""OBJ_ATT_DT"":1616652000000,""OBJ_ATT_NM"":""Exhibit D - HIPAA Business Associate Agreement (BAA).pdf"",""OBJ_ATT_TYP"":""1""},{""ADV_ROW_ID"":""DTOca1irq5x7MGF4"",""ADV_ROW_KEY"":""0"",""ADV_ROW_SEL"":false,""OBJ_ATT_DSCR"":"""",""OBJ_ATT_DT"":1617084000000,""OBJ_ATT_NM"":""DQ1 IHJA 2021000528 Amendment #01.pdf"",""OBJ_ATT_TYP"":""1""}],""award_headers"":[{""ADV_ROW_ID"":""6Ml7AohhhLxzBO35"",""ADV_ROW_KEY"":""0"",""ADV_ROW_SEL"":false,""LGL_NM"":""PEOPLE PRODUCTIONS VIDEO SERVICES"",""TOT_PRICE"":""$0.00""}],""award_line"":{""ADV_ROW_ID"":""Q1xClStLiHwrXAlY"",""ADV_ROW_KEY"":""508425584"",""ADV_ROW_SEL"":false,""AWARD_CNTRC_AM"":""$52,920.00"",""AWARD_DISC_PC"":""0.0000"",""AWARD_DT"":1619071200000,""AWARD_UNIT_PRICE"":""$0.00"",""DOC_COMMGP_LN_NO"":""1"",""DOC_COMMLN_LN_NO"":""1"",""EXTR_CMNT"":"""",""EXT_DSCR"":""THE COLORADO DEPARTMENT OF HUMAN SERVICES (CDHS), OFFICE OF EARLY CHILDHOOD (OEC), SEEKS A VENDOR THAT WILL DESIGN, REVISE, AND DELIVER 4-5 MODULES OF TELEHEALTH SPECIFIC E-LEARNING PROGRAMMING TAILORED TO EARLY CHILDHOOD CONSULTATIVE ROLES TO THE OFFICE OF EARLY CHILDHOOD THAT WILL BE SUBMITTED BY THURSDAY, DECEMBER 30, 2021."",""LGL_NM"":""PEOPLE PRODUCTIONS VIDEO SERVICES"",""QTY"":"""",""UNIT_MEAS_CD"":""""},""header"":{""ADDL_INFO"":"""",""ADV_ROW_ID"":""kPESwKY7HMAS6WL5"",""ADV_ROW_KEY"":""0"",""ADV_ROW_SEL"":false,""AD_LN_1"":""1575 Sherman Street"",""AD_LN_2"":""6th Floor"",""AMND_DT"":1617084000000,""AMND_NO"":""1"",""ATTN"":"""",""AWARD_DT"":1619071200000,""BUYR_EMAIL_AD"":""raven.lopez@state.co.us"",""BUYR_FAX_NO"":"""",""BUYR_NM"":""Raven Lopez"",""BUYR_PH_EXT"":"""",""BUYR_PH_NO"":"""",""CITY"":""DENVER"",""CTRY"":""US"",""DOC_CD"":""DQ1"",""DOC_DEPT_CD"":""IHIA"",""DOC_DSCR"":""Telehealth Curriculum to Support Early Childhood Consultants"",""DOC_ID"":""2021000528"",""DOC_VERS_NO"":""2"",""INTENT_POSTED_DT"":"""",""ISSNG_OFC"":""Barreras"",""ISSR_PH_EXT"":"""",""ISSR_PH_NO"":""303-866-6087"",""LOC_NM"":""NORTH/CENTRAL PROCUREMENT"",""ORIG_PUB_DT"":1616652000000,""PRCU_ID"":""1061702"",""PRO_ONLN_RESP_FL"":false,""PUB_BID_OP_DT_TM"":"""",""PUB_DT"":1617084000000,""RQSTR_OFC"":""Barreras"",""RQSTR_PH_EXT"":"""",""RQSTR_PH_NO"":""303.866.6087"",""SO_CAT_CD"":"""",""SO_CLSNG_DT"":1617318000000,""SO_CLSNG_DT_TM"":1617318000000,""SO_CLSNG_TM"":-2208902400000,""SO_STA"":""A"",""SO_TIME_LEFT"":""-167865967000"",""SRCH_DOC_ID"":""DQ1-IHIA-2021000528-2"",""ST"":""CO"",""TM_TO_CLSNG"":""Expired"",""ZIP"":""80203""},""intent_line"":{},""service_line"":{""ADDL_HNDL_INFO"":"""",""ADV_ROW_ID"":""sKwZo8YAOJY7e7B3"",""ADV_ROW_KEY"":""1158974871"",""ADV_ROW_SEL"":false,""BILL_ADD_1"":""1575 SHERMAN STREET, 6TH FLOOR"",""BILL_ADD_2"":"""",""BILL_ATTN"":"""",""BILL_CITY"":""DENVER"",""BILL_CTRY"":""US"",""BILL_LOC_NM"":""ACCOUNTING"",""BILL_ST"":""CO"",""BILL_ZIP"":""80203-1714"",""CLR"":"""",""CNTRC_AM"":""$53,000.00"",""COMM_CD"":""91800"",""COMM_DSCR"":""CONSULTING SERVICES"",""COMM_SPECS"":"""",""CTLG_NM"":"""",""DET_INST"":"""",""DLLR_CAP_1"":"""",""DLLR_CAP_2"":"""",""DLLR_CAP_3"":"""",""DLLR_CAP_4"":"""",""DLLR_CAP_5"":"""",""DLVR_DT"":"""",""DOC_COMMGP_LN_NO"":""1"",""DOC_COMMLN_LN_NO"":""1"",""DRWNG_NO"":"""",""EFBGN_DT"":"""",""EFEND_DT"":"""",""EXT_DSCR"":""THE COLORADO DEPARTMENT OF HUMAN SERVICES (CDHS), OFFICE OF EARLY CHILDHOOD (OEC), SEEKS A VENDOR THAT WILL DESIGN, REVISE, AND DELIVER 4-5 MODULES OF TELEHEALTH SPECIFIC E-LEARNING PROGRAMMING TAILORED TO EARLY CHILDHOOD CONSULTATIVE ROLES TO THE OFFICE OF EARLY CHILDHOOD THAT WILL BE SUBMITTED BY THURSDAY, DECEMBER 30, 2021."",""HAZ_MAT"":"""",""LN_TYP"":""2"",""MANFR_NM"":"""",""MANFR_PART_NO"":"""",""MDL_NO"":"""",""MSDS_FL"":false,""PIECE_NO"":"""",""PKG_INST"":"""",""PREF_CD_1"":"""",""PREF_CD_2"":"""",""PREF_CD_3"":"""",""PREF_CD_4"":"""",""PREF_CD_5"":"""",""PROD_CAT_NO"":"""",""QTY"":"""",""SER_NO"":"""",""SHIP_ADD_1"":""1575 SHERMAN ST.  1st FL."",""SHIP_ADD_2"":"""",""SHIP_ATTN"":"""",""SHIP_CITY"":""DENVER"",""SHIP_CTRY"":""US"",""SHIP_LOC_NM"":""Early Childhood"",""SHIP_ST"":""CO"",""SHIP_ZIP"":""80203"",""SPEC_HNDL_INST"":"""",""SPFN_NO"":"""",""SVC_END_DT"":1640847600000,""SVC_STRT_DT"":1617948000000,""SZ"":"""",""UNIT_MEAS_CD"":"""",""UNIT_PRICE"":"""",""WGHT_FACT_1"":"""",""WGHT_FACT_2"":"""",""WGHT_FACT_3"":"""",""WGHT_FACT_4"":"""",""WGHT_FACT_5"":"""",""WTY_TYP"":""""},""source_key"":""co_vss"",""source_note"":""Official OSC/SPCO Solicitations page links this ColoradoVSS public route. The public carousel does not expose Award History, so records come from awarded solicitation detail JSON."",""source_row"":{""ADV_ROW_ID"":""GMvJUulk0...",2026-07-27T20:26:07Z
co-vss-award-co-dq1-ihja-2020000718-4-the-regis-company-llc-3-11fe4d9bdf4b,CO,ColoradoVSS Awarded Solicitations,DQ1-IHJA-2020000718-4:3,DQ1-IHJA-2020000718-4,award,"THE REGIS COMPANY, LLC",behavioral health,CDHS - Office of Behavioral Health,DQ1-IHJA-2020000718-4,Web Based Training Module,75000,2020-07-16,2020-05-29,2020-09-29,-70,Expired/past award,VSS Awarded Solicitation (Documented Quote (DQ1); Awarded),https://prd.co.cgiadvantage.com/PRDVSS1X1/Advantage4,https://prd.co.cgiadvantage.com/PRDVSS1X1/Advantage4,behavioral health,8,"{""attachments"":[{""ADV_ROW_ID"":""PoLVOydTNeYpfOuA"",""ADV_ROW_KEY"":""0"",""ADV_ROW_SEL"":false,""OBJ_ATT_DSCR"":"""",""OBJ_ATT_DT"":1590732000000,""OBJ_ATT_NM"":""DQ1 IHJA 2020_0718 Web-Based Training Modules.pdf"",""OBJ_ATT_TYP"":""1""},{""ADV_ROW_ID"":""YEu1ry0BWDHr3kw4"",""ADV_ROW_KEY"":""0"",""ADV_ROW_SEL"":false,""OBJ_ATT_DSCR"":"""",""OBJ_ATT_DT"":1590732000000,""OBJ_ATT_NM"":""Exhibit A.pdf"",""OBJ_ATT_TYP"":""1""},{""ADV_ROW_ID"":""NMPHvsYl27iPChdD"",""ADV_ROW_KEY"":""0"",""ADV_ROW_SEL"":false,""OBJ_ATT_DSCR"":"""",""OBJ_ATT_DT"":1591855200000,""OBJ_ATT_NM"":""DQI IHJA 2020-0718 - Final Q&A.pdf"",""OBJ_ATT_TYP"":""1""},{""ADV_ROW_ID"":""nzfOefAMvZntmjMs"",""ADV_ROW_KEY"":""0"",""ADV_ROW_SEL"":false,""OBJ_ATT_DSCR"":"""",""OBJ_ATT_DT"":1592287200000,""OBJ_ATT_NM"":""DQI IHJA 2020-0718 - Final Q&A_v.2.pdf"",""OBJ_ATT_TYP"":""1""}],""award_headers"":[{""ADV_ROW_ID"":""lAbUy0c8XVmigtjq"",""ADV_ROW_KEY"":""0"",""ADV_ROW_SEL"":false,""LGL_NM"":""THE REGIS COMPANY, LLC"",""TOT_PRICE"":""$0.00""},{""ADV_ROW_ID"":""IqM8wIuzjlIfujzv"",""ADV_ROW_KEY"":""0"",""ADV_ROW_SEL"":false,""LGL_NM"":""eLearning Company, Inc."",""TOT_PRICE"":""$0.00""},{""ADV_ROW_ID"":""t0duAd8oHOogTGEF"",""ADV_ROW_KEY"":""0"",""ADV_ROW_SEL"":false,""LGL_NM"":""WORKINGKNOWLEDGE INC."",""TOT_PRICE"":""$0.00""}],""award_line"":{""ADV_ROW_ID"":""un6QFsuNrhcY9HFa"",""ADV_ROW_KEY"":""987418959"",""ADV_ROW_SEL"":false,""AWARD_CNTRC_AM"":""$75,000.00"",""AWARD_DISC_PC"":""0.0000"",""AWARD_DT"":1594879200000,""AWARD_UNIT_PRICE"":""$0.00"",""DOC_COMMGP_LN_NO"":""1"",""DOC_COMMLN_LN_NO"":""3"",""EXTR_CMNT"":"""",""EXT_DSCR"":""WEB-BASED TRAINING MODULE - INTERPRETATION W/IN MENTAL HLTH"",""LGL_NM"":""THE REGIS COMPANY, LLC"",""QTY"":"""",""UNIT_MEAS_CD"":""""},""header"":{""ADDL_INFO"":"""",""ADV_ROW_ID"":""JIj9xA13OOgX344K"",""ADV_ROW_KEY"":""0"",""ADV_ROW_SEL"":false,""AD_LN_1"":""1575 Sherman Street"",""AD_LN_2"":""6th Floor"",""AMND_DT"":1592287200000,""AMND_NO"":""3"",""ATTN"":"""",""AWARD_DT"":1594879200000,""BUYR_EMAIL_AD"":""raven.lopez@state.co.us"",""BUYR_FAX_NO"":"""",""BUYR_NM"":""Raven Lopez"",""BUYR_PH_EXT"":"""",""BUYR_PH_NO"":"""",""CITY"":""DENVER"",""CTRY"":""US"",""DOC_CD"":""DQ1"",""DOC_DEPT_CD"":""IHJA"",""DOC_DSCR"":""Web Based Training  Module"",""DOC_ID"":""2020000718"",""DOC_VERS_NO"":""4"",""INTENT_POSTED_DT"":"""",""ISSNG_OFC"":""-"",""ISSR_PH_EXT"":"""",""ISSR_PH_NO"":""303-866-7430"",""LOC_NM"":""NORTH/CENTRAL PROCUREMENT"",""ORIG_PUB_DT"":1590732000000,""PRCU_ID"":""936402"",""PRO_ONLN_RESP_FL"":true,""PUB_BID_OP_DT_TM"":"""",""PUB_DT"":1592287200000,""RQSTR_OFC"":""-"",""RQSTR_PH_EXT"":"""",""RQSTR_PH_NO"":""303-866-7430"",""SO_CAT_CD"":"""",""SO_CLSNG_DT"":1592521200000,""SO_CLSNG_DT_TM"":1592521200000,""SO_CLSNG_TM"":-2208902400000,""SO_STA"":""A"",""SO_TIME_LEFT"":""-192662773000"",""SRCH_DOC_ID"":""DQ1-IHJA-2020000718-4"",""ST"":""CO"",""TM_TO_CLSNG"":""Expired"",""ZIP"":""80203""},""intent_line"":{},""service_line"":{""ADDL_HNDL_INFO"":"""",""ADV_ROW_ID"":""kCKBesRMRt24gDgw"",""ADV_ROW_KEY"":""777490950"",""ADV_ROW_SEL"":false,""BILL_ADD_1"":"""",""BILL_ADD_2"":"""",""BILL_ATTN"":"""",""BILL_CITY"":"""",""BILL_CTRY"":"""",""BILL_LOC_NM"":"""",""BILL_ST"":"""",""BILL_ZIP"":"""",""CLR"":"""",""CNTRC_AM"":""$100,000.00"",""COMM_CD"":""95262"",""COMM_DSCR"":""Mental Health Services: Vocational, Residential, Etc."",""COMM_SPECS"":"""",""CTLG_NM"":"""",""DET_INST"":"""",""DLLR_CAP_1"":"""",""DLLR_CAP_2"":"""",""DLLR_CAP_3"":"""",""DLLR_CAP_4"":"""",""DLLR_CAP_5"":"""",""DLVR_DT"":"""",""DOC_COMMGP_LN_NO"":""1"",""DOC_COMMLN_LN_NO"":""3"",""DRWNG_NO"":"""",""EFBGN_DT"":"""",""EFEND_DT"":"""",""EXT_DSCR"":""WEB-BASED TRAINING MODULE - INTERPRETATION W/IN MENTAL HLTH"",""HAZ_MAT"":"""",""LN_TYP"":""2"",""MANFR_NM"":"""",""MANFR_PART_NO"":"""",""MDL_NO"":"""",""MSDS_FL"":false,""PIECE_NO"":"""",""PKG_INST"":"""",""PREF_CD_1"":"""",""PREF_CD_2"":"""",""PREF_CD_3"":"""",""PREF_CD_4"":"""",""PREF_CD_5"":"""",""PROD_CAT_NO"":"""",""QTY"":"""",""SER_NO"":"""",""SHIP_ADD_1"":"""",""SHIP_ADD_2"":"""",""SHIP_ATTN"":"""",""SHIP_CITY"":"""",""SHIP_CTRY"":"""",""SHIP_LOC_NM"":"""",""SHIP_ST"":"""",""SHIP_ZIP"":"""",""SPEC_HNDL_INST"":"""",""SPFN_NO"":"""",""SVC_END_DT"":1601359200000,""SVC_STRT_DT"":1590732000000,""SZ"":"""",""UNIT_MEAS_CD"":"""",""UNIT_PRICE"":"""",""WGHT_FACT_1"":"""",""WGHT_FACT_2"":"""",""WGHT_FACT_3"":"""",""WGHT_FACT_4"":"""",""WGHT_FACT_5"":"""",""WTY_TYP"":""""},""source_key"":""co_vss"",""source_note"":""Official OSC/SPCO Solicitations page links this ColoradoVSS public route. The public carousel does not expose Award History, so records come from awarded solicitation detail JSON."",""source_row"":{""ADV_ROW_ID"":""cWvrz9FrLs9Ktisn"",""ADV_ROW_SEL"":false,""AMND_DT"":1592287200000,""BUYR_EMAIL_AD"":""raven.lopez@state.co.us"",""BUYR_FAX_NO"":"""",""BUYR_NM"":""Raven Lopez"",""BUYR_PH_NO"":"""",""DEPT_NM"":""CDHS - Office of Behavioral Health"",""DOC_CD"":""DQ1"",""DOC_CD_CONCAT"":""Documented Quote (DQ1)"",""DOC_DSCR"":""Web Based Training  Module"",""DOC_REF"":""[DQ1,IHJA,2020000718,4][DQ1-IHJA-2020000718-4]"",""INTENT_POSTED_DT"":1594879200000,""PUB_BID_OP_DT"":"""",""PUB_DT"":1592287200000,""QRY_SRCH_STRING"":"""",""SHOW_TXT"":"""",""SO_CAT_CD"":"""",""SO_CLSNG_DT_TM"":1592521200000,""SO_STA"":""A"",""SO_TIME_LEFT"":""-192662770000""}}",2026-07-27T20:26:14Z
co-vss-award-co-npss1-faaa-2016000195-1-cochenour-consulting-1-8bbbf4028ab5,CO,ColoradoVSS Awarded Solicitations,NPSS1-FAAA-2016000195-1:1,NPSS1-FAAA-2016000195-1,award,COCHENOUR CONSULTING,workforce,CDPHE - Department of Public Health and Environment,NPSS1-FAAA-2016000195-1,Health Professionals Workforce Database update,43272,2016-05-31,2016-04-18,2017-06-30,-109,Expired/past award,VSS Awarded Solicitation (Sole Source (NPSS1); Awarded),https://prd.co.cgiadvantage.com/PRDVSS1X1/Advantage4,https://prd.co.cgiadvantage.com/PRDVSS1X1/Advantage4,workforce,8,"{""attachments"":[{""ADV_ROW_ID"":""Qs6vXEBegAlVxGbr"",""ADV_ROW_KEY"":""0"",""ADV_ROW_SEL"":false,""OBJ_ATT_DSCR"":"""",""OBJ_ATT_DT"":1460095200000,""OBJ_ATT_NM"":""Draft_SOW (1).pdf"",""OBJ_ATT_TYP"":""1""},{""ADV_ROW_ID"":""DAurUkbcQo6BeSp8"",""ADV_ROW_KEY"":""0"",""ADV_ROW_SEL"":false,""OBJ_ATT_DSCR"":"""",""OBJ_ATT_DT"":1460095200000,""OBJ_ATT_NM"":""CCI_Tec Sole Source with Signature_Updated 4_6_2016 (1) (2).pdf"",""OBJ_ATT_TYP"":""1""}],""award_headers"":[{""ADV_ROW_ID"":""9JxFGL2WXLHHmVaj"",""ADV_ROW_KEY"":""0"",""ADV_ROW_SEL"":false,""LGL_NM"":""COCHENOUR CONSULTING"",""TOT_PRICE"":""$0.00""}],""award_line"":{""ADV_ROW_ID"":""fswQF773Wm6JNh6K"",""ADV_ROW_KEY"":""120028447"",""ADV_ROW_SEL"":false,""AWARD_CNTRC_AM"":""$43,272.00"",""AWARD_DISC_PC"":""0.0000"",""AWARD_DT"":1464674400000,""AWARD_UNIT_PRICE"":""$0.00"",""DOC_COMMGP_LN_NO"":""1"",""DOC_COMMLN_LN_NO"":""1"",""EXTR_CMNT"":"""",""EXT_DSCR"":""WORKFORCE DATABASE UPDATE"",""LGL_NM"":""COCHENOUR CONSULTING"",""QTY"":"""",""UNIT_MEAS_CD"":""""},""header"":{""ADDL_INFO"":""The State intends to award a Sole Source to COCHENOUR CONSULTING per the description of services posted with this notice. Contact Sam Fuller at sam.fuller@state.co.us with comments or objections. If responding via email, clearly identify your subject line with the following header: NPSS1 FAAA 2016000195. If no comments or objections are received in response to this Notice, the CDPHE intends to do business withCOCHENOUR CONSULTING as a Sole Source vendor for this project."",""ADV_ROW_ID"":""Dp7MYNf5yT81tW52"",""ADV_ROW_KEY"":""0"",""ADV_ROW_SEL"":false,""AD_LN_1"":""4300 CHERRY CREEK DRIVE SOUTH"",""AD_LN_2"":"""",""AMND_DT"":"""",""AMND_NO"":"""",""ATTN"":""Purchasing Dept"",""AWARD_DT"":1464674400000,""BUYR_EMAIL_AD"":""lisa.mcgovern@state.co.us"",""BUYR_FAX_NO"":"""",""BUYR_NM"":""Lisa McGovern"",""BUYR_PH_EXT"":"""",""BUYR_PH_NO"":"""",""CITY"":""DENVER"",""CTRY"":""US"",""DOC_CD"":""NPSS1"",""DOC_DEPT_CD"":""FAAA"",""DOC_DSCR"":""Health Professionals Workforce Database update"",""DOC_ID"":""2016000195"",""DOC_VERS_NO"":""1"",""INTENT_POSTED_DT"":"""",""ISSNG_OFC"":""-"",""ISSR_PH_EXT"":"""",""ISSR_PH_NO"":""303-692-6271"",""LOC_NM"":""BUILDING OPERATIONS B-1"",""ORIG_PUB_DT"":1460440800000,""PRCU_ID"":""289818"",""PRO_ONLN_RESP_FL"":true,""PUB_BID_OP_DT_TM"":"""",""PUB_DT"":1460440800000,""RQSTR_OFC"":""-"",""RQSTR_PH_EXT"":"""",""RQSTR_PH_NO"":""303-692-6271"",""SO_CAT_CD"":"""",""SO_CLSNG_DT"":1460761200000,""SO_CLSNG_DT_TM"":1460761200000,""SO_CLSNG_TM"":-2208902400000,""SO_STA"":""A"",""SO_TIME_LEFT"":""-324422797000"",""SRCH_DOC_ID"":""NPSS1-FAAA-2016000195-1"",""ST"":""CO"",""TM_TO_CLSNG"":""Expired"",""ZIP"":""80246-1530""},""intent_line"":{},""service_line"":{""ADDL_HNDL_INFO"":"""",""ADV_ROW_ID"":""3rmBFSePnWusQYVV"",""ADV_ROW_KEY"":""524011239"",""ADV_ROW_SEL"":false,""BILL_ADD_1"":""4300 CHERRY CREEK DRIVE SOUTH"",""BILL_ADD_2"":"""",""BILL_ATTN"":"""",""BILL_CITY"":""DENVER"",""BILL_CTRY"":""US"",""BILL_LOC_NM"":""HEALTH PROM-ADMIN-HPDP-ADM-A5"",""BILL_ST"":""CO"",""BILL_ZIP"":""80246-1530"",""CLR"":"""",""CNTRC_AM"":""$150,000.00"",""COMM_CD"":""92000"",""COMM_DSCR"":""DATA PROCESSING, COMPUTER, PROGRAMMING, AND SOFTWARE SERVICE"",""COMM_SPECS"":"""",""CTLG_NM"":"""",""DET_INST"":"""",""DLLR_CAP_1"":"""",""DLLR_CAP_2"":"""",""DLLR_CAP_3"":"""",""DLLR_CAP_4"":"""",""DLLR_CAP_5"":"""",""DLVR_DT"":"""",""DOC_COMMGP_LN_NO"":""1"",""DOC_COMMLN_LN_NO"":""1"",""DRWNG_NO"":"""",""EFBGN_DT"":"""",""EFEND_DT"":"""",""EXT_DSCR"":""WORKFORCE DATABASE UPDATE"",""HAZ_MAT"":"""",""LN_TYP"":""2"",""MANFR_NM"":"""",""MANFR_PART_NO"":"""",""MDL_NO"":"""",""MSDS_FL"":false,""PIECE_NO"":"""",""PKG_INST"":"""",""PREF_CD_1"":"""",""PREF_CD_2"":"""",""PREF_CD_3"":"""",""PREF_CD_4"":"""",""PREF_CD_5"":"""",""PROD_CAT_NO"":"""",""QTY"":"""",""SER_NO"":"""",""SHIP_ADD_1"":""4300 CHERRY CREEK DRIVE SOUTH"",""SHIP_ADD_2"":"""",""SHIP_ATTN"":"""",""SHIP_CITY"":""DENVER"",""SHIP_CTRY"":""US"",""SHIP_LOC_NM"":""HEALTH PROM-ADMIN-HPDP-ADM-A5"",""SHIP_ST"":""CO"",""SHIP_ZIP"":""80246-1530"",""SPEC_HNDL_INST"":"""",""SPFN_NO"":"""",""SVC_END_DT"":1498802400000,""SVC_STRT_DT"":1460959200000,""SZ"":"""",""UNIT_MEAS_CD"":"""",""UNIT_PRICE"":"""",""WGHT_FACT_1"":"""",""WGHT_FACT_2"":"""",""WGHT_FACT_3"":"""",""WGHT_FACT_4"":"""",""WGHT_FACT_5"":"""",""WTY_TYP"":""""},""source_key"":""co_vss"",""source_note"":""Official OSC/SPCO Solicitations page links this ColoradoVSS public route. The public carousel does not expose Award History, so records come from awarded solicitation detail JSON."",""source_row"":{""ADV_ROW_ID"":""O1fMWpEvfFq1v7qE"",""ADV_ROW_SEL"":false,""AMND_DT"":"""",""BUYR_EMAIL_AD"":""lisa.mcgovern@state.co.us"",""BUYR_FAX_NO"":"""",""BUYR_NM"":""Lisa McGovern"",""BUYR_PH_NO"":"""",""DEPT_NM"":""CDPHE - Department of Public Health and Environment"",""DOC_CD"":""NPSS1"",""DOC_CD_CONCAT"":""Sole Source (NPSS1)"",""DOC_DSCR"":""Health Professionals Workforce Database update"",""DOC_REF"":""[NPSS1,FAAA,2016000195,1][NPSS1-FAAA-2016000195-1]"",""INTENT_POSTED_DT"":1461045600000,""PUB_BID_OP_DT"":"""",""PUB_DT"":1460440800000,""QRY_SRCH_STRING"":"""",""SHOW_TXT"":"""",""SO_CAT_CD"":"""",""SO_CLSNG_DT_TM"":1460761200000,""SO_STA"":""A"",""SO_TIME_LEFT"":""-324422797000""}}",2026-07-27T20:26:38Z
pa-698111,PA,PA Treasury OpenBookPA Contracts e-Library,698111,696059,amendment,GAINWELL TECHNOLOGIES LLC FKA DXC MS,Gainwell,All Using Agencies,4400027877 2023-04-04 1023,Master Information Technology (IT) Services Invitation to Qualify (ITQ) Contract,0,2023-03-21,,,,Open-ended/placeholder end date,Amendment,https://www.patreasury.gov/openbookpa/e-library/Home/ContractView?id=698111,https://www.patreasury.gov/openbookpa/e-library/,,5,"{""AgencyName"":""All Using Agencies,"",""BeginDate"":"""",""ContractAmount"":0.0,""ContractID"":698111,""ContractNumber"":""4400027877 2023-04-04 1023"",""CreatedById"":1,""CreatedOn"":""/Date(1680624096460)/"",""DeletedById"":null,""DocName"":""Amendment"",""DocTypeIdFk"":1,""EndDate"":""12/31/2099"",""ExecutionDate"":""03/21/2023"",""IsDeleted"":false,""ModifiedById"":null,""ModifiedOn"":null,""ParentID"":696059,""PartyName"":"" GAINWELL TECHNOLOGIES LLC FKA DXC MS"",""RequestDate"":null,""SubjectMatter"":""Master Information Technology (IT) Services Invitation to Qualify (ITQ) Contract"",""TotalCount"":8}",2026-07-27T20:00:25Z
pa-720297,PA,PA Treasury OpenBookPA Contracts e-Library,720297,696059,amendment,GAINWELL TECHNOLOGIES LLC FKA DXC MS,Gainwell,All Using Agencies,4400027877 2023-08-25 1013,Master Information Technology (IT) Services Invitation to Qualify (ITQ) Contract,0,2023-03-21,,,,Open-ended/placeholder end date,Amendment,https://www.patreasury.gov/openbookpa/e-library/Home/ContractView?id=720297,https://www.patreasury.gov/openbookpa/e-library/,,5,"{""AgencyName"":""All Using Agencies,"",""BeginDate"":"""",""ContractAmount"":0.0,""ContractID"":720297,""ContractNumber"":""4400027877 2023-08-25 1013"",""CreatedById"":1,""CreatedOn"":""/Date(1692979261003)/"",""DeletedById"":null,""DocName"":""Amendment"",""DocTypeIdFk"":1,""EndDate"":""12/31/2099"",""ExecutionDate"":""03/21/2023"",""IsDeleted"":false,""ModifiedById"":null,""ModifiedOn"":null,""ParentID"":696059,""PartyName"":"" GAINWELL TECHNOLOGIES LLC FKA DXC MS"",""RequestDate"":null,""SubjectMatter"":""Master Information Technology (IT) Services Invitation to Qualify (ITQ) Contract"",""TotalCount"":8}",2026-07-27T20:00:25Z
pa-731192,PA,PA Treasury OpenBookPA Contracts e-Library,731192,696059,amendment,GAINWELL TECHNOLOGIES LLC FKA DXC MS,Gainwell,All Using Agencies,4400027877 2023-10-27 1458,Master Information Technology (IT) Services Invitation to Qualify (ITQ) Contract,0,2023-03-21,,,,Open-ended/placeholder end date,Amendment,https://www.patreasury.gov/openbookpa/e-library/Home/ContractView?id=731192,https://www.patreasury.gov/openbookpa/e-library/,,5,"{""AgencyName"":""All Using Agencies,"",""BeginDate"":"""",""ContractAmount"":0.0,""ContractID"":731192,""ContractNumber"":""4400027877 2023-10-27 1458"",""CreatedById"":1,""CreatedOn"":""/Date(1698444048517)/"",""DeletedById"":null,""DocName"":""Amendment"",""DocTypeIdFk"":1,""EndDate"":""12/31/2099"",""ExecutionDate"":""03/21/2023"",""IsDeleted"":false,""ModifiedById"":null,""ModifiedOn"":null,""ParentID"":696059,""PartyName"":"" GAINWELL TECHNOLOGIES LLC FKA DXC MS"",""RequestDate"":null,""SubjectMatter"":""Master Information Technology (IT) Services Invitation to Qualify (ITQ) Contract"",""TotalCount"":8}",2026-07-27T20:00:25Z
pa-777632,PA,PA Treasury OpenBookPA Contracts e-Library,777632,696059,amendment,GAINWELL TECHNOLOGIES LLC FKA DXC MS,Gainwell,All Using Agencies,4400027877 2024-08-14 0950,Master Information Technology (IT) Services Invitation to Qualify (ITQ) Contract,0,2023-03-21,,,,Open-ended/placeholder end date,Amendment,https://www.patreasury.gov/openbookpa/e-library/Home/ContractView?id=777632,https://www.patreasury.gov/openbookpa/e-library/,,5,"{""AgencyName"":""All Using Agencies,"",""BeginDate"":"""",""ContractAmount"":0.0,""ContractID"":777632,""ContractNumber"":""4400027877 2024-08-14 0950"",""CreatedById"":1,""CreatedOn"":""/Date(1723651278590)/"",""DeletedById"":null,""DocName"":""Amendment"",""DocTypeIdFk"":1,""EndDate"":""12/31/2099"",""ExecutionDate"":""03/21/2023"",""IsDeleted"":false,""ModifiedById"":null,""ModifiedOn"":null,""ParentID"":696059,""PartyName"":"" GAINWELL TECHNOLOGIES LLC FKA DXC MS"",""RequestDate"":null,""SubjectMatter"":""Master Information Technology (IT) Services Invitation to Qualify (ITQ) Contract"",""TotalCount"":8}",2026-07-27T20:00:25Z
pa-799256,PA,PA Treasury OpenBookPA Contracts e-Library,799256,696059,amendment,GAINWELL TECHNOLOGIES LLC FKA DXC MS,Gainwell,All Using Agencies,4400027877 2024-12-30 1049,Master Information Technology (IT) Services Invitation to Qualify (ITQ) Contract,0,2023-03-21,,,,Open-ended/placeholder end date,Amendment,https://www.patreasury.gov/openbookpa/e-library/Home/ContractView?id=799256,https://www.patreasury.gov/openbookpa/e-library/,,5,"{""AgencyName"":""All Using Agencies,"",""BeginDate"":"""",""ContractAmount"":0.0,""ContractID"":799256,""ContractNumber"":""4400027877 2024-12-30 1049"",""CreatedById"":1,""CreatedOn"":""/Date(1735578088530)/"",""DeletedById"":null,""DocName"":""Amendment"",""DocTypeIdFk"":1,""EndDate"":""12/31/2099"",""ExecutionDate"":""03/21/2023"",""IsDeleted"":false,""ModifiedById"":null,""ModifiedOn"":null,""ParentID"":696059,""PartyName"":"" GAINWELL TECHNOLOGIES LLC FKA DXC MS"",""RequestDate"":null,""SubjectMatter"":""Master Information Technology (IT) Services Invitation to Qualify (ITQ) Contract"",""TotalCount"":8}",2026-07-27T20:00:25Z
pa-834455,PA,PA Treasury OpenBookPA Contracts e-Library,834455,696059,amendment,GAINWELL TECHNOLOGIES LLC FKA DXC MS,Gainwell,All Using Agencies,4400027877 2025-07-23 0947,Master Information Technology (IT) Services Invitation to Qualify (ITQ) Contract,0,2023-03-21,,,,Open-ended/placeholder end date,Amendment,https://www.patreasury.gov/openbookpa/e-library/Home/ContractView?id=834455,https://www.patreasury.gov/openbookpa/e-library/,,5,"{""AgencyName"":""All Using Agencies,"",""BeginDate"":"""",""ContractAmount"":0.0,""ContractID"":834455,""ContractNumber"":""4400027877 2025-07-23 0947"",""CreatedById"":1,""CreatedOn"":""/Date(1753286707287)/"",""DeletedById"":null,""DocName"":""Amendment"",""DocTypeIdFk"":1,""EndDate"":""12/31/2099"",""ExecutionDate"":""03/21/2023"",""IsDeleted"":false,""ModifiedById"":null,""ModifiedOn"":null,""ParentID"":696059,""PartyName"":"" GAINWELL TECHNOLOGIES LLC FKA DXC MS"",""RequestDate"":null,""SubjectMatter"":""Master Information Technology (IT) Services Invitation to Qualify (ITQ) Contract"",""TotalCount"":8}",2026-07-27T20:00:25Z
pa-565462,PA,PA Treasury OpenBookPA Contracts e-Library,565462,350389,amendment,Health Management Systems,Health Management,All Using Agencies,4400015238 2020-08-06 1522,Consulting Services ITQ,0,2015-11-06,,,,Open-ended/placeholder end date,Amendment,https://www.patreasury.gov/openbookpa/e-library/Home/ContractView?id=565462,https://www.patreasury.gov/openbookpa/e-library/,,5,"{""AgencyName"":""All Using Agencies,"",""BeginDate"":"""",""ContractAmount"":0.0,""ContractID"":565462,""ContractNumber"":""4400015238 2020-08-06 1522"",""CreatedById"":1,""CreatedOn"":""/Date(1596751267520)/"",""DeletedById"":null,""DocName"":""Amendment"",""DocTypeIdFk"":1,""EndDate"":""12/31/2099"",""ExecutionDate"":""11/06/2015"",""IsDeleted"":false,""ModifiedById"":null,""ModifiedOn"":null,""ParentID"":350389,""PartyName"":"" Health Management Systems"",""RequestDate"":null,""SubjectMatter"":""Consulting Services ITQ"",""TotalCount"":37}",2026-07-27T20:00:37Z
pa-350382,PA,PA Treasury OpenBookPA Contracts e-Library,350382,219811,amendment,Health Management Associates Inc.,Health Management,Department of General Services,4400010023 2016-04-12 0926,ITQ Consulting Services,0,2012-07-06,,,,Open-ended/placeholder end date,Amendment,https://www.patreasury.gov/openbookpa/e-library/Home/ContractView?id=350382,https://www.patreasury.gov/openbookpa/e-library/,,5,"{""AgencyName"":""Department of General Services,"",""BeginDate"":"""",""ContractAmount"":0.0,""ContractID"":350382,""ContractNumber"":""4400010023 2016-04-12 0926"",""CreatedById"":5065,""CreatedOn"":""/Date(1460467905743)/"",""DeletedById"":null,""DocName"":""Amendment"",""DocTypeIdFk"":1,""EndDate"":""12/31/2099"",""ExecutionDate"":""07/06/2012"",""IsDeleted"":false,""ModifiedById"":5065,""ModifiedOn"":""/Date(1460467905743)/"",""ParentID"":219811,""PartyName"":"" Health Management Associates Inc."",""RequestDate"":null,""SubjectMatter"":""ITQ Consulting Services"",""TotalCount"":14}",2026-07-27T20:00:40Z
pa-367415,PA,PA Treasury OpenBookPA Contracts e-Library,367415,219811,amendment,Health Management Associates Inc.,Health Management,Department of General Services,4400010023 2016-08-02 1117,ITQ Consulting Services,0,2012-07-06,,,,Open-ended/placeholder end date,Amendment,https://www.patreasury.gov/openbookpa/e-library/Home/ContractView?id=367415,https://www.patreasury.gov/openbookpa/e-library/,,5,"{""AgencyName"":""Department of General Services,"",""BeginDate"":"""",""ContractAmount"":0.0,""ContractID"":367415,""ContractNumber"":""4400010023 2016-08-02 1117"",""CreatedById"":5065,""CreatedOn"":""/Date(1470152012503)/"",""DeletedById"":null,""DocName"":""Amendment"",""DocTypeIdFk"":1,""EndDate"":""12/31/2099"",""ExecutionDate"":""07/06/2012"",""IsDeleted"":false,""ModifiedById"":5065,""ModifiedOn"":""/Date(1470152012503)/"",""ParentID"":219811,""PartyName"":"" Health Management Associates Inc."",""RequestDate"":null,""SubjectMatter"":""ITQ Consulting Services"",""TotalCount"":14}",2026-07-27T20:00:40Z
pa-368743,PA,PA Treasury OpenBookPA Contracts e-Library,368743,219811,amendment,Health Management Associates Inc.,Health Management,Department of General Services,4400010023 2016-08-10 1036,ITQ Consulting Services,0,2012-07-06,,,,Open-ended/placeholder end date,Amendment,https://www.patreasury.gov/openbookpa/e-library/Home/ContractView?id=368743,https://www.patreasury.gov/openbookpa/e-library/,,5,"{""AgencyName"":""Department of General Services,"",""BeginDate"":"""",""ContractAmount"":0.0,""ContractID"":368743,""ContractNumber"":""4400010023 2016-08-10 1036"",""CreatedById"":5065,""CreatedOn"":""/Date(1470841715947)/"",""DeletedById"":null,""DocName"":""Amendment"",""DocTypeIdFk"":1,""EndDate"":""12/31/2099"",""ExecutionDate"":""07/06/2012"",""IsDeleted"":false,""ModifiedById"":5065,""ModifiedOn"":""/Date(1470841715947)/"",""ParentID"":219811,""PartyName"":"" Health Management Associates Inc."",""RequestDate"":null,""SubjectMatter"":""ITQ Consulting Services"",""TotalCount"":14}",2026-07-27T20:00:40Z
pa-400780,PA,PA Treasury OpenBookPA Contracts e-Library,400780,219811,amendment,Health Management Associates Inc.,Health Management,Department of General Services,4400010023 2017-03-16 1327,ITQ Consulting Services,0,2012-07-06,,,,Open-ended/placeholder end date,Amendment,https://www.patreasury.gov/openbookpa/e-library/Home/ContractView?id=400780,https://www.patreasury.gov/openbookpa/e-library/,,5,"{""AgencyName"":""Department of General Services,"",""BeginDate"":"""",""ContractAmount"":0.0,""ContractID"":400780,""ContractNumber"":""4400010023 2017-03-16 1327"",""CreatedById"":5195,""CreatedOn"":""/Date(1489687269387)/"",""DeletedById"":null,""DocName"":""Amendment"",""DocTypeIdFk"":1,""EndDate"":""12/31/2099"",""ExecutionDate"":""07/06/2012"",""IsDeleted"":false,""ModifiedById"":5195,""ModifiedOn"":""/Date(1489687269387)/"",""ParentID"":219811,""PartyName"":"" Health Management Associates Inc."",""RequestDate"":null,""SubjectMatter"":""ITQ Consulting Services"",""TotalCount"":14}",2026-07-27T20:00:40Z
pa-403431,PA,PA Treasury OpenBookPA Contracts e-Library,403431,219811,amendment,Health Management Associates Inc.,Health Management,Department of General Services,4400010023 2017-04-05 1026,"ITQ, ITQ Consulting, ITQ Consulting Services, Consulting, Services, 4400007410, Sonya Schurtz, Sonya, Schurtz",0,2012-07-06,,,,Open-ended/placeholder end date,Amendment,https://www.patreasury.gov/openbookpa/e-library/Home/ContractView?id=403431,https://www.patreasury.gov/openbookpa/e-library/,,5,"{""AgencyName"":""Department of General Services,"",""BeginDate"":"""",""ContractAmount"":0.0,""ContractID"":403431,""ContractNumber"":""4400010023 2017-04-05 1026"",""CreatedById"":5195,""CreatedOn"":""/Date(1491404459370)/"",""DeletedById"":null,""DocName"":""Amendment"",""DocTypeIdFk"":1,""EndDate"":""12/31/2099"",""ExecutionDate"":""07/06/2012"",""IsDeleted"":false,""ModifiedById"":5195,""ModifiedOn"":""/Date(1491404459370)/"",""ParentID"":219811,""PartyName"":"" Health Management Associates Inc."",""RequestDate"":null,""SubjectMatter"":""ITQ, ITQ Consulting, ITQ Consulting Services, Consulting, Services, 4400007410, Sonya Schurtz, Sonya, Schurtz"",""TotalCount"":14}",2026-07-27T20:00:40Z
pa-460590,PA,PA Treasury OpenBookPA Contracts e-Library,460590,219811,amendment,Health Management Associates Inc.,Health Management,Department of General Services,4400010023 2018-08-20 1609,Consulting Services ITQ,0,2012-07-06,,,,Open-ended/placeholder end date,Amendment,https://www.patreasury.gov/openbookpa/e-library/Home/ContractView?id=460590,https://www.patreasury.gov/openbookpa/e-library/,,5,"{""AgencyName"":""Department of General Services,"",""BeginDate"":"""",""ContractAmount"":0.0,""ContractID"":460590,""ContractNumber"":""4400010023 2018-08-20 1609"",""CreatedById"":5195,""CreatedOn"":""/Date(1536847336143)/"",""DeletedById"":null,""DocName"":""Amendment"",""DocTypeIdFk"":1,""EndDate"":""12/31/2099"",""ExecutionDate"":""07/06/2012"",""IsDeleted"":false,""ModifiedById"":5195,""ModifiedOn"":""/Date(1536847336143)/"",""ParentID"":219811,""PartyName"":"" Health Management Associates Inc."",""RequestDate"":null,""SubjectMatter"":""Consulting Services ITQ"",""TotalCount"":14}",2026-07-27T20:00:40Z
pa-518838,PA,PA Treasury OpenBookPA Contracts e-Library,518838,219811,amendment,Health Management Associates Inc.,Health Management,Department of General Services,4400010023 2019-10-02 0854,Consulting Services ITQ,0,2012-07-06,,,,Open-ended/placeholder end date,Amendment,https://www.patreasury.gov/openbookpa/e-library/Home/ContractView?id=518838,https://www.patreasury.gov/openbookpa/e-library/,,5,"{""AgencyName"":""Department of General Services,"",""BeginDate"":"""",""ContractAmount"":0.0,""ContractID"":518838,""ContractNumber"":""4400010023 2019-10-02 0854"",""CreatedById"":5195,""CreatedOn"":""/Date(1570024979137)/"",""DeletedById"":null,""DocName"":""Amendment"",""DocTypeIdFk"":1,""EndDate"":""12/31/2099"",""ExecutionDate"":""07/06/2012"",""IsDeleted"":false,""ModifiedById"":5195,""ModifiedOn"":""/Date(1570024979137)/"",""ParentID"":219811,""PartyName"":"" Health Management Associates Inc."",""RequestDate"":null,""SubjectMatter"":""Consulting Services ITQ"",""TotalCount"":14}",2026-07-27T20:00:40Z
pa-525308,PA,PA Treasury OpenBookPA Contracts e-Library,525308,219811,amendment,Health Management Associates Inc.,Health Management,Department of General Services,4400010023 2019-10-23 1317,Consulting Services ITQ,0,2012-07-06,,,,Open-ended/placeholder end date,Amendment,https://www.patreasury.gov/openbookpa/e-library/Home/ContractView?id=525308,https://www.patreasury.gov/openbookpa/e-library/,,5,"{""AgencyName"":""Department of General Services,"",""BeginDate"":"""",""ContractAmount"":0.0,""ContractID"":525308,""ContractNumber"":""4400010023 2019-10-23 1317"",""CreatedById"":5195,""CreatedOn"":""/Date(1571853654737)/"",""DeletedById"":null,""DocName"":""Amendment"",""DocTypeIdFk"":1,""EndDate"":""12/31/2099"",""ExecutionDate"":""07/06/2012"",""IsDeleted"":false,""ModifiedById"":5195,""ModifiedOn"":""/Date(1571853654737)/"",""ParentID"":219811,""PartyName"":"" Health Management Associates Inc."",""RequestDate"":null,""SubjectMatter"":""Consulting Services ITQ"",""TotalCount"":14}",2026-07-27T20:00:40Z
pa-525704,PA,PA Treasury OpenBookPA Contracts e-Library,525704,219811,amendment,Health Management Associates Inc.,Health Management,Department of General Services,4400010023 2019-10-24 1114,Consulting Services ITQ,0,2012-07-06,,,,Open-ended/placeholder end date,Amendment,https://www.patreasury.gov/openbookpa/e-library/Home/ContractView?id=525704,https://www.patreasury.gov/openbookpa/e-library/,,5,"{""AgencyName"":""Department of General Services,"",""BeginDate"":"""",""ContractAmount"":0.0,""ContractID"":525704,""ContractNumber"":""4400010023 2019-10-24 1114"",""CreatedById"":5195,""CreatedOn"":""/Date(1571932834513)/"",""DeletedById"":null,""DocName"":""Amendment"",""DocTypeIdFk"":1,""EndDate"":""12/31/2099"",""ExecutionDate"":""07/06/2012"",""IsDeleted"":false,""ModifiedById"":5195,""ModifiedOn"":""/Date(1571932834513)/"",""ParentID"":219811,""PartyName"":"" Health Management Associates Inc."",""RequestDate"":null,""SubjectMatter"":""Consulting Services ITQ"",""TotalCount"":14}",2026-07-27T20:00:40Z
pa-565437,PA,PA Treasury OpenBookPA Contracts e-Library,565437,219811,amendment,Health Management Associates Inc.,Health Management,All Using Agencies,4400010023 2020-08-06 1522,Consulting Services ITQ,0,2012-07-06,,,,Open-ended/placeholder end date,Amendment,https://www.patreasury.gov/openbookpa/e-library/Home/ContractView?id=565437,https://www.patreasury.gov/openbookpa/e-library/,,5,"{""AgencyName"":""All Using Agencies,"",""BeginDate"":"""",""ContractAmount"":0.0,""ContractID"":565437,""ContractNumber"":""4400010023 2020-08-06 1522"",""CreatedById"":1,""CreatedOn"":""/Date(1596751242180)/"",""DeletedById"":null,""DocName"":""Amendment"",""DocTypeIdFk"":1,""EndDate"":""12/31/2099"",""ExecutionDate"":""07/06/2012"",""IsDeleted"":false,""ModifiedById"":null,""ModifiedOn"":null,""ParentID"":219811,""PartyName"":"" Health Management Associates Inc."",""RequestDate"":null,""SubjectMatter"":""Consulting Services ITQ"",""TotalCount"":14}",2026-07-27T20:00:40Z
pa-595213,PA,PA Treasury OpenBookPA Contracts e-Library,595213,219811,amendment,Health Management Associates Inc.,Health Management,Office of Administration (under Governor's Office),4400010023 2021-03-11 1130,Consulting Services ITQ,0,2012-07-06,,,,Open-ended/placeholder end date,Amendment,https://www.patreasury.gov/openbookpa/e-library/Home/ContractView?id=595213,https://www.patreasury.gov/openbookpa/e-library/,,5,"{""AgencyName"":""Office of Administration (under Governor's Office),"",""BeginDate"":"""",""ContractAmount"":0.0,""ContractID"":595213,""ContractNumber"":""4400010023 2021-03-11 1130"",""CreatedById"":1,""CreatedOn"":""/Date(1615503619317)/"",""DeletedById"":null,""DocName"":""Amendment"",""DocTypeIdFk"":1,""EndDate"":""12/31/2099"",""ExecutionDate"":""07/06/2012"",""IsDeleted"":false,""ModifiedById"":null,""ModifiedOn"":null,""ParentID"":219811,""PartyName"":"" Health Management Associates Inc."",""RequestDate"":null,""SubjectMatter"":""Consulting Services ITQ"",""TotalCount"":14}",2026-07-27T20:00:40Z
pa-652971,PA,PA Treasury OpenBookPA Contracts e-Library,652971,219811,amendment,Health Management Associates Inc.,Health Management,All Using Agencies,4400010023 2022-04-18 1527,Consulting Services ITQ,0,2012-07-06,,,,Open-ended/placeholder end date,Amendment,https://www.patreasury.gov/openbookpa/e-library/Home/ContractView?id=652971,https://www.patreasury.gov/openbookpa/e-library/,,5,"{""AgencyName"":""All Using Agencies,"",""BeginDate"":"""",""ContractAmount"":0.0,""ContractID"":652971,""ContractNumber"":""4400010023 2022-04-18 1527"",""CreatedById"":1,""CreatedOn"":""/Date(1650319204497)/"",""DeletedById"":null,""DocName"":""Amendment"",""DocTypeIdFk"":1,""EndDate"":""12/31/2099"",""ExecutionDate"":""07/06/2012"",""IsDeleted"":false,""ModifiedById"":null,""ModifiedOn"":null,""ParentID"":219811,""PartyName"":"" Health Management Associates Inc."",""RequestDate"":null,""SubjectMatter"":""Consulting Services ITQ"",""TotalCount"":14}",2026-07-27T20:00:40Z
pa-720426,PA,PA Treasury OpenBookPA Contracts e-Library,720426,219811,amendment,Health Management Associates Inc.,Health Management,All Using Agencies,4400010023 2023-08-25 1407,Consulting Services ITQ,0,2012-07-06,,,,Open-ended/placeholder end date,Amendment,https://www.patreasury.gov/openbookpa/e-library/Home/ContractView?id=720426,https://www.patreasury.gov/openbookpa/e-library/,,5,"{""AgencyName"": ""All Using Agencies,"", ""BeginDate"": """", ""ContractAmount"": 0.0, ""ContractID"": 720426, ""ContractNumber"": ""4400010023 2023-08-25 1407"", ""CreatedById"": 1, ""CreatedOn"": ""/Date(1693000841767)/"", ""DeletedById"": null, ""DocName"": ""Amendment"", ""DocTypeIdFk"": 1, ""EndDate"": ""12/31/2099"", ""ExecutionDate"": ""07/06/2012"", ""IsDeleted"": false, ""ModifiedById"": null, ""ModifiedOn"": null, ""ParentID"": 219811, ""PartyName"": "" Health Management Associates Inc."", ""RequestDate"": null, ""SubjectMatter"": ""Consulting Services ITQ"", ""TotalCount"": 14}",2026-07-22T19:22:09Z
pa-367422,PA,PA Treasury OpenBookPA Contracts e-Library,367422,350389,amendment,Health Management Systems Inc.,Health Management Systems,Department of General Services,4400015238 2016-08-02 1117,ITQ Consulting Services,0,2015-11-06,,,,Open-ended/placeholder end date,Amendment,https://www.patreasury.gov/openbookpa/e-library/Home/ContractView?id=367422,https://www.patreasury.gov/openbookpa/e-library/,,5,"{""AgencyName"":""Department of General Services,"",""BeginDate"":"""",""ContractAmount"":0.0,""ContractID"":367422,""ContractNumber"":""4400015238 2016-08-02 1117"",""CreatedById"":5065,""CreatedOn"":""/Date(1470152013330)/"",""DeletedById"":null,""DocName"":""Amendment"",""DocTypeIdFk"":1,""EndDate"":""12/31/2099"",""ExecutionDate"":""11/06/2015"",""IsDeleted"":false,""ModifiedById"":5065,""ModifiedOn"":""/Date(1470152013330)/"",""ParentID"":350389,""PartyName"":"" Health Management Systems Inc."",""RequestDate"":null,""SubjectMatter"":""ITQ Consulting Services"",""TotalCount"":19}",2026-07-27T20:00:46Z
pa-368749,PA,PA Treasury OpenBookPA Contracts e-Library,368749,350389,amendment,Health Management Systems Inc.,Health Management Systems,Department of General Services,4400015238 2016-08-10 1036,ITQ Consulting Services,0,2015-11-06,,,,Open-ended/placeholder end date,Amendment,https://www.patreasury.gov/openbookpa/e-library/Home/ContractView?id=368749,https://www.patreasury.gov/openbookpa/e-library/,,5,"{""AgencyName"":""Department of General Services,"",""BeginDate"":"""",""ContractAmount"":0.0,""ContractID"":368749,""ContractNumber"":""4400015238 2016-08-10 1036"",""CreatedById"":5065,""CreatedOn"":""/Date(1470841896947)/"",""DeletedById"":null,""DocName"":""Amendment"",""DocTypeIdFk"":1,""EndDate"":""12/31/2099"",""ExecutionDate"":""11/06/2015"",""IsDeleted"":false,""ModifiedById"":5065,""ModifiedOn"":""/Date(1470841896947)/"",""ParentID"":350389,""PartyName"":"" Health Management Systems Inc."",""RequestDate"":null,""SubjectMatter"":""ITQ Consulting Services"",""TotalCount"":19}",2026-07-27T20:00:46Z
pa-400787,PA,PA Treasury OpenBookPA Contracts e-Library,400787,350389,amendment,Health Management Systems Inc.,Health Management Systems,Department of General Services,4400015238 2017-03-16 1327,ITQ Consulting Services,0,2015-11-06,,,,Open-ended/placeholder end date,Amendment,https://www.patreasury.gov/openbookpa/e-library/Home/ContractView?id=400787,https://www.patreasury.gov/openbookpa/e-library/,,5,"{""AgencyName"":""Department of General Services,"",""BeginDate"":"""",""ContractAmount"":0.0,""ContractID"":400787,""ContractNumber"":""4400015238 2017-03-16 1327"",""CreatedById"":5195,""CreatedOn"":""/Date(1489687293860)/"",""DeletedById"":null,""DocName"":""Amendment"",""DocTypeIdFk"":1,""EndDate"":""12/31/2099"",""ExecutionDate"":""11/06/2015"",""IsDeleted"":false,""ModifiedById"":5195,""ModifiedOn"":""/Date(1489687293860)/"",""ParentID"":350389,""PartyName"":"" Health Management Systems Inc."",""RequestDate"":null,""SubjectMatter"":""ITQ Consulting Services"",""TotalCount"":19}",2026-07-27T20:00:46Z
pa-403439,PA,PA Treasury OpenBookPA Contracts e-Library,403439,350389,amendment,Health Management Systems Inc.,Health Management Systems,Department of General Services,4400015238 2017-04-05 1026,"ITQ, ITQ Consulting, ITQ Consulting Services, Consulting, Services, 4400007410, Sonya Schurtz, Sonya, Schurtz",0,2015-11-06,,,,Open-ended/placeholder end date,Amendment,https://www.patreasury.gov/openbookpa/e-library/Home/ContractView?id=403439,https://www.patreasury.gov/openbookpa/e-library/,,5,"{""AgencyName"":""Department of General Services,"",""BeginDate"":"""",""ContractAmount"":0.0,""ContractID"":403439,""ContractNumber"":""4400015238 2017-04-05 1026"",""CreatedById"":5195,""CreatedOn"":""/Date(1491404485497)/"",""DeletedById"":null,""DocName"":""Amendment"",""DocTypeIdFk"":1,""EndDate"":""12/31/2099"",""ExecutionDate"":""11/06/2015"",""IsDeleted"":false,""ModifiedById"":5195,""ModifiedOn"":""/Date(1491404485497)/"",""ParentID"":350389,""PartyName"":"" Health Management Systems Inc."",""RequestDate"":null,""SubjectMatter"":""ITQ, ITQ Consulting, ITQ Consulting Services, Consulting, Services, 4400007410, Sonya Schurtz, Sonya, Schurtz"",""TotalCount"":19}",2026-07-27T20:00:46Z
pa-460629,PA,PA Treasury OpenBookPA Contracts e-Library,460629,350389,amendment,Health Management Systems Inc.,Health Management Systems,Department of General Services,4400015238 2018-08-20 1609,Consulting Services ITQ,0,2015-11-06,,,,Open-ended/placeholder end date,Amendment,https://www.patreasury.gov/openbookpa/e-library/Home/ContractView?id=460629,https://www.patreasury.gov/openbookpa/e-library/,,5,"{""AgencyName"":""Department of General Services,"",""BeginDate"":"""",""ContractAmount"":0.0,""ContractID"":460629,""ContractNumber"":""4400015238 2018-08-20 1609"",""CreatedById"":5195,""CreatedOn"":""/Date(1536847482213)/"",""DeletedById"":null,""DocName"":""Amendment"",""DocTypeIdFk"":1,""EndDate"":""12/31/2099"",""ExecutionDate"":""11/06/2015"",""IsDeleted"":false,""ModifiedById"":5195,""ModifiedOn"":""/Date(1536847482213)/"",""ParentID"":350389,""PartyName"":"" Health Management Systems Inc."",""RequestDate"":null,""SubjectMatter"":""Consulting Services ITQ"",""TotalCount"":19}",2026-07-27T20:00:46Z
pa-518954,PA,PA Treasury OpenBookPA Contracts e-Library,518954,350389,amendment,Health Management Systems Inc.,Health Management Systems,Department of General Services,4400015238 2019-10-02 0854,Consulting Services ITQ,0,2015-11-06,,,,Open-ended/placeholder end date,Amendment,https://www.patreasury.gov/openbookpa/e-library/Home/ContractView?id=518954,https://www.patreasury.gov/openbookpa/e-library/,,5,"{""AgencyName"":""Department of General Services,"",""BeginDate"":"""",""ContractAmount"":0.0,""ContractID"":518954,""ContractNumber"":""4400015238 2019-10-02 0854"",""CreatedById"":5195,""CreatedOn"":""/Date(1570025350390)/"",""DeletedById"":null,""DocName"":""Amendment"",""DocTypeIdFk"":1,""EndDate"":""12/31/2099"",""ExecutionDate"":""11/06/2015"",""IsDeleted"":false,""ModifiedById"":5195,""ModifiedOn"":""/Date(1570025350390)/"",""ParentID"":350389,""PartyName"":"" Health Management Systems Inc."",""RequestDate"":null,""SubjectMatter"":""Consulting Services ITQ"",""TotalCount"":19}",2026-07-27T20:00:46Z
pa-525316,PA,PA Treasury OpenBookPA Contracts e-Library,525316,350389,amendment,Health Management Systems Inc.,Health Management Systems,Department of General Services,4400015238 2019-10-23 1318,Consulting Services ITQ,0,2015-11-06,,,,Open-ended/placeholder end date,Amendment,https://www.patreasury.gov/openbookpa/e-library/Home/ContractView?id=525316,https://www.patreasury.gov/openbookpa/e-library/,,5,"{""AgencyName"":""Department of General Services,"",""BeginDate"":"""",""ContractAmount"":0.0,""ContractID"":525316,""ContractNumber"":""4400015238 2019-10-23 1318"",""CreatedById"":5195,""CreatedOn"":""/Date(1571853680983)/"",""DeletedById"":null,""DocName"":""Amendment"",""DocTypeIdFk"":1,""EndDate"":""12/31/2099"",""ExecutionDate"":""11/06/2015"",""IsDeleted"":false,""ModifiedById"":5195,""ModifiedOn"":""/Date(1571853680983)/"",""ParentID"":350389,""PartyName"":"" Health Management Systems Inc."",""RequestDate"":null,""SubjectMatter"":""Consulting Services ITQ"",""TotalCount"":19}",2026-07-27T20:00:46Z
pa-595229,PA,PA Treasury OpenBookPA Contracts e-Library,595229,350389,amendment,Health Management Systems Inc.,Health Management Systems,Office of Administration (under Governor's Office),4400015238 2021-03-11 1130,Consulting Services ITQ,0,2015-11-06,,,,Open-ended/placeholder end date,Amendment,https://www.patreasury.gov/openbookpa/e-library/Home/ContractView?id=595229,https://www.patreasury.gov/openbookpa/e-library/,,5,"{""AgencyName"":""Office of Administration (under Governor's Office),"",""BeginDate"":"""",""ContractAmount"":0.0,""ContractID"":595229,""ContractNumber"":""4400015238 2021-03-11 1130"",""CreatedById"":1,""CreatedOn"":""/Date(1615503629983)/"",""DeletedById"":null,""DocName"":""Amendment"",""DocTypeIdFk"":1,""EndDate"":""12/31/2099"",""ExecutionDate"":""11/06/2015"",""IsDeleted"":false,""ModifiedById"":null,""ModifiedOn"":null,""ParentID"":350389,""PartyName"":"" Health Management Systems Inc."",""RequestDate"":null,""SubjectMatter"":""Consulting Services ITQ"",""TotalCount"":19}",2026-07-27T20:00:46Z
pa-652988,PA,PA Treasury OpenBookPA Contracts e-Library,652988,350389,amendment,Health Management Systems Inc.,Health Management Systems,All Using Agencies,4400015238 2022-04-18 1527,Consulting Services ITQ,0,2015-11-06,,,,Open-ended/placeholder end date,Amendment,https://www.patreasury.gov/openbookpa/e-library/Home/ContractView?id=652988,https://www.patreasury.gov/openbookpa/e-library/,,5,"{""AgencyName"":""All Using Agencies,"",""BeginDate"":"""",""ContractAmount"":0.0,""ContractID"":652988,""ContractNumber"":""4400015238 2022-04-18 1527"",""CreatedById"":1,""CreatedOn"":""/Date(1650319209433)/"",""DeletedById"":null,""DocName"":""Amendment"",""DocTypeIdFk"":1,""EndDate"":""12/31/2099"",""ExecutionDate"":""11/06/2015"",""IsDeleted"":false,""ModifiedById"":null,""ModifiedOn"":null,""ParentID"":350389,""PartyName"":"" Health Management Systems Inc."",""RequestDate"":null,""SubjectMatter"":""Consulting Services ITQ"",""TotalCount"":19}",2026-07-27T20:00:46Z
pa-720525,PA,PA Treasury OpenBookPA Contracts e-Library,720525,350389,amendment,Health Management Systems Inc.,Health Management Systems,All Using Agencies,4400015238 2023-08-25 1407,Consulting Services ITQ,0,2015-11-06,,,,Open-ended/placeholder end date,Amendment,https://www.patreasury.gov/openbookpa/e-library/Home/ContractView?id=720525,https://www.patreasury.gov/openbookpa/e-library/,,5,"{""AgencyName"":""All Using Agencies,"",""BeginDate"":"""",""ContractAmount"":0.0,""ContractID"":720525,""ContractNumber"":""4400015238 2023-08-25 1407"",""CreatedById"":1,""CreatedOn"":""/Date(1693000884753)/"",""DeletedById"":null,""DocName"":""Amendment"",""DocTypeIdFk"":1,""EndDate"":""12/31/2099"",""ExecutionDate"":""11/06/2015"",""IsDeleted"":false,""ModifiedById"":null,""ModifiedOn"":null,""ParentID"":350389,""PartyName"":"" Health Management Systems Inc."",""RequestDate"":null,""SubjectMatter"":""Consulting Services ITQ"",""TotalCount"":19}",2026-07-27T20:00:46Z
pa-779812,PA,PA Treasury OpenBookPA Contracts e-Library,779812,582338,amendment,DXC MS LLC,DXC,"Department of Human Services ""prior DPW""",4000022569 RNEW 8-30-24,Renewal (per Amendment 08),56763027,2020-12-03,,2025-10-31,-9,Expired/past award,Amendment,https://www.patreasury.gov/openbookpa/e-library/Home/ContractView?id=779812,https://www.patreasury.gov/openbookpa/e-library/,,0,"{""AgencyName"":""Department of Human Services \""prior DPW\"","",""BeginDate"":"""",""ContractAmount"":56763027.82,""ContractID"":779812,""ContractNumber"":""4000022569 RNEW 8-30-24"",""CreatedById"":3337,""CreatedOn"":""/Date(1725024236023)/"",""DeletedById"":null,""DocName"":""Amendment"",""DocTypeIdFk"":1,""EndDate"":""10/31/2025"",""ExecutionDate"":""12/03/2020"",""IsDeleted"":false,""ModifiedById"":3337,""ModifiedOn"":""/Date(1725024236023)/"",""ParentID"":582338,""PartyName"":"" DXC MS LLC"",""RequestDate"":null,""SubjectMatter"":""Renewal (per Amendment 08)"",""TotalCount"":26}",2026-07-27T20:00:19Z
pa-787422,PA,PA Treasury OpenBookPA Contracts e-Library,787422,582338,amendment,DXC MS LLC,DXC,"Department of Human Services ""prior DPW""",4000022569 FA 10-8-24,Funding Adjustment,5063601,2020-12-03,,2025-10-31,-9,Expired/past award,Amendment,https://www.patreasury.gov/openbookpa/e-library/Home/ContractView?id=787422,https://www.patreasury.gov/openbookpa/e-library/,,0,"{""AgencyName"":""Department of Human Services \""prior DPW\"","",""BeginDate"":"""",""ContractAmount"":5063601.0,""ContractID"":787422,""ContractNumber"":""4000022569 FA 10-8-24"",""CreatedById"":3337,""CreatedOn"":""/Date(1729167506223)/"",""DeletedById"":null,""DocName"":""Amendment"",""DocTypeIdFk"":1,""EndDate"":""10/31/2025"",""ExecutionDate"":""12/03/2020"",""IsDeleted"":false,""ModifiedById"":3337,""ModifiedOn"":""/Date(1729167506223)/"",""ParentID"":582338,""PartyName"":"" DXC MS LLC"",""RequestDate"":null,""SubjectMatter"":""Funding Adjustment"",""TotalCount"":26}",2026-07-27T20:00:19Z
pa-823116,PA,PA Treasury OpenBookPA Contracts e-Library,823116,582338,amendment,DXC MS LLC,DXC,"Department of Human Services ""prior DPW""",4000022569 AMND 11,AMENDMENT 11,0,2020-12-03,,2025-10-31,-9,Expired/past award,Amendment,https://www.patreasury.gov/openbookpa/e-library/Home/ContractView?id=823116,https://www.patreasury.gov/openbookpa/e-library/,,0,"{""AgencyName"":""Department of Human Services \""prior DPW\"","",""BeginDate"":"""",""ContractAmount"":0.0,""ContractID"":823116,""ContractNumber"":""4000022569 AMND 11"",""CreatedById"":3337,""CreatedOn"":""/Date(1747062290613)/"",""DeletedById"":null,""DocName"":""Amendment"",""DocTypeIdFk"":1,""EndDate"":""10/31/2025"",""ExecutionDate"":""12/03/2020"",""IsDeleted"":false,""ModifiedById"":3337,""ModifiedOn"":""/Date(1747062290613)/"",""ParentID"":582338,""PartyName"":"" DXC MS LLC"",""RequestDate"":null,""SubjectMatter"":""AMENDMENT 11"",""TotalCount"":26}",2026-07-27T20:00:19Z
pa-768023,PA,PA Treasury OpenBookPA Contracts e-Library,768023,768023,amendment,GAINWELL TECHNOLOGIES LLC FKA DXC MS,Gainwell,All Using Agencies,4000022569 FA 05 03 2024,"This Service Purchase requires that CENTER FOR DISEASE DETECTION provide MEDIC,DENTAL,VET",26860850,2024-06-10,,2024-10-31,-21,Expired/past award,Amendment (Contract),https://www.patreasury.gov/openbookpa/e-library/Home/ContractView?id=768023,https://www.patreasury.gov/openbookpa/e-library/,,0,"{""AgencyName"":""All Using Agencies,"",""BeginDate"":"""",""ContractAmount"":26860850.0,""ContractID"":768023,""ContractNumber"":""4000022569 FA 05 03 2024"",""CreatedById"":1,""CreatedOn"":""/Date(1718056800603)/"",""DeletedById"":null,""DocName"":""Contract"",""DocTypeIdFk"":1,""EndDate"":""10/31/2024"",""ExecutionDate"":""06/10/2024"",""IsDeleted"":false,""ModifiedById"":null,""ModifiedOn"":null,""ParentID"":null,""PartyName"":"" GAINWELL TECHNOLOGIES LLC FKA DXC MS"",""RequestDate"":null,""SubjectMatter"":""This Service Purchase requires that CENTER FOR DISEASE DETECTION provide MEDIC,DENTAL,VET"",""TotalCount"":8}",2026-07-27T20:00:25Z
pa-784556,PA,PA Treasury OpenBookPA Contracts e-Library,784556,582338,amendment,DXC MS LLC,DXC,"Department of Human Services ""prior DPW""",4000022569 AMND 10,Amendment 10,0,2020-12-03,,2024-10-31,-21,Expired/past award,Amendment,https://www.patreasury.gov/openbookpa/e-library/Home/ContractView?id=784556,https://www.patreasury.gov/openbookpa/e-library/,,0,"{""AgencyName"":""Department of Human Services \""prior DPW\"","",""BeginDate"":"""",""ContractAmount"":0.0,""ContractID"":784556,""ContractNumber"":""4000022569 AMND 10"",""CreatedById"":3337,""CreatedOn"":""/Date(1727357019757)/"",""DeletedById"":null,""DocName"":""Amendment"",""DocTypeIdFk"":1,""EndDate"":""10/31/2024"",""ExecutionDate"":""12/03/2020"",""IsDeleted"":false,""ModifiedById"":3337,""ModifiedOn"":""/Date(1727357019757)/"",""ParentID"":582338,""PartyName"":"" DXC MS LLC"",""RequestDate"":null,""SubjectMatter"":""Amendment 10"",""TotalCount"":26}",2026-07-27T20:00:19Z
pa-727734,PA,PA Treasury OpenBookPA Contracts e-Library,727734,727734,amendment,"Gainwell Technologies, LLC",Gainwell,"Department of Human Services ""prior DPW""",4000022569 AMND 08 10 31 2024,"This Service Purchase requires that CENTER FOR DISEASE DETECTION provide MEDIC,DENTAL,VET",0,2023-09-29,,2024-10-31,-21,Expired/past award,Amendment (Contract),https://www.patreasury.gov/openbookpa/e-library/Home/ContractView?id=727734,https://www.patreasury.gov/openbookpa/e-library/,,0,"{""AgencyName"":""Department of Human Services \""prior DPW\"","",""BeginDate"":"""",""ContractAmount"":0.0,""ContractID"":727734,""ContractNumber"":""4000022569 AMND 08 10 31 2024"",""CreatedById"":1,""CreatedOn"":""/Date(1696024810073)/"",""DeletedById"":null,""DocName"":""Contract"",""DocTypeIdFk"":1,""EndDate"":""10/31/2024"",""ExecutionDate"":""09/29/2023"",""IsDeleted"":false,""ModifiedById"":null,""ModifiedOn"":null,""ParentID"":null,""PartyName"":"" Gainwell Technologies, LLC"",""RequestDate"":null,""SubjectMatter"":""This Service Purchase requires that CENTER FOR DISEASE DETECTION provide MEDIC,DENTAL,VET"",""TotalCount"":8}",2026-07-27T20:00:28Z
pa-569366,PA,PA Treasury OpenBookPA Contracts e-Library,569366,535634,amendment,DXC Technology,DXC,Patient Safety Authority,assignment agreement #1,"Agreement with DXC Technology pursuant to Section 304(a)(5) of the MCARE Act of 2002, as amended, development-maintenance of data collection and analysis systems. Effective July 1, 2020 DXC Technology Services LLC contract transfer to DXC MS LLC.",7071540,2019-06-18,,2024-06-30,-25,Expired/past award,Amendment,https://www.patreasury.gov/openbookpa/e-library/Home/ContractView?id=569366,https://www.patreasury.gov/openbookpa/e-library/,,0,"{""AgencyName"":""Patient Safety Authority,"",""BeginDate"":"""",""ContractAmount"":7071540.0,""ContractID"":569366,""ContractNumber"":""assignment agreement #1"",""CreatedById"":4867,""CreatedOn"":""/Date(1599656015163)/"",""DeletedById"":null,""DocName"":""Amendment"",""DocTypeIdFk"":1,""EndDate"":""06/30/2024"",""ExecutionDate"":""06/18/2019"",""IsDeleted"":false,""ModifiedById"":4867,""ModifiedOn"":""/Date(1599656015163)/"",""ParentID"":535634,""PartyName"":"" DXC Technology; DXC MS LLC"",""RequestDate"":null,""SubjectMatter"":""Agreement with DXC Technology pursuant to Section 304(a)(5) of the MCARE Act of 2002, as amended, development-maintenance of data collection and analysis systems.\r\n\r\nEffective July 1, 2020 DXC Technology Services LLC contract transfer to DXC MS LLC."",""TotalCount"":3}",2026-07-27T20:00:16Z
pa-675221,PA,PA Treasury OpenBookPA Contracts e-Library,675221,582338,amendment,DXC MS LLC,DXC,"Department of Human Services ""prior DPW""",4000022569 RNWL 2,Renewal 2,45634905,2020-12-03,,2023-10-31,-33,Expired/past award,Amendment,https://www.patreasury.gov/openbookpa/e-library/Home/ContractView?id=675221,https://www.patreasury.gov/openbookpa/e-library/,,0,"{""AgencyName"":""Department of Human Services \""prior DPW\"","",""BeginDate"":"""",""ContractAmount"":45634905.0,""ContractID"":675221,""ContractNumber"":""4000022569 RNWL 2"",""CreatedById"":3337,""CreatedOn"":""/Date(1663687665217)/"",""DeletedById"":null,""DocName"":""Amendment"",""DocTypeIdFk"":1,""EndDate"":""10/31/2023"",""ExecutionDate"":""12/03/2020"",""IsDeleted"":false,""ModifiedById"":3337,""ModifiedOn"":""/Date(1663687665217)/"",""ParentID"":582338,""PartyName"":"" DXC MS LLC"",""RequestDate"":null,""SubjectMatter"":""Renewal 2"",""TotalCount"":26}",2026-07-27T20:00:19Z
pa-726477,PA,PA Treasury OpenBookPA Contracts e-Library,726477,582338,amendment,DXC MS LLC,DXC,"Department of Human Services ""prior DPW""",4000022569 CO 9-24-23,"Change Order Increase $340,267 CO Increase",2303271,2023-09-24,,2023-10-31,-33,Expired/past award,Amendment,https://www.patreasury.gov/openbookpa/e-library/Home/ContractView?id=726477,https://www.patreasury.gov/openbookpa/e-library/,,0,"{""AgencyName"":""Department of Human Services \""prior DPW\"","",""BeginDate"":"""",""ContractAmount"":2303271.32,""ContractID"":726477,""ContractNumber"":""4000022569 CO 9-24-23"",""CreatedById"":4545,""CreatedOn"":""/Date(1695591808693)/"",""DeletedById"":null,""DocName"":""Amendment"",""DocTypeIdFk"":1,""EndDate"":""10/31/2023"",""ExecutionDate"":""09/24/2023"",""IsDeleted"":false,""ModifiedById"":4545,""ModifiedOn"":""/Date(1695591808693)/"",""ParentID"":582338,""PartyName"":"" DXC MS LLC"",""RequestDate"":null,""SubjectMatter"":""Change Order Increase $340,267\r\nCO Increase "",""TotalCount"":26}",2026-07-27T20:00:19Z
pa-677085,PA,PA Treasury OpenBookPA Contracts e-Library,677085,582338,amendment,DXC MS LLC,DXC,"Department of Human Services ""prior DPW""",4000022569 FA 10-4-22,Funding Adjustment,23740,2020-12-03,,2023-10-31,-33,Expired/past award,Amendment,https://www.patreasury.gov/openbookpa/e-library/Home/ContractView?id=677085,https://www.patreasury.gov/openbookpa/e-library/,,0,"{""AgencyName"":""Department of Human Services \""prior DPW\"","",""BeginDate"":"""",""ContractAmount"":23740.0,""ContractID"":677085,""ContractNumber"":""4000022569 FA 10-4-22"",""CreatedById"":3337,""CreatedOn"":""/Date(1664885264247)/"",""DeletedById"":null,""DocName"":""Amendment"",""DocTypeIdFk"":1,""EndDate"":""10/31/2023"",""ExecutionDate"":""12/03/2020"",""IsDeleted"":false,""ModifiedById"":3337,""ModifiedOn"":""/Date(1664885264247)/"",""ParentID"":582338,""PartyName"":"" DXC MS LLC"",""RequestDate"":null,""SubjectMatter"":""Funding Adjustment"",""TotalCount"":26}",2026-07-27T20:00:19Z
pa-665183,PA,PA Treasury OpenBookPA Contracts e-Library,665183,582338,amendment,DXC MS LLC,DXC,"Department of Human Services ""prior DPW""",4000022569 FA 6-30-22,Funding Adjustment Increase,15536190,2020-12-03,,2022-10-31,-45,Expired/past award,Amendment,https://www.patreasury.gov/openbookpa/e-library/Home/ContractView?id=665183,https://www.patreasury.gov/openbookpa/e-library/,,0,"{""AgencyName"":""Department of Human Services \""prior DPW\"","",""BeginDate"":"""",""ContractAmount"":15536190.09,""ContractID"":665183,""ContractNumber"":""4000022569 FA 6-30-22"",""CreatedById"":3337,""CreatedOn"":""/Date(1656613746453)/"",""DeletedById"":null,""DocName"":""Amendment"",""DocTypeIdFk"":1,""EndDate"":""10/31/2022"",""ExecutionDate"":""12/03/2020"",""IsDeleted"":false,""ModifiedById"":3337,""ModifiedOn"":""/Date(1656613746453)/"",""ParentID"":582338,""PartyName"":"" DXC MS LLC"",""RequestDate"":null,""SubjectMatter"":""Funding Adjustment Increase"",""TotalCount"":26}",2026-07-27T20:00:19Z
pa-664544,PA,PA Treasury OpenBookPA Contracts e-Library,664544,582338,amendment,DXC MS LLC,DXC,"Department of Human Services ""prior DPW""",4000022569 CO 6 ,Change Order - FWA,1663796,2020-12-03,,2022-10-31,-45,Expired/past award,Amendment,https://www.patreasury.gov/openbookpa/e-library/Home/ContractView?id=664544,https://www.patreasury.gov/openbookpa/e-library/,,0,"{""AgencyName"":""Department of Human Services \""prior DPW\"","",""BeginDate"":"""",""ContractAmount"":1663796.01,""ContractID"":664544,""ContractNumber"":""4000022569 CO 6 "",""CreatedById"":3337,""CreatedOn"":""/Date(1656361312303)/"",""DeletedById"":null,""DocName"":""Amendment"",""DocTypeIdFk"":1,""EndDate"":""10/31/2022"",""ExecutionDate"":""12/03/2020"",""IsDeleted"":false,""ModifiedById"":3337,""ModifiedOn"":""/Date(1656361312303)/"",""ParentID"":582338,""PartyName"":"" DXC MS LLC"",""RequestDate"":null,""SubjectMatter"":""Change Order  - FWA "",""TotalCount"":26}",2026-07-27T20:00:19Z
pa-593710,PA,PA Treasury OpenBookPA Contracts e-Library,593710,418666,amendment,Health Management Systems Inc.,Health Management Systems,"Department of Human Services ""prior DPW""",4400016756 RENEW 12-21-2020,Third Renewal,451200,2021-01-22,,2022-03-31,-52,Expired/past award,Amendment,https://www.patreasury.gov/openbookpa/e-library/Home/ContractView?id=593710,https://www.patreasury.gov/openbookpa/e-library/,,0,"{""AgencyName"":""Department of Human Services \""prior DPW\"","",""BeginDate"":"""",""ContractAmount"":451200.0,""ContractID"":593710,""ContractNumber"":""4400016756 RENEW 12-21-2020"",""CreatedById"":4545,""CreatedOn"":""/Date(1614719868477)/"",""DeletedById"":null,""DocName"":""Amendment"",""DocTypeIdFk"":1,""EndDate"":""03/31/2022"",""ExecutionDate"":""01/22/2021"",""IsDeleted"":false,""ModifiedById"":4545,""ModifiedOn"":""/Date(1614719868477)/"",""ParentID"":418666,""PartyName"":"" Health Management Systems Inc."",""RequestDate"":null,""SubjectMatter"":""Third Renewal "",""TotalCount"":19}",2026-07-27T20:00:46Z
pa-559978,PA,PA Treasury OpenBookPA Contracts e-Library,559978,144003,amendment,Health Management Systems,Health Management,"Department of Human Services ""prior DPW""",4100015831amnd 6/26,"Program Integrity Retrospective Review, Recovery and Data Exchange - Lot 1 contract",0,2020-06-26,,2020-08-31,-71,Expired/past award,Amendment,https://www.patreasury.gov/openbookpa/e-library/Home/ContractView?id=559978,https://www.patreasury.gov/openbookpa/e-library/,,0,"{""AgencyName"":""Department of Human Services \""prior DPW\"","",""BeginDate"":"""",""ContractAmount"":0.0,""ContractID"":559978,""ContractNumber"":""4100015831amnd 6/26"",""CreatedById"":5455,""CreatedOn"":""/Date(1593185973637)/"",""DeletedById"":null,""DocName"":""Amendment"",""DocTypeIdFk"":1,""EndDate"":""08/31/2020"",""ExecutionDate"":""06/26/2020"",""IsDeleted"":false,""ModifiedById"":5455,""ModifiedOn"":""/Date(1593185973637)/"",""ParentID"":144003,""PartyName"":"" Health Management Systems"",""RequestDate"":null,""SubjectMatter"":""Program Integrity Retrospective Review, Recovery and Data Exchange  - Lot 1 contract"",""TotalCount"":37}",2026-07-27T20:00:37Z
pa-539368,PA,PA Treasury OpenBookPA Contracts e-Library,539368,144003,amendment,Health Management Systems,Health Management,"Department of Human Services ""prior DPW""",4000015831 AMND 1 ,Amendment 1,2250000,2020-02-06,,2020-06-30,-73,Expired/past award,Amendment,https://www.patreasury.gov/openbookpa/e-library/Home/ContractView?id=539368,https://www.patreasury.gov/openbookpa/e-library/,,0,"{""AgencyName"":""Department of Human Services \""prior DPW\"","",""BeginDate"":"""",""ContractAmount"":2250000.0,""ContractID"":539368,""ContractNumber"":""4000015831 AMND 1 "",""CreatedById"":3337,""CreatedOn"":""/Date(1581022026220)/"",""DeletedById"":null,""DocName"":""Amendment"",""DocTypeIdFk"":1,""EndDate"":""06/30/2020"",""ExecutionDate"":""02/06/2020"",""IsDeleted"":false,""ModifiedById"":3337,""ModifiedOn"":""/Date(1581022026220)/"",""ParentID"":144003,""PartyName"":"" Health Management Systems"",""RequestDate"":null,""SubjectMatter"":""Amendment 1 "",""TotalCount"":37}",2026-07-27T20:00:37Z
pa-696565,PA,PA Treasury OpenBookPA Contracts e-Library,696565,418666,amendment,Health Management Systems Inc.,Health Management Systems,"Department of Human Services ""prior DPW""",4400016756 EP# 30698_2 12 31 2023,PA CHIP VERIFICATION SYSTEM,275000,2023-03-21,,2019-03-31,-88,Expired/past award,Amendment,https://www.patreasury.gov/openbookpa/e-library/Home/ContractView?id=696565,https://www.patreasury.gov/openbookpa/e-library/,,0,"{""AgencyName"":""Department of Human Services \""prior DPW\"","",""BeginDate"":"""",""ContractAmount"":275000.0,""ContractID"":696565,""ContractNumber"":""4400016756 EP# 30698_2 12 31 2023"",""CreatedById"":5652,""CreatedOn"":""/Date(1679686788077)/"",""DeletedById"":null,""DocName"":""Amendment"",""DocTypeIdFk"":1,""EndDate"":""03/31/2019"",""ExecutionDate"":""03/21/2023"",""IsDeleted"":false,""ModifiedById"":5652,""ModifiedOn"":""/Date(1679686788077)/"",""ParentID"":418666,""PartyName"":"" Health Management Systems Inc."",""RequestDate"":null,""SubjectMatter"":""PA CHIP VERIFICATION SYSTEM"",""TotalCount"":19}",2026-07-27T20:00:46Z
pa-696957,PA,PA Treasury OpenBookPA Contracts e-Library,696957,418666,amendment,Health Management Systems Inc.,Health Management Systems,"Department of Human Services ""prior DPW""",4300698704 EP 30698_2 12 31 2023,PA CHIP VERIFICATION SYSTEM,275000,2023-03-28,,2019-03-31,-88,Expired/past award,Amendment,https://www.patreasury.gov/openbookpa/e-library/Home/ContractView?id=696957,https://www.patreasury.gov/openbookpa/e-library/,,0,"{""AgencyName"":""Department of Human Services \""prior DPW\"","",""BeginDate"":"""",""ContractAmount"":275000.0,""ContractID"":696957,""ContractNumber"":""4300698704 EP 30698_2 12 31 2023"",""CreatedById"":5652,""CreatedOn"":""/Date(1680029295057)/"",""DeletedById"":null,""DocName"":""Amendment"",""DocTypeIdFk"":1,""EndDate"":""03/31/2019"",""ExecutionDate"":""03/28/2023"",""IsDeleted"":false,""ModifiedById"":5652,""ModifiedOn"":""/Date(1680029295057)/"",""ParentID"":418666,""PartyName"":"" Health Management Systems Inc."",""RequestDate"":null,""SubjectMatter"":""PA CHIP VERIFICATION SYSTEM"",""TotalCount"":19}",2026-07-27T20:00:46Z
pa-292249,PA,PA Treasury OpenBookPA Contracts e-Library,292249,219153,amendment,Health Management Systems,Health Management,"Department of Human Services ""prior DPW""",4000016769 FA 10-30-2014,program integrity retrospective review & recovery actual start date 01/01/2013 Funding Adjustment 10/30/2014,625000,2013-01-08,,2016-12-31,-115,Expired/past award,Amendment,https://www.patreasury.gov/openbookpa/e-library/Home/ContractView?id=292249,https://www.patreasury.gov/openbookpa/e-library/,,0,"{""AgencyName"":""Department of Human Services \""prior DPW\"","",""BeginDate"":"""",""ContractAmount"":625000.0,""ContractID"":292249,""ContractNumber"":""4000016769 FA 10-30-2014"",""CreatedById"":3336,""CreatedOn"":""/Date(1414683525733)/"",""DeletedById"":null,""DocName"":""Amendment"",""DocTypeIdFk"":1,""EndDate"":""12/31/2016"",""ExecutionDate"":""01/08/2013"",""IsDeleted"":false,""ModifiedById"":3336,""ModifiedOn"":""/Date(1414683525733)/"",""ParentID"":219153,""PartyName"":"" Health Management Systems"",""RequestDate"":null,""SubjectMatter"":""program integrity retrospective review & recovery\r\n\r\nactual start date 01/01/2013\r\n\r\nFunding Adjustment 10/30/2014"",""TotalCount"":37}",2026-07-27T20:00:37Z
pa-279657,PA,PA Treasury OpenBookPA Contracts e-Library,279657,219153,amendment,Health Management Systems,Health Management,"Department of Human Services ""prior DPW""",4000016769 FA 7-9-2014,Funding Adjustment,-15000,2013-01-08,,2016-12-31,-115,Expired/past award,Amendment,https://www.patreasury.gov/openbookpa/e-library/Home/ContractView?id=279657,https://www.patreasury.gov/openbookpa/e-library/,,0,"{""AgencyName"":""Department of Human Services \""prior DPW\"","",""BeginDate"":"""",""ContractAmount"":-15000.0,""ContractID"":279657,""ContractNumber"":""4000016769 FA 7-9-2014"",""CreatedById"":3337,""CreatedOn"":""/Date(1404933980983)/"",""DeletedById"":null,""DocName"":""Amendment"",""DocTypeIdFk"":1,""EndDate"":""12/31/2016"",""ExecutionDate"":""01/08/2013"",""IsDeleted"":false,""ModifiedById"":3337,""ModifiedOn"":""/Date(1404933980983)/"",""ParentID"":219153,""PartyName"":"" Health Management Systems"",""RequestDate"":null,""SubjectMatter"":""Funding Adjustment"",""TotalCount"":37}",2026-07-27T20:00:37Z
pa-274456,PA,PA Treasury OpenBookPA Contracts e-Library,274456,219153,amendment,Health Management Systems,Health Management,"Department of Human Services ""prior DPW""",4000016769 FA 6-9-2014,Funding Adjustment,-30000,2013-01-08,,2016-12-31,-115,Expired/past award,Amendment,https://www.patreasury.gov/openbookpa/e-library/Home/ContractView?id=274456,https://www.patreasury.gov/openbookpa/e-library/,,0,"{""AgencyName"":""Department of Human Services \""prior DPW\"","",""BeginDate"":"""",""ContractAmount"":-30000.0,""ContractID"":274456,""ContractNumber"":""4000016769 FA 6-9-2014"",""CreatedById"":3337,""CreatedOn"":""/Date(1402324757030)/"",""DeletedById"":null,""DocName"":""Amendment"",""DocTypeIdFk"":1,""EndDate"":""12/31/2016"",""ExecutionDate"":""01/08/2013"",""IsDeleted"":false,""ModifiedById"":3337,""ModifiedOn"":""/Date(1402324757030)/"",""ParentID"":219153,""PartyName"":"" Health Management Systems"",""RequestDate"":null,""SubjectMatter"":""Funding Adjustment"",""TotalCount"":37}",2026-07-27T20:00:37Z
pa-228583,PA,PA Treasury OpenBookPA Contracts e-Library,228583,219153,amendment,Health Management Systems,Health Management,"Department of Human Services ""prior DPW""",4000016769 FA 4-15-2013,"program integrity retrospective review & recovery actual start date 01/01/2013 Funding adjustment decrease $245,000.00",-245000,2013-04-15,,2016-12-31,-115,Expired/past award,Amendment,https://www.patreasury.gov/openbookpa/e-library/Home/ContractView?id=228583,https://www.patreasury.gov/openbookpa/e-library/,,0,"{""AgencyName"":""Department of Human Services \""prior DPW\"","",""BeginDate"":"""",""ContractAmount"":-245000.0,""ContractID"":228583,""ContractNumber"":""4000016769 FA 4-15-2013"",""CreatedById"":4545,""CreatedOn"":""/Date(1366054349627)/"",""DeletedById"":null,""DocName"":""Amendment"",""DocTypeIdFk"":1,""EndDate"":""12/31/2016"",""ExecutionDate"":""04/15/2013"",""IsDeleted"":false,""ModifiedById"":4545,""ModifiedOn"":""/Date(1366054349627)/"",""ParentID"":219153,""PartyName"":"" Health Management Systems"",""RequestDate"":null,""SubjectMatter"":""program integrity retrospective review & recovery\r\n\r\nactual start date 01/01/2013\r\nFunding adjustment decrease $245,000.00"",""TotalCount"":37}",2026-07-27T20:00:37Z
pa-315377,PA,PA Treasury OpenBookPA Contracts e-Library,315377,312301,amendment,Health Management Systems,Health Management,"Department of Human Services ""prior DPW""",4000015831 FA  6-18-2015,"Program Integrity Retrospective Review, Recovery and Data Exchange - Lot 1 contract Funding Adjustment 06/18/2015",650000,2015-06-18,,2016-05-31,-122,Expired/past award,Amendment,https://www.patreasury.gov/openbookpa/e-library/Home/ContractView?id=315377,https://www.patreasury.gov/openbookpa/e-library/,,0,"{""AgencyName"":""Department of Human Services \""prior DPW\"","",""BeginDate"":"""",""ContractAmount"":650000.0,""ContractID"":315377,""ContractNumber"":""4000015831 FA  6-18-2015"",""CreatedById"":4949,""CreatedOn"":""/Date(1434629746460)/"",""DeletedById"":null,""DocName"":""Amendment"",""DocTypeIdFk"":1,""EndDate"":""05/31/2016"",""ExecutionDate"":""06/18/2015"",""IsDeleted"":false,""ModifiedById"":4949,""ModifiedOn"":""/Date(1434629746460)/"",""ParentID"":312301,""PartyName"":"" Health Management Systems"",""RequestDate"":null,""SubjectMatter"":""Program Integrity Retrospective Review, Recovery and Data Exchange  - Lot 1 contract\r\n\r\nFunding Adjustment 06/18/2015"",""TotalCount"":37}",2026-07-27T20:00:37Z
pa-108120,PA,PA Treasury OpenBookPA Contracts e-Library,108120,69080,amendment,"HP Enterprise Services, LLP",HP Enterprise Services,"Department of Human Services ""prior DPW""",4000013930 CO 8-23-2010,Change Order-4000013930 electronic data systems contract from RFP 41-08 Acutal Change Date 08/23/2010,3653282,2010-08-23,,2015-10-31,-129,Expired/past award,Amendment,https://www.patreasury.gov/openbookpa/e-library/Home/ContractView?id=108120,https://www.patreasury.gov/openbookpa/e-library/,,0,"{""AgencyName"":""Department of Human Services \""prior DPW\"","",""BeginDate"":"""",""ContractAmount"":3653282.0,""ContractID"":108120,""ContractNumber"":""4000013930 CO 8-23-2010"",""CreatedById"":3336,""CreatedOn"":""/Date(1282581390610)/"",""DeletedById"":null,""DocName"":""Amendment"",""DocTypeIdFk"":1,""EndDate"":""10/31/2015"",""ExecutionDate"":""08/23/2010"",""IsDeleted"":false,""ModifiedById"":3336,""ModifiedOn"":""/Date(1282581390610)/"",""ParentID"":69080,""PartyName"":"" HP Enterprise Services, LLP"",""RequestDate"":null,""SubjectMatter"":""Change Order-4000013930 electronic data systems contract from RFP 41-08\r\n\r\nAcutal Change Date 08/23/2010"",""TotalCount"":4}",2026-07-27T20:00:49Z
pa-426109,PA,PA Treasury OpenBookPA Contracts e-Library,426109,424639,amendment,DXC Technology,DXC,"Department of Human Services ""prior DPW""",4000013930 FA 9-19-17,Funding Adjustment to encumber 17/18 funds,641663,2009-10-28,,2015-10-31,-129,Expired/past award,Amendment,https://www.patreasury.gov/openbookpa/e-library/Home/ContractView?id=426109,https://www.patreasury.gov/openbookpa/e-library/,,0,"{""AgencyName"":""Department of Human Services \""prior DPW\"","",""BeginDate"":"""",""ContractAmount"":641663.0,""ContractID"":426109,""ContractNumber"":""4000013930 FA 9-19-17"",""CreatedById"":4545,""CreatedOn"":""/Date(1505836337800)/"",""DeletedById"":null,""DocName"":""Amendment"",""DocTypeIdFk"":1,""EndDate"":""10/31/2015"",""ExecutionDate"":""10/28/2009"",""IsDeleted"":false,""ModifiedById"":4545,""ModifiedOn"":""/Date(1505836337800)/"",""ParentID"":424639,""PartyName"":"" Electronic Data Systems; DXC Technology"",""RequestDate"":null,""SubjectMatter"":""Funding Adjustment to encumber 17/18 funds"",""TotalCount"":3}",2026-07-27T20:00:16Z
pa-160278,PA,PA Treasury OpenBookPA Contracts e-Library,160278,108120,amendment,"HP Enterprise Services, LLP",HP Enterprise Services,"Department of Human Services ""prior DPW""",4000013930 FA 9-1-2011,Funding Adjustment 9-1-2011,-379725,2010-08-23,,2015-10-31,-129,Expired/past award,Amendment,https://www.patreasury.gov/openbookpa/e-library/Home/ContractView?id=160278,https://www.patreasury.gov/openbookpa/e-library/,,0,"{""AgencyName"":""Department of Human Services \""prior DPW\"","",""BeginDate"":"""",""ContractAmount"":-379725.38,""ContractID"":160278,""ContractNumber"":""4000013930 FA 9-1-2011"",""CreatedById"":3337,""CreatedOn"":""/Date(1314882159127)/"",""DeletedById"":null,""DocName"":""Amendment"",""DocTypeIdFk"":1,""EndDate"":""10/31/2015"",""ExecutionDate"":""08/23/2010"",""IsDeleted"":false,""ModifiedById"":3337,""ModifiedOn"":""/Date(1314882159127)/"",""ParentID"":108120,""PartyName"":"" HP Enterprise Services, LLP"",""RequestDate"":null,""SubjectMatter"":""Funding Adjustment 9-1-2011"",""TotalCount"":4}",2026-07-27T20:00:49Z
pa-171395,PA,PA Treasury OpenBookPA Contracts e-Library,171395,144003,amendment,Health Management Systems,Health Management,"Department of Human Services ""prior DPW""",4000015831 CR 12/20/11,"Program Integrity Retrospective Review, Recovery and Data Exchange Lot 3 contract",6200120,2011-05-25,,2015-05-31,-134,Expired/past award,Amendment,https://www.patreasury.gov/openbookpa/e-library/Home/ContractView?id=171395,https://www.patreasury.gov/openbookpa/e-library/,,0,"{""AgencyName"":""Department of Human Services \""prior DPW\"","",""BeginDate"":"""",""ContractAmount"":6200120.0,""ContractID"":171395,""ContractNumber"":""4000015831 CR 12/20/11"",""CreatedById"":3338,""CreatedOn"":""/Date(1324415279187)/"",""DeletedById"":null,""DocName"":""Amendment"",""DocTypeIdFk"":1,""EndDate"":""05/31/2015"",""ExecutionDate"":""05/25/2011"",""IsDeleted"":false,""ModifiedById"":3338,""ModifiedOn"":""/Date(1324415279187)/"",""ParentID"":144003,""PartyName"":"" Health Management Systems"",""RequestDate"":null,""SubjectMatter"":""Program Integrity Retrospective Review, Recovery and Data Exchange Lot 3 contract"",""TotalCount"":37}",2026-07-27T20:00:37Z
pa-191648,PA,PA Treasury OpenBookPA Contracts e-Library,191648,144003,amendment,Health Management Systems,Health Management,"Department of Human Services ""prior DPW""",4000015831 FA 5-25-2012,"Program Integrity Retrospective Review, Recovery and Data Exchange Lot 3 contract Funding Adjustment 5/25/2012",6200120,2011-05-25,,2015-05-31,-134,Expired/past award,Amendment,https://www.patreasury.gov/openbookpa/e-library/Home/ContractView?id=191648,https://www.patreasury.gov/openbookpa/e-library/,,0,"{""AgencyName"":""Department of Human Services \""prior DPW\"","",""BeginDate"":"""",""ContractAmount"":6200120.0,""ContractID"":191648,""ContractNumber"":""4000015831 FA 5-25-2012"",""CreatedById"":3336,""CreatedOn"":""/Date(1337968637877)/"",""DeletedById"":null,""DocName"":""Amendment"",""DocTypeIdFk"":1,""EndDate"":""05/31/2015"",""ExecutionDate"":""05/25/2011"",""IsDeleted"":false,""ModifiedById"":3336,""ModifiedOn"":""/Date(1337968637877)/"",""ParentID"":144003,""PartyName"":"" Health Management Systems"",""RequestDate"":null,""SubjectMatter"":""Program Integrity Retrospective Review, Recovery and Data Exchange Lot 3 contract\r\n\r\nFunding Adjustment 5/25/2012"",""TotalCount"":37}",2026-07-27T20:00:37Z
pa-218360,PA,PA Treasury OpenBookPA Contracts e-Library,218360,144003,amendment,Health Management Systems,Health Management,"Department of Human Services ""prior DPW""",4000015831 CO 1-2-2013,"Program Integrity Retrospective Review, Recovery and Data Exchange Lot 3 contract Change Order 01/02/2013",6200120,2011-05-25,,2015-05-31,-134,Expired/past award,Amendment,https://www.patreasury.gov/openbookpa/e-library/Home/ContractView?id=218360,https://www.patreasury.gov/openbookpa/e-library/,,0,"{""AgencyName"":""Department of Human Services \""prior DPW\"","",""BeginDate"":"""",""ContractAmount"":6200120.0,""ContractID"":218360,""ContractNumber"":""4000015831 CO 1-2-2013"",""CreatedById"":3336,""CreatedOn"":""/Date(1357137565827)/"",""DeletedById"":null,""DocName"":""Amendment"",""DocTypeIdFk"":1,""EndDate"":""05/31/2015"",""ExecutionDate"":""05/25/2011"",""IsDeleted"":false,""ModifiedById"":3336,""ModifiedOn"":""/Date(1357137565827)/"",""ParentID"":144003,""PartyName"":"" Health Management Systems"",""RequestDate"":null,""SubjectMatter"":""Program Integrity Retrospective Review, Recovery and Data Exchange Lot 3 contract\r\n\r\nChange Order 01/02/2013"",""TotalCount"":37}",2026-07-27T20:00:37Z
pa-238941,PA,PA Treasury OpenBookPA Contracts e-Library,238941,144003,amendment,Health Management Systems,Health Management,"Department of Human Services ""prior DPW""",4000015831 FA 7-8-2013,"Program Integrity Retrospective Review, Recovery and Data Exchange Lot 3 contract Funding Adjustment 07/08/2013",6200120,2011-05-25,,2015-05-31,-134,Expired/past award,Amendment,https://www.patreasury.gov/openbookpa/e-library/Home/ContractView?id=238941,https://www.patreasury.gov/openbookpa/e-library/,,0,"{""AgencyName"":""Department of Human Services \""prior DPW\"","",""BeginDate"":"""",""ContractAmount"":6200120.0,""ContractID"":238941,""ContractNumber"":""4000015831 FA 7-8-2013"",""CreatedById"":3336,""CreatedOn"":""/Date(1373305822297)/"",""DeletedById"":null,""DocName"":""Amendment"",""DocTypeIdFk"":1,""EndDate"":""05/31/2015"",""ExecutionDate"":""05/25/2011"",""IsDeleted"":false,""ModifiedById"":3336,""ModifiedOn"":""/Date(1373305822297)/"",""ParentID"":144003,""PartyName"":"" Health Management Systems"",""RequestDate"":null,""SubjectMatter"":""Program Integrity Retrospective Review, Recovery and Data Exchange Lot 3 contract\r\n\r\nFunding Adjustment 07/08/2013"",""TotalCount"":37}",2026-07-27T20:00:37Z
pa-277844,PA,PA Treasury OpenBookPA Contracts e-Library,277844,144003,amendment,Health Management Systems,Health Management,"Department of Human Services ""prior DPW""",4000015831 FA 6-30-2014,"Program Integrity Retrospective Review, Recovery and Data Exchange - Lot 1 contract Funding Adjustment 06/30/2014",6200120,2011-05-25,,2015-05-31,-134,Expired/past award,Amendment,https://www.patreasury.gov/openbookpa/e-library/Home/ContractView?id=277844,https://www.patreasury.gov/openbookpa/e-library/,,0,"{""AgencyName"":""Department of Human Services \""prior DPW\"","",""BeginDate"":"""",""ContractAmount"":6200120.0,""ContractID"":277844,""ContractNumber"":""4000015831 FA 6-30-2014"",""CreatedById"":3336,""CreatedOn"":""/Date(1404234290860)/"",""DeletedById"":null,""DocName"":""Amendment"",""DocTypeIdFk"":1,""EndDate"":""05/31/2015"",""ExecutionDate"":""05/25/2011"",""IsDeleted"":false,""ModifiedById"":3336,""ModifiedOn"":""/Date(1404234290860)/"",""ParentID"":144003,""PartyName"":"" Health Management Systems"",""RequestDate"":null,""SubjectMatter"":""Program Integrity Retrospective Review, Recovery and Data Exchange  - Lot 1 contract\r\n\r\nFunding Adjustment 06/30/2014"",""TotalCount"":37}",2026-07-27T20:00:37Z
pa-285328,PA,PA Treasury OpenBookPA Contracts e-Library,285328,144003,amendment,Health Management Systems,Health Management,"Department of Human Services ""prior DPW""",4000015831 FA 8-20-2014,"Program Integrity Retrospective Review, Recovery and Data Exchange - Lot 1 contract Funding Adjustment 08/20/2014",6200120,2011-05-25,,2015-05-31,-134,Expired/past award,Amendment,https://www.patreasury.gov/openbookpa/e-library/Home/ContractView?id=285328,https://www.patreasury.gov/openbookpa/e-library/,,0,"{""AgencyName"":""Department of Human Services \""prior DPW\"","",""BeginDate"":"""",""ContractAmount"":6200120.0,""ContractID"":285328,""ContractNumber"":""4000015831 FA 8-20-2014"",""CreatedById"":3336,""CreatedOn"":""/Date(1408553771843)/"",""DeletedById"":null,""DocName"":""Amendment"",""DocTypeIdFk"":1,""EndDate"":""05/31/2015"",""ExecutionDate"":""05/25/2011"",""IsDeleted"":false,""ModifiedById"":3336,""ModifiedOn"":""/Date(1408553771843)/"",""ParentID"":144003,""PartyName"":"" Health Management Systems"",""RequestDate"":null,""SubjectMatter"":""Program Integrity Retrospective Review, Recovery and Data Exchange  - Lot 1 contract\r\n\r\nFunding  Adjustment 08/20/2014"",""TotalCount"":37}",2026-07-27T20:00:37Z
pa-312301,PA,PA Treasury OpenBookPA Contracts e-Library,312301,144003,amendment,Health Management Systems,Health Management,"Department of Human Services ""prior DPW""",4000015831 Fa 5-20-2015,"Program Integrity Retrospective Review, Recovery and Data Exchange - Lot 1 contract Funding Adjustment 05/20/2015",6200120,2011-05-25,,2015-05-31,-134,Expired/past award,Amendment,https://www.patreasury.gov/openbookpa/e-library/Home/ContractView?id=312301,https://www.patreasury.gov/openbookpa/e-library/,,0,"{""AgencyName"":""Department of Human Services \""prior DPW\"","",""BeginDate"":"""",""ContractAmount"":6200120.0,""ContractID"":312301,""ContractNumber"":""4000015831 Fa 5-20-2015"",""CreatedById"":3336,""CreatedOn"":""/Date(1432135741367)/"",""DeletedById"":null,""DocName"":""Amendment"",""DocTypeIdFk"":1,""EndDate"":""05/31/2015"",""ExecutionDate"":""05/25/2011"",""IsDeleted"":false,""ModifiedById"":3336,""ModifiedOn"":""/Date(1432135741367)/"",""ParentID"":144003,""PartyName"":"" Health Management Systems"",""RequestDate"":null,""SubjectMatter"":""Program Integrity Retrospective Review, Recovery and Data Exchange  - Lot 1 contract\r\n\r\nFunding Adjustment 05/20/2015"",""TotalCount"":37}",2026-07-27T20:00:37Z
pa-325815,PA,PA Treasury OpenBookPA Contracts e-Library,325815,144003,amendment,Health Management Systems,Health Management,"Department of Human Services ""prior DPW""",4000015831 FA 9-9-2015,"Program Integrity Retrospective Review, Recovery and Data Exchange - Lot 1 contract Funding Adjustment 09/09/2015",6200120,2011-05-25,,2015-05-31,-134,Expired/past award,Amendment,https://www.patreasury.gov/openbookpa/e-library/Home/ContractView?id=325815,https://www.patreasury.gov/openbookpa/e-library/,,0,"{""AgencyName"":""Department of Human Services \""prior DPW\"","",""BeginDate"":"""",""ContractAmount"":6200120.0,""ContractID"":325815,""ContractNumber"":""4000015831 FA 9-9-2015"",""CreatedById"":3336,""CreatedOn"":""/Date(1441811720597)/"",""DeletedById"":null,""DocName"":""Amendment"",""DocTypeIdFk"":1,""EndDate"":""05/31/2015"",""ExecutionDate"":""05/25/2011"",""IsDeleted"":false,""ModifiedById"":3336,""ModifiedOn"":""/Date(1441811720597)/"",""ParentID"":144003,""PartyName"":"" Health Management Systems"",""RequestDate"":null,""SubjectMatter"":""Program Integrity Retrospective Review, Recovery and Data Exchange  - Lot 1 contract\r\n\r\nFunding Adjustment 09/09/2015"",""TotalCount"":37}",2026-07-27T20:00:37Z
pa-498676,PA,PA Treasury OpenBookPA Contracts e-Library,498676,171395,amendment,Health Management Systems,Health Management,"Department of Human Services ""prior DPW""",4000015831 Ext 5-30-19,"3 Month Extension 6-1-19 to 8-31-19 Program Integrity Retrospective Review, Recovery and Data Exchange Lot 3 contract",6200120,2011-05-25,,2015-05-31,-134,Expired/past award,Amendment,https://www.patreasury.gov/openbookpa/e-library/Home/ContractView?id=498676,https://www.patreasury.gov/openbookpa/e-library/,,0,"{""AgencyName"":""Department of Human Services \""prior DPW\"","",""BeginDate"":"""",""ContractAmount"":6200120.0,""ContractID"":498676,""ContractNumber"":""4000015831 Ext 5-30-19"",""CreatedById"":3337,""CreatedOn"":""/Date(1559227731237)/"",""DeletedById"":null,""DocName"":""Amendment"",""DocTypeIdFk"":1,""EndDate"":""05/31/2015"",""ExecutionDate"":""05/25/2011"",""IsDeleted"":false,""ModifiedById"":3337,""ModifiedOn"":""/Date(1559227731237)/"",""ParentID"":171395,""PartyName"":"" Health Management Systems"",""RequestDate"":null,""SubjectMatter"":""3 Month Extension 6-1-19 to 8-31-19 \r\nProgram Integrity Retrospective Review, Recovery and Data Exchange Lot 3 contract"",""TotalCount"":37}",2026-07-27T20:00:37Z
pa-362717,PA,PA Treasury OpenBookPA Contracts e-Library,362717,144003,amendment,Health Management Systems,Health Management,"Department of Human Services ""prior DPW""",4000015831 FA 6-28-2016,Funding Adjustment,3637500,2011-05-25,,2015-05-31,-134,Expired/past award,Amendment,https://www.patreasury.gov/openbookpa/e-library/Home/ContractView?id=362717,https://www.patreasury.gov/openbookpa/e-library/,,0,"{""AgencyName"":""Department of Human Services \""prior DPW\"","",""BeginDate"":"""",""ContractAmount"":3637500.0,""ContractID"":362717,""ContractNumber"":""4000015831 FA 6-28-2016"",""CreatedById"":3337,""CreatedOn"":""/Date(1467144323327)/"",""DeletedById"":null,""DocName"":""Amendment"",""DocTypeIdFk"":1,""EndDate"":""05/31/2015"",""ExecutionDate"":""05/25/2011"",""IsDeleted"":false,""ModifiedById"":3337,""ModifiedOn"":""/Date(1467144323327)/"",""ParentID"":144003,""PartyName"":"" Health Management Systems"",""RequestDate"":null,""SubjectMatter"":""Funding Adjustment "",""TotalCount"":37}",2026-07-27T20:00:37Z
pa-289422,PA,PA Treasury OpenBookPA Contracts e-Library,289422,144003,amendment,Health Management Systems,Health Management,"Department of Human Services ""prior DPW""",4000015831 FA 9-29-2014,Funding Adjustment increase,3350000,2011-05-25,,2015-05-31,-134,Expired/past award,Amendment,https://www.patreasury.gov/openbookpa/e-library/Home/ContractView?id=289422,https://www.patreasury.gov/openbookpa/e-library/,,0,"{""AgencyName"":""Department of Human Services \""prior DPW\"","",""BeginDate"":"""",""ContractAmount"":3350000.0,""ContractID"":289422,""ContractNumber"":""4000015831 FA 9-29-2014"",""CreatedById"":3337,""CreatedOn"":""/Date(1412015729657)/"",""DeletedById"":null,""DocName"":""Amendment"",""DocTypeIdFk"":1,""EndDate"":""05/31/2015"",""ExecutionDate"":""05/25/2011"",""IsDeleted"":false,""ModifiedById"":3337,""ModifiedOn"":""/Date(1412015729657)/"",""ParentID"":144003,""PartyName"":"" Health Management Systems"",""RequestDate"":null,""SubjectMatter"":""Funding Adjustment increase"",""TotalCount"":37}",2026-07-27T20:00:37Z
pa-213130,PA,PA Treasury OpenBookPA Contracts e-Library,213130,144003,amendment,Health Management Systems,Health Management,"Department of Human Services ""prior DPW""",4000015831 FA 11-7-2012,Funding Adjustment,3093000,2012-11-07,,2015-05-31,-134,Expired/past award,Amendment,https://www.patreasury.gov/openbookpa/e-library/Home/ContractView?id=213130,https://www.patreasury.gov/openbookpa/e-library/,,0,"{""AgencyName"":""Department of Human Services \""prior DPW\"","",""BeginDate"":"""",""ContractAmount"":3093000.0,""ContractID"":213130,""ContractNumber"":""4000015831 FA 11-7-2012"",""CreatedById"":3337,""CreatedOn"":""/Date(1352296467280)/"",""DeletedById"":null,""DocName"":""Amendment"",""DocTypeIdFk"":1,""EndDate"":""05/31/2015"",""ExecutionDate"":""11/07/2012"",""IsDeleted"":false,""ModifiedById"":3337,""ModifiedOn"":""/Date(1352296467280)/"",""ParentID"":144003,""PartyName"":"" Health Management Systems"",""RequestDate"":null,""SubjectMatter"":""Funding Adjustment"",""TotalCount"":37}",2026-07-27T20:00:37Z
pa-424589,PA,PA Treasury OpenBookPA Contracts e-Library,424589,144003,amendment,Health Management Systems,Health Management,"Department of Human Services ""prior DPW""",4000015831 FA 9-1-17,Funding Adjustment,2898500,2017-09-01,,2015-05-31,-134,Expired/past award,Amendment,https://www.patreasury.gov/openbookpa/e-library/Home/ContractView?id=424589,https://www.patreasury.gov/openbookpa/e-library/,,0,"{""AgencyName"":""Department of Human Services \""prior DPW\"","",""BeginDate"":"""",""ContractAmount"":2898500.0,""ContractID"":424589,""ContractNumber"":""4000015831 FA 9-1-17"",""CreatedById"":5163,""CreatedOn"":""/Date(1504267225247)/"",""DeletedById"":null,""DocName"":""Amendment"",""DocTypeIdFk"":1,""EndDate"":""05/31/2015"",""ExecutionDate"":""09/01/2017"",""IsDeleted"":false,""ModifiedById"":5163,""ModifiedOn"":""/Date(1504267225247)/"",""ParentID"":144003,""PartyName"":"" Health Management Systems"",""RequestDate"":null,""SubjectMatter"":""Funding Adjustment"",""TotalCount"":37}",2026-07-27T20:00:37Z
pa-453185,PA,PA Treasury OpenBookPA Contracts e-Library,453185,144003,amendment,Health Management Systems,Health Management,"Department of Human Services ""prior DPW""",4000015831 FA 7-17-18,Funding Adjustment,2898500,2018-07-17,,2015-05-31,-134,Expired/past award,Amendment,https://www.patreasury.gov/openbookpa/e-library/Home/ContractView?id=453185,https://www.patreasury.gov/openbookpa/e-library/,,0,"{""AgencyName"":""Department of Human Services \""prior DPW\"","",""BeginDate"":"""",""ContractAmount"":2898500.0,""ContractID"":453185,""ContractNumber"":""4000015831 FA 7-17-18"",""CreatedById"":5163,""CreatedOn"":""/Date(1531852346357)/"",""DeletedById"":null,""DocName"":""Amendment"",""DocTypeIdFk"":1,""EndDate"":""05/31/2015"",""ExecutionDate"":""07/17/2018"",""IsDeleted"":false,""ModifiedById"":5163,""ModifiedOn"":""/Date(1531852346357)/"",""ParentID"":144003,""PartyName"":"" Health Management Systems"",""RequestDate"":null,""SubjectMatter"":""Funding Adjustment"",""TotalCount"":37}",2026-07-27T20:00:37Z
pa-310364,PA,PA Treasury OpenBookPA Contracts e-Library,310364,144003,amendment,Health Management Systems,Health Management,"Department of Human Services ""prior DPW""",4000015831 RNEW 5-1-2015,Renewal Term: 6-1-2015 to 5-31-2017,2483000,2011-05-25,,2015-05-31,-134,Expired/past award,Amendment,https://www.patreasury.gov/openbookpa/e-library/Home/ContractView?id=310364,https://www.patreasury.gov/openbookpa/e-library/,,0,"{""AgencyName"":""Department of Human Services \""prior DPW\"","",""BeginDate"":"""",""ContractAmount"":2483000.0,""ContractID"":310364,""ContractNumber"":""4000015831 RNEW 5-1-2015"",""CreatedById"":3337,""CreatedOn"":""/Date(1430488738103)/"",""DeletedById"":null,""DocName"":""Amendment"",""DocTypeIdFk"":1,""EndDate"":""05/31/2015"",""ExecutionDate"":""05/25/2011"",""IsDeleted"":false,""ModifiedById"":3337,""ModifiedOn"":""/Date(1430488738103)/"",""ParentID"":144003,""PartyName"":"" Health Management Systems"",""RequestDate"":null,""SubjectMatter"":""Renewal\r\nTerm: 6-1-2015 to 5-31-2017"",""TotalCount"":37}",2026-07-27T20:00:37Z
pa-408180,PA,PA Treasury OpenBookPA Contracts e-Library,408180,144003,amendment,Health Management Systems,Health Management,"Department of Human Services ""prior DPW""",4000015831 RNEW 5-9-17,Renewal 06/01/2017-05/31/2019,2483000,2017-05-09,,2015-05-31,-134,Expired/past award,Amendment,https://www.patreasury.gov/openbookpa/e-library/Home/ContractView?id=408180,https://www.patreasury.gov/openbookpa/e-library/,,0,"{""AgencyName"":""Department of Human Services \""prior DPW\"","",""BeginDate"":"""",""ContractAmount"":2483000.0,""ContractID"":408180,""ContractNumber"":""4000015831 RNEW 5-9-17"",""CreatedById"":5163,""CreatedOn"":""/Date(1494357132160)/"",""DeletedById"":null,""DocName"":""Amendment"",""DocTypeIdFk"":1,""EndDate"":""05/31/2015"",""ExecutionDate"":""05/09/2017"",""IsDeleted"":false,""ModifiedById"":5163,""ModifiedOn"":""/Date(1494357132160)/"",""ParentID"":144003,""PartyName"":"" Health Management Systems"",""RequestDate"":null,""SubjectMatter"":""Renewal 06/01/2017-05/31/2019"",""TotalCount"":37}",2026-07-27T20:00:37Z
pa-514948,PA,PA Treasury OpenBookPA Contracts e-Library,514948,144003,amendment,Health Management Systems,Health Management,"Department of Human Services ""prior DPW""",4000015831 fa 9/6/19,"Program Integrity Retrospective Review, Recovery and Data Exchange - Lot 1 contract FA 9/6/19",600000,2019-09-06,,2015-05-31,-134,Expired/past award,Amendment,https://www.patreasury.gov/openbookpa/e-library/Home/ContractView?id=514948,https://www.patreasury.gov/openbookpa/e-library/,,0,"{""AgencyName"":""Department of Human Services \""prior DPW\"","",""BeginDate"":"""",""ContractAmount"":600000.0,""ContractID"":514948,""ContractNumber"":""4000015831 fa 9/6/19"",""CreatedById"":5455,""CreatedOn"":""/Date(1567789734277)/"",""DeletedById"":null,""DocName"":""Amendment"",""DocTypeIdFk"":1,""EndDate"":""05/31/2015"",""ExecutionDate"":""09/06/2019"",""IsDeleted"":false,""ModifiedById"":5455,""ModifiedOn"":""/Date(1567789734277)/"",""ParentID"":144003,""PartyName"":"" Health Management Systems"",""RequestDate"":null,""SubjectMatter"":""Program Integrity Retrospective Review, Recovery and Data Exchange  - Lot 1 contract\r\nFA 9/6/19"",""TotalCount"":37}",2026-07-27T20:00:37Z
pa-614733,PA,PA Treasury OpenBookPA Contracts e-Library,614733,144003,amendment,Health Management Systems,Health Management,"Department of Human Services ""prior DPW""",4000015831 fa 7/26/21,"Program Integrity Retrospective Review, Recovery and Data Exchange - Lot 1 contract",248933,2021-07-26,,2015-05-31,-134,Expired/past award,Amendment,https://www.patreasury.gov/openbookpa/e-library/Home/ContractView?id=614733,https://www.patreasury.gov/openbookpa/e-library/,,0,"{""AgencyName"":""Department of Human Services \""prior DPW\"","",""BeginDate"":"""",""ContractAmount"":248933.8,""ContractID"":614733,""ContractNumber"":""4000015831 fa 7/26/21"",""CreatedById"":5455,""CreatedOn"":""/Date(1627301246010)/"",""DeletedById"":null,""DocName"":""Amendment"",""DocTypeIdFk"":1,""EndDate"":""05/31/2015"",""ExecutionDate"":""07/26/2021"",""IsDeleted"":false,""ModifiedById"":5455,""ModifiedOn"":""/Date(1627301246010)/"",""ParentID"":144003,""PartyName"":"" Health Management Systems"",""RequestDate"":null,""SubjectMatter"":""Program Integrity Retrospective Review, Recovery and Data Exchange  - Lot 1 contract"",""TotalCount"":37}",2026-07-27T20:00:37Z
pa-352581,PA,PA Treasury OpenBookPA Contracts e-Library,352581,144003,amendment,Health Management Systems,Health Management,"Department of Human Services ""prior DPW""",4000015831 FA 4-25-2016,"Program Integrity Retrospective Review, Recovery and Data Exchange - Lot 1 contract",215506,2011-05-25,,2015-05-31,-134,Expired/past award,Amendment,https://www.patreasury.gov/openbookpa/e-library/Home/ContractView?id=352581,https://www.patreasury.gov/openbookpa/e-library/,,0,"{""AgencyName"":""Department of Human Services \""prior DPW\"","",""BeginDate"":"""",""ContractAmount"":215506.4,""ContractID"":352581,""ContractNumber"":""4000015831 FA 4-25-2016"",""CreatedById"":3331,""CreatedOn"":""/Date(1461605659187)/"",""DeletedById"":null,""DocName"":""Amendment"",""DocTypeIdFk"":1,""EndDate"":""05/31/2015"",""ExecutionDate"":""05/25/2011"",""IsDeleted"":false,""ModifiedById"":3331,""ModifiedOn"":""/Date(1461605659187)/"",""ParentID"":144003,""PartyName"":"" Health Management Systems"",""RequestDate"":null,""SubjectMatter"":""Program Integrity Retrospective Review, Recovery and Data Exchange  - Lot 1 contract"",""TotalCount"":37}",2026-07-27T20:00:37Z
pa-614005,PA,PA Treasury OpenBookPA Contracts e-Library,614005,144003,amendment,Health Management Systems,Health Management,"Department of Human Services ""prior DPW""",4000015831 FA 7/19/21,"Program Integrity Retrospective Review, Recovery and Data Exchange - Lot 1 contract",162933,2021-07-19,,2015-05-31,-134,Expired/past award,Amendment,https://www.patreasury.gov/openbookpa/e-library/Home/ContractView?id=614005,https://www.patreasury.gov/openbookpa/e-library/,,0,"{""AgencyName"":""Department of Human Services \""prior DPW\"","",""BeginDate"":"""",""ContractAmount"":162933.6,""ContractID"":614005,""ContractNumber"":""4000015831 FA 7/19/21"",""CreatedById"":5455,""CreatedOn"":""/Date(1626715819007)/"",""DeletedById"":null,""DocName"":""Amendment"",""DocTypeIdFk"":1,""EndDate"":""05/31/2015"",""ExecutionDate"":""07/19/2021"",""IsDeleted"":false,""ModifiedById"":5455,""ModifiedOn"":""/Date(1626715819007)/"",""ParentID"":144003,""PartyName"":"" Health Management Systems"",""RequestDate"":null,""SubjectMatter"":""Program Integrity Retrospective Review, Recovery and Data Exchange  - Lot 1 contract"",""TotalCount"":37}",2026-07-27T20:00:37Z
pa-288230,PA,PA Treasury OpenBookPA Contracts e-Library,288230,191648,amendment,Health Management Systems,Health Management,"Department of Human Services ""prior DPW""",4000015831 FA 9-18-2014,Funding Adjustment,150000,2011-05-25,,2015-05-31,-134,Expired/past award,Amendment,https://www.patreasury.gov/openbookpa/e-library/Home/ContractView?id=288230,https://www.patreasury.gov/openbookpa/e-library/,,0,"{""AgencyName"":""Department of Human Services \""prior DPW\"","",""BeginDate"":"""",""ContractAmount"":150000.0,""ContractID"":288230,""ContractNumber"":""4000015831 FA 9-18-2014"",""CreatedById"":3337,""CreatedOn"":""/Date(1411053025983)/"",""DeletedById"":null,""DocName"":""Amendment"",""DocTypeIdFk"":1,""EndDate"":""05/31/2015"",""ExecutionDate"":""05/25/2011"",""IsDeleted"":false,""ModifiedById"":3337,""ModifiedOn"":""/Date(1411053025983)/"",""ParentID"":191648,""PartyName"":"" Health Management Systems"",""RequestDate"":null,""SubjectMatter"":""Funding Adjustment"",""TotalCount"":37}",2026-07-27T20:00:37Z
pa-456679,PA,PA Treasury OpenBookPA Contracts e-Library,456679,144003,amendment,Health Management Systems,Health Management,"Department of Human Services ""prior DPW""",4000015831 FA 8-22-18,Funding Adjustment,-220547,2018-08-22,,2015-05-31,-134,Expired/past award,Amendment,https://www.patreasury.gov/openbookpa/e-library/Home/ContractView?id=456679,https://www.patreasury.gov/openbookpa/e-library/,,0,"{""AgencyName"":""Department of Human Services \""prior DPW\"","",""BeginDate"":"""",""ContractAmount"":-220547.64,""ContractID"":456679,""ContractNumber"":""4000015831 FA 8-22-18"",""CreatedById"":3337,""CreatedOn"":""/Date(1534962078217)/"",""DeletedById"":null,""DocName"":""Amendment"",""DocTypeIdFk"":1,""EndDate"":""05/31/2015"",""ExecutionDate"":""08/22/2018"",""IsDeleted"":false,""ModifiedById"":3337,""ModifiedOn"":""/Date(1534962078217)/"",""ParentID"":144003,""PartyName"":"" Health Management Systems"",""RequestDate"":null,""SubjectMatter"":""Funding Adjustment "",""TotalCount"":37}",2026-07-27T20:00:37Z
pa-272629,PA,PA Treasury OpenBookPA Contracts e-Library,272629,144003,amendment,Health Management Systems,Health Management,"Department of Human Services ""prior DPW""",4000015831 FA 5-22-2014,Funding Adjustment,-615000,2011-05-25,,2015-05-31,-134,Expired/past award,Amendment,https://www.patreasury.gov/openbookpa/e-library/Home/ContractView?id=272629,https://www.patreasury.gov/openbookpa/e-library/,,0,"{""AgencyName"":""Department of Human Services \""prior DPW\"","",""BeginDate"":"""",""ContractAmount"":-615000.0,""ContractID"":272629,""ContractNumber"":""4000015831 FA 5-22-2014"",""CreatedById"":3337,""CreatedOn"":""/Date(1400770114343)/"",""DeletedById"":null,""DocName"":""Amendment"",""DocTypeIdFk"":1,""EndDate"":""05/31/2015"",""ExecutionDate"":""05/25/2011"",""IsDeleted"":false,""ModifiedById"":3337,""ModifiedOn"":""/Date(1400770114343)/"",""ParentID"":144003,""PartyName"":"" Health Management Systems"",""RequestDate"":null,""SubjectMatter"":""Funding Adjustment"",""TotalCount"":37}",2026-07-27T20:00:37Z
pa-383899,PA,PA Treasury OpenBookPA Contracts e-Library,383899,144003,amendment,Health Management Systems,Health Management,"Department of Human Services ""prior DPW""",4000015831 FA 11-2-2016,Funding Adjustment,-739000,2016-11-02,,2015-05-31,-134,Expired/past award,Amendment,https://www.patreasury.gov/openbookpa/e-library/Home/ContractView?id=383899,https://www.patreasury.gov/openbookpa/e-library/,,0,"{""AgencyName"":""Department of Human Services \""prior DPW\"","",""BeginDate"":"""",""ContractAmount"":-739000.0,""ContractID"":383899,""ContractNumber"":""4000015831 FA 11-2-2016"",""CreatedById"":5163,""CreatedOn"":""/Date(1478117396020)/"",""DeletedById"":null,""DocName"":""Amendment"",""DocTypeIdFk"":1,""EndDate"":""05/31/2015"",""ExecutionDate"":""11/02/2016"",""IsDeleted"":false,""ModifiedById"":5163,""ModifiedOn"":""/Date(1478117396020)/"",""ParentID"":144003,""PartyName"":"" Health Management Systems"",""RequestDate"":null,""SubjectMatter"":""Funding Adjustment"",""TotalCount"":37}",2026-07-27T20:00:37Z
pa-291514,PA,PA Treasury OpenBookPA Contracts e-Library,291514,289422,amendment,Health Management Systems,Health Management,"Department of Human Services ""prior DPW""",4000015831 FA 10-22-2014,Funding Adjustment increase,-775000,2014-10-22,,2015-05-31,-134,Expired/past award,Amendment,https://www.patreasury.gov/openbookpa/e-library/Home/ContractView?id=291514,https://www.patreasury.gov/openbookpa/e-library/,,0,"{""AgencyName"":""Department of Human Services \""prior DPW\"","",""BeginDate"":"""",""ContractAmount"":-775000.0,""ContractID"":291514,""ContractNumber"":""4000015831 FA 10-22-2014"",""CreatedById"":4545,""CreatedOn"":""/Date(1413988369517)/"",""DeletedById"":null,""DocName"":""Amendment"",""DocTypeIdFk"":1,""EndDate"":""05/31/2015"",""ExecutionDate"":""10/22/2014"",""IsDeleted"":false,""ModifiedById"":4545,""ModifiedOn"":""/Date(1413988369517)/"",""ParentID"":289422,""PartyName"":"" Health Management Systems"",""RequestDate"":null,""SubjectMatter"":""Funding Adjustment increase"",""TotalCount"":37}",2026-07-27T20:00:37Z
pa-620271,PA,PA Treasury OpenBookPA Contracts e-Library,620271,582338,amendment,DXC MS LLC,DXC,"Department of Human Services ""prior DPW""",4000022569 FA 9-1-21,"Change Order Increase $7,737,983.42",7737983,2020-12-03,,,,Unknown end date,Amendment,https://www.patreasury.gov/openbookpa/e-library/Home/ContractView?id=620271,https://www.patreasury.gov/openbookpa/e-library/,,0,"{""AgencyName"":""Department of Human Services \""prior DPW\"","",""BeginDate"":"""",""ContractAmount"":7737983.42,""ContractID"":620271,""ContractNumber"":""4000022569 FA 9-1-21"",""CreatedById"":3337,""CreatedOn"":""/Date(1630691073110)/"",""DeletedById"":null,""DocName"":""Amendment"",""DocTypeIdFk"":1,""EndDate"":null,""ExecutionDate"":""12/03/2020"",""IsDeleted"":false,""ModifiedById"":3337,""ModifiedOn"":""/Date(1630691073110)/"",""ParentID"":582338,""PartyName"":"" DXC MS LLC"",""RequestDate"":null,""SubjectMatter"":""Change Order Increase $7,737,983.42"",""TotalCount"":26}",2026-07-27T20:00:19Z
pa-610171,PA,PA Treasury OpenBookPA Contracts e-Library,610171,582338,amendment,DXC MS LLC,DXC,"Department of Human Services ""prior DPW""",4000022569 FA 6-14-21,Funding Adjustment Increase,3429716,2020-12-03,,,,Unknown end date,Amendment,https://www.patreasury.gov/openbookpa/e-library/Home/ContractView?id=610171,https://www.patreasury.gov/openbookpa/e-library/,,0,"{""AgencyName"":""Department of Human Services \""prior DPW\"","",""BeginDate"":"""",""ContractAmount"":3429716.37,""ContractID"":610171,""ContractNumber"":""4000022569 FA 6-14-21"",""CreatedById"":3337,""CreatedOn"":""/Date(1623696284720)/"",""DeletedById"":null,""DocName"":""Amendment"",""DocTypeIdFk"":1,""EndDate"":null,""ExecutionDate"":""12/03/2020"",""IsDeleted"":false,""ModifiedById"":3337,""ModifiedOn"":""/Date(1623696284720)/"",""ParentID"":582338,""PartyName"":"" DXC MS LLC"",""RequestDate"":null,""SubjectMatter"":""Funding Adjustment Increase "",""TotalCount"":26}",2026-07-27T20:00:19Z
pa-629014,PA,PA Treasury OpenBookPA Contracts e-Library,629014,582338,amendment,DXC MS LLC,DXC,"Department of Human Services ""prior DPW""",4000022569 FA 11-18-21,Funding Adjustment Increase,1687826,2020-12-03,,,,Unknown end date,Amendment,https://www.patreasury.gov/openbookpa/e-library/Home/ContractView?id=629014,https://www.patreasury.gov/openbookpa/e-library/,,0,"{""AgencyName"":""Department of Human Services \""prior DPW\"","",""BeginDate"":"""",""ContractAmount"":1687826.27,""ContractID"":629014,""ContractNumber"":""4000022569 FA 11-18-21"",""CreatedById"":3337,""CreatedOn"":""/Date(1637241936550)/"",""DeletedById"":null,""DocName"":""Amendment"",""DocTypeIdFk"":1,""EndDate"":null,""ExecutionDate"":""12/03/2020"",""IsDeleted"":false,""ModifiedById"":3337,""ModifiedOn"":""/Date(1637241936550)/"",""ParentID"":582338,""PartyName"":"" DXC MS LLC"",""RequestDate"":null,""SubjectMatter"":""Funding Adjustment Increase"",""TotalCount"":26}",2026-07-27T20:00:19Z
pa-621065,PA,PA Treasury OpenBookPA Contracts e-Library,621065,620271,amendment,DXC MS LLC,DXC,"Department of Human Services ""prior DPW""",4000022569  FA 9-13-2021,Funding Adjustment,1020000,2021-09-13,,,,Unknown end date,Amendment,https://www.patreasury.gov/openbookpa/e-library/Home/ContractView?id=621065,https://www.patreasury.gov/openbookpa/e-library/,,0,"{""AgencyName"":""Department of Human Services \""prior DPW\"","",""BeginDate"":"""",""ContractAmount"":1020000.0,""ContractID"":621065,""ContractNumber"":""4000022569  FA 9-13-2021"",""CreatedById"":4949,""CreatedOn"":""/Date(1631549042517)/"",""DeletedById"":null,""DocName"":""Amendment"",""DocTypeIdFk"":1,""EndDate"":null,""ExecutionDate"":""09/13/2021"",""IsDeleted"":false,""ModifiedById"":4949,""ModifiedOn"":""/Date(1631549042517)/"",""ParentID"":620271,""PartyName"":"" DXC MS LLC"",""RequestDate"":null,""SubjectMatter"":""Funding Adjustment"",""TotalCount"":26}",2026-07-27T20:00:19Z
pa-633172,PA,PA Treasury OpenBookPA Contracts e-Library,633172,582338,amendment,DXC MS LLC,DXC,"Department of Human Services ""prior DPW""",4000022569 FA 12-27-21,Funding Adjustment Increase - 12-27-21,500000,2020-12-03,,,,Unknown end date,Amendment,https://www.patreasury.gov/openbookpa/e-library/Home/ContractView?id=633172,https://www.patreasury.gov/openbookpa/e-library/,,0,"{""AgencyName"":""Department of Human Services \""prior DPW\"","",""BeginDate"":"""",""ContractAmount"":500000.0,""ContractID"":633172,""ContractNumber"":""4000022569 FA 12-27-21"",""CreatedById"":3337,""CreatedOn"":""/Date(1640630198820)/"",""DeletedById"":null,""DocName"":""Amendment"",""DocTypeIdFk"":1,""EndDate"":null,""ExecutionDate"":""12/03/2020"",""IsDeleted"":false,""ModifiedById"":3337,""ModifiedOn"":""/Date(1640630198820)/"",""ParentID"":582338,""PartyName"":"" DXC MS LLC"",""RequestDate"":null,""SubjectMatter"":""Funding Adjustment Increase - 12-27-21"",""TotalCount"":26}",2026-07-27T20:00:19Z
pa-641454,PA,PA Treasury OpenBookPA Contracts e-Library,641454,582338,amendment,DXC MS LLC,DXC,"Department of Human Services ""prior DPW""",4000022569 FA  2-2-22,"Funding Adjustment Increase $456,219.50",456219,2020-12-03,,,,Unknown end date,Amendment,https://www.patreasury.gov/openbookpa/e-library/Home/ContractView?id=641454,https://www.patreasury.gov/openbookpa/e-library/,,0,"{""AgencyName"":""Department of Human Services \""prior DPW\"","",""BeginDate"":"""",""ContractAmount"":456219.0,""ContractID"":641454,""ContractNumber"":""4000022569 FA  2-2-22"",""CreatedById"":3337,""CreatedOn"":""/Date(1645552032367)/"",""DeletedById"":null,""DocName"":""Amendment"",""DocTypeIdFk"":1,""EndDate"":null,""ExecutionDate"":""12/03/2020"",""IsDeleted"":false,""ModifiedById"":3337,""ModifiedOn"":""/Date(1645552032367)/"",""ParentID"":582338,""PartyName"":"" DXC MS LLC"",""RequestDate"":null,""SubjectMatter"":""Funding Adjustment Increase $456,219.50"",""TotalCount"":26}",2026-07-27T20:00:19Z
pa-629853,PA,PA Treasury OpenBookPA Contracts e-Library,629853,582338,amendment,DXC MS LLC,DXC,"Department of Human Services ""prior DPW""",4000022569 FA 11-29-21,"Funding Adjustment Increase $404,856.00",404856,2021-11-29,,,,Unknown end date,Amendment,https://www.patreasury.gov/openbookpa/e-library/Home/ContractView?id=629853,https://www.patreasury.gov/openbookpa/e-library/,,0,"{""AgencyName"":""Department of Human Services \""prior DPW\"","",""BeginDate"":"""",""ContractAmount"":404856.0,""ContractID"":629853,""ContractNumber"":""4000022569 FA 11-29-21"",""CreatedById"":3337,""CreatedOn"":""/Date(1638210908153)/"",""DeletedById"":null,""DocName"":""Amendment"",""DocTypeIdFk"":1,""EndDate"":null,""ExecutionDate"":""11/29/2021"",""IsDeleted"":false,""ModifiedById"":3337,""ModifiedOn"":""/Date(1638210908153)/"",""ParentID"":582338,""PartyName"":"" DXC MS LLC"",""RequestDate"":null,""SubjectMatter"":""Funding Adjustment Increase $404,856.00"",""TotalCount"":26}",2026-07-27T20:00:19Z
pa-582338,PA,PA Treasury OpenBookPA Contracts e-Library,582338,582338,amendment,DXC MS LLC,DXC,"Department of Human Services ""prior DPW""",4000022569 FA 12-3-20,"Change Order Increase $340,267",340267,2020-12-03,,,,Unknown end date,Amendment (Contract),https://www.patreasury.gov/openbookpa/e-library/Home/ContractView?id=582338,https://www.patreasury.gov/openbookpa/e-library/,,0,"{""AgencyName"":""Department of Human Services \""prior DPW\"","",""BeginDate"":"""",""ContractAmount"":340267.0,""ContractID"":582338,""ContractNumber"":""4000022569 FA 12-3-20"",""CreatedById"":3337,""CreatedOn"":""/Date(1607028045910)/"",""DeletedById"":null,""DocName"":""Contract"",""DocTypeIdFk"":1,""EndDate"":null,""ExecutionDate"":""12/03/2020"",""IsDeleted"":false,""ModifiedById"":3337,""ModifiedOn"":""/Date(1607028045910)/"",""ParentID"":null,""PartyName"":"" DXC MS LLC"",""RequestDate"":null,""SubjectMatter"":""Change Order Increase $340,267"",""TotalCount"":26}",2026-07-27T20:00:19Z
pa-620270,PA,PA Treasury OpenBookPA Contracts e-Library,620270,582338,amendment,DXC MS LLC,DXC,"Department of Human Services ""prior DPW""",4000022569 FA 9-3-21,"Funding Adjustment Increase $248,253.00",248253,2020-12-03,,,,Unknown end date,Amendment,https://www.patreasury.gov/openbookpa/e-library/Home/ContractView?id=620270,https://www.patreasury.gov/openbookpa/e-library/,,0,"{""AgencyName"":""Department of Human Services \""prior DPW\"","",""BeginDate"":"""",""ContractAmount"":248253.0,""ContractID"":620270,""ContractNumber"":""4000022569 FA 9-3-21"",""CreatedById"":3337,""CreatedOn"":""/Date(1630690518987)/"",""DeletedById"":null,""DocName"":""Amendment"",""DocTypeIdFk"":1,""EndDate"":null,""ExecutionDate"":""12/03/2020"",""IsDeleted"":false,""ModifiedById"":3337,""ModifiedOn"":""/Date(1630690628563)/"",""ParentID"":582338,""PartyName"":"" DXC MS LLC"",""RequestDate"":null,""SubjectMatter"":""Funding Adjustment Increase $248,253.00"",""TotalCount"":26}",2026-07-27T20:00:19Z
pa-625622,PA,PA Treasury OpenBookPA Contracts e-Library,625622,582338,amendment,DXC MS LLC,DXC,"Department of Human Services ""prior DPW""",4000022569 FA 10-27-21,Funding Adjustment Increase,224920,2020-12-03,,,,Unknown end date,Amendment,https://www.patreasury.gov/openbookpa/e-library/Home/ContractView?id=625622,https://www.patreasury.gov/openbookpa/e-library/,,0,"{""AgencyName"":""Department of Human Services \""prior DPW\"","",""BeginDate"":"""",""ContractAmount"":224920.0,""ContractID"":625622,""ContractNumber"":""4000022569 FA 10-27-21"",""CreatedById"":3337,""CreatedOn"":""/Date(1635353011490)/"",""DeletedById"":null,""DocName"":""Amendment"",""DocTypeIdFk"":1,""EndDate"":null,""ExecutionDate"":""12/03/2020"",""IsDeleted"":false,""ModifiedById"":3337,""ModifiedOn"":""/Date(1635353011490)/"",""ParentID"":582338,""PartyName"":"" DXC MS LLC"",""RequestDate"":null,""SubjectMatter"":""Funding Adjustment Increase"",""TotalCount"":26}",2026-07-27T20:00:19Z
pa-644852,PA,PA Treasury OpenBookPA Contracts e-Library,644852,582338,amendment,DXC MS LLC,DXC,"Department of Human Services ""prior DPW""",4000022569 CO5,Change Order 5,179936,2020-12-03,,,,Unknown end date,Amendment,https://www.patreasury.gov/openbookpa/e-library/Home/ContractView?id=644852,https://www.patreasury.gov/openbookpa/e-library/,,0,"{""AgencyName"":""Department of Human Services \""prior DPW\"","",""BeginDate"":"""",""ContractAmount"":179936.0,""ContractID"":644852,""ContractNumber"":""4000022569 CO5"",""CreatedById"":3337,""CreatedOn"":""/Date(1646768022217)/"",""DeletedById"":null,""DocName"":""Amendment"",""DocTypeIdFk"":1,""EndDate"":null,""ExecutionDate"":""12/03/2020"",""IsDeleted"":false,""ModifiedById"":3337,""ModifiedOn"":""/Date(1646768022217)/"",""ParentID"":582338,""PartyName"":"" DXC MS LLC"",""RequestDate"":null,""SubjectMatter"":""Change Order 5"",""TotalCount"":26}",2026-07-27T20:00:19Z
pa-632940,PA,PA Treasury OpenBookPA Contracts e-Library,632940,582338,amendment,DXC MS LLC,DXC,"Department of Human Services ""prior DPW""",4000022569 CO 2,Change Order,112460,2020-12-03,,,,Unknown end date,Amendment,https://www.patreasury.gov/openbookpa/e-library/Home/ContractView?id=632940,https://www.patreasury.gov/openbookpa/e-library/,,0,"{""AgencyName"":""Department of Human Services \""prior DPW\"","",""BeginDate"":"""",""ContractAmount"":112460.0,""ContractID"":632940,""ContractNumber"":""4000022569 CO 2"",""CreatedById"":3337,""CreatedOn"":""/Date(1640270403027)/"",""DeletedById"":null,""DocName"":""Amendment"",""DocTypeIdFk"":1,""EndDate"":null,""ExecutionDate"":""12/03/2020"",""IsDeleted"":false,""ModifiedById"":3337,""ModifiedOn"":""/Date(1640270403027)/"",""ParentID"":582338,""PartyName"":"" DXC MS LLC"",""RequestDate"":null,""SubjectMatter"":""Change Order "",""TotalCount"":26}",2026-07-27T20:00:19Z
pa-615031,PA,PA Treasury OpenBookPA Contracts e-Library,615031,582338,amendment,DXC MS LLC,DXC,"Department of Human Services ""prior DPW""",4000022569 7-26-21,Funding Adjustment Increase,23740,2020-12-03,,,,Unknown end date,Amendment,https://www.patreasury.gov/openbookpa/e-library/Home/ContractView?id=615031,https://www.patreasury.gov/openbookpa/e-library/,,0,"{""AgencyName"":""Department of Human Services \""prior DPW\"","",""BeginDate"":"""",""ContractAmount"":23740.0,""ContractID"":615031,""ContractNumber"":""4000022569 7-26-21"",""CreatedById"":3337,""CreatedOn"":""/Date(1627317385570)/"",""DeletedById"":null,""DocName"":""Amendment"",""DocTypeIdFk"":1,""EndDate"":null,""ExecutionDate"":""12/03/2020"",""IsDeleted"":false,""ModifiedById"":3337,""ModifiedOn"":""/Date(1627317385570)/"",""ParentID"":582338,""PartyName"":"" DXC MS LLC"",""RequestDate"":null,""SubjectMatter"":""Funding Adjustment Increase "",""TotalCount"":26}",2026-07-27T20:00:19Z
pa-627566,PA,PA Treasury OpenBookPA Contracts e-Library,627566,582338,amendment,DXC MS LLC,DXC,"Department of Human Services ""prior DPW""",4000022569 CO 9-16-21,Change Order - software enhancements,0,2020-12-03,,,,Unknown end date,Amendment,https://www.patreasury.gov/openbookpa/e-library/Home/ContractView?id=627566,https://www.patreasury.gov/openbookpa/e-library/,,0,"{""AgencyName"":""Department of Human Services \""prior DPW\"","",""BeginDate"":"""",""ContractAmount"":0.0,""ContractID"":627566,""ContractNumber"":""4000022569 CO 9-16-21"",""CreatedById"":3337,""CreatedOn"":""/Date(1636492873993)/"",""DeletedById"":null,""DocName"":""Amendment"",""DocTypeIdFk"":1,""EndDate"":null,""ExecutionDate"":""12/03/2020"",""IsDeleted"":false,""ModifiedById"":3337,""ModifiedOn"":""/Date(1636492873993)/"",""ParentID"":582338,""PartyName"":"" DXC MS LLC"",""RequestDate"":null,""SubjectMatter"":""Change Order - software enhancements "",""TotalCount"":26}",2026-07-27T20:00:19Z
pa-657870,PA,PA Treasury OpenBookPA Contracts e-Library,657870,582338,amendment,DXC MS LLC,DXC,"Department of Human Services ""prior DPW""",4000022569 AMND 7,Amendment #7,0,2020-12-03,,,,Unknown end date,Amendment,https://www.patreasury.gov/openbookpa/e-library/Home/ContractView?id=657870,https://www.patreasury.gov/openbookpa/e-library/,,0,"{""AgencyName"":""Department of Human Services \""prior DPW\"","",""BeginDate"":"""",""ContractAmount"":0.0,""ContractID"":657870,""ContractNumber"":""4000022569 AMND 7"",""CreatedById"":3337,""CreatedOn"":""/Date(1652715146417)/"",""DeletedById"":null,""DocName"":""Amendment"",""DocTypeIdFk"":1,""EndDate"":null,""ExecutionDate"":""12/03/2020"",""IsDeleted"":false,""ModifiedById"":3337,""ModifiedOn"":""/Date(1652715146417)/"",""ParentID"":582338,""PartyName"":"" DXC MS LLC"",""RequestDate"":null,""SubjectMatter"":""Amendment #7"",""TotalCount"":26}",2026-07-27T20:00:19Z
